ID_Transmision,Canal,Categoria,Espectadores_Pico,Horas_Transmitidas
5681,Streamer_4681,Esports,10624.0,5.6
12311,Streamer_11311,Arte,24621.0,11.6
6210,Streamer_5210,Musica,40218.0,6.2
4142,Streamer_3142,Musica,7496.0,6.9
20972,Streamer_19972,Esports,46044.0,6.9
16878,Streamer_15878,Arte,47498.0,11.7
2096,Streamer_1096,Musica,32502.0,3.1
16660,Streamer_15660,Esports,23382.0,1.6
8468,Streamer_7468,,10873.0,5.7
18210,Streamer_17210,Esports,7232.0,3.7
13119,Streamer_12119,Gaming,23847.0,4.7
1756,Streamer_756,Just Chatting,5951.0,3.8
17179,Streamer_16179,Arte,4070.0,5.7
8929,Streamer_7929,Arte,28145.0,10.5
3258,Streamer_2258,Just Chatting,5707.0,7.5
11335,Streamer_10335,Just Chatting,35607.0,3.1
12519,Streamer_11519,Gaming,9139.0,8.5
12491,Streamer_11491,Esports,26300.0,1.5
19476,Streamer_18476,Esports,8128.0,8.5
12414,Streamer_11414,Just Chatting,12612.0,8.6
14021,Streamer_13021,Arte,22850.0,6.6
6640,Streamer_5640,Esports,9974.0,5.0
4893,Streamer_3893,Gaming,3532.0,3.7
6249,Streamer_5249,Arte,27366.0,8.6
3510,Streamer_2510,Musica,3930.0,9.8
3624,Streamer_2624,Musica,14830.0,8.6
11031,Streamer_10031,Gaming,25613.0,11.6
14189,Streamer_13189,Just Chatting,20644.0,6.9
18848,Streamer_17848,,3297.0,2.7
20534,Streamer_19534,Musica,9893.0,10.3
15028,Streamer_14028,Esports,26843.0,6.1
15829,Streamer_14829,Just Chatting,18535.0,6.8
2814,Streamer_1814,Just Chatting,47067.0,8.4
2452,Streamer_1452,Just Chatting,16667.0,2.7
14360,Streamer_13360,Gaming,47868.0,2.5
4186,Streamer_3186,Arte,35254.0,9.7
19463,Streamer_18463,Musica,11653.0,4.9
17228,Streamer_16228,Musica,18083.0,7.4
20086,Streamer_19086,Musica,30133.0,11.9
14545,Streamer_13545,Esports,24487.0,8.8
7768,Streamer_6768,Musica,20594.0,11.6
12641,Streamer_11641,Musica,24040.0,8.6
16536,Streamer_15536,Musica,28973.0,8.3
10140,Streamer_9140,Esports,31284.0,9.0
2915,Streamer_1915,Just Chatting,15862.0,7.8
14332,Streamer_13332,Esports,13809.0,11.7
13497,Streamer_12497,Musica,16284.0,4.7
4755,Streamer_3755,Musica,31243.0,3.7
12933,Streamer_11933,Gaming,4120.0,9.8
18978,Streamer_17978,Arte,23537.0,2.8
14657,Streamer_13657,Just Chatting,3645.0,4.9
6112,Streamer_5112,Gaming,13823.0,5.6
7152,Streamer_6152,Gaming,4438.0,10.3
12149,Streamer_11149,Just Chatting,27167.0,3.7
13773,Streamer_12773,Musica,962.0,9.8
18663,Streamer_17663,Arte,29586.0,3.6
1672,Streamer_672,Arte,49670.0,1.5
13845,Streamer_12845,Arte,8467.0,1.0
15878,Streamer_14878,Gaming,21005.0,3.3
11083,Streamer_10083,Just Chatting,328.0,4.0
5772,Streamer_4772,Arte,7069.0,8.6
19963,Streamer_18963,Arte,49021.0,10.9
10329,Streamer_9329,Musica,3963.0,6.6
11261,Streamer_10261,Just Chatting,35596.0,5.7
17063,Streamer_16063,Esports,30503.0,5.2
17257,Streamer_16257,Musica,46379.0,4.2
18413,Streamer_17413,Esports,22534.0,11.7
11357,Streamer_10357,Esports,45396.0,6.4
19237,Streamer_18237,Esports,29343.0,3.4
16170,Streamer_15170,Just Chatting,45682.0,5.4
15144,Streamer_14144,Gaming,9242.0,6.1
8700,Streamer_7700,Musica,18623.0,3.6
14916,Streamer_13916,Just Chatting,36478.0,9.7
7337,Streamer_6337,Arte,9386.0,2.6
7495,Streamer_6495,Just Chatting,18505.0,3.0
10125,Streamer_9125,Musica,49095.0,3.9
18889,Streamer_17889,Just Chatting,36732.0,8.3
9740,Streamer_8740,Arte,30838.0,3.5
9981,Streamer_8981,Musica,41892.0,6.9
18735,Streamer_17735,Gaming,838.0,9.8
8398,Streamer_7398,Arte,18396.0,2.7
20560,Streamer_19560,Gaming,8008.0,2.0
17797,Streamer_16797,Musica,5600.0,8.5
10498,Streamer_9498,Gaming,24690.0,11.7
1010,Streamer_10,Musica,15036.0,6.1
10915,Streamer_9915,,47793.0,1.2
20612,Streamer_19612,Gaming,6187.0,6.4
6182,Streamer_5182,Musica,41006.0,3.7
12144,Streamer_11144,Esports,11258.0,3.0
15031,Streamer_14031,Gaming,14511.0,3.4
10841,Streamer_9841,Just Chatting,25934.0,4.8
11283,Streamer_10283,Esports,3870.0,4.5
8501,Streamer_7501,Just Chatting,17918.0,10.0
17030,Streamer_16030,Just Chatting,35081.0,3.3
15070,Streamer_14070,Musica,8196.0,2.4
5967,Streamer_4967,Musica,7598.0,10.2
4752,Streamer_3752,Gaming,46553.0,5.1
16376,,Esports,33490.0,5.9
6373,Streamer_5373,Just Chatting,34914.0,10.8
11117,Streamer_10117,Gaming,40107.0,7.7
1292,Streamer_292,Gaming,30497.0,7.0
10229,Streamer_9229,Gaming,32309.0,2.8
20473,Streamer_19473,Just Chatting,3045.0,7.5
19281,Streamer_18281,Arte,1999.0,10.9
5827,Streamer_4827,Musica,1922.0,9.8
2069,Streamer_1069,Just Chatting,21185.0,1.1
8355,Streamer_7355,Esports,47251.0,7.7
3580,Streamer_2580,Arte,16594.0,8.7
9114,Streamer_8114,Musica,5152.0,6.0
13444,Streamer_12444,Musica,1553.0,8.8
6720,Streamer_5720,Esports,49300.0,6.5
11461,Streamer_10461,Just Chatting,25422.0,3.6
19844,Streamer_18844,Esports,41363.0,10.6
17097,Streamer_16097,Musica,22402.0,9.8
10412,Streamer_9412,Esports,1245.0,3.0
2887,Streamer_1887,Musica,20220.0,7.2
9889,Streamer_8889,,35047.0,8.0
10597,Streamer_9597,Esports,8213.0,10.5
10519,Streamer_9519,Arte,7413.0,11.5
5136,Streamer_4136,Arte,48327.0,3.5
12345,Streamer_11345,Esports,27216.0,11.3
10706,Streamer_9706,Arte,39444.0,8.7
15523,Streamer_14523,Arte,50.0,4.5
16315,Streamer_15315,Esports,26348.0,1.3
11429,Streamer_10429,Arte,40703.0,3.4
5500,Streamer_4500,Just Chatting,40818.0,6.8
1459,Streamer_459,Gaming,31680.0,4.4
9358,Streamer_8358,Musica,15314.0,2.9
5318,Streamer_4318,Musica,13868.0,4.2
10955,Streamer_9955,Arte,43101.0,8.0
5194,Streamer_4194,Arte,14790.0,1.3
3978,Streamer_2978,Just Chatting,22109.0,3.3
16171,Streamer_15171,Just Chatting,24324.0,3.7
2504,Streamer_1504,Arte,26721.0,3.7
6040,Streamer_5040,Arte,24904.0,8.1
10072,Streamer_9072,Arte,16334.0,4.2
2318,Streamer_1318,Arte,48822.0,2.5
1481,Streamer_481,Gaming,20097.0,1.3
13513,Streamer_12513,Esports,27343.0,5.6
14321,Streamer_13321,Gaming,13062.0,10.1
4189,Streamer_3189,Gaming,29489.0,11.4
14700,Streamer_13700,Gaming,23314.0,6.3
15586,Streamer_14586,Arte,2662.0,10.9
10066,Streamer_9066,Arte,25115.0,6.3
1913,Streamer_913,Arte,23297.0,6.1
13758,Streamer_12758,Esports,8159.0,3.2
20994,Streamer_19994,Arte,21469.0,8.7
2660,Streamer_1660,Just Chatting,11171.0,5.5
5066,Streamer_4066,Esports,21973.0,10.7
15764,Streamer_14764,Arte,30160.0,1.3
18100,Streamer_17100,Gaming,5099.0,8.0
19823,Streamer_18823,Just Chatting,37592.0,7.3
12010,Streamer_11010,Just Chatting,45420.0,8.3
16119,Streamer_15119,Musica,13984.0,1.7
19471,Streamer_18471,Gaming,18535.0,3.7
20108,Streamer_19108,Just Chatting,17412.0,2.7
10316,Streamer_9316,Musica,31140.0,8.8
1166,Streamer_166,Gaming,19700.0,3.1
13307,Streamer_12307,,41573.0,9.8
3143,Streamer_2143,Esports,43285.0,5.8
10661,Streamer_9661,Arte,33395.0,2.0
18362,Streamer_17362,Gaming,24158.0,11.6
20103,Streamer_19103,Esports,2020.0,5.2
15889,Streamer_14889,Esports,43224.0,4.3
1938,Streamer_938,Musica,4508.0,3.4
12094,Streamer_11094,Arte,47912.0,6.7
17214,Streamer_16214,Gaming,41622.0,1.6
12395,Streamer_11395,Gaming,369.0,1.3
16854,Streamer_15854,Esports,758.0,11.0
17453,Streamer_16453,Gaming,44278.0,3.8
3631,Streamer_2631,Musica,17275.0,2.9
13380,Streamer_12380,Esports,4061.0,7.4
16699,Streamer_15699,Musica,32246.0,9.6
4612,Streamer_3612,Gaming,11465.0,6.3
14195,Streamer_13195,Just Chatting,43361.0,4.7
14558,Streamer_13558,Just Chatting,28497.0,10.4
2193,Streamer_1193,Gaming,39426.0,11.3
13350,Streamer_12350,Musica,10510.0,9.7
9444,Streamer_8444,Musica,20826.0,6.1
16828,Streamer_15828,Musica,5875.0,2.6
18216,Streamer_17216,Arte,34124.0,1.3
10335,Streamer_9335,Just Chatting,44222.0,1.0
17540,Streamer_16540,Esports,16498.0,2.0
10827,Streamer_9827,Arte,29132.0,2.2
20481,Streamer_19481,Just Chatting,16093.0,11.3
14056,Streamer_13056,Esports,4716.0,6.7
8331,Streamer_7331,Arte,38074.0,2.7
12143,Streamer_11143,Esports,21932.0,6.0
11231,Streamer_10231,Musica,7042.0,1.8
9035,Streamer_8035,Musica,28074.0,3.2
8760,Streamer_7760,Musica,1939.0,10.8
10814,Streamer_9814,Just Chatting,31701.0,8.0
4761,Streamer_3761,Esports,23618.0,7.0
10926,Streamer_9926,Just Chatting,29878.0,4.3
2171,Streamer_1171,Gaming,16512.0,11.2
10171,Streamer_9171,Esports,49849.0,9.6
16198,Streamer_15198,Gaming,18903.0,7.0
16966,Streamer_15966,Gaming,47108.0,2.1
3710,Streamer_2710,Esports,43968.0,9.5
1561,Streamer_561,Musica,17120.0,3.1
11868,Streamer_10868,Arte,23569.0,7.2
6691,Streamer_5691,Arte,40612.0,5.9
14325,Streamer_13325,Arte,18219.0,10.7
1301,Streamer_301,Arte,49191.0,1.9
19678,Streamer_18678,Esports,37730.0,2.6
1235,Streamer_235,Just Chatting,6915.0,1.0
4008,Streamer_3008,Just Chatting,31504.0,1.7
16345,Streamer_15345,Esports,28347.0,7.4
15226,Streamer_14226,Musica,42039.0,11.5
19992,Streamer_18992,Esports,46317.0,8.2
8334,Streamer_7334,Musica,6639.0,7.1
2236,Streamer_1236,Just Chatting,48599.0,1.7
3741,Streamer_2741,Arte,48475.0,11.3
18064,Streamer_17064,Gaming,39530.0,6.7
9676,Streamer_8676,Esports,25381.0,3.3
11382,Streamer_10382,Musica,45753.0,2.8
5817,Streamer_4817,Musica,45602.0,10.4
9223,Streamer_8223,Musica,16930.0,2.8
3697,Streamer_2697,Gaming,11518.0,7.2
14219,Streamer_13219,Just Chatting,49352.0,3.8
6432,Streamer_5432,Esports,9294.0,6.3
1838,Streamer_838,Arte,19200.0,5.0
15591,Streamer_14591,Arte,43903.0,1.4
13021,Streamer_12021,Gaming,14627.0,8.9
18440,Streamer_17440,Gaming,4787.0,2.9
11437,Streamer_10437,Esports,33166.0,1.5
13833,,Gaming,10715.0,4.8
20650,Streamer_19650,Esports,49247.0,3.1
3064,,Just Chatting,1553.0,5.5
11655,Streamer_10655,Gaming,15900.0,7.3
7506,Streamer_6506,Gaming,18457.0,2.9
1341,Streamer_341,Arte,9377.0,11.7
10780,Streamer_9780,Gaming,39240.0,2.6
9925,Streamer_8925,Just Chatting,3498.0,6.0
17251,Streamer_16251,Musica,34105.0,7.8
19742,Streamer_18742,Gaming,40867.0,7.2
14889,Streamer_13889,Just Chatting,8525.0,11.0
11222,Streamer_10222,Arte,16831.0,3.9
8755,Streamer_7755,Musica,28410.0,6.5
16523,Streamer_15523,Musica,4631.0,3.4
3660,Streamer_2660,Musica,23273.0,4.3
12379,Streamer_11379,Esports,24017.0,4.8
12704,Streamer_11704,Musica,23237.0,1.3
7640,Streamer_6640,Esports,26620.0,4.7
14426,Streamer_13426,Just Chatting,20209.0,8.7
18829,Streamer_17829,Arte,35131.0,2.5
11037,Streamer_10037,Just Chatting,32121.0,5.0
14134,Streamer_13134,Arte,11582.0,6.0
9144,Streamer_8144,Just Chatting,49084.0,6.6
9176,Streamer_8176,Esports,22962.0,9.9
7986,Streamer_6986,Musica,4119.0,10.1
13532,Streamer_12532,Musica,45187.0,10.7
10193,Streamer_9193,Arte,6625.0,9.4
12521,Streamer_11521,Esports,20785.0,6.3
17100,Streamer_16100,Gaming,17246.0,9.2
20867,Streamer_19867,Arte,6023.0,8.5
4378,Streamer_3378,Gaming,29063.0,2.4
8338,Streamer_7338,Gaming,13021.0,8.3
16779,Streamer_15779,Gaming,36833.0,5.2
9630,Streamer_8630,Gaming,40724.0,5.2
15572,Streamer_14572,Gaming,13203.0,7.0
8756,Streamer_7756,Arte,45340.0,1.6
8365,Streamer_7365,Arte,35059.0,3.4
4513,Streamer_3513,Musica,40651.0,3.8
1110,Streamer_110,Arte,3501.0,5.0
3417,Streamer_2417,Gaming,18171.0,2.3
11186,Streamer_10186,Musica,3654.0,7.3
12124,Streamer_11124,Esports,23404.0,8.0
11764,Streamer_10764,Just Chatting,21968.0,4.8
9714,Streamer_8714,,896.0,11.0
18588,Streamer_17588,Esports,5150.0,11.9
11780,,Gaming,18986.0,6.5
6213,Streamer_5213,Esports,44857.0,4.3
13992,Streamer_12992,Gaming,28366.0,2.8
16800,Streamer_15800,Musica,10366.0,7.6
9767,Streamer_8767,Gaming,38408.0,9.0
13327,Streamer_12327,Musica,44998.0,2.3
3123,Streamer_2123,Just Chatting,26734.0,11.5
5145,Streamer_4145,Gaming,49698.0,4.3
16373,Streamer_15373,Arte,8554.0,6.0
2217,Streamer_1217,Esports,25768.0,4.7
8988,Streamer_7988,Musica,48689.0,11.3
8316,Streamer_7316,Arte,12191.0,1.6
2489,Streamer_1489,Gaming,38658.0,7.3
2084,Streamer_1084,Esports,36892.0,4.5
5700,Streamer_4700,Esports,18560.0,7.1
18328,Streamer_17328,Arte,34597.0,8.2
19062,Streamer_18062,Just Chatting,39758.0,9.5
6737,Streamer_5737,Arte,6705.0,3.1
10439,Streamer_9439,Esports,1648.0,9.5
5387,Streamer_4387,Gaming,9533.0,4.0
11045,Streamer_10045,Arte,20483.0,5.8
6989,Streamer_5989,Just Chatting,14837.0,11.0
5069,Streamer_4069,Gaming,49254.0,4.2
10009,Streamer_9009,Gaming,1447.0,5.5
12539,Streamer_11539,Musica,19123.0,7.7
5092,Streamer_4092,Esports,43876.0,6.8
19899,Streamer_18899,Musica,42939.0,2.7
13727,Streamer_12727,Just Chatting,22244.0,6.6
5988,Streamer_4988,Esports,3924.0,3.3
10947,Streamer_9947,Gaming,49764.0,6.4
18896,Streamer_17896,Musica,40667.0,10.3
17403,Streamer_16403,Just Chatting,7039.0,9.2
17328,Streamer_16328,Gaming,13623.0,5.7
18228,Streamer_17228,Gaming,17949.0,9.0
5654,Streamer_4654,,426.0,4.5
7924,Streamer_6924,Just Chatting,14164.0,6.4
2408,Streamer_1408,Arte,23563.0,2.9
15359,Streamer_14359,Arte,49313.0,4.6
6096,Streamer_5096,Gaming,31491.0,5.3
12315,Streamer_11315,Gaming,29885.0,3.0
12716,Streamer_11716,Arte,30649.0,7.5
17952,Streamer_16952,Esports,2335.0,11.3
12258,Streamer_11258,Musica,20309.0,3.3
7003,Streamer_6003,Just Chatting,29417.0,10.9
16581,Streamer_15581,Arte,47956.0,8.5
12602,Streamer_11602,Gaming,16268.0,1.5
6287,Streamer_5287,Arte,49484.0,1.7
2420,Streamer_1420,Esports,14461.0,2.4
4143,Streamer_3143,Gaming,23261.0,5.3
8595,Streamer_7595,Just Chatting,14553.0,10.2
20481,Streamer_19481,Just Chatting,16093.0,11.3
10067,Streamer_9067,Just Chatting,26970.0,10.4
2116,Streamer_1116,Musica,37937.0,11.7
4798,Streamer_3798,,40401.0,2.4
9423,Streamer_8423,Arte,8322.0,8.7
6062,Streamer_5062,Arte,48728.0,2.5
18051,Streamer_17051,Esports,46381.0,9.5
3811,Streamer_2811,Gaming,41506.0,4.3
20308,Streamer_19308,Esports,15334.0,5.0
13187,Streamer_12187,Just Chatting,38629.0,8.6
4481,Streamer_3481,Just Chatting,1035.0,11.0
12603,Streamer_11603,Esports,39417.0,6.3
2156,Streamer_1156,Esports,47650.0,11.9
19667,Streamer_18667,Arte,19184.0,10.2
6232,Streamer_5232,Just Chatting,23050.0,10.5
8637,Streamer_7637,Esports,35712.0,6.0
4153,Streamer_3153,Just Chatting,31384.0,3.2
12645,Streamer_11645,Musica,20847.0,9.3
20117,Streamer_19117,Esports,23762.0,2.9
3942,Streamer_2942,Arte,26513.0,5.7
13642,Streamer_12642,Arte,29887.0,10.2
4123,Streamer_3123,Musica,38969.0,4.2
20507,Streamer_19507,Arte,19651.0,8.4
8782,Streamer_7782,Arte,43840.0,6.4
17342,Streamer_16342,Just Chatting,3560.0,6.3
5678,Streamer_4678,Gaming,5709.0,5.4
5064,Streamer_4064,Esports,16883.0,9.1
14365,Streamer_13365,Gaming,14117.0,2.3
19285,Streamer_18285,Arte,32687.0,3.8
2621,Streamer_1621,Arte,9826.0,5.4
7007,Streamer_6007,Musica,46815.0,2.7
4163,Streamer_3163,Gaming,19285.0,7.2
3992,Streamer_2992,Gaming,8954.0,7.6
2108,Streamer_1108,,15397.0,2.7
8740,Streamer_7740,Gaming,34072.0,9.3
6577,Streamer_5577,Arte,43297.0,3.0
7333,Streamer_6333,Esports,9159.0,10.1
15654,Streamer_14654,Gaming,3733.0,1.0
10688,Streamer_9688,Just Chatting,18409.0,5.2
6284,Streamer_5284,Gaming,728.0,9.0
12032,Streamer_11032,Arte,6898.0,6.9
16323,Streamer_15323,Arte,31965.0,2.4
1392,Streamer_392,Arte,32505.0,3.4
11328,Streamer_10328,Musica,46078.0,2.8
10295,Streamer_9295,Musica,39054.0,3.2
20267,Streamer_19267,Just Chatting,18615.0,5.1
4520,Streamer_3520,Musica,16022.0,6.9
17895,Streamer_16895,Musica,48615.0,5.9
12293,Streamer_11293,Just Chatting,31625.0,4.3
16020,Streamer_15020,Esports,41233.0,7.3
13120,Streamer_12120,Esports,47586.0,8.1
2029,Streamer_1029,,28597.0,4.0
12018,Streamer_11018,Arte,42237.0,11.8
2438,Streamer_1438,Esports,15105.0,11.2
9522,Streamer_8522,Just Chatting,3663.0,5.5
7725,Streamer_6725,Just Chatting,17079.0,5.5
14231,Streamer_13231,Just Chatting,33918.0,6.1
15872,Streamer_14872,Gaming,20423.0,2.9
11028,Streamer_10028,Gaming,26024.0,3.4
3564,Streamer_2564,Musica,9578.0,8.0
7019,Streamer_6019,Musica,48582.0,6.0
12300,Streamer_11300,Just Chatting,23125.0,5.6
4704,Streamer_3704,Gaming,32688.0,4.2
6548,Streamer_5548,Esports,14973.0,1.2
10958,Streamer_9958,Arte,13038.0,6.8
9687,Streamer_8687,Arte,45327.0,2.7
15402,Streamer_14402,Musica,9226.0,10.1
19873,Streamer_18873,Gaming,33284.0,2.4
10898,Streamer_9898,Arte,27743.0,8.0
1816,Streamer_816,Gaming,17457.0,8.2
7063,Streamer_6063,Gaming,36619.0,10.8
12097,Streamer_11097,Musica,11323.0,3.4
2587,Streamer_1587,Arte,36207.0,9.0
13794,Streamer_12794,Just Chatting,17554.0,9.2
14703,Streamer_13703,Gaming,20718.0,5.2
14734,Streamer_13734,Esports,41881.0,3.7
10804,Streamer_9804,Arte,26661.0,5.5
15224,Streamer_14224,Arte,26163.0,10.8
6493,Streamer_5493,Esports,38627.0,11.1
6308,Streamer_5308,Arte,23709.0,11.4
12524,Streamer_11524,Musica,48540.0,9.3
18786,Streamer_17786,Just Chatting,26853.0,8.3
2807,Streamer_1807,Just Chatting,25517.0,3.0
14289,Streamer_13289,Musica,48103.0,6.5
3897,Streamer_2897,,7385.0,10.7
17016,Streamer_16016,Gaming,36747.0,5.2
10470,Streamer_9470,Esports,18777.0,8.2
11265,Streamer_10265,Esports,6458.0,1.2
5634,Streamer_4634,Esports,47638.0,4.1
20033,Streamer_19033,Arte,22827.0,7.5
20094,Streamer_19094,Musica,10370.0,7.0
18428,Streamer_17428,Just Chatting,,1.4
8186,Streamer_7186,Esports,45170.0,6.0
19617,Streamer_18617,Gaming,9520.0,9.3
6657,Streamer_5657,Arte,35029.0,6.1
19995,Streamer_18995,Just Chatting,32095.0,6.0
6389,Streamer_5389,Esports,33475.0,1.9
13926,Streamer_12926,Just Chatting,42946.0,5.1
12627,Streamer_11627,Gaming,42828.0,2.8
16582,Streamer_15582,Just Chatting,15242.0,5.7
13463,Streamer_12463,Gaming,,8.4
6953,Streamer_5953,Arte,12889.0,8.4
13930,Streamer_12930,Gaming,32453.0,9.7
13011,Streamer_12011,Just Chatting,12016.0,5.7
6103,Streamer_5103,Arte,3998.0,11.8
5291,Streamer_4291,Gaming,3115.0,3.2
4266,Streamer_3266,Musica,,5.2
14238,Streamer_13238,Just Chatting,26406.0,2.5
17787,Streamer_16787,Just Chatting,9250.0,2.0
6302,Streamer_5302,Arte,39093.0,3.6
7554,Streamer_6554,Musica,17263.0,10.8
2763,Streamer_1763,Esports,30996.0,9.3
9821,Streamer_8821,,34167.0,11.3
1357,Streamer_357,Musica,747.0,10.1
4580,Streamer_3580,Esports,48739.0,2.0
6305,Streamer_5305,Arte,42336.0,5.5
2324,,Arte,43763.0,11.4
9443,Streamer_8443,Arte,41157.0,1.6
17238,Streamer_16238,Just Chatting,37803.0,10.2
7159,Streamer_6159,Arte,10531.0,3.1
9508,Streamer_8508,Just Chatting,34519.0,5.0
12505,Streamer_11505,Just Chatting,15741.0,8.0
11702,Streamer_10702,Arte,25333.0,9.0
17850,Streamer_16850,Musica,31016.0,2.5
1396,Streamer_396,Musica,47642.0,7.5
20500,Streamer_19500,Arte,47240.0,7.2
19739,Streamer_18739,Arte,15516.0,11.9
5360,Streamer_4360,Gaming,41345.0,8.3
10357,Streamer_9357,Arte,25968.0,8.8
18083,Streamer_17083,Esports,4510.0,11.0
9299,Streamer_8299,Just Chatting,37192.0,2.2
12314,Streamer_11314,Gaming,32649.0,5.0
15524,Streamer_14524,Musica,4803.0,2.1
10035,Streamer_9035,Musica,25603.0,4.5
6318,Streamer_5318,Just Chatting,22831.0,1.9
7482,Streamer_6482,Gaming,33363.0,11.2
1045,Streamer_45,Musica,39050.0,11.1
5021,Streamer_4021,Just Chatting,34883.0,8.4
16938,Streamer_15938,Esports,20384.0,5.2
7118,,Esports,32405.0,4.5
7773,Streamer_6773,Arte,39021.0,9.0
6970,Streamer_5970,Gaming,16491.0,7.7
10121,Streamer_9121,Arte,11105.0,6.5
15360,Streamer_14360,Esports,35890.0,9.9
11614,Streamer_10614,Just Chatting,19435.0,8.1
18005,Streamer_17005,Musica,48208.0,5.7
3082,Streamer_2082,Esports,28321.0,11.4
8618,Streamer_7618,Arte,11650.0,5.1
11783,Streamer_10783,Just Chatting,49869.0,8.3
3608,Streamer_2608,Musica,34212.0,3.7
8792,Streamer_7792,Arte,33987.0,3.1
4716,Streamer_3716,Arte,12500.0,1.1
11009,Streamer_10009,Just Chatting,46624.0,9.3
2210,Streamer_1210,Gaming,42322.0,3.3
1679,Streamer_679,Musica,29844.0,8.9
4132,Streamer_3132,Gaming,48254.0,7.4
4898,Streamer_3898,Gaming,8501.0,11.1
7830,Streamer_6830,Musica,49865.0,7.0
7963,Streamer_6963,Gaming,32726.0,9.4
19904,Streamer_18904,Just Chatting,35850.0,6.6
19239,Streamer_18239,Gaming,9334.0,8.8
9909,Streamer_8909,Musica,30721.0,11.3
11561,Streamer_10561,Arte,17430.0,4.0
5690,Streamer_4690,Just Chatting,8511.0,5.1
13606,Streamer_12606,,697.0,4.2
20379,Streamer_19379,Musica,25611.0,9.5
9084,Streamer_8084,Arte,8309.0,5.2
10395,Streamer_9395,Gaming,2286.0,2.4
11567,Streamer_10567,Esports,8138.0,3.2
13030,Streamer_12030,Gaming,,8.6
8301,Streamer_7301,Esports,14987.0,11.6
13719,Streamer_12719,Arte,28086.0,4.1
12948,Streamer_11948,Esports,43040.0,3.6
19333,Streamer_18333,Esports,33408.0,7.8
7879,Streamer_6879,Arte,36548.0,9.2
6945,Streamer_5945,Arte,38661.0,6.0
8276,Streamer_7276,Musica,14458.0,9.1
7537,Streamer_6537,Esports,25078.0,8.6
14638,Streamer_13638,Just Chatting,47276.0,9.9
5402,Streamer_4402,Esports,19606.0,9.2
6469,Streamer_5469,Gaming,46580.0,1.3
9243,Streamer_8243,Esports,12686.0,8.9
6419,Streamer_5419,Just Chatting,13231.0,9.2
3752,Streamer_2752,Just Chatting,45456.0,11.5
10030,Streamer_9030,Musica,26686.0,4.6
20870,Streamer_19870,Just Chatting,32905.0,8.0
9235,Streamer_8235,Esports,45558.0,6.8
13784,Streamer_12784,Just Chatting,27528.0,10.7
17133,Streamer_16133,Musica,27069.0,1.7
19350,Streamer_18350,Esports,46388.0,11.1
12775,Streamer_11775,Just Chatting,,4.2
15634,Streamer_14634,Musica,43160.0,6.2
15277,Streamer_14277,Gaming,10194.0,8.5
5499,Streamer_4499,Arte,17722.0,10.4
4249,Streamer_3249,Gaming,44762.0,7.7
8409,Streamer_7409,Gaming,40944.0,10.1
18580,Streamer_17580,Esports,21706.0,11.5
17790,Streamer_16790,Arte,29284.0,7.7
13759,Streamer_12759,Musica,38089.0,1.7
20687,Streamer_19687,Gaming,31009.0,6.6
15609,Streamer_14609,Gaming,19726.0,11.9
14608,Streamer_13608,Musica,24065.0,1.4
1197,Streamer_197,Arte,32668.0,1.5
17838,Streamer_16838,Arte,1083.0,8.3
18531,Streamer_17531,Esports,16052.0,7.5
3699,Streamer_2699,Esports,40999.0,11.3
20353,Streamer_19353,Esports,31488.0,11.4
20941,Streamer_19941,Just Chatting,14843.0,4.5
17244,Streamer_16244,Just Chatting,21187.0,10.3
6070,Streamer_5070,Musica,40572.0,2.7
4382,Streamer_3382,Musica,27308.0,3.1
10260,Streamer_9260,Esports,44462.0,6.4
9386,Streamer_8386,Just Chatting,46347.0,1.3
4790,Streamer_3790,Just Chatting,49951.0,6.6
12231,Streamer_11231,Musica,34990.0,2.8
1703,Streamer_703,Musica,26582.0,2.5
7736,Streamer_6736,Arte,24871.0,4.2
6825,Streamer_5825,Musica,12688.0,10.1
16426,Streamer_15426,Gaming,3485.0,10.7
18876,Streamer_17876,Just Chatting,28812.0,8.8
6184,Streamer_5184,Arte,,10.2
15339,Streamer_14339,Gaming,32271.0,11.4
3835,Streamer_2835,Just Chatting,46867.0,10.5
4119,Streamer_3119,Gaming,22882.0,11.1
13643,Streamer_12643,Just Chatting,30033.0,8.4
18027,Streamer_17027,Arte,38438.0,8.0
17625,Streamer_16625,Musica,713.0,2.5
1527,Streamer_527,Just Chatting,1788.0,4.2
16451,Streamer_15451,Musica,18832.0,3.9
13304,Streamer_12304,Arte,1819.0,7.6
14964,Streamer_13964,Musica,28216.0,11.6
18229,Streamer_17229,Musica,15351.0,8.1
3782,Streamer_2782,Musica,21163.0,3.4
10516,Streamer_9516,Just Chatting,40039.0,2.0
17738,Streamer_16738,Just Chatting,5728.0,2.2
1091,Streamer_91,Gaming,49286.0,5.7
2637,Streamer_1637,Just Chatting,47497.0,2.7
1636,Streamer_636,Just Chatting,16286.0,1.6
1694,Streamer_694,Just Chatting,43296.0,1.8
16126,Streamer_15126,Esports,24504.0,11.5
4412,Streamer_3412,Just Chatting,40008.0,2.3
9274,Streamer_8274,Musica,33856.0,8.9
8499,Streamer_7499,Gaming,17637.0,4.8
14439,Streamer_13439,Just Chatting,20876.0,4.0
4055,Streamer_3055,,7693.0,7.6
3197,Streamer_2197,Musica,18955.0,11.3
2302,Streamer_1302,Just Chatting,11967.0,7.3
15736,Streamer_14736,Arte,13263.0,8.0
6359,Streamer_5359,,43541.0,7.0
14121,Streamer_13121,Arte,39137.0,2.9
17809,Streamer_16809,Arte,2054.0,8.4
13808,Streamer_12808,Esports,23594.0,11.3
1513,Streamer_513,Musica,25480.0,6.2
18942,Streamer_17942,Gaming,6432.0,11.6
1983,Streamer_983,Gaming,8593.0,7.9
5572,Streamer_4572,Esports,14558.0,1.1
4602,Streamer_3602,Arte,23946.0,6.7
5096,Streamer_4096,Just Chatting,28107.0,6.0
4899,Streamer_3899,Esports,9311.0,11.3
9711,Streamer_8711,Just Chatting,12892.0,3.7
3300,Streamer_2300,Esports,,6.2
14590,Streamer_13590,Esports,8504.0,6.2
8476,Streamer_7476,Esports,20373.0,11.8
18515,Streamer_17515,Arte,31143.0,11.3
3581,Streamer_2581,Arte,10078.0,8.8
20099,Streamer_19099,Just Chatting,15698.0,9.0
16501,Streamer_15501,Just Chatting,10405.0,10.6
12487,Streamer_11487,Esports,3751.0,11.3
15159,Streamer_14159,Esports,25714.0,5.9
4213,Streamer_3213,Arte,23633.0,8.2
19196,Streamer_18196,Arte,38953.0,10.6
20896,Streamer_19896,Esports,43201.0,4.8
1237,Streamer_237,Gaming,22037.0,9.0
8333,Streamer_7333,Arte,32906.0,2.6
14261,Streamer_13261,Esports,26753.0,2.6
3976,Streamer_2976,Gaming,14188.0,4.6
4968,Streamer_3968,Arte,13233.0,8.7
15123,Streamer_14123,Esports,26483.0,4.4
9105,Streamer_8105,Arte,36928.0,6.0
20805,Streamer_19805,Just Chatting,26991.0,10.9
12199,Streamer_11199,Arte,22760.0,9.1
19124,Streamer_18124,Just Chatting,33613.0,10.8
13841,,Musica,7212.0,2.8
20546,Streamer_19546,,43741.0,5.7
15192,Streamer_14192,,12825.0,2.2
14968,Streamer_13968,Esports,24219.0,10.9
1130,Streamer_130,Esports,25453.0,10.7
2947,Streamer_1947,Musica,46034.0,5.9
2468,Streamer_1468,Esports,17548.0,5.6
18538,Streamer_17538,Musica,34211.0,10.3
20347,Streamer_19347,Just Chatting,28314.0,10.1
1121,Streamer_121,Arte,4663.0,10.4
12947,Streamer_11947,Esports,32750.0,8.7
18427,Streamer_17427,Gaming,22429.0,7.2
6454,Streamer_5454,Esports,13852.0,3.1
9086,Streamer_8086,Arte,590.0,8.9
11559,Streamer_10559,Arte,20506.0,5.8
11580,Streamer_10580,Gaming,15488.0,6.6
8139,Streamer_7139,Arte,33166.0,4.2
10865,Streamer_9865,Musica,35282.0,4.4
20362,Streamer_19362,Arte,4095.0,3.6
12849,Streamer_11849,Gaming,47218.0,11.7
15131,Streamer_14131,Esports,4172.0,7.4
16108,Streamer_15108,Just Chatting,19638.0,10.4
17792,Streamer_16792,Just Chatting,7564.0,2.9
14607,Streamer_13607,Gaming,40525.0,5.2
1702,Streamer_702,Arte,12780.0,4.1
9866,Streamer_8866,Arte,44952.0,9.4
9098,Streamer_8098,Just Chatting,24528.0,7.1
2137,Streamer_1137,Just Chatting,582.0,5.0
13712,Streamer_12712,Arte,48736.0,7.4
20503,Streamer_19503,Gaming,3554.0,11.2
8417,Streamer_7417,,43714.0,5.5
7150,Streamer_6150,Musica,25281.0,1.7
16652,Streamer_15652,Esports,11897.0,2.3
19118,Streamer_18118,Arte,22531.0,6.9
20078,Streamer_19078,Musica,22208.0,11.8
3937,Streamer_2937,Gaming,34132.0,8.4
18049,,Gaming,7668.0,11.6
3830,Streamer_2830,Gaming,26446.0,6.1
2672,Streamer_1672,Arte,14321.0,10.6
5594,Streamer_4594,Gaming,12389.0,11.4
7200,Streamer_6200,Just Chatting,36708.0,11.9
4380,Streamer_3380,Esports,10921.0,10.1
9852,Streamer_8852,Arte,16540.0,3.8
10756,Streamer_9756,Just Chatting,11781.0,8.7
14851,Streamer_13851,Just Chatting,25533.0,8.6
12890,Streamer_11890,Esports,39285.0,2.3
7530,Streamer_6530,Arte,47029.0,10.0
13053,Streamer_12053,Gaming,503.0,5.1
2061,Streamer_1061,Musica,40124.0,9.4
5362,Streamer_4362,Just Chatting,12782.0,9.0
9911,Streamer_8911,Esports,17903.0,3.8
8062,Streamer_7062,Arte,482.0,9.3
16853,Streamer_15853,Arte,38077.0,10.7
6272,Streamer_5272,Musica,34280.0,8.8
12184,Streamer_11184,Just Chatting,2580.0,8.2
20470,Streamer_19470,Just Chatting,7295.0,8.1
1685,Streamer_685,Just Chatting,4050.0,2.5
15918,Streamer_14918,Just Chatting,13064.0,1.4
9719,Streamer_8719,Arte,7265.0,3.0
2565,Streamer_1565,Just Chatting,49513.0,2.0
14988,Streamer_13988,Esports,5263.0,9.6
8789,Streamer_7789,Arte,47753.0,2.4
18272,Streamer_17272,Musica,45511.0,1.3
17573,Streamer_16573,Just Chatting,31996.0,8.7
13100,Streamer_12100,,36522.0,9.8
2864,Streamer_1864,Just Chatting,2499.0,8.3
5354,Streamer_4354,Arte,440.0,7.1
16295,Streamer_15295,Esports,47523.0,2.0
2549,Streamer_1549,Esports,2587.0,5.4
19440,Streamer_18440,Gaming,12895.0,10.7
1841,Streamer_841,Musica,22313.0,7.6
7999,Streamer_6999,Musica,15855.0,10.7
11000,Streamer_10000,Gaming,17963.0,4.5
20430,Streamer_19430,Esports,8947.0,1.4
14390,Streamer_13390,Just Chatting,42698.0,2.8
7753,Streamer_6753,Just Chatting,38037.0,11.5
15891,Streamer_14891,,,7.6
11097,Streamer_10097,Arte,18818.0,2.5
15065,Streamer_14065,Arte,24781.0,9.1
17024,Streamer_16024,Just Chatting,7684.0,3.8
19498,Streamer_18498,Gaming,12601.0,8.3
17071,Streamer_16071,Arte,48756.0,1.5
1139,Streamer_139,Arte,38484.0,10.3
16619,Streamer_15619,Gaming,42651.0,4.7
8372,Streamer_7372,Esports,12943.0,6.1
19374,Streamer_18374,Esports,43875.0,5.9
8713,Streamer_7713,Gaming,42775.0,1.8
9570,Streamer_8570,Musica,18307.0,4.6
4007,Streamer_3007,Esports,44213.0,4.9
2989,Streamer_1989,Just Chatting,43794.0,9.1
6692,Streamer_5692,Musica,12357.0,6.9
4505,Streamer_3505,Esports,16077.0,3.5
8574,Streamer_7574,Gaming,2071.0,2.4
3308,Streamer_2308,Arte,31896.0,2.1
20131,Streamer_19131,Esports,47062.0,4.9
4583,Streamer_3583,Gaming,35480.0,10.7
19382,,Esports,48260.0,2.2
4615,Streamer_3615,Arte,3152.0,2.4
10363,Streamer_9363,Esports,15533.0,7.6
1752,Streamer_752,Arte,22366.0,6.4
16622,Streamer_15622,Gaming,32334.0,1.7
16856,Streamer_15856,Just Chatting,13997.0,9.5
16742,Streamer_15742,Arte,40411.0,8.1
19956,Streamer_18956,Just Chatting,37474.0,8.8
20325,Streamer_19325,Just Chatting,28054.0,6.9
13024,Streamer_12024,Musica,43453.0,8.6
9388,Streamer_8388,Gaming,42239.0,8.7
9026,Streamer_8026,Gaming,45924.0,2.0
7605,Streamer_6605,Esports,12067.0,10.7
2761,Streamer_1761,Just Chatting,44676.0,5.6
8030,Streamer_7030,Esports,49691.0,11.7
14136,Streamer_13136,Just Chatting,47254.0,1.7
19684,Streamer_18684,Musica,25191.0,4.8
16969,Streamer_15969,Arte,24995.0,6.7
13086,Streamer_12086,Esports,3153.0,5.9
2101,Streamer_1101,Arte,31084.0,1.8
7825,Streamer_6825,Just Chatting,14596.0,10.0
1612,Streamer_612,,6561.0,8.0
18830,Streamer_17830,Musica,22150.0,6.9
16954,Streamer_15954,Arte,10751.0,1.3
2092,Streamer_1092,Arte,22354.0,2.3
4647,Streamer_3647,Just Chatting,21087.0,9.1
1181,Streamer_181,Gaming,48464.0,1.3
17207,Streamer_16207,Gaming,5356.0,6.8
8296,Streamer_7296,Musica,2058.0,11.1
20297,Streamer_19297,Just Chatting,46922.0,8.6
18767,Streamer_17767,Just Chatting,33763.0,7.6
18970,Streamer_17970,Musica,35447.0,1.4
12230,Streamer_11230,Musica,48062.0,11.6
20642,Streamer_19642,Esports,6322.0,11.0
20381,Streamer_19381,Musica,35684.0,8.8
10531,Streamer_9531,Gaming,1135.0,5.3
14915,Streamer_13915,Gaming,19131.0,5.3
17349,Streamer_16349,Gaming,27179.0,5.3
7297,Streamer_6297,Gaming,21141.0,6.6
9979,Streamer_8979,Just Chatting,9798.0,6.0
14131,Streamer_13131,Arte,11444.0,10.5
10374,Streamer_9374,Gaming,40271.0,7.2
5853,Streamer_4853,Arte,6023.0,4.9
19707,Streamer_18707,Musica,47039.0,3.2
3826,Streamer_2826,Esports,28948.0,10.2
8977,Streamer_7977,Esports,48980.0,9.4
12121,Streamer_11121,Just Chatting,36519.0,11.5
5860,Streamer_4860,Musica,31386.0,3.8
14185,Streamer_13185,Musica,25298.0,3.7
5801,Streamer_4801,Just Chatting,24950.0,11.6
13102,Streamer_12102,Gaming,20188.0,5.6
16889,Streamer_15889,Musica,41247.0,4.7
17815,Streamer_16815,Just Chatting,10777.0,11.0
15563,Streamer_14563,Just Chatting,14998.0,7.2
18521,Streamer_17521,Just Chatting,41842.0,5.8
8423,Streamer_7423,Just Chatting,27973.0,11.6
6140,Streamer_5140,Gaming,20194.0,11.3
8737,Streamer_7737,Just Chatting,19302.0,5.8
1778,Streamer_778,Musica,42886.0,4.5
5840,Streamer_4840,Gaming,40723.0,7.7
18754,Streamer_17754,Arte,14159.0,1.1
20724,Streamer_19724,Just Chatting,44231.0,9.1
8524,Streamer_7524,Just Chatting,31091.0,4.5
4919,Streamer_3919,Arte,21309.0,10.2
10139,Streamer_9139,Musica,43473.0,6.3
3171,Streamer_2171,Musica,27725.0,2.2
6391,Streamer_5391,Esports,48891.0,10.5
13605,Streamer_12605,Gaming,33207.0,1.5
19208,Streamer_18208,Musica,41504.0,3.7
10113,Streamer_9113,Arte,38945.0,8.2
12912,Streamer_11912,Gaming,3108.0,6.3
4609,Streamer_3609,Musica,25375.0,8.3
16844,Streamer_15844,Musica,23693.0,2.1
12106,Streamer_11106,Musica,42326.0,8.4
12415,Streamer_11415,Gaming,32516.0,5.8
14540,Streamer_13540,Gaming,12518.0,7.2
7350,Streamer_6350,Arte,14458.0,4.7
6245,Streamer_5245,Arte,4587.0,5.3
8980,Streamer_7980,Esports,9482.0,2.6
5886,Streamer_4886,Musica,48024.0,5.5
13988,Streamer_12988,Esports,36238.0,6.7
1662,Streamer_662,Gaming,35972.0,6.4
16089,Streamer_15089,Esports,9552.0,5.6
15165,Streamer_14165,Arte,18024.0,4.7
19802,Streamer_18802,Musica,44218.0,2.7
12168,Streamer_11168,Gaming,5447.0,9.6
12121,Streamer_11121,Just Chatting,36519.0,11.5
16791,Streamer_15791,Musica,31510.0,8.2
7289,Streamer_6289,Arte,37117.0,8.2
9971,Streamer_8971,Esports,22014.0,7.7
14247,Streamer_13247,Gaming,18244.0,1.8
19516,Streamer_18516,Arte,2227.0,2.5
17195,Streamer_16195,Musica,36502.0,2.2
8257,Streamer_7257,Musica,3302.0,8.5
19537,Streamer_18537,Gaming,23673.0,10.4
12858,Streamer_11858,Musica,43403.0,1.3
1408,Streamer_408,Esports,41964.0,2.0
3911,Streamer_2911,Esports,11580.0,3.1
15898,Streamer_14898,Just Chatting,31960.0,9.9
18115,Streamer_17115,Musica,9263.0,9.9
5938,Streamer_4938,,39655.0,9.4
15005,Streamer_14005,Just Chatting,32466.0,10.0
2242,Streamer_1242,Arte,24095.0,2.9
2117,Streamer_1117,Just Chatting,9061.0,1.2
8298,Streamer_7298,Just Chatting,26677.0,3.1
15809,Streamer_14809,Musica,15368.0,9.1
4017,Streamer_3017,Arte,6345.0,9.3
11160,Streamer_10160,,36313.0,11.2
9652,Streamer_8652,,49879.0,5.7
4265,Streamer_3265,Gaming,36917.0,1.4
7578,Streamer_6578,Esports,2356.0,11.2
18016,Streamer_17016,Musica,401.0,4.4
12080,Streamer_11080,Gaming,49076.0,4.5
15579,Streamer_14579,Esports,5399.0,6.3
11197,Streamer_10197,Musica,20602.0,4.8
4011,,Esports,29768.0,7.7
19766,Streamer_18766,Esports,13775.0,2.5
1976,Streamer_976,Just Chatting,29467.0,6.5
6905,Streamer_5905,Gaming,4774.0,8.8
5300,Streamer_4300,Esports,28697.0,10.9
11584,Streamer_10584,Just Chatting,40411.0,2.2
11262,Streamer_10262,Just Chatting,21002.0,9.4
1200,Streamer_200,Arte,4700.0,1.7
17312,Streamer_16312,Just Chatting,10817.0,3.1
3635,Streamer_2635,Gaming,39738.0,11.7
3828,Streamer_2828,Musica,7386.0,4.2
5115,Streamer_4115,Gaming,3535.0,9.5
18093,Streamer_17093,Just Chatting,11519.0,1.6
2869,Streamer_1869,Musica,12718.0,9.9
7920,Streamer_6920,Just Chatting,18107.0,2.7
11209,Streamer_10209,Musica,18144.0,9.6
15931,Streamer_14931,Just Chatting,32536.0,7.6
11571,Streamer_10571,Musica,37448.0,9.4
4269,Streamer_3269,Musica,15434.0,6.8
3302,Streamer_2302,Esports,8678.0,11.9
17996,Streamer_16996,Musica,23713.0,5.7
13729,Streamer_12729,Gaming,28739.0,5.2
20572,Streamer_19572,Musica,16276.0,11.1
5658,Streamer_4658,Arte,39603.0,9.6
20712,Streamer_19712,Esports,10535.0,11.8
20413,Streamer_19413,Musica,21845.0,10.9
6768,Streamer_5768,Just Chatting,37016.0,2.9
14001,Streamer_13001,Gaming,31785.0,7.5
1125,Streamer_125,Musica,27980.0,4.6
13023,Streamer_12023,Musica,6789.0,8.9
17286,Streamer_16286,Musica,16723.0,7.5
10379,Streamer_9379,Gaming,17562.0,6.9
13922,Streamer_12922,Gaming,6367.0,7.8
6571,Streamer_5571,Arte,31469.0,9.9
14745,Streamer_13745,Arte,23626.0,3.8
2444,Streamer_1444,Gaming,30589.0,5.2
19346,Streamer_18346,Musica,1672.0,9.4
2434,Streamer_1434,Esports,42239.0,3.7
5244,Streamer_4244,Musica,14071.0,8.9
3710,Streamer_2710,Esports,43968.0,9.5
7922,Streamer_6922,Gaming,3249.0,10.7
19099,Streamer_18099,Musica,8403.0,11.0
5466,Streamer_4466,Esports,6054.0,6.5
3473,Streamer_2473,Esports,36762.0,6.9
11700,Streamer_10700,Musica,512.0,8.7
16992,Streamer_15992,Esports,47296.0,6.2
13449,Streamer_12449,Arte,488.0,5.0
19355,Streamer_18355,Esports,8840.0,5.8
17297,Streamer_16297,Just Chatting,17575.0,3.9
15620,Streamer_14620,Just Chatting,24178.0,8.9
3661,Streamer_2661,Musica,7008.0,11.4
20189,Streamer_19189,Musica,20328.0,6.3
5488,Streamer_4488,Gaming,440.0,7.7
8209,Streamer_7209,Musica,45544.0,3.3
16162,Streamer_15162,Gaming,4876.0,10.5
7815,Streamer_6815,Musica,35333.0,6.7
4443,Streamer_3443,Just Chatting,36616.0,7.8
6981,Streamer_5981,Arte,41056.0,7.6
14015,Streamer_13015,Musica,48433.0,11.7
3577,Streamer_2577,Musica,27678.0,4.4
3004,Streamer_2004,Gaming,31298.0,10.0
7749,Streamer_6749,Just Chatting,5349.0,5.6
20599,Streamer_19599,Musica,19981.0,3.1
4381,Streamer_3381,Esports,6808.0,10.5
7998,Streamer_6998,Musica,27686.0,6.7
15528,Streamer_14528,Just Chatting,26133.0,5.4
17986,Streamer_16986,Just Chatting,48157.0,7.5
9667,Streamer_8667,Gaming,35934.0,7.1
20603,Streamer_19603,Arte,39000.0,6.1
8385,Streamer_7385,Esports,25984.0,5.1
7194,Streamer_6194,Arte,30416.0,9.7
14788,Streamer_13788,Gaming,2051.0,6.3
15427,Streamer_14427,Musica,42570.0,10.4
8236,Streamer_7236,Musica,20566.0,1.0
13313,Streamer_12313,Musica,614.0,10.4
14124,Streamer_13124,Esports,9400.0,4.1
20411,Streamer_19411,Esports,9226.0,5.3
18574,Streamer_17574,Esports,15239.0,2.7
4134,Streamer_3134,Musica,5219.0,5.5
3475,Streamer_2475,Just Chatting,6054.0,3.6
6584,Streamer_5584,Just Chatting,39897.0,9.1
3776,Streamer_2776,Gaming,12441.0,4.3
13629,Streamer_12629,Gaming,14549.0,2.8
12633,Streamer_11633,Arte,39026.0,1.5
17408,Streamer_16408,Musica,27738.0,1.8
19183,Streamer_18183,Esports,45738.0,9.2
18681,Streamer_17681,Just Chatting,32275.0,2.9
11412,Streamer_10412,Esports,43399.0,9.0
5828,Streamer_4828,Gaming,39955.0,2.7
13859,Streamer_12859,Just Chatting,49401.0,2.5
13131,Streamer_12131,Arte,5236.0,10.9
2295,Streamer_1295,Just Chatting,2582.0,8.2
19332,Streamer_18332,Musica,40862.0,11.3
10039,Streamer_9039,Esports,3261.0,11.8
12358,Streamer_11358,Esports,39611.0,5.7
11828,Streamer_10828,Musica,46271.0,1.6
17903,Streamer_16903,Musica,5206.0,3.9
10487,Streamer_9487,Esports,2233.0,6.9
20420,Streamer_19420,Musica,36954.0,2.7
4547,Streamer_3547,Just Chatting,810.0,10.6
11651,Streamer_10651,Esports,34674.0,10.8
15606,Streamer_14606,Gaming,43201.0,9.7
13560,Streamer_12560,Esports,18697.0,4.7
14452,Streamer_13452,Gaming,4175.0,6.2
12632,Streamer_11632,Gaming,11299.0,8.9
8561,Streamer_7561,Musica,36506.0,1.8
9858,Streamer_8858,Arte,40035.0,2.4
7864,Streamer_6864,Just Chatting,16321.0,6.5
5192,Streamer_4192,Gaming,42524.0,7.9
18332,Streamer_17332,Arte,8081.0,1.3
11285,Streamer_10285,Musica,7088.0,6.3
13986,Streamer_12986,Musica,33461.0,10.5
18782,Streamer_17782,Esports,38479.0,7.7
7467,Streamer_6467,Arte,2617.0,10.9
10445,Streamer_9445,Esports,43356.0,5.9
17932,Streamer_16932,Musica,5750.0,10.1
11255,Streamer_10255,Arte,16236.0,4.5
9732,Streamer_8732,Just Chatting,16030.0,10.0
7829,Streamer_6829,Arte,46498.0,10.9
2022,Streamer_1022,Musica,10486.0,3.7
6024,Streamer_5024,Just Chatting,31782.0,10.6
12555,Streamer_11555,Esports,9068.0,5.7
1755,Streamer_755,Esports,9776.0,10.5
5782,Streamer_4782,Musica,18745.0,5.7
15511,Streamer_14511,Musica,45606.0,8.4
9228,Streamer_8228,Gaming,10210.0,3.5
15794,Streamer_14794,Gaming,8397.0,11.9
17048,Streamer_16048,Arte,17541.0,7.7
8893,Streamer_7893,Gaming,279.0,3.1
19273,Streamer_18273,Gaming,8739.0,10.7
11772,Streamer_10772,Arte,24386.0,6.2
13527,Streamer_12527,Arte,47222.0,2.9
5906,Streamer_4906,Just Chatting,4706.0,3.5
14705,Streamer_13705,Musica,5858.0,8.2
13080,Streamer_12080,Gaming,44338.0,7.1
15498,Streamer_14498,Just Chatting,3749.0,3.2
16933,Streamer_15933,Gaming,22461.0,9.4
6131,Streamer_5131,Gaming,34334.0,2.8
10737,Streamer_9737,Just Chatting,39747.0,8.3
3500,Streamer_2500,Just Chatting,12001.0,8.2
18391,Streamer_17391,Musica,46561.0,9.5
16287,Streamer_15287,Gaming,24377.0,10.9
14385,Streamer_13385,Gaming,21508.0,6.9
4591,Streamer_3591,Esports,5908.0,7.1
16208,Streamer_15208,Just Chatting,46590.0,9.2
2498,Streamer_1498,Just Chatting,,9.8
17516,Streamer_16516,Esports,46540.0,10.7
19266,Streamer_18266,Musica,6926.0,1.1
3657,Streamer_2657,Esports,21099.0,1.1
17490,Streamer_16490,Musica,30709.0,11.7
13981,Streamer_12981,Gaming,36646.0,1.3
3989,Streamer_2989,Arte,47192.0,10.0
4708,Streamer_3708,Just Chatting,10943.0,2.2
14402,Streamer_13402,Gaming,45803.0,6.8
1661,Streamer_661,Arte,17600.0,3.2
15400,Streamer_14400,Gaming,41911.0,9.7
9137,Streamer_8137,Arte,9573.0,3.7
11232,Streamer_10232,Arte,32134.0,4.4
3925,Streamer_2925,Just Chatting,19555.0,1.6
10799,Streamer_9799,Arte,35884.0,2.2
12025,Streamer_11025,Just Chatting,33392.0,4.5
9708,Streamer_8708,Esports,22087.0,5.5
4376,Streamer_3376,Esports,40266.0,11.7
2794,Streamer_1794,Musica,32154.0,10.8
2386,Streamer_1386,Esports,46541.0,4.0
14619,Streamer_13619,,5047.0,6.6
2187,Streamer_1187,Gaming,48288.0,2.6
8293,Streamer_7293,Gaming,34109.0,3.7
3335,Streamer_2335,Esports,6445.0,1.0
4757,Streamer_3757,Musica,43346.0,10.5
12871,Streamer_11871,Just Chatting,22696.0,8.8
5086,Streamer_4086,Gaming,10616.0,11.9
9840,Streamer_8840,Gaming,36785.0,6.6
8066,Streamer_7066,Esports,36204.0,4.3
17865,Streamer_16865,Musica,4749.0,4.4
10620,Streamer_9620,Esports,738.0,7.0
14414,Streamer_13414,Musica,35686.0,6.5
14768,Streamer_13768,Esports,34683.0,10.6
16094,Streamer_15094,Arte,42321.0,2.0
12433,Streamer_11433,Musica,42504.0,8.8
13016,Streamer_12016,Gaming,34658.0,2.2
10105,Streamer_9105,Musica,6229.0,5.5
14075,Streamer_13075,Musica,33412.0,5.1
11073,Streamer_10073,Arte,8924.0,5.4
4114,Streamer_3114,Arte,13437.0,7.5
16362,Streamer_15362,Esports,41365.0,6.6
15138,Streamer_14138,Musica,2721.0,10.8
19292,Streamer_18292,Gaming,17325.0,5.3
18189,Streamer_17189,Esports,20028.0,3.7
5352,Streamer_4352,Esports,2444.0,11.5
16832,Streamer_15832,Gaming,42485.0,3.9
5377,Streamer_4377,Esports,6560.0,3.3
11052,Streamer_10052,Gaming,6288.0,11.0
10588,Streamer_9588,Esports,18546.0,1.2
6108,Streamer_5108,Musica,29832.0,1.9
5111,Streamer_4111,Esports,2982.0,1.0
12876,Streamer_11876,Musica,46525.0,9.0
20765,Streamer_19765,,10434.0,6.0
8939,Streamer_7939,Esports,44152.0,1.9
13264,Streamer_12264,Just Chatting,24695.0,8.4
18963,Streamer_17963,Just Chatting,49572.0,5.5
19284,Streamer_18284,Gaming,23246.0,4.9
19705,Streamer_18705,Just Chatting,14258.0,7.1
15639,Streamer_14639,Arte,8538.0,12.0
15292,Streamer_14292,Gaming,29545.0,10.6
16379,Streamer_15379,Just Chatting,48730.0,8.5
19555,Streamer_18555,Arte,45157.0,8.2
9197,Streamer_8197,Gaming,32833.0,7.9
16941,Streamer_15941,Esports,27223.0,10.7
13195,Streamer_12195,,47229.0,10.2
14276,Streamer_13276,Just Chatting,19388.0,10.6
6455,Streamer_5455,Musica,15713.0,3.1
11193,Streamer_10193,Esports,4376.0,10.5
13388,Streamer_12388,Musica,16074.0,6.1
12875,Streamer_11875,Esports,20237.0,5.6
9246,Streamer_8246,Esports,27427.0,9.7
19870,Streamer_18870,Gaming,36929.0,3.4
12892,Streamer_11892,Arte,36374.0,5.0
16972,Streamer_15972,Gaming,23803.0,10.6
8289,Streamer_7289,Musica,14853.0,6.5
9380,Streamer_8380,Esports,,6.8
3494,Streamer_2494,Gaming,5217.0,7.8
15338,Streamer_14338,Arte,20894.0,6.3
13496,Streamer_12496,Gaming,49187.0,1.4
10537,Streamer_9537,Esports,9890.0,5.8
12344,Streamer_11344,Arte,37202.0,8.5
20236,Streamer_19236,Esports,49891.0,5.5
3654,Streamer_2654,Esports,10284.0,8.6
2497,Streamer_1497,Musica,8800.0,10.7
1395,Streamer_395,Gaming,10380.0,8.2
15788,Streamer_14788,Esports,36277.0,1.3
15453,Streamer_14453,Just Chatting,7455.0,7.6
14122,Streamer_13122,Musica,49083.0,11.4
16034,Streamer_15034,Musica,2101.0,11.7
11194,Streamer_10194,,33132.0,1.3
8731,Streamer_7731,Just Chatting,41957.0,11.6
5095,Streamer_4095,Just Chatting,35775.0,2.0
20009,Streamer_19009,Arte,33595.0,10.1
8199,Streamer_7199,Just Chatting,5815.0,2.4
18610,Streamer_17610,Gaming,30319.0,2.7
6222,Streamer_5222,Musica,47220.0,2.8
14430,Streamer_13430,Musica,38293.0,2.3
6947,Streamer_5947,Just Chatting,11222.0,3.4
6508,Streamer_5508,Gaming,19721.0,6.3
9827,Streamer_8827,Esports,46490.0,10.6
18717,Streamer_17717,Gaming,10583.0,1.1
19417,Streamer_18417,Esports,21337.0,5.1
19178,Streamer_18178,Musica,35357.0,3.4
14123,Streamer_13123,Gaming,2660.0,9.3
16623,Streamer_15623,Musica,37947.0,4.3
4972,Streamer_3972,Gaming,27340.0,2.4
8054,Streamer_7054,Musica,22439.0,7.1
6472,Streamer_5472,Just Chatting,36974.0,9.0
17925,Streamer_16925,Musica,47376.0,9.0
14297,Streamer_13297,Musica,45141.0,7.0
4851,Streamer_3851,Esports,36143.0,11.2
6519,Streamer_5519,Esports,45010.0,5.9
8672,Streamer_7672,Arte,45902.0,3.4
2766,Streamer_1766,Musica,39076.0,11.6
8936,Streamer_7936,Esports,7478.0,5.7
9723,Streamer_8723,Arte,42281.0,1.9
3959,Streamer_2959,Arte,38607.0,4.2
10790,Streamer_9790,Musica,6270.0,11.4
16858,Streamer_15858,Gaming,17886.0,3.7
19310,Streamer_18310,Esports,9921.0,11.1
15552,Streamer_14552,Gaming,17194.0,10.5
11877,Streamer_10877,Just Chatting,13493.0,4.5
8131,Streamer_7131,Esports,19059.0,9.8
5811,Streamer_4811,Musica,33500.0,4.2
11801,Streamer_10801,Esports,8662.0,4.3
1367,Streamer_367,Esports,43730.0,6.4
17591,Streamer_16591,Gaming,47198.0,3.9
2770,Streamer_1770,Just Chatting,8095.0,9.5
4496,Streamer_3496,Musica,40548.0,7.5
17561,Streamer_16561,Arte,5131.0,9.4
15293,Streamer_14293,Musica,14484.0,7.0
15750,Streamer_14750,Esports,10854.0,8.3
15545,Streamer_14545,Just Chatting,46576.0,10.3
16870,Streamer_15870,Gaming,40121.0,2.8
5072,Streamer_4072,Musica,34874.0,8.9
9961,Streamer_8961,Musica,,8.9
19067,Streamer_18067,Musica,39838.0,3.4
17822,Streamer_16822,Musica,49635.0,8.4
8496,Streamer_7496,Just Chatting,15818.0,6.0
2025,Streamer_1025,Esports,22036.0,8.1
8140,Streamer_7140,Esports,15706.0,5.2
15006,Streamer_14006,Esports,45916.0,5.5
14553,Streamer_13553,Just Chatting,24764.0,7.0
8017,Streamer_7017,Musica,40652.0,3.3
3092,Streamer_2092,Arte,42974.0,8.2
11527,Streamer_10527,Just Chatting,16064.0,9.2
5703,Streamer_4703,Gaming,10223.0,9.9
5157,Streamer_4157,Gaming,47745.0,5.7
6414,Streamer_5414,Just Chatting,43388.0,7.0
7646,Streamer_6646,Arte,41673.0,7.7
16160,Streamer_15160,Arte,10606.0,11.8
2074,Streamer_1074,Musica,15801.0,6.9
10446,Streamer_9446,Just Chatting,22299.0,7.6
5524,Streamer_4524,Esports,8774.0,4.4
8135,Streamer_7135,Gaming,5789.0,4.4
4913,Streamer_3913,Arte,18369.0,10.4
18013,Streamer_17013,Arte,30284.0,4.8
10228,Streamer_9228,Just Chatting,8079.0,1.7
18147,Streamer_17147,Gaming,31587.0,4.8
1736,Streamer_736,Esports,47941.0,7.6
10459,Streamer_9459,Arte,31209.0,6.1
10052,Streamer_9052,Gaming,20751.0,8.6
4413,Streamer_3413,Just Chatting,6161.0,10.2
12784,Streamer_11784,Just Chatting,634.0,11.4
2241,Streamer_1241,Gaming,4976.0,6.8
17188,Streamer_16188,Just Chatting,39054.0,11.3
3242,Streamer_2242,Just Chatting,28156.0,7.0
17640,Streamer_16640,Esports,44489.0,7.2
7887,Streamer_6887,Musica,,3.0
11119,Streamer_10119,Gaming,42368.0,6.0
4643,Streamer_3643,Musica,36765.0,5.0
8535,Streamer_7535,Gaming,43082.0,3.5
15732,Streamer_14732,Just Chatting,815.0,6.6
4024,Streamer_3024,Esports,16118.0,4.8
13054,Streamer_12054,Musica,2394.0,5.7
3824,Streamer_2824,Arte,19082.0,9.2
2659,Streamer_1659,Arte,5984.0,10.5
14464,Streamer_13464,Esports,34141.0,11.8
10057,Streamer_9057,Musica,4304.0,7.4
14969,Streamer_13969,Gaming,32528.0,11.8
12335,Streamer_11335,Arte,48373.0,3.8
2653,Streamer_1653,Arte,5889.0,8.2
3340,Streamer_2340,Just Chatting,25105.0,10.8
8886,Streamer_7886,Esports,4550.0,10.9
19288,Streamer_18288,Arte,28531.0,8.7
5307,Streamer_4307,Musica,41441.0,9.1
10524,Streamer_9524,Esports,41780.0,4.0
6425,Streamer_5425,Just Chatting,3374.0,2.0
18721,Streamer_17721,Just Chatting,38878.0,11.8
4336,Streamer_3336,Just Chatting,20430.0,8.1
4295,Streamer_3295,Gaming,14247.0,1.3
5084,Streamer_4084,Gaming,4905.0,3.3
7161,Streamer_6161,Gaming,1112.0,2.7
13796,Streamer_12796,Arte,7836.0,4.9
16989,Streamer_15989,Just Chatting,4333.0,6.3
19042,Streamer_18042,Gaming,34838.0,3.3
17965,Streamer_16965,Gaming,8025.0,3.8
7483,Streamer_6483,Esports,37937.0,10.5
19962,Streamer_18962,Gaming,8974.0,6.2
20891,Streamer_19891,Esports,6885.0,10.5
16637,Streamer_15637,Esports,1849.0,10.1
14214,Streamer_13214,Just Chatting,22745.0,5.8
5722,Streamer_4722,Musica,11173.0,1.4
5951,Streamer_4951,Arte,29258.0,2.0
6137,Streamer_5137,Just Chatting,45238.0,7.1
8416,Streamer_7416,Just Chatting,29689.0,11.0
13749,Streamer_12749,Musica,42102.0,6.5
17636,Streamer_16636,Arte,39140.0,3.2
14689,Streamer_13689,Gaming,7476.0,11.5
19526,Streamer_18526,Esports,43643.0,4.3
17140,Streamer_16140,Arte,15955.0,8.5
14303,Streamer_13303,Gaming,14490.0,1.3
10457,Streamer_9457,Just Chatting,16898.0,4.8
4917,Streamer_3917,Arte,25814.0,11.5
3980,Streamer_2980,Just Chatting,29955.0,4.1
5126,Streamer_4126,Esports,21862.0,3.9
11489,Streamer_10489,Musica,20013.0,2.4
1012,Streamer_12,Just Chatting,38741.0,10.1
10893,Streamer_9893,Esports,25913.0,11.4
13979,Streamer_12979,Gaming,14455.0,1.4
10811,Streamer_9811,Arte,39165.0,7.8
15553,Streamer_14553,Just Chatting,49952.0,5.5
8924,Streamer_7924,Esports,46106.0,1.3
15715,Streamer_14715,Gaming,31880.0,8.3
19915,Streamer_18915,Musica,35149.0,6.0
17084,Streamer_16084,Esports,33846.0,9.4
8010,Streamer_7010,Just Chatting,45682.0,7.1
8053,Streamer_7053,Esports,42283.0,10.1
20678,Streamer_19678,Musica,3362.0,9.0
8306,Streamer_7306,Just Chatting,32986.0,7.1
14612,Streamer_13612,Musica,42452.0,7.1
1823,Streamer_823,Esports,30071.0,4.2
15642,Streamer_14642,Gaming,43839.0,7.3
8719,Streamer_7719,Arte,16454.0,3.2
7372,Streamer_6372,Arte,1084.0,3.1
17520,Streamer_16520,Esports,33640.0,10.1
13860,Streamer_12860,Just Chatting,,11.3
1208,Streamer_208,Gaming,4095.0,3.1
16216,Streamer_15216,Just Chatting,10918.0,6.8
17655,Streamer_16655,Esports,18489.0,5.8
4223,Streamer_3223,Musica,24634.0,11.6
15079,Streamer_14079,Musica,23896.0,7.8
16617,Streamer_15617,Esports,13285.0,10.0
18816,Streamer_17816,,29695.0,9.1
18985,Streamer_17985,Arte,44941.0,6.7
15146,Streamer_14146,Musica,9473.0,6.7
11062,Streamer_10062,Gaming,49742.0,7.3
20387,Streamer_19387,Just Chatting,12068.0,3.5
2718,Streamer_1718,Gaming,49419.0,9.0
16477,Streamer_15477,,44031.0,3.0
15795,Streamer_14795,Musica,24129.0,1.3
2722,Streamer_1722,Musica,13871.0,2.6
14549,Streamer_13549,Just Chatting,14536.0,10.9
3477,Streamer_2477,Esports,20264.0,7.2
16337,Streamer_15337,Just Chatting,8245.0,10.8
6440,Streamer_5440,Musica,31779.0,9.4
15913,Streamer_14913,Musica,37295.0,2.3
4033,Streamer_3033,Gaming,35904.0,7.4
4248,Streamer_3248,Esports,3751.0,9.7
9224,Streamer_8224,Musica,33253.0,10.6
10128,Streamer_9128,Just Chatting,21976.0,11.3
10543,Streamer_9543,Just Chatting,37930.0,1.3
14541,Streamer_13541,Esports,25170.0,8.7
15296,Streamer_14296,Arte,9999.0,3.9
12343,Streamer_11343,Just Chatting,40860.0,2.8
6876,Streamer_5876,Gaming,26433.0,4.9
19828,Streamer_18828,Musica,7625.0,1.4
9431,Streamer_8431,Esports,11887.0,7.6
2622,Streamer_1622,Arte,13307.0,2.1
1656,Streamer_656,Esports,43865.0,4.8
9328,Streamer_8328,Just Chatting,38532.0,6.8
12658,Streamer_11658,Gaming,9583.0,2.6
4985,Streamer_3985,Gaming,47255.0,7.9
5606,Streamer_4606,Gaming,33125.0,2.2
5431,,Just Chatting,45320.0,4.1
12026,Streamer_11026,Arte,39185.0,6.1
13608,Streamer_12608,Arte,47916.0,11.4
1604,Streamer_604,Just Chatting,22572.0,8.4
7377,Streamer_6377,Esports,1487.0,4.7
5832,Streamer_4832,Esports,9785.0,4.5
20167,Streamer_19167,,49010.0,10.2
5381,Streamer_4381,Musica,1695.0,6.0
15671,Streamer_14671,Musica,48902.0,9.8
3497,Streamer_2497,Musica,38212.0,7.0
9241,Streamer_8241,Gaming,13603.0,8.6
16802,Streamer_15802,Arte,38153.0,3.3
1814,Streamer_814,Esports,33145.0,8.9
13014,Streamer_12014,Arte,24132.0,1.8
12542,Streamer_11542,Esports,28657.0,3.6
17320,Streamer_16320,Musica,10307.0,3.2
16816,Streamer_15816,Musica,10968.0,5.0
16522,Streamer_15522,Musica,36239.0,7.1
5444,Streamer_4444,Musica,29429.0,2.4
1117,Streamer_117,Esports,29950.0,8.6
4871,Streamer_3871,Esports,39157.0,11.8
16099,Streamer_15099,Esports,32981.0,8.3
12022,Streamer_11022,Musica,12936.0,9.5
6964,Streamer_5964,Gaming,39142.0,3.6
8116,Streamer_7116,Just Chatting,44840.0,9.0
17285,Streamer_16285,,44740.0,11.7
3288,Streamer_2288,Esports,46721.0,8.4
15806,Streamer_14806,Just Chatting,,1.0
8258,Streamer_7258,Esports,13476.0,6.0
12302,Streamer_11302,Esports,5945.0,11.7
17007,Streamer_16007,Musica,21697.0,5.6
18719,Streamer_17719,Arte,18459.0,5.0
17254,Streamer_16254,Arte,26122.0,11.9
13455,Streamer_12455,Just Chatting,49305.0,5.0
10208,Streamer_9208,Just Chatting,32026.0,7.8
2667,Streamer_1667,Esports,36808.0,7.7
14449,Streamer_13449,Gaming,40573.0,3.2
13221,Streamer_12221,Arte,39867.0,8.0
9753,Streamer_8753,Gaming,23162.0,1.1
3097,Streamer_2097,Musica,20371.0,5.1
13375,Streamer_12375,Esports,32780.0,1.4
10962,Streamer_9962,Just Chatting,13067.0,6.1
1569,Streamer_569,Just Chatting,8003.0,1.7
14827,Streamer_13827,Gaming,18255.0,11.8
8615,Streamer_7615,Musica,35784.0,1.5
6755,Streamer_5755,Arte,35849.0,1.8
16147,Streamer_15147,Arte,15119.0,8.6
11153,Streamer_10153,Gaming,23714.0,10.1
17995,Streamer_16995,Arte,8274.0,6.4
7818,Streamer_6818,Musica,10334.0,7.6
16343,Streamer_15343,Esports,23886.0,5.9
20984,Streamer_19984,Arte,4063.0,5.0
9865,Streamer_8865,Esports,46066.0,6.0
8983,Streamer_7983,Esports,3651.0,6.8
15252,Streamer_14252,Gaming,40690.0,7.4
14076,Streamer_13076,Musica,14043.0,9.8
7757,Streamer_6757,Gaming,23800.0,4.6
18300,Streamer_17300,Just Chatting,19545.0,11.7
4227,Streamer_3227,Gaming,33001.0,5.6
1325,Streamer_325,Gaming,29943.0,7.6
3185,Streamer_2185,Just Chatting,5117.0,5.0
20586,Streamer_19586,Just Chatting,30826.0,9.7
13342,Streamer_12342,Arte,12331.0,1.1
9928,Streamer_8928,Musica,38582.0,6.2
15964,Streamer_14964,Gaming,70.0,1.7
20370,Streamer_19370,Esports,34197.0,8.0
3437,Streamer_2437,Arte,29318.0,6.1
14098,Streamer_13098,Musica,9685.0,9.2
20804,Streamer_19804,Esports,25093.0,4.1
13923,Streamer_12923,Esports,47447.0,8.2
11729,Streamer_10729,Gaming,20423.0,10.4
14068,Streamer_13068,Esports,12940.0,3.9
8314,Streamer_7314,Musica,5764.0,2.6
7511,Streamer_6511,Arte,9254.0,4.8
1817,Streamer_817,Esports,39473.0,5.3
3584,Streamer_2584,Esports,29458.0,9.5
19051,Streamer_18051,Esports,29610.0,9.8
11248,Streamer_10248,Gaming,36697.0,1.0
13129,Streamer_12129,Esports,49781.0,6.4
12993,Streamer_11993,Arte,1508.0,8.2
1477,Streamer_477,Gaming,17924.0,11.2
16354,Streamer_15354,Gaming,40721.0,8.3
14932,Streamer_13932,Esports,32951.0,2.1
12607,Streamer_11607,Gaming,22102.0,5.0
7193,Streamer_6193,Gaming,45720.0,2.5
3126,Streamer_2126,Arte,39951.0,2.1
16062,Streamer_15062,Arte,344.0,6.9
17867,Streamer_16867,Musica,15819.0,8.3
16368,Streamer_15368,Just Chatting,11853.0,10.4
14652,Streamer_13652,Gaming,44905.0,4.4
1875,Streamer_875,Arte,5625.0,8.1
12528,Streamer_11528,Esports,44896.0,10.6
10864,Streamer_9864,Arte,10462.0,9.2
6238,Streamer_5238,Musica,6190.0,10.5
14771,Streamer_13771,Arte,38356.0,4.9
5266,Streamer_4266,Arte,24166.0,10.8
14578,Streamer_13578,Musica,46228.0,7.3
5643,Streamer_4643,Musica,34705.0,3.4
14701,Streamer_13701,Esports,32321.0,6.2
1076,Streamer_76,Esports,33805.0,3.3
2595,Streamer_1595,Esports,27750.0,9.7
1709,Streamer_709,Arte,12255.0,6.9
9002,Streamer_8002,Gaming,28670.0,11.7
1161,Streamer_161,Gaming,35099.0,5.4
1958,Streamer_958,Gaming,40590.0,2.8
17972,Streamer_16972,Just Chatting,15601.0,10.2
4935,Streamer_3935,Gaming,34025.0,6.8
19330,Streamer_18330,Just Chatting,39206.0,2.1
5930,Streamer_4930,Just Chatting,153.0,9.9
5122,Streamer_4122,Arte,49995.0,5.4
6069,Streamer_5069,Esports,15.0,4.4
14265,Streamer_13265,Just Chatting,5026.0,6.1
6201,Streamer_5201,Musica,37433.0,8.0
11375,Streamer_10375,Just Chatting,395.0,1.2
9275,Streamer_8275,Arte,39642.0,7.4
10847,Streamer_9847,Arte,21509.0,10.5
15306,Streamer_14306,Arte,44524.0,4.5
19796,Streamer_18796,Musica,43604.0,4.9
9760,Streamer_8760,Esports,39015.0,2.2
12889,Streamer_11889,Arte,30823.0,2.2
8260,Streamer_7260,Arte,11677.0,2.3
1687,Streamer_687,Just Chatting,33601.0,5.6
13156,Streamer_12156,Just Chatting,13201.0,1.6
10036,Streamer_9036,Esports,10090.0,8.4
8845,Streamer_7845,Musica,39839.0,10.8
17968,Streamer_16968,Gaming,16978.0,7.7
18296,Streamer_17296,Just Chatting,2756.0,1.5
2776,Streamer_1776,Gaming,39079.0,7.7
18008,Streamer_17008,Esports,15137.0,10.4
11586,Streamer_10586,Gaming,36621.0,10.5
4129,Streamer_3129,Just Chatting,2951.0,4.3
8303,Streamer_7303,Gaming,41847.0,8.0
6093,Streamer_5093,Esports,42925.0,7.4
15216,Streamer_14216,Musica,46345.0,5.2
17744,Streamer_16744,Just Chatting,19923.0,5.1
5077,Streamer_4077,Arte,12255.0,1.3
3248,Streamer_2248,Musica,28718.0,9.6
2491,Streamer_1491,Gaming,12004.0,8.4
11446,Streamer_10446,Gaming,41084.0,4.9
17343,Streamer_16343,Arte,4898.0,4.5
2984,Streamer_1984,Musica,30025.0,6.9
13825,Streamer_12825,Arte,6327.0,4.5
16309,Streamer_15309,Esports,11841.0,4.9
10612,Streamer_9612,,1241.0,7.0
20233,Streamer_19233,Just Chatting,21752.0,4.3
13150,Streamer_12150,Just Chatting,26859.0,9.9
11469,Streamer_10469,Esports,44339.0,8.7
8788,Streamer_7788,Musica,9652.0,2.2
4532,Streamer_3532,Gaming,32242.0,6.7
2868,Streamer_1868,Esports,23378.0,10.5
3733,Streamer_2733,Gaming,3798.0,9.9
11229,Streamer_10229,Gaming,39804.0,2.3
4148,Streamer_3148,Esports,27781.0,5.4
19998,Streamer_18998,Arte,7469.0,6.7
12419,Streamer_11419,Arte,38942.0,11.1
11501,Streamer_10501,Arte,33229.0,7.4
2341,Streamer_1341,Arte,3132.0,3.2
1123,Streamer_123,Gaming,12552.0,6.6
18007,Streamer_17007,Gaming,48783.0,2.0
13641,Streamer_12641,Gaming,18575.0,8.0
13910,Streamer_12910,Musica,14371.0,10.2
3057,Streamer_2057,Musica,39872.0,9.2
14032,Streamer_13032,Arte,43083.0,9.0
11808,Streamer_10808,Musica,911.0,3.4
3702,Streamer_2702,Arte,45716.0,5.5
2645,Streamer_1645,Musica,40383.0,8.7
16615,Streamer_15615,Just Chatting,3188.0,9.5
9631,Streamer_8631,Musica,37544.0,3.8
15905,Streamer_14905,Musica,17449.0,3.2
1767,Streamer_767,Musica,44491.0,9.7
10120,Streamer_9120,Just Chatting,18733.0,5.0
7912,Streamer_6912,Esports,8092.0,1.5
5530,Streamer_4530,Arte,8233.0,11.8
18811,Streamer_17811,Musica,20830.0,11.6
5347,Streamer_4347,Musica,44508.0,3.5
11693,Streamer_10693,Gaming,6891.0,5.7
3214,Streamer_2214,Arte,47811.0,7.1
4669,,Esports,16762.0,11.4
4194,Streamer_3194,Just Chatting,3769.0,5.9
12905,Streamer_11905,Gaming,17437.0,3.9
3191,Streamer_2191,Arte,11980.0,3.0
17445,Streamer_16445,Just Chatting,1979.0,7.3
17762,Streamer_16762,Musica,46224.0,11.4
2908,Streamer_1908,Musica,27747.0,2.0
7250,Streamer_6250,Just Chatting,45561.0,11.8
9952,Streamer_8952,Esports,24190.0,10.4
2876,Streamer_1876,Musica,37160.0,8.1
2439,Streamer_1439,Esports,12493.0,7.3
4610,Streamer_3610,Arte,32133.0,1.1
2189,Streamer_1189,Esports,33902.0,2.6
14249,Streamer_13249,Esports,42164.0,10.8
5917,Streamer_4917,Musica,44188.0,4.6
20143,Streamer_19143,Gaming,30022.0,8.7
7780,Streamer_6780,Musica,33427.0,8.3
19888,Streamer_18888,Musica,42688.0,7.1
11069,Streamer_10069,Arte,37657.0,5.4
4710,Streamer_3710,Gaming,11019.0,7.9
12278,Streamer_11278,Arte,30930.0,11.7
15092,Streamer_14092,Esports,36349.0,10.1
13514,Streamer_12514,Just Chatting,34294.0,7.5
6057,Streamer_5057,Just Chatting,30929.0,8.2
12997,Streamer_11997,Arte,3513.0,2.3
13287,Streamer_12287,Arte,31493.0,4.6
3596,Streamer_2596,Gaming,37436.0,5.8
18122,Streamer_17122,Arte,19600.0,8.2
4218,Streamer_3218,Just Chatting,21686.0,7.7
9415,Streamer_8415,Arte,6984.0,10.2
18566,Streamer_17566,Musica,36265.0,8.7
5668,Streamer_4668,Esports,42589.0,11.5
2007,Streamer_1007,Just Chatting,6544.0,4.7
2151,Streamer_1151,Arte,44317.0,8.9
12590,Streamer_11590,Arte,38573.0,2.3
7492,Streamer_6492,Musica,27673.0,8.1
19891,Streamer_18891,Arte,41774.0,5.5
2646,Streamer_1646,Gaming,40982.0,6.4
6079,Streamer_5079,Musica,15478.0,7.0
3728,Streamer_2728,Just Chatting,42357.0,5.7
18352,Streamer_17352,Just Chatting,44919.0,8.0
7157,Streamer_6157,Just Chatting,46639.0,4.6
3488,Streamer_2488,Musica,46198.0,6.0
10695,Streamer_9695,Esports,30434.0,10.2
12750,Streamer_11750,Just Chatting,15967.0,11.7
2368,Streamer_1368,Arte,43452.0,2.3
6158,Streamer_5158,Esports,44859.0,7.0
18380,Streamer_17380,Esports,23524.0,1.2
6475,Streamer_5475,Musica,11423.0,1.4
4246,Streamer_3246,Arte,,2.1
11030,Streamer_10030,Just Chatting,10691.0,11.0
16358,Streamer_15358,Musica,575.0,7.8
7390,Streamer_6390,Gaming,9596.0,7.5
16363,Streamer_15363,Gaming,36731.0,11.5
1862,Streamer_862,Esports,43271.0,7.0
6610,Streamer_5610,Musica,31213.0,11.1
7708,Streamer_6708,Just Chatting,15452.0,8.5
13151,Streamer_12151,Just Chatting,35893.0,4.8
8882,Streamer_7882,Esports,38768.0,8.6
17523,Streamer_16523,Esports,4509.0,10.9
4367,Streamer_3367,Just Chatting,2662.0,5.2
8657,Streamer_7657,Musica,7505.0,5.1
15783,Streamer_14783,Musica,25481.0,11.0
20293,Streamer_19293,Arte,5478.0,4.2
17392,Streamer_16392,Musica,47228.0,10.3
4835,Streamer_3835,Just Chatting,34070.0,4.9
7077,Streamer_6077,Just Chatting,1989.0,4.2
18084,Streamer_17084,Musica,41852.0,2.0
12763,Streamer_11763,Arte,18838.0,1.6
4400,Streamer_3400,Gaming,26247.0,4.2
3282,Streamer_2282,Just Chatting,15394.0,10.7
2009,Streamer_1009,Just Chatting,33920.0,5.6
8075,Streamer_7075,Just Chatting,28898.0,9.0
9400,Streamer_8400,Just Chatting,11296.0,6.8
19633,Streamer_18633,Arte,32929.0,4.5
3551,Streamer_2551,Esports,6874.0,11.0
18881,Streamer_17881,Musica,15229.0,7.6
14710,Streamer_13710,Arte,40596.0,2.1
5912,Streamer_4912,,31278.0,5.0
15068,Streamer_14068,Arte,29131.0,9.7
2729,Streamer_1729,Arte,44457.0,6.2
3190,Streamer_2190,Arte,38078.0,1.1
8377,Streamer_7377,Arte,8066.0,2.2
10166,Streamer_9166,Esports,36799.0,9.5
6084,Streamer_5084,Just Chatting,982.0,2.2
3174,Streamer_2174,Gaming,36586.0,9.8
4996,Streamer_3996,Musica,15203.0,5.7
17242,Streamer_16242,Just Chatting,46799.0,11.8
15724,Streamer_14724,Musica,31281.0,4.7
4334,Streamer_3334,Just Chatting,26354.0,7.3
16613,Streamer_15613,Musica,18991.0,10.9
14773,Streamer_13773,Arte,7168.0,9.9
5293,Streamer_4293,Arte,4830.0,1.6
11685,Streamer_10685,Esports,41657.0,6.5
13372,Streamer_12372,Just Chatting,49701.0,10.5
9528,Streamer_8528,Just Chatting,43719.0,5.1
2554,Streamer_1554,Just Chatting,32038.0,6.1
13726,Streamer_12726,Gaming,9139.0,5.3
18047,Streamer_17047,Musica,16465.0,2.5
5731,Streamer_4731,Gaming,34361.0,8.7
8781,Streamer_7781,Just Chatting,35296.0,2.6
14306,Streamer_13306,Musica,1948.0,10.7
10687,Streamer_9687,Musica,29717.0,8.8
20851,Streamer_19851,Esports,34597.0,5.2
14334,Streamer_13334,Gaming,30760.0,5.5
4604,Streamer_3604,Musica,37355.0,2.9
10858,Streamer_9858,Gaming,35399.0,2.8
13743,Streamer_12743,Esports,35550.0,4.0
16418,Streamer_15418,Arte,39319.0,10.6
6800,Streamer_5800,Musica,25197.0,8.2
9484,Streamer_8484,Arte,10143.0,11.5
10416,Streamer_9416,Arte,43408.0,7.2
19191,Streamer_18191,Gaming,30183.0,11.0
5295,Streamer_4295,Musica,23418.0,1.1
12888,Streamer_11888,,41505.0,11.3
5491,Streamer_4491,Arte,8657.0,4.9
15337,Streamer_14337,Esports,34741.0,1.9
20960,Streamer_19960,Musica,35072.0,1.8
4774,Streamer_3774,Arte,49858.0,6.2
11050,Streamer_10050,Arte,25766.0,1.1
16808,Streamer_15808,Musica,22711.0,1.3
7479,Streamer_6479,Musica,43542.0,7.6
12159,Streamer_11159,Esports,23741.0,7.9
3178,Streamer_2178,Musica,27120.0,7.9
16402,,Musica,17891.0,4.7
14524,Streamer_13524,Arte,44680.0,1.2
18004,Streamer_17004,Esports,12414.0,3.2
20530,Streamer_19530,Musica,7802.0,2.9
1936,Streamer_936,Just Chatting,1932.0,7.9
16502,Streamer_15502,Esports,42755.0,7.7
13031,Streamer_12031,Musica,,1.4
3516,Streamer_2516,Just Chatting,11591.0,4.5
8348,Streamer_7348,Gaming,42542.0,5.8
20199,Streamer_19199,Gaming,3859.0,6.9
20635,Streamer_19635,Arte,29006.0,1.8
4524,Streamer_3524,Just Chatting,23835.0,4.5
11916,Streamer_10916,Musica,49013.0,6.3
5356,Streamer_4356,Gaming,45336.0,7.8
14576,Streamer_13576,Gaming,7056.0,1.2
6065,Streamer_5065,Arte,48242.0,3.9
16060,Streamer_15060,Gaming,1115.0,8.7
13190,Streamer_12190,Esports,40823.0,3.1
6681,Streamer_5681,Esports,2653.0,3.5
11321,Streamer_10321,Just Chatting,37832.0,9.9
13000,Streamer_12000,Gaming,982.0,5.8
18595,Streamer_17595,Just Chatting,6909.0,1.9
17023,Streamer_16023,Arte,13462.0,7.1
4803,Streamer_3803,Just Chatting,35483.0,9.0
3119,Streamer_2119,Arte,818.0,2.3
14156,Streamer_13156,Gaming,30766.0,10.2
6815,Streamer_5815,Musica,29273.0,11.7
1388,Streamer_388,Esports,34239.0,2.8
3572,Streamer_2572,Gaming,24984.0,7.7
14368,Streamer_13368,Esports,35127.0,3.6
2774,Streamer_1774,Musica,35515.0,8.2
18643,Streamer_17643,Just Chatting,13145.0,5.6
18202,Streamer_17202,Just Chatting,24441.0,10.5
9355,,Esports,19768.0,3.8
14016,Streamer_13016,Arte,7360.0,10.4
19222,Streamer_18222,Arte,18571.0,11.9
17926,Streamer_16926,Musica,19423.0,10.3
5900,Streamer_4900,Musica,19238.0,6.8
17092,Streamer_16092,Arte,31288.0,1.2
6788,Streamer_5788,Musica,17604.0,9.7
3736,Streamer_2736,Esports,29137.0,10.8
7487,Streamer_6487,Just Chatting,19814.0,9.8
19452,Streamer_18452,Just Chatting,10743.0,3.8
1337,Streamer_337,Esports,31129.0,9.9
13498,Streamer_12498,Gaming,9325.0,9.7
8812,Streamer_7812,Gaming,9050.0,10.9
15987,Streamer_14987,Just Chatting,44486.0,9.1
4044,Streamer_3044,Esports,37575.0,11.1
10904,Streamer_9904,Arte,37184.0,9.6
7845,Streamer_6845,Gaming,3146.0,11.2
1878,Streamer_878,Arte,9567.0,7.1
11782,Streamer_10782,,45740.0,2.5
9810,Streamer_8810,Just Chatting,30222.0,7.5
16662,Streamer_15662,Esports,11365.0,6.5
4051,Streamer_3051,Esports,29359.0,4.1
19518,Streamer_18518,Gaming,31869.0,4.3
13362,Streamer_12362,Gaming,16034.0,10.5
15270,Streamer_14270,Just Chatting,27444.0,5.6
10536,Streamer_9536,Gaming,27180.0,8.7
20821,Streamer_19821,Just Chatting,20603.0,6.9
4656,Streamer_3656,Arte,17649.0,1.8
20862,Streamer_19862,Esports,15414.0,8.5
18664,Streamer_17664,Just Chatting,31045.0,3.9
16765,Streamer_15765,Arte,9742.0,8.6
6770,Streamer_5770,Gaming,47331.0,5.0
8712,Streamer_7712,Arte,35175.0,4.5
11999,Streamer_10999,Just Chatting,18473.0,1.5
10136,Streamer_9136,Just Chatting,43299.0,2.0
7582,Streamer_6582,Arte,36234.0,6.6
15704,Streamer_14704,Just Chatting,17597.0,8.6
3810,Streamer_2810,Esports,4888.0,7.9
2862,Streamer_1862,Arte,40101.0,6.7
11705,Streamer_10705,Gaming,45398.0,5.7
11267,Streamer_10267,Arte,7101.0,4.6
11078,Streamer_10078,Musica,10105.0,4.2
19395,,Just Chatting,28680.0,11.6
20538,Streamer_19538,Just Chatting,12212.0,6.9
11742,Streamer_10742,Esports,27856.0,3.9
7231,Streamer_6231,Arte,39504.0,4.9
12654,Streamer_11654,Musica,31960.0,5.5
6269,Streamer_5269,Esports,28528.0,2.4
9617,Streamer_8617,Musica,40374.0,5.6
16981,Streamer_15981,Arte,30296.0,9.4
17519,Streamer_16519,,45371.0,4.1
6917,Streamer_5917,Musica,38618.0,3.3
13330,Streamer_12330,Gaming,35868.0,7.1
10677,Streamer_9677,Musica,9523.0,8.5
13515,Streamer_12515,Gaming,18710.0,2.1
17754,Streamer_16754,Arte,12395.0,9.8
3094,Streamer_2094,Arte,34462.0,5.4
17044,Streamer_16044,Gaming,46524.0,10.2
18404,Streamer_17404,Gaming,6879.0,3.5
3880,Streamer_2880,Esports,13334.0,2.4
12500,Streamer_11500,Arte,35081.0,5.7
8335,Streamer_7335,Arte,29817.0,2.9
20356,Streamer_19356,Esports,47161.0,4.1
19066,Streamer_18066,Just Chatting,41093.0,2.2
8085,Streamer_7085,Esports,,9.0
20460,Streamer_19460,Musica,15750.0,7.3
19665,Streamer_18665,Arte,43738.0,7.2
18329,Streamer_17329,Just Chatting,4521.0,7.2
7657,Streamer_6657,Esports,21925.0,8.4
16110,Streamer_15110,Gaming,8962.0,9.5
4109,Streamer_3109,Just Chatting,7264.0,3.0
17067,Streamer_16067,Musica,20551.0,1.4
9158,Streamer_8158,Esports,9056.0,7.2
12295,Streamer_11295,Just Chatting,43177.0,4.3
18960,Streamer_17960,Musica,26038.0,2.8
9367,Streamer_8367,Musica,18698.0,1.1
19053,Streamer_18053,Arte,11381.0,6.9
8219,Streamer_7219,Just Chatting,28369.0,11.9
10201,Streamer_9201,Gaming,20552.0,2.7
19991,Streamer_18991,Gaming,48801.0,2.1
14557,Streamer_13557,Arte,43314.0,11.9
14687,Streamer_13687,Esports,7981.0,11.1
20490,Streamer_19490,Just Chatting,24201.0,7.3
11157,Streamer_10157,Musica,36315.0,10.7
14991,Streamer_13991,Arte,32354.0,10.0
5525,Streamer_4525,Just Chatting,25487.0,7.5
11239,Streamer_10239,,7263.0,3.9
12455,Streamer_11455,Musica,47800.0,5.1
2635,Streamer_1635,Musica,19677.0,11.7
3111,Streamer_2111,Esports,25112.0,4.4
8251,Streamer_7251,Arte,12847.0,11.8
4415,Streamer_3415,Gaming,39812.0,5.6
17755,Streamer_16755,Just Chatting,37927.0,7.7
13312,Streamer_12312,Esports,37406.0,1.9
2001,Streamer_1001,Esports,31473.0,9.8
6443,Streamer_5443,Gaming,36800.0,10.5
13709,Streamer_12709,Esports,13345.0,9.8
12232,Streamer_11232,Arte,12478.0,9.0
8543,Streamer_7543,Just Chatting,21838.0,10.3
8509,Streamer_7509,Arte,4946.0,4.9
7519,Streamer_6519,Gaming,8708.0,5.7
7303,Streamer_6303,Just Chatting,32878.0,5.9
1920,Streamer_920,Esports,35651.0,5.0
17513,Streamer_16513,Esports,26785.0,8.8
9988,Streamer_8988,Just Chatting,15103.0,1.4
12200,Streamer_11200,Gaming,30459.0,9.9
7747,Streamer_6747,Arte,13776.0,5.5
13535,Streamer_12535,Esports,34152.0,1.9
2200,Streamer_1200,Gaming,28828.0,4.3
17103,Streamer_16103,Musica,,11.2
10867,Streamer_9867,Esports,6674.0,1.6
19566,Streamer_18566,Gaming,25500.0,7.8
3250,Streamer_2250,Musica,27660.0,8.6
15331,Streamer_14331,Just Chatting,44344.0,3.0
11871,Streamer_10871,Esports,10124.0,7.3
18563,Streamer_17563,Esports,6094.0,3.4
13715,Streamer_12715,Esports,7080.0,3.9
5451,Streamer_4451,Arte,17364.0,1.7
3900,Streamer_2900,Just Chatting,14460.0,6.9
9883,Streamer_8883,Arte,8743.0,10.6
14667,Streamer_13667,Arte,4698.0,5.0
6555,Streamer_5555,Musica,10529.0,9.6
2720,Streamer_1720,Just Chatting,48160.0,11.3
9864,Streamer_8864,Gaming,10670.0,1.0
15245,Streamer_14245,Just Chatting,7558.0,1.2
11886,Streamer_10886,Esports,49276.0,2.2
17788,Streamer_16788,Arte,39630.0,9.4
15779,Streamer_14779,Gaming,41132.0,6.3
8951,Streamer_7951,Musica,16029.0,4.6
4263,Streamer_3263,Arte,28801.0,9.4
15526,Streamer_14526,Arte,23030.0,5.9
8433,Streamer_7433,Arte,21759.0,3.4
11521,Streamer_10521,Just Chatting,41279.0,4.9
6118,Streamer_5118,Arte,6112.0,4.2
11552,Streamer_10552,Esports,35590.0,6.5
9750,Streamer_8750,Just Chatting,20399.0,6.7
7881,Streamer_6881,Musica,,5.3
7088,Streamer_6088,Musica,47444.0,2.5
16091,Streamer_15091,Gaming,32041.0,3.6
8391,Streamer_7391,Arte,632.0,6.8
11356,Streamer_10356,Arte,18579.0,3.0
5308,Streamer_4308,Just Chatting,33487.0,10.9
20433,Streamer_19433,Musica,167.0,7.4
17319,Streamer_16319,Gaming,25123.0,10.5
15739,Streamer_14739,Esports,24323.0,6.0
2764,Streamer_1764,Just Chatting,22608.0,7.8
1394,Streamer_394,Just Chatting,47234.0,9.6
17817,Streamer_16817,Musica,24324.0,5.1
9050,Streamer_8050,Arte,17952.0,6.8
4354,Streamer_3354,Just Chatting,39787.0,10.7
13580,Streamer_12580,Just Chatting,10873.0,4.9
20417,Streamer_19417,Just Chatting,49904.0,3.1
13539,Streamer_12539,Arte,44093.0,10.5
8921,Streamer_7921,Just Chatting,13287.0,8.0
11659,,Just Chatting,1770.0,11.6
1003,Streamer_3,Gaming,29203.0,7.3
16669,Streamer_15669,Musica,2693.0,3.5
14852,Streamer_13852,Just Chatting,10684.0,3.3
13832,Streamer_12832,Esports,30810.0,1.1
16600,Streamer_15600,Musica,5045.0,8.9
2740,Streamer_1740,Arte,40482.0,7.1
18339,Streamer_17339,Just Chatting,24057.0,10.0
18266,Streamer_17266,Arte,8403.0,8.2
14013,Streamer_13013,Just Chatting,27375.0,9.4
19993,Streamer_18993,Arte,47198.0,4.9
9302,Streamer_8302,Musica,46698.0,1.7
17366,Streamer_16366,Just Chatting,38669.0,8.1
5749,Streamer_4749,Gaming,33256.0,10.1
17577,Streamer_16577,Arte,25551.0,4.4
2972,Streamer_1972,Musica,48265.0,2.9
12807,Streamer_11807,Arte,46453.0,9.7
1023,Streamer_23,Just Chatting,48200.0,8.9
18405,Streamer_17405,Esports,9425.0,10.6
19218,Streamer_18218,Arte,20710.0,2.9
15702,Streamer_14702,Arte,30153.0,5.4
5566,Streamer_4566,Musica,4494.0,2.2
19254,Streamer_18254,Arte,47630.0,1.8
12253,Streamer_11253,Just Chatting,13948.0,11.2
5201,Streamer_4201,Just Chatting,7317.0,5.8
18000,Streamer_17000,Musica,43523.0,7.4
6176,Streamer_5176,Arte,49614.0,4.4
20954,Streamer_19954,Musica,10478.0,10.1
1896,Streamer_896,Just Chatting,34642.0,3.8
17550,Streamer_16550,Arte,10742.0,8.1
20555,Streamer_19555,Just Chatting,27405.0,2.9
8934,Streamer_7934,Musica,7831.0,5.2
2159,Streamer_1159,Esports,44407.0,8.6
2600,Streamer_1600,,17366.0,10.5
13204,Streamer_12204,Arte,38779.0,11.9
20121,Streamer_19121,Gaming,767.0,10.1
8180,Streamer_7180,Gaming,211.0,10.9
2411,Streamer_1411,Just Chatting,5820.0,5.7
12847,Streamer_11847,Gaming,49148.0,8.8
19188,Streamer_18188,Gaming,48522.0,2.2
1287,Streamer_287,Musica,31837.0,3.8
13311,Streamer_12311,Esports,11808.0,7.2
14593,Streamer_13593,Esports,46235.0,6.1
3410,Streamer_2410,Just Chatting,45742.0,8.9
16254,Streamer_15254,Arte,32360.0,8.1
7933,Streamer_6933,Just Chatting,25550.0,9.4
10021,Streamer_9021,Musica,46400.0,1.7
15454,Streamer_14454,Arte,46803.0,8.1
17622,Streamer_16622,Arte,21850.0,3.5
3225,Streamer_2225,Gaming,40408.0,10.6
13208,Streamer_12208,Gaming,28505.0,5.8
16924,Streamer_15924,Gaming,35559.0,8.3
19179,Streamer_18179,Gaming,10110.0,7.5
12250,Streamer_11250,Esports,43976.0,9.3
2499,Streamer_1499,Just Chatting,34306.0,4.1
7373,Streamer_6373,Just Chatting,22218.0,11.5
14973,,Arte,35924.0,5.2
20578,Streamer_19578,Arte,48055.0,8.1
20751,Streamer_19751,Esports,13382.0,9.9
10967,Streamer_9967,Gaming,27023.0,10.1
3253,Streamer_2253,Just Chatting,7823.0,7.1
3640,Streamer_2640,,29639.0,5.2
13403,Streamer_12403,,33137.0,10.5
14502,Streamer_13502,,4920.0,8.8
2088,Streamer_1088,Just Chatting,38700.0,1.9
7980,Streamer_6980,Just Chatting,14105.0,11.5
8494,Streamer_7494,Gaming,6918.0,5.8
6704,Streamer_5704,Arte,48055.0,6.2
19799,Streamer_18799,Esports,6105.0,6.4
5054,Streamer_4054,Just Chatting,11465.0,5.1
16557,Streamer_15557,Musica,5272.0,10.0
20130,Streamer_19130,Just Chatting,20188.0,3.9
17673,Streamer_16673,Gaming,41266.0,8.7
19354,Streamer_18354,Arte,5402.0,5.4
11515,Streamer_10515,Just Chatting,6631.0,3.9
5279,Streamer_4279,Arte,6438.0,9.7
11917,Streamer_10917,Gaming,22785.0,8.7
6580,Streamer_5580,Just Chatting,5655.0,5.1
10159,Streamer_9159,Just Chatting,14210.0,4.3
17383,Streamer_16383,Arte,4912.0,9.3
3719,Streamer_2719,Arte,14961.0,11.5
9410,Streamer_8410,Arte,18858.0,3.5
12480,Streamer_11480,Gaming,6038.0,3.2
14099,Streamer_13099,Gaming,23971.0,11.7
11315,Streamer_10315,Esports,45767.0,2.6
5306,Streamer_4306,Just Chatting,13741.0,8.5
2344,Streamer_1344,Just Chatting,22429.0,2.3
20763,Streamer_19763,Esports,27454.0,4.2
14635,Streamer_13635,Gaming,15372.0,9.3
16560,Streamer_15560,Esports,39204.0,6.6
9357,Streamer_8357,Esports,12634.0,10.5
11133,Streamer_10133,Musica,19344.0,5.3
17380,Streamer_16380,Arte,8784.0,7.0
8145,Streamer_7145,Musica,40655.0,4.0
19635,Streamer_18635,Arte,5653.0,6.3
6516,Streamer_5516,Arte,22310.0,1.5
5204,Streamer_4204,Arte,27142.0,2.5
20991,Streamer_19991,Just Chatting,33327.0,4.7
3283,Streamer_2283,Esports,35234.0,9.3
4390,Streamer_3390,Gaming,22036.0,1.5
12755,Streamer_11755,Esports,38825.0,2.3
10352,Streamer_9352,Arte,49783.0,6.2
7283,Streamer_6283,Esports,27595.0,7.0
1067,Streamer_67,Gaming,31752.0,8.4
11442,Streamer_10442,Arte,23410.0,6.6
20378,Streamer_19378,Esports,30116.0,7.5
5373,Streamer_4373,Gaming,15705.0,1.5
18330,Streamer_17330,Arte,41986.0,4.2
10370,Streamer_9370,Just Chatting,36353.0,4.2
20085,Streamer_19085,Arte,43494.0,8.1
11348,Streamer_10348,Musica,13160.0,9.1
20900,Streamer_19900,Gaming,46928.0,11.0
7502,Streamer_6502,Arte,40246.0,11.1
19413,Streamer_18413,Musica,5499.0,3.6
6527,Streamer_5527,Arte,9405.0,4.1
18615,Streamer_17615,,47929.0,2.8
14475,Streamer_13475,,4479.0,6.7
17060,Streamer_16060,Musica,2344.0,7.0
4426,Streamer_3426,Gaming,24080.0,1.9
19735,Streamer_18735,Just Chatting,9609.0,5.5
3040,Streamer_2040,Musica,6482.0,11.3
17389,Streamer_16389,Esports,42503.0,7.1
5296,Streamer_4296,Gaming,29517.0,3.6
7534,Streamer_6534,Arte,1153.0,4.2
6838,Streamer_5838,Musica,47498.0,7.8
6646,Streamer_5646,Musica,38530.0,7.4
18666,Streamer_17666,Just Chatting,29798.0,10.5
6862,Streamer_5862,Just Chatting,4374.0,11.9
12677,Streamer_11677,Arte,21613.0,7.1
6121,Streamer_5121,Esports,45575.0,1.9
11245,Streamer_10245,Arte,21829.0,6.3
15560,Streamer_14560,Esports,30718.0,2.1
19851,Streamer_18851,Gaming,13432.0,5.0
8328,Streamer_7328,Musica,27719.0,11.3
12060,Streamer_11060,Esports,11567.0,3.0
16213,Streamer_15213,Esports,43576.0,10.3
6099,Streamer_5099,Esports,47957.0,8.6
5941,Streamer_4941,Musica,27806.0,1.6
10944,Streamer_9944,Musica,2437.0,10.0
20971,Streamer_19971,Esports,49738.0,6.7
7016,Streamer_6016,Esports,9306.0,10.1
1159,Streamer_159,Musica,5891.0,7.8
3963,Streamer_2963,Just Chatting,24920.0,8.3
8625,Streamer_7625,Arte,48249.0,11.6
18002,Streamer_17002,Just Chatting,13055.0,11.6
1229,Streamer_229,Arte,179.0,10.3
3055,Streamer_2055,Arte,9222.0,8.8
15220,Streamer_14220,Esports,,1.6
11692,Streamer_10692,Arte,19470.0,4.4
8600,Streamer_7600,Arte,36305.0,10.4
13724,Streamer_12724,Gaming,11674.0,4.1
14927,Streamer_13927,Arte,36713.0,10.7
3351,Streamer_2351,Just Chatting,35873.0,2.2
11066,Streamer_10066,Arte,25630.0,11.6
19704,Streamer_18704,Musica,19536.0,8.1
7284,Streamer_6284,Gaming,6242.0,3.1
17866,Streamer_16866,Just Chatting,25727.0,8.8
14488,Streamer_13488,Just Chatting,17331.0,10.3
9322,Streamer_8322,Esports,29841.0,11.5
7801,Streamer_6801,Arte,16488.0,1.7
7229,Streamer_6229,Just Chatting,25663.0,8.9
5916,Streamer_4916,Musica,7229.0,8.3
12016,Streamer_11016,Just Chatting,48138.0,7.6
2873,Streamer_1873,Arte,37521.0,11.4
14853,Streamer_13853,Musica,28460.0,1.3
2889,Streamer_1889,Musica,41066.0,11.8
20996,Streamer_19996,Just Chatting,31926.0,9.2
3718,Streamer_2718,Arte,43553.0,3.0
14169,Streamer_13169,Arte,5391.0,3.4
17146,Streamer_16146,Just Chatting,36108.0,8.4
13893,Streamer_12893,Just Chatting,9341.0,5.1
15755,Streamer_14755,Just Chatting,28155.0,5.1
15165,Streamer_14165,Arte,18024.0,4.7
11676,Streamer_10676,Gaming,27354.0,1.2
9034,Streamer_8034,Esports,21924.0,2.8
2626,Streamer_1626,Gaming,34366.0,2.0
15368,Streamer_14368,Musica,43348.0,3.6
11321,Streamer_10321,Just Chatting,37832.0,9.9
9874,Streamer_8874,Esports,20909.0,3.4
9948,Streamer_8948,Arte,43503.0,2.8
1284,Streamer_284,Arte,16263.0,1.7
6193,Streamer_5193,Arte,31075.0,11.6
6567,Streamer_5567,Arte,10175.0,5.8
11281,Streamer_10281,Gaming,41932.0,5.2
3686,Streamer_2686,Gaming,43439.0,5.8
11372,Streamer_10372,Just Chatting,24474.0,1.8
1044,Streamer_44,Arte,40904.0,10.2
11240,Streamer_10240,Esports,,5.5
18092,Streamer_17092,Gaming,10154.0,7.0
7175,Streamer_6175,Gaming,43194.0,7.1
4962,Streamer_3962,Just Chatting,45179.0,10.0
3322,Streamer_2322,Gaming,20142.0,10.0
5826,Streamer_4826,Gaming,6359.0,4.0
15083,Streamer_14083,Just Chatting,46178.0,9.6
20349,Streamer_19349,Just Chatting,43789.0,1.3
14425,Streamer_13425,Esports,22997.0,5.3
11957,Streamer_10957,,35475.0,3.1
8203,Streamer_7203,Esports,2438.0,1.1
2232,Streamer_1232,Arte,8193.0,4.1
19729,Streamer_18729,Just Chatting,22775.0,1.8
11171,Streamer_10171,Esports,23394.0,10.9
13756,Streamer_12756,Gaming,45164.0,1.7
12221,Streamer_11221,Gaming,38679.0,1.2
7323,Streamer_6323,Musica,470.0,11.2
20882,Streamer_19882,Just Chatting,37508.0,4.5
1015,Streamer_15,Musica,651.0,11.1
15163,Streamer_14163,Musica,13668.0,11.3
13921,Streamer_12921,Gaming,43653.0,8.7
13134,Streamer_12134,Gaming,20060.0,10.7
8339,,Musica,35562.0,10.1
5030,Streamer_4030,Gaming,88.0,9.3
1312,Streamer_312,Arte,19948.0,5.2
11744,Streamer_10744,Esports,238.0,4.3
15093,Streamer_14093,Esports,45509.0,7.9
4846,Streamer_3846,Esports,10733.0,8.2
9634,Streamer_8634,Gaming,35823.0,7.7
12974,Streamer_11974,Arte,1744.0,6.6
5910,Streamer_4910,Just Chatting,9281.0,3.7
7705,Streamer_6705,Just Chatting,33006.0,3.4
9957,Streamer_8957,Musica,47075.0,9.1
12854,Streamer_11854,Just Chatting,5347.0,8.1
14339,Streamer_13339,Esports,37238.0,4.6
15132,Streamer_14132,Just Chatting,2563.0,9.3
19366,Streamer_18366,Gaming,15576.0,10.9
5521,Streamer_4521,Esports,37900.0,2.2
14055,Streamer_13055,Gaming,16584.0,10.9
5397,Streamer_4397,Esports,29340.0,7.6
8624,Streamer_7624,Esports,37514.0,2.6
10742,Streamer_9742,Arte,30635.0,5.8
12182,Streamer_11182,,41326.0,11.7
2316,Streamer_1316,Esports,41120.0,9.2
11259,Streamer_10259,Just Chatting,35714.0,3.1
12452,Streamer_11452,Just Chatting,47551.0,11.7
7875,Streamer_6875,Musica,7630.0,8.7
1581,Streamer_581,Esports,3603.0,8.3
19548,Streamer_18548,Gaming,23147.0,11.8
19461,Streamer_18461,Gaming,30097.0,3.4
8802,Streamer_7802,Esports,42009.0,7.0
9125,Streamer_8125,Gaming,7975.0,8.2
6638,Streamer_5638,Esports,13311.0,1.7
8371,Streamer_7371,Esports,39861.0,9.1
1140,Streamer_140,Just Chatting,38475.0,7.6
16763,Streamer_15763,Esports,35307.0,7.9
2494,Streamer_1494,Esports,24058.0,10.3
16328,Streamer_15328,Just Chatting,,8.4
20749,Streamer_19749,Musica,8457.0,3.6
17268,Streamer_16268,Arte,19525.0,4.2
15056,Streamer_14056,Musica,40659.0,9.2
16953,Streamer_15953,Arte,16079.0,1.1
14111,Streamer_13111,Musica,14955.0,10.9
4889,Streamer_3889,Just Chatting,46238.0,2.6
2936,Streamer_1936,Just Chatting,11345.0,9.4
19283,Streamer_18283,Gaming,35068.0,10.1
17719,Streamer_16719,Just Chatting,15954.0,10.2
9946,Streamer_8946,,27631.0,9.7
18396,Streamer_17396,Esports,40379.0,8.8
2120,Streamer_1120,Musica,13512.0,3.4
8079,Streamer_7079,Esports,3974.0,7.8
16155,Streamer_15155,Gaming,24829.0,3.7
1478,Streamer_478,Just Chatting,10637.0,9.0
14591,Streamer_13591,Musica,25430.0,9.2
19488,Streamer_18488,Esports,27268.0,6.5
14947,Streamer_13947,Esports,3263.0,9.3
2414,Streamer_1414,Just Chatting,29955.0,11.9
6033,Streamer_5033,Musica,2836.0,6.3
15935,Streamer_14935,Gaming,39757.0,2.2
18077,Streamer_17077,Gaming,33001.0,4.8
12045,Streamer_11045,Arte,25771.0,9.9
12087,Streamer_11087,Arte,34791.0,3.8
16628,Streamer_15628,Just Chatting,15872.0,9.4
8579,Streamer_7579,Gaming,26232.0,4.8
10749,Streamer_9749,Arte,12436.0,4.0
3872,Streamer_2872,Musica,45469.0,4.8
7070,Streamer_6070,Just Chatting,3620.0,11.0
13738,Streamer_12738,Gaming,32530.0,3.1
1595,Streamer_595,Musica,30602.0,9.5
17075,Streamer_16075,Musica,5587.0,4.2
9147,Streamer_8147,Gaming,38113.0,2.7
17547,Streamer_16547,Musica,5402.0,4.7
6807,Streamer_5807,Arte,,11.8
16338,Streamer_15338,Musica,14867.0,9.2
18765,Streamer_17765,Esports,28738.0,7.8
7357,Streamer_6357,Gaming,15236.0,8.2
12391,Streamer_11391,Just Chatting,21401.0,8.1
3047,Streamer_2047,Esports,42221.0,1.1
4529,Streamer_3529,Gaming,36463.0,9.1
10619,Streamer_9619,Just Chatting,42555.0,5.4
11189,Streamer_10189,Gaming,21508.0,5.0
1621,Streamer_621,Musica,10132.0,10.3
7690,Streamer_6690,Musica,37657.0,6.4
10607,Streamer_9607,Arte,9995.0,4.6
4914,Streamer_3914,Musica,25130.0,7.1
9670,Streamer_8670,Arte,36314.0,1.5
13505,Streamer_12505,Arte,26187.0,6.5
12752,Streamer_11752,Arte,45462.0,5.3
2083,Streamer_1083,Just Chatting,8973.0,7.1
4473,Streamer_3473,Esports,22195.0,10.9
9783,Streamer_8783,Gaming,43436.0,8.5
18895,Streamer_17895,Just Chatting,37814.0,3.6
18678,Streamer_17678,Gaming,6385.0,10.4
11458,Streamer_10458,Gaming,28186.0,10.0
11252,Streamer_10252,Just Chatting,47748.0,11.5
3650,Streamer_2650,Just Chatting,10637.0,6.8
6323,Streamer_5323,Esports,14959.0,8.4
3376,Streamer_2376,Just Chatting,18818.0,7.2
19211,Streamer_18211,Arte,26595.0,2.2
18547,Streamer_17547,Esports,9967.0,8.2
1570,Streamer_570,Gaming,28922.0,2.5
4523,Streamer_3523,Gaming,48964.0,10.5
6183,Streamer_5183,Arte,30499.0,10.3
3298,,Musica,28724.0,7.4
10280,Streamer_9280,Just Chatting,1293.0,10.8
18307,Streamer_17307,Just Chatting,37390.0,6.6
20909,Streamer_19909,Esports,8967.0,3.4
2788,Streamer_1788,Gaming,43007.0,1.1
2744,Streamer_1744,Esports,30758.0,8.2
1343,Streamer_343,Musica,25522.0,8.5
18555,Streamer_17555,Gaming,1387.0,7.1
10244,Streamer_9244,Esports,3868.0,8.4
16894,Streamer_15894,Gaming,1476.0,9.4
20571,Streamer_19571,Just Chatting,46665.0,7.9
13422,Streamer_12422,,28609.0,10.7
14024,Streamer_13024,Just Chatting,20585.0,9.2
13486,Streamer_12486,Musica,22886.0,4.5
11476,Streamer_10476,Musica,19201.0,4.5
18304,Streamer_17304,Musica,18117.0,3.3
5934,Streamer_4934,Esports,23125.0,5.2
12706,Streamer_11706,Esports,47635.0,10.7
15893,,Gaming,44464.0,2.4
3124,Streamer_2124,Esports,13180.0,6.9
8907,Streamer_7907,Esports,38713.0,7.0
17647,Streamer_16647,Musica,4209.0,2.3
7650,Streamer_6650,Arte,13776.0,11.0
20397,Streamer_19397,Esports,1463.0,3.9
19994,Streamer_18994,Just Chatting,16673.0,10.9
17912,Streamer_16912,Arte,10303.0,7.4
6437,Streamer_5437,Musica,23572.0,5.7
5415,Streamer_4415,Esports,7641.0,4.1
6152,Streamer_5152,Gaming,6838.0,6.0
1834,Streamer_834,Musica,16138.0,2.3
8392,Streamer_7392,Gaming,28552.0,11.4
8349,Streamer_7349,Just Chatting,34179.0,7.6
1935,Streamer_935,Arte,39621.0,5.4
4363,Streamer_3363,Gaming,41572.0,10.1
8323,Streamer_7323,Esports,21537.0,2.4
11839,Streamer_10839,Just Chatting,23862.0,1.9
16246,Streamer_15246,Esports,22134.0,3.1
20883,Streamer_19883,Arte,1667.0,5.9
14375,Streamer_13375,Esports,,9.1
12363,Streamer_11363,Arte,18027.0,4.4
12320,Streamer_11320,Arte,23146.0,9.3
1327,Streamer_327,Musica,33636.0,10.7
2870,Streamer_1870,Esports,48371.0,11.7
8620,Streamer_7620,Musica,31139.0,3.8
3966,Streamer_2966,Arte,3012.0,7.2
10064,Streamer_9064,Gaming,25646.0,11.5
2796,Streamer_1796,Arte,29361.0,9.0
11029,Streamer_10029,Musica,203.0,5.9
17298,Streamer_16298,Musica,9639.0,4.0
13009,Streamer_12009,Gaming,10977.0,6.2
19514,Streamer_18514,Musica,31754.0,6.7
9788,Streamer_8788,Just Chatting,11707.0,5.5
10764,Streamer_9764,Esports,44293.0,4.5
20885,Streamer_19885,Arte,16722.0,8.3
7909,Streamer_6909,Esports,23475.0,5.5
17921,Streamer_16921,Esports,35674.0,1.8
15980,Streamer_14980,Musica,35036.0,8.1
9264,Streamer_8264,Arte,8560.0,5.9
19444,Streamer_18444,Musica,33565.0,1.1
19670,Streamer_18670,Arte,17263.0,10.1
3717,Streamer_2717,Arte,45327.0,2.5
2415,Streamer_1415,Gaming,43964.0,9.1
20497,Streamer_19497,Musica,45836.0,7.3
7694,Streamer_6694,Musica,43.0,5.8
4696,Streamer_3696,Just Chatting,33642.0,2.3
9018,Streamer_8018,Musica,24932.0,5.9
18321,Streamer_17321,Esports,25148.0,11.9
20959,Streamer_19959,Musica,49456.0,5.6
19568,Streamer_18568,Musica,6279.0,7.9
18098,Streamer_17098,Arte,49791.0,10.9
10065,Streamer_9065,Musica,42146.0,8.6
10918,Streamer_9918,Musica,3475.0,2.0
19536,Streamer_18536,Esports,3157.0,2.9
10212,Streamer_9212,Musica,9053.0,11.2
13192,Streamer_12192,Esports,532.0,9.5
16007,Streamer_15007,Arte,48065.0,8.9
7926,Streamer_6926,Esports,25344.0,7.0
10891,Streamer_9891,Gaming,18092.0,7.4
9427,Streamer_8427,Gaming,22708.0,6.5
8041,Streamer_7041,Gaming,14397.0,11.6
13530,Streamer_12530,Gaming,43978.0,9.0
11922,Streamer_10922,Gaming,16836.0,1.1
1429,Streamer_429,Musica,12953.0,5.3
9677,Streamer_8677,Musica,17680.0,5.8
2103,Streamer_1103,Just Chatting,23530.0,11.3
18471,Streamer_17471,Esports,6108.0,10.6
14586,Streamer_13586,Gaming,32856.0,3.1
8552,Streamer_7552,Arte,4054.0,4.7
2836,Streamer_1836,Musica,7527.0,10.2
9632,Streamer_8632,Gaming,44565.0,6.4
2219,Streamer_1219,Esports,25852.0,6.3
10046,Streamer_9046,Musica,43160.0,3.6
20035,Streamer_19035,Gaming,31140.0,2.5
3362,Streamer_2362,Arte,20505.0,4.3
16232,Streamer_15232,Musica,22614.0,3.6
9770,Streamer_8770,Gaming,16280.0,5.4
4477,Streamer_3477,Arte,12904.0,9.3
14841,Streamer_13841,Musica,36236.0,1.6
1485,Streamer_485,Musica,45815.0,4.3
12896,Streamer_11896,Esports,47832.0,8.3
16680,Streamer_15680,Just Chatting,18631.0,8.4
13817,Streamer_12817,Musica,42613.0,11.1
20487,Streamer_19487,Just Chatting,2463.0,2.7
11657,Streamer_10657,Arte,218.0,1.4
7195,Streamer_6195,Just Chatting,9730.0,1.6
20237,Streamer_19237,Musica,30472.0,11.6
7330,Streamer_6330,Just Chatting,3718.0,9.7
9276,Streamer_8276,Esports,39302.0,7.9
10197,Streamer_9197,Esports,390.0,11.3
2919,Streamer_1919,Esports,20609.0,4.5
5631,Streamer_4631,Gaming,20262.0,10.9
18113,Streamer_17113,Musica,13596.0,6.9
14818,Streamer_13818,Arte,25732.0,8.7
8398,Streamer_7398,Arte,18396.0,2.7
13328,Streamer_12328,Esports,8462.0,1.4
7608,Streamer_6608,Arte,14802.0,8.1
7209,Streamer_6209,Esports,38138.0,9.3
13467,Streamer_12467,Gaming,36929.0,4.3
10541,Streamer_9541,Esports,27985.0,5.9
18375,Streamer_17375,Esports,49183.0,7.3
1310,Streamer_310,Gaming,8241.0,8.9
5534,Streamer_4534,Esports,4126.0,5.8
13747,Streamer_12747,Just Chatting,41167.0,3.7
5268,Streamer_4268,Just Chatting,13407.0,5.6
2993,Streamer_1993,Gaming,8447.0,5.7
10358,Streamer_9358,Esports,27803.0,10.8
18868,Streamer_17868,Musica,22120.0,8.7
8369,Streamer_7369,Esports,12866.0,6.6
2601,Streamer_1601,Gaming,17492.0,11.1
12404,Streamer_11404,Just Chatting,44266.0,1.7
6150,Streamer_5150,Esports,16999.0,9.2
14930,Streamer_13930,Arte,35637.0,1.2
20753,Streamer_19753,Just Chatting,38088.0,11.9
1131,Streamer_131,Esports,22298.0,1.1
9507,Streamer_8507,Musica,27379.0,5.1
7508,Streamer_6508,Arte,3663.0,11.3
7526,Streamer_6526,Esports,27679.0,8.7
7188,Streamer_6188,Esports,2338.0,8.0
9216,Streamer_8216,Just Chatting,42127.0,6.6
5637,Streamer_4637,Gaming,49824.0,9.0
5928,Streamer_4928,Musica,24074.0,10.7
18014,Streamer_17014,Esports,29359.0,5.4
11631,Streamer_10631,Just Chatting,13809.0,7.2
7637,Streamer_6637,Musica,26788.0,5.3
18431,Streamer_17431,,48258.0,10.7
9993,Streamer_8993,Esports,724.0,3.0
15689,Streamer_14689,Musica,30414.0,1.1
9842,Streamer_8842,Just Chatting,39565.0,11.9
11402,Streamer_10402,Just Chatting,29328.0,7.2
7419,Streamer_6419,Esports,27703.0,2.9
7945,Streamer_6945,Arte,18617.0,9.0
16642,Streamer_15642,Arte,46660.0,3.1
17568,Streamer_16568,Gaming,5926.0,3.5
1467,Streamer_467,Esports,29793.0,9.4
20544,Streamer_19544,Gaming,26718.0,5.2
7254,Streamer_6254,Arte,6707.0,3.3
10630,Streamer_9630,Arte,47072.0,4.3
17515,Streamer_16515,Gaming,1760.0,6.9
14061,Streamer_13061,Esports,11397.0,3.6
19930,Streamer_18930,Esports,35944.0,10.4
19928,Streamer_18928,Gaming,36908.0,3.1
15098,Streamer_14098,Just Chatting,37619.0,8.7
5514,Streamer_4514,Gaming,43041.0,3.0
15810,Streamer_14810,Musica,5774.0,1.2
13874,Streamer_12874,Esports,21169.0,10.9
3583,Streamer_2583,Esports,30104.0,7.6
16458,Streamer_15458,Arte,20952.0,7.4
17887,Streamer_16887,Gaming,32905.0,1.2
16964,Streamer_15964,Musica,4633.0,4.5
15679,Streamer_14679,Musica,21979.0,9.6
16204,Streamer_15204,Gaming,32767.0,6.4
20847,Streamer_19847,Musica,11982.0,3.0
10381,Streamer_9381,Gaming,24968.0,1.7
18901,Streamer_17901,Gaming,23016.0,10.7
11256,Streamer_10256,Esports,2254.0,8.6
12886,Streamer_11886,Just Chatting,43303.0,6.3
19481,Streamer_18481,Musica,28186.0,5.0
19014,Streamer_18014,Esports,30621.0,5.9
11979,Streamer_10979,Gaming,19083.0,10.8
11850,Streamer_10850,Gaming,,11.4
13542,Streamer_12542,Esports,27854.0,6.8
20567,Streamer_19567,Gaming,2372.0,3.5
20997,Streamer_19997,Esports,19021.0,4.6
18874,Streamer_17874,Musica,16009.0,6.1
14267,Streamer_13267,Gaming,1480.0,4.8
9878,Streamer_8878,Musica,10075.0,1.7
17784,Streamer_16784,Arte,33491.0,2.1
12090,Streamer_11090,Arte,42761.0,3.3
7828,Streamer_6828,Musica,31917.0,6.5
15632,Streamer_14632,Esports,20357.0,6.8
10931,Streamer_9931,Arte,46775.0,1.6
16818,Streamer_15818,Arte,12143.0,5.5
4043,Streamer_3043,Esports,27240.0,2.2
16181,Streamer_15181,Esports,3828.0,2.5
6624,Streamer_5624,Gaming,4465.0,11.2
12509,Streamer_11509,Esports,26394.0,9.7
6077,Streamer_5077,Just Chatting,32048.0,5.5
18907,Streamer_17907,Gaming,28803.0,8.0
11215,Streamer_10215,Just Chatting,7451.0,4.1
1576,Streamer_576,Esports,30073.0,2.5
3562,Streamer_2562,Esports,37920.0,5.9
10826,Streamer_9826,Musica,49135.0,7.1
9587,Streamer_8587,Gaming,5712.0,6.6
10568,Streamer_9568,Just Chatting,12969.0,10.5
2122,Streamer_1122,Gaming,28507.0,11.7
13704,Streamer_12704,Musica,28635.0,11.5
1634,Streamer_634,Arte,46664.0,5.3
3133,Streamer_2133,Arte,17959.0,11.6
9877,Streamer_8877,Musica,44774.0,3.2
13381,Streamer_12381,Musica,6391.0,8.6
5436,Streamer_4436,Just Chatting,14631.0,2.6
19721,Streamer_18721,Arte,5061.0,10.6
4711,Streamer_3711,Gaming,10474.0,7.1
19715,Streamer_18715,Just Chatting,49593.0,10.9
1112,Streamer_112,Just Chatting,4018.0,8.7
19390,Streamer_18390,Just Chatting,17871.0,3.9
14400,Streamer_13400,Musica,9816.0,6.3
16263,Streamer_15263,Musica,17216.0,5.5
20066,Streamer_19066,Musica,10037.0,2.9
20614,Streamer_19614,Just Chatting,7976.0,10.1
4234,Streamer_3234,Just Chatting,42619.0,12.0
9452,Streamer_8452,Arte,12033.0,6.9
2957,Streamer_1957,Esports,21967.0,8.4
16261,Streamer_15261,Esports,43205.0,6.1
17888,Streamer_16888,Just Chatting,4223.0,7.2
11746,Streamer_10746,Just Chatting,15089.0,2.4
10472,Streamer_9472,Esports,23533.0,2.6
4472,Streamer_3472,Musica,14288.0,2.0
19294,Streamer_18294,Esports,298.0,10.1
17600,Streamer_16600,Esports,46070.0,8.7
8357,Streamer_7357,Gaming,24953.0,4.0
13842,Streamer_12842,Musica,14644.0,4.4
8754,Streamer_7754,Arte,7726.0,11.9
6962,Streamer_5962,Gaming,390.0,10.9
5898,Streamer_4898,Gaming,24721.0,3.9
6597,Streamer_5597,Just Chatting,31881.0,11.6
13681,Streamer_12681,Musica,47374.0,5.0
10678,Streamer_9678,Gaming,27826.0,10.5
19744,Streamer_18744,Esports,4629.0,5.5
13787,Streamer_12787,Esports,27614.0,2.3
18344,Streamer_17344,Musica,35907.0,7.5
10659,Streamer_9659,Esports,30369.0,5.4
2183,Streamer_1183,Arte,45662.0,7.3
3107,Streamer_2107,Esports,30484.0,1.5
5321,Streamer_4321,Arte,12888.0,8.3
16735,Streamer_15735,Just Chatting,25016.0,1.5
15687,Streamer_14687,Esports,44140.0,6.0
9876,Streamer_8876,Arte,35995.0,7.9
18129,Streamer_17129,Just Chatting,47448.0,7.2
18833,Streamer_17833,Esports,17626.0,10.6
3939,Streamer_2939,Just Chatting,27615.0,2.5
15323,Streamer_14323,Esports,16475.0,9.7
19133,Streamer_18133,Just Chatting,6503.0,3.6
16082,Streamer_15082,Musica,16450.0,11.6
6602,Streamer_5602,Just Chatting,26492.0,10.3
5610,Streamer_4610,Arte,21090.0,1.8
17950,Streamer_16950,Esports,31048.0,11.2
9880,Streamer_8880,Gaming,6216.0,11.4
4983,Streamer_3983,Gaming,28389.0,5.2
17517,Streamer_16517,Gaming,14378.0,5.4
19343,Streamer_18343,Just Chatting,40163.0,8.4
15142,Streamer_14142,Gaming,38755.0,6.7
3213,Streamer_2213,Arte,10573.0,5.6
11688,Streamer_10688,Gaming,1414.0,1.4
2964,Streamer_1964,Musica,18252.0,11.3
9352,Streamer_8352,Esports,49230.0,9.3
19525,Streamer_18525,Arte,13568.0,6.4
16264,Streamer_15264,Musica,1708.0,9.5
9854,Streamer_8854,Arte,5393.0,10.3
5193,Streamer_4193,Just Chatting,41332.0,11.1
1803,Streamer_803,Esports,9273.0,10.4
6393,Streamer_5393,Gaming,17384.0,9.3
8923,Streamer_7923,Arte,14107.0,5.5
15176,Streamer_14176,Musica,6411.0,1.0
15124,Streamer_14124,,20399.0,11.3
2891,Streamer_1891,Gaming,4790.0,2.9
11842,Streamer_10842,Arte,26192.0,4.3
19629,,Esports,44174.0,4.0
12776,Streamer_11776,Gaming,8454.0,2.5
15844,Streamer_14844,Gaming,11354.0,1.9
7030,Streamer_6030,Just Chatting,,1.8
5369,Streamer_4369,Just Chatting,31032.0,9.7
6097,Streamer_5097,Musica,4725.0,7.3
2311,Streamer_1311,Gaming,23228.0,7.0
6242,Streamer_5242,Just Chatting,26176.0,11.1
14046,Streamer_13046,Arte,31213.0,8.9
6423,Streamer_5423,Arte,21521.0,7.4
16413,Streamer_15413,Gaming,18386.0,2.0
5730,Streamer_4730,Esports,28238.0,9.8
6999,Streamer_5999,Arte,21414.0,3.4
7131,Streamer_6131,Esports,16105.0,7.2
11018,Streamer_10018,Esports,2197.0,4.0
15012,Streamer_14012,Esports,16807.0,2.9
5924,Streamer_4924,Musica,333.0,6.8
12135,Streamer_11135,Just Chatting,20422.0,8.7
10940,Streamer_9940,Esports,6141.0,7.9
17745,Streamer_16745,Just Chatting,31130.0,7.2
13639,Streamer_12639,Esports,9798.0,6.4
6301,Streamer_5301,Gaming,40067.0,10.4
10596,Streamer_9596,Esports,16699.0,5.4
19215,Streamer_18215,Just Chatting,2107.0,1.7
8652,Streamer_7652,Musica,34838.0,5.7
2109,Streamer_1109,Gaming,39674.0,3.2
4759,Streamer_3759,Just Chatting,22766.0,4.1
16348,Streamer_15348,Arte,1827.0,6.2
8110,Streamer_7110,Just Chatting,49257.0,1.7
11411,Streamer_10411,Just Chatting,47128.0,4.1
5432,Streamer_4432,Musica,36707.0,10.6
1155,Streamer_155,Gaming,15650.0,9.4
15211,Streamer_14211,Arte,37661.0,4.1
1559,Streamer_559,Just Chatting,5758.0,10.3
10936,Streamer_9936,Arte,33295.0,2.4
9364,Streamer_8364,Musica,453.0,10.1
8231,Streamer_7231,Just Chatting,13649.0,7.8
10315,Streamer_9315,,46671.0,7.7
8539,Streamer_7539,Gaming,1292.0,2.3
13197,Streamer_12197,Just Chatting,6600.0,3.6
8368,Streamer_7368,Gaming,14681.0,4.8
9198,Streamer_8198,Just Chatting,9865.0,10.6
13599,Streamer_12599,Musica,48398.0,7.1
16302,Streamer_15302,Musica,41471.0,2.4
7726,Streamer_6726,Gaming,38039.0,1.5
16250,Streamer_15250,Musica,11546.0,2.4
9211,Streamer_8211,Esports,2975.0,4.6
17712,Streamer_16712,Musica,16042.0,11.8
6363,Streamer_5363,Just Chatting,29987.0,2.9
16775,Streamer_15775,Musica,39765.0,9.0
11717,Streamer_10717,Musica,31535.0,5.7
11864,Streamer_10864,Musica,34301.0,1.8
4712,Streamer_3712,Arte,13785.0,1.4
9079,Streamer_8079,Esports,22381.0,2.1
20936,Streamer_19936,Just Chatting,32664.0,10.5
16748,Streamer_15748,Gaming,34322.0,11.5
6872,Streamer_5872,Gaming,46522.0,2.7
2208,Streamer_1208,Gaming,8791.0,2.7
7117,Streamer_6117,Gaming,21867.0,8.2
7391,Streamer_6391,Just Chatting,12755.0,1.8
14441,Streamer_13441,Esports,37521.0,8.7
13764,Streamer_12764,Gaming,18705.0,8.3
12225,Streamer_11225,Arte,9423.0,8.7
2253,Streamer_1253,Arte,24478.0,2.1
11367,Streamer_10367,Arte,10998.0,6.9
14490,Streamer_13490,Just Chatting,530.0,3.9
7821,Streamer_6821,Just Chatting,33669.0,9.8
6392,Streamer_5392,,33393.0,1.5
8616,Streamer_7616,Just Chatting,13241.0,9.3
6255,Streamer_5255,Gaming,9546.0,10.0
19560,Streamer_18560,Gaming,35870.0,10.1
1185,Streamer_185,Gaming,45536.0,4.8
15477,Streamer_14477,Musica,970.0,8.4
3943,Streamer_2943,Gaming,25572.0,11.1
17040,Streamer_16040,Musica,3231.0,9.6
13252,Streamer_12252,Gaming,24211.0,7.6
11183,Streamer_10183,Gaming,34625.0,7.9
15983,Streamer_14983,Esports,42597.0,2.6
9457,Streamer_8457,Just Chatting,25142.0,5.6
4195,Streamer_3195,Musica,23550.0,6.5
12048,Streamer_11048,Arte,26362.0,10.2
18540,Streamer_17540,Gaming,49836.0,3.3
15410,Streamer_14410,Musica,23968.0,3.9
9738,Streamer_8738,Just Chatting,22848.0,10.2
5496,Streamer_4496,Just Chatting,27477.0,10.0
6772,Streamer_5772,Gaming,,9.2
8337,Streamer_7337,Arte,36437.0,10.4
9220,Streamer_8220,Just Chatting,5265.0,8.4
1135,Streamer_135,Musica,24303.0,9.1
14235,Streamer_13235,Gaming,16787.0,2.6
18935,Streamer_17935,Just Chatting,15920.0,9.6
2328,Streamer_1328,Musica,6015.0,1.8
19507,Streamer_18507,Just Chatting,644.0,1.7
7918,Streamer_6918,Musica,26926.0,5.0
19402,Streamer_18402,Arte,17139.0,6.8
6850,Streamer_5850,Arte,7318.0,8.0
14329,Streamer_13329,Just Chatting,5541.0,6.3
5236,Streamer_4236,Musica,35270.0,8.0
4635,Streamer_3635,Gaming,38375.0,1.4
1389,Streamer_389,Esports,41109.0,11.3
14005,Streamer_13005,Gaming,30391.0,1.3
3179,Streamer_2179,Musica,45008.0,7.8
10497,Streamer_9497,Esports,37585.0,1.8
5368,Streamer_4368,Arte,49853.0,3.3
5600,Streamer_4600,Musica,14684.0,3.1
1548,Streamer_548,Esports,23701.0,3.7
19037,Streamer_18037,Musica,16389.0,4.9
6144,Streamer_5144,Arte,9751.0,3.7
14086,Streamer_13086,Arte,11908.0,3.4
7141,Streamer_6141,Musica,40114.0,9.4
6298,Streamer_5298,Musica,27506.0,6.7
7051,Streamer_6051,Gaming,2798.0,10.6
14258,Streamer_13258,Arte,3942.0,7.2
8048,Streamer_7048,Gaming,7865.0,4.6
4541,Streamer_3541,Arte,7814.0,1.2
20070,Streamer_19070,Musica,34800.0,10.4
10422,Streamer_9422,Arte,35442.0,9.8
13637,Streamer_12637,Gaming,9661.0,5.3
6180,Streamer_5180,Arte,41563.0,4.5
18476,Streamer_17476,Musica,12741.0,9.1
11664,Streamer_10664,Musica,419.0,8.7
18306,Streamer_17306,Gaming,13386.0,2.4
10053,Streamer_9053,Just Chatting,10521.0,7.8
11202,Streamer_10202,Arte,34730.0,5.7
7006,Streamer_6006,Arte,4040.0,9.2
14420,Streamer_13420,Musica,7898.0,9.3
5120,Streamer_4120,Musica,21103.0,5.4
6868,Streamer_5868,Just Chatting,3506.0,7.9
13774,Streamer_12774,Gaming,1927.0,11.1
2105,Streamer_1105,Esports,31319.0,1.0
10011,Streamer_9011,Arte,32102.0,8.9
9316,Streamer_8316,Arte,7229.0,7.8
10245,Streamer_9245,Just Chatting,32062.0,4.8
1538,Streamer_538,Just Chatting,9558.0,2.7
12881,Streamer_11881,Just Chatting,17649.0,8.3
10793,Streamer_9793,Arte,17746.0,3.0
4970,Streamer_3970,Esports,35985.0,8.9
18980,Streamer_17980,Just Chatting,48216.0,11.0
13969,Streamer_12969,Gaming,35196.0,8.3
18551,Streamer_17551,Just Chatting,24911.0,11.2
2649,Streamer_1649,Gaming,20974.0,4.7
16393,Streamer_15393,Esports,6493.0,4.3
20682,Streamer_19682,Arte,7078.0,11.4
1877,Streamer_877,Gaming,27510.0,1.4
3001,Streamer_2001,Esports,37390.0,4.1
12774,Streamer_11774,Esports,613.0,10.8
20966,Streamer_19966,Esports,10768.0,6.0
11175,Streamer_10175,Arte,19898.0,9.9
13407,Streamer_12407,Gaming,32571.0,3.7
17956,Streamer_16956,Arte,26192.0,5.8
10712,Streamer_9712,Esports,2166.0,6.8
2422,Streamer_1422,Musica,2965.0,2.4
3953,Streamer_2953,Just Chatting,43552.0,3.3
13010,Streamer_12010,Arte,11209.0,8.5
15622,Streamer_14622,Arte,10183.0,9.1
13469,Streamer_12469,Musica,33712.0,10.6
1681,Streamer_681,Musica,16819.0,1.4
19939,Streamer_18939,Just Chatting,14742.0,9.2
3772,Streamer_2772,Musica,34035.0,5.3
4338,Streamer_3338,Musica,42899.0,4.3
1869,Streamer_869,Esports,29524.0,5.1
5057,Streamer_4057,Arte,6135.0,3.3
19869,Streamer_18869,Just Chatting,23560.0,1.3
1625,Streamer_625,Just Chatting,48110.0,7.9
7540,Streamer_6540,Arte,26574.0,2.3
18475,Streamer_17475,Gaming,26308.0,11.8
7111,Streamer_6111,Gaming,40679.0,7.3
4307,Streamer_3307,Arte,33326.0,9.4
18117,Streamer_17117,Musica,43242.0,7.9
11474,Streamer_10474,Gaming,38737.0,2.1
11371,Streamer_10371,Just Chatting,19796.0,6.3
2134,Streamer_1134,Just Chatting,48086.0,6.3
14230,Streamer_13230,Arte,27290.0,9.8
12365,Streamer_11365,Just Chatting,31763.0,8.4
15107,Streamer_14107,Just Chatting,5788.0,9.3
16271,Streamer_15271,Esports,21014.0,7.6
13270,Streamer_12270,Arte,39194.0,7.5
16549,Streamer_15549,Esports,28375.0,10.0
12818,Streamer_11818,Musica,13934.0,11.2
14388,Streamer_13388,Gaming,34015.0,6.7
20446,Streamer_19446,Just Chatting,19149.0,7.7
11985,Streamer_10985,Esports,49572.0,4.2
6909,Streamer_5909,Just Chatting,25089.0,2.9
16342,Streamer_15342,Esports,17130.0,7.1
5909,Streamer_4909,Just Chatting,37506.0,7.0
16564,Streamer_15564,Just Chatting,21433.0,7.6
2112,Streamer_1112,Musica,,3.0
11179,Streamer_10179,Gaming,3800.0,3.5
10463,Streamer_9463,Musica,32875.0,5.1
3110,Streamer_2110,Just Chatting,21300.0,6.7
1987,Streamer_987,Just Chatting,15399.0,1.2
12902,Streamer_11902,Just Chatting,7443.0,1.4
3747,Streamer_2747,Esports,44010.0,9.3
19106,Streamer_18106,Gaming,10108.0,11.0
2689,Streamer_1689,Musica,9648.0,4.2
14782,Streamer_13782,Arte,41342.0,1.5
7892,Streamer_6892,Arte,24326.0,2.5
7423,Streamer_6423,Just Chatting,21161.0,3.4
5434,Streamer_4434,Musica,9746.0,6.0
15169,Streamer_14169,Esports,17517.0,6.1
6728,Streamer_5728,Musica,11432.0,8.8
11572,Streamer_10572,Arte,17879.0,9.4
11312,Streamer_10312,Esports,48228.0,9.3
1512,Streamer_512,Musica,8783.0,4.7
14361,Streamer_13361,Just Chatting,39792.0,3.9
19338,Streamer_18338,Esports,2109.0,10.2
20945,Streamer_19945,Esports,39858.0,7.2
17862,Streamer_16862,Esports,272.0,6.5
14844,Streamer_13844,Just Chatting,20762.0,9.8
2931,Streamer_1931,Musica,37791.0,5.8
3585,Streamer_2585,Gaming,21479.0,6.9
3628,Streamer_2628,Esports,20770.0,10.8
16999,Streamer_15999,Musica,7271.0,1.7
1750,Streamer_750,Gaming,15485.0,5.5
11813,Streamer_10813,Just Chatting,41653.0,6.0
4912,Streamer_3912,Gaming,17343.0,11.4
4302,Streamer_3302,Arte,42709.0,4.4
10096,Streamer_9096,Musica,26865.0,9.0
7153,Streamer_6153,Musica,15333.0,2.9
18584,Streamer_17584,Gaming,23793.0,10.3
4138,Streamer_3138,Just Chatting,27708.0,10.7
11817,Streamer_10817,Just Chatting,35253.0,3.9
5490,Streamer_4490,Gaming,6768.0,2.3
16568,Streamer_15568,Gaming,3186.0,3.3
7561,Streamer_6561,Esports,45744.0,9.7
4069,Streamer_3069,Just Chatting,7850.0,2.9
20584,Streamer_19584,Arte,24027.0,6.3
12307,Streamer_11307,Esports,44686.0,3.6
8141,Streamer_7141,Just Chatting,7927.0,4.8
8831,Streamer_7831,Just Chatting,36280.0,6.3
4460,Streamer_3460,Arte,14636.0,3.5
11805,Streamer_10805,Arte,25806.0,6.4
13201,Streamer_12201,Esports,48265.0,2.5
18255,Streamer_17255,Just Chatting,32324.0,9.5
12103,Streamer_11103,Esports,28570.0,3.3
14536,Streamer_13536,Just Chatting,34509.0,7.6
3061,Streamer_2061,Musica,29136.0,7.5
19931,Streamer_18931,Musica,9292.0,8.2
4608,Streamer_3608,Gaming,20796.0,6.0
3854,Streamer_2854,Musica,46856.0,2.5
11699,Streamer_10699,Just Chatting,9016.0,8.6
3537,Streamer_2537,Just Chatting,17851.0,3.6
20212,Streamer_19212,Gaming,17784.0,6.2
1567,Streamer_567,Esports,19788.0,2.5
6699,Streamer_5699,Arte,3187.0,4.8
17924,Streamer_16924,Esports,13739.0,7.0
6092,Streamer_5092,Just Chatting,45082.0,1.9
6830,Streamer_5830,Just Chatting,39917.0,4.6
20011,Streamer_19011,Musica,11247.0,4.3
3777,Streamer_2777,Esports,25535.0,5.6
8252,Streamer_7252,Arte,29315.0,11.4
5365,Streamer_4365,Musica,12810.0,1.1
10767,Streamer_9767,Arte,11931.0,7.2
9321,Streamer_8321,Musica,12150.0,2.6
4190,Streamer_3190,Just Chatting,13559.0,4.3
7997,Streamer_6997,Gaming,4998.0,11.2
8842,Streamer_7842,Musica,41351.0,8.8
7211,Streamer_6211,Esports,48203.0,1.7
11599,Streamer_10599,Arte,24945.0,7.1
6417,Streamer_5417,Musica,15464.0,5.9
20600,Streamer_19600,Gaming,4552.0,9.6
19154,Streamer_18154,Musica,33604.0,6.0
19400,Streamer_18400,Gaming,10502.0,5.8
14945,Streamer_13945,Esports,31091.0,10.3
14113,Streamer_13113,Esports,2253.0,10.7
15225,Streamer_14225,Gaming,32718.0,2.3
9733,Streamer_8733,Gaming,26551.0,10.3
7338,Streamer_6338,Arte,8256.0,11.9
16048,Streamer_15048,Gaming,19153.0,8.7
13820,Streamer_12820,Arte,41840.0,7.9
15447,Streamer_14447,Arte,43537.0,7.8
16724,Streamer_15724,Esports,34723.0,7.7
9643,Streamer_8643,Arte,21521.0,8.4
10485,Streamer_9485,Esports,7697.0,11.0
11707,Streamer_10707,Esports,870.0,5.0
18541,Streamer_17541,Musica,39516.0,6.6
16389,Streamer_15389,Gaming,4694.0,11.8
13092,Streamer_12092,Arte,5181.0,1.8
11323,Streamer_10323,Gaming,35340.0,9.5
2634,Streamer_1634,Musica,47851.0,1.9
2090,Streamer_1090,Musica,21363.0,1.4
1805,Streamer_805,Musica,29364.0,6.8
12498,Streamer_11498,Gaming,47735.0,4.7
19850,Streamer_18850,Esports,202.0,6.0
14468,Streamer_13468,Arte,,2.0
6175,Streamer_5175,Gaming,6036.0,8.2
16677,Streamer_15677,Esports,39205.0,11.9
15208,Streamer_14208,Just Chatting,43786.0,6.2
19793,Streamer_18793,Musica,4124.0,2.5
5271,Streamer_4271,Arte,26916.0,1.9
17468,Streamer_16468,Musica,13497.0,2.2
2832,Streamer_1832,Esports,12131.0,5.2
8971,Streamer_7971,Arte,24621.0,10.9
19300,Streamer_18300,Just Chatting,24466.0,6.7
13018,Streamer_12018,Esports,27545.0,6.2
1158,Streamer_158,Musica,10954.0,7.4
20780,Streamer_19780,Esports,21562.0,10.7
10773,Streamer_9773,Just Chatting,23296.0,3.2
3598,Streamer_2598,Just Chatting,26744.0,11.0
4911,Streamer_3911,Just Chatting,43738.0,1.8
6482,Streamer_5482,Musica,32980.0,6.3
2225,Streamer_1225,Esports,40809.0,7.8
20735,Streamer_19735,Musica,39047.0,7.1
12411,Streamer_11411,Gaming,30269.0,11.6
16443,Streamer_15443,Gaming,42101.0,7.0
10672,Streamer_9672,Gaming,4914.0,5.3
20938,Streamer_19938,Esports,27465.0,7.8
16039,Streamer_15039,Gaming,45155.0,11.1
15157,Streamer_14157,Gaming,2588.0,6.2
9461,Streamer_8461,Arte,30984.0,2.0
9575,Streamer_8575,Musica,46185.0,9.4
9628,Streamer_8628,Esports,38384.0,6.3
20263,Streamer_19263,Esports,16062.0,5.6
4744,Streamer_3744,Arte,11616.0,8.4
13098,Streamer_12098,,44586.0,7.2
1905,Streamer_905,Musica,47663.0,6.3
5780,Streamer_4780,Gaming,23194.0,7.7
20832,Streamer_19832,Gaming,20348.0,6.4
1305,Streamer_305,Esports,,4.8
13916,Streamer_12916,Musica,22669.0,6.2
6596,Streamer_5596,Arte,14207.0,6.0
3010,Streamer_2010,Gaming,16933.0,6.1
6485,Streamer_5485,Arte,36935.0,10.6
8239,Streamer_7239,Just Chatting,1468.0,4.9
12482,Streamer_11482,Arte,18451.0,7.8
16118,Streamer_15118,Arte,12932.0,6.2
1260,Streamer_260,Musica,22519.0,11.8
8659,Streamer_7659,Musica,17419.0,1.7
4791,Streamer_3791,Just Chatting,24603.0,4.2
5844,Streamer_4844,Esports,28406.0,3.5
20476,Streamer_19476,Esports,35007.0,5.9
13683,Streamer_12683,Musica,12282.0,2.6
9249,Streamer_8249,Gaming,26892.0,1.5
4692,Streamer_3692,Just Chatting,46463.0,10.2
19069,Streamer_18069,Musica,24047.0,2.2
11901,Streamer_10901,Just Chatting,7397.0,5.3
6167,Streamer_5167,Gaming,20277.0,11.5
20525,Streamer_19525,Esports,1027.0,4.3
16543,Streamer_15543,Just Chatting,316.0,3.2
16653,Streamer_15653,Just Chatting,4343.0,10.7
17176,Streamer_16176,Gaming,83.0,8.9
17970,Streamer_16970,Musica,37734.0,1.0
8250,Streamer_7250,Just Chatting,42951.0,3.2
10043,Streamer_9043,Esports,4987.0,2.5
1270,Streamer_270,,10917.0,7.0
4559,Streamer_3559,Arte,39598.0,5.4
13366,Streamer_12366,Esports,20755.0,11.7
17746,Streamer_16746,Arte,25002.0,3.7
17154,Streamer_16154,Just Chatting,45126.0,10.8
14108,Streamer_13108,Arte,4845.0,7.2
10578,Streamer_9578,Musica,35208.0,11.7
1094,Streamer_94,Musica,16271.0,11.1
20185,Streamer_19185,Arte,39616.0,9.9
19929,Streamer_18929,Just Chatting,15208.0,7.8
19654,Streamer_18654,Arte,20338.0,6.6
18665,Streamer_17665,Musica,47871.0,1.9
13154,Streamer_12154,Esports,38216.0,10.9
12326,Streamer_11326,Musica,30025.0,7.2
20995,Streamer_19995,Just Chatting,2578.0,8.4
9990,Streamer_8990,Musica,44426.0,9.8
11184,Streamer_10184,Just Chatting,36087.0,8.9
11397,Streamer_10397,Esports,30484.0,9.1
10704,Streamer_9704,Arte,30987.0,11.1
9755,Streamer_8755,Just Chatting,46948.0,11.5
18250,Streamer_17250,Esports,6847.0,9.7
14326,Streamer_13326,Arte,5978.0,9.0
13214,Streamer_12214,Just Chatting,19581.0,3.0
7461,Streamer_6461,Esports,9619.0,6.7
20209,Streamer_19209,Just Chatting,6781.0,1.3
3926,Streamer_2926,Just Chatting,12418.0,1.9
10037,Streamer_9037,Musica,1499.0,4.0
16773,Streamer_15773,Musica,42927.0,5.9
13055,Streamer_12055,Gaming,23512.0,5.6
2266,Streamer_1266,Gaming,38911.0,11.5
3504,Streamer_2504,Musica,23046.0,11.9
11496,Streamer_10496,Esports,46663.0,3.7
20514,Streamer_19514,Esports,44169.0,7.5
14658,Streamer_13658,Arte,25564.0,9.8
5073,Streamer_4073,Arte,45853.0,8.7
8448,Streamer_7448,Just Chatting,14928.0,5.3
17216,Streamer_16216,Just Chatting,46632.0,8.8
14461,Streamer_13461,Musica,12893.0,10.1
10062,Streamer_9062,Arte,30941.0,11.0
18134,Streamer_17134,Musica,14888.0,4.4
19159,Streamer_18159,Gaming,1041.0,6.5
2890,Streamer_1890,Arte,23804.0,7.1
1376,Streamer_376,Gaming,27015.0,10.7
11881,Streamer_10881,Gaming,41528.0,11.9
6797,Streamer_5797,Just Chatting,44331.0,2.4
9707,Streamer_8707,Musica,30890.0,7.1
10525,Streamer_9525,Just Chatting,6889.0,9.0
8515,Streamer_7515,Arte,1299.0,9.2
12640,Streamer_11640,Just Chatting,36716.0,9.1
13458,Streamer_12458,Arte,24524.0,9.6
2806,Streamer_1806,Arte,24997.0,3.7
18898,Streamer_17898,Just Chatting,7578.0,10.1
3370,Streamer_2370,Arte,22765.0,4.8
6459,Streamer_5459,Arte,33191.0,8.8
6898,Streamer_5898,Just Chatting,20033.0,8.5
12741,Streamer_11741,Gaming,25654.0,1.5
7464,Streamer_6464,Esports,27326.0,4.8
20779,Streamer_19779,Just Chatting,48982.0,6.1
7113,Streamer_6113,Just Chatting,26878.0,9.1
2671,Streamer_1671,Gaming,13780.0,5.1
4550,Streamer_3550,Esports,20834.0,3.9
19779,Streamer_18779,Esports,25879.0,7.6
2303,Streamer_1303,Musica,28662.0,1.7
17859,Streamer_16859,Arte,10328.0,5.0
1480,Streamer_480,Arte,2775.0,4.1
11423,Streamer_10423,Arte,36175.0,2.1
20299,Streamer_19299,Musica,30670.0,3.9
2421,Streamer_1421,Esports,9785.0,7.0
5558,Streamer_4558,Gaming,29164.0,8.6
12926,Streamer_11926,Arte,32855.0,10.1
6887,Streamer_5887,Arte,2534.0,4.5
2359,Streamer_1359,Just Chatting,26719.0,2.6
20129,Streamer_19129,Arte,42793.0,8.4
11250,Streamer_10250,Gaming,9495.0,4.5
20106,Streamer_19106,Esports,47155.0,7.8
18915,Streamer_17915,Esports,43787.0,1.5
11269,Streamer_10269,Gaming,23737.0,10.3
8513,Streamer_7513,Esports,2210.0,8.6
10076,Streamer_9076,Just Chatting,46236.0,10.8
19887,Streamer_18887,Arte,17503.0,7.6
17401,Streamer_16401,Esports,16515.0,5.2
17236,Streamer_16236,Musica,44893.0,7.0
6177,Streamer_5177,Musica,12540.0,2.5
4149,Streamer_3149,Esports,5720.0,11.4
8172,Streamer_7172,Musica,48403.0,6.9
2924,Streamer_1924,Arte,9475.0,4.0
7960,Streamer_6960,,4377.0,8.3
1431,Streamer_431,Arte,46045.0,4.2
7249,Streamer_6249,Musica,13709.0,8.5
7119,Streamer_6119,Esports,34183.0,9.8
12350,Streamer_11350,Esports,27238.0,8.4
12353,Streamer_11353,Just Chatting,22418.0,4.3
7383,Streamer_6383,Esports,49205.0,1.5
8770,Streamer_7770,Esports,23218.0,7.8
19134,Streamer_18134,Musica,28786.0,7.1
8232,Streamer_7232,Musica,28650.0,2.5
18322,Streamer_17322,Gaming,38719.0,11.4
7154,Streamer_6154,Arte,25365.0,4.2
6956,Streamer_5956,Gaming,15204.0,5.1
7311,Streamer_6311,Gaming,19927.0,7.9
17684,Streamer_16684,Just Chatting,11696.0,1.1
20484,Streamer_19484,Musica,10474.0,11.1
17239,Streamer_16239,Arte,6445.0,5.6
18561,Streamer_17561,Esports,41545.0,4.1
10892,Streamer_9892,Musica,46653.0,9.2
20182,Streamer_19182,Esports,44153.0,4.0
12306,Streamer_11306,Just Chatting,43770.0,11.5
12397,Streamer_11397,Just Chatting,44785.0,3.1
1437,Streamer_437,Gaming,3213.0,10.9
3919,Streamer_2919,Arte,20066.0,10.6
8711,Streamer_7711,Esports,25972.0,1.3
15585,Streamer_14585,Esports,2594.0,7.0
9085,Streamer_8085,Just Chatting,37778.0,6.0
2918,Streamer_1918,Esports,29744.0,8.8
12098,Streamer_11098,Esports,21034.0,4.6
11118,Streamer_10118,Arte,18267.0,4.2
4224,Streamer_3224,Esports,19364.0,10.1
1234,Streamer_234,Musica,45636.0,11.6
5794,Streamer_4794,Arte,18918.0,10.1
1706,Streamer_706,Musica,34079.0,7.7
20136,Streamer_19136,Arte,39246.0,10.6
2045,Streamer_1045,Arte,3340.0,2.9
12336,Streamer_11336,Gaming,38256.0,1.2
9553,Streamer_8553,Just Chatting,30596.0,6.0
11112,Streamer_10112,Just Chatting,10985.0,2.5
19473,Streamer_18473,Arte,49098.0,10.9
1369,Streamer_369,Arte,4200.0,10.5
16092,Streamer_15092,Musica,23213.0,1.2
11843,Streamer_10843,Gaming,18187.0,2.8
7276,Streamer_6276,Arte,19919.0,11.4
11531,Streamer_10531,Just Chatting,29679.0,2.5
16212,Streamer_15212,Gaming,14441.0,6.3
9891,Streamer_8891,Esports,28674.0,6.1
18101,Streamer_17101,Gaming,25432.0,4.8
10943,Streamer_9943,Arte,28717.0,8.3
19921,Streamer_18921,Esports,37421.0,7.3
5487,Streamer_4487,Arte,30590.0,6.3
15035,Streamer_14035,Arte,16796.0,5.3
10437,Streamer_9437,Just Chatting,38577.0,9.3
17364,Streamer_16364,Arte,41408.0,5.0
14095,Streamer_13095,Just Chatting,24066.0,5.9
2300,Streamer_1300,Arte,27921.0,6.8
20685,Streamer_19685,Musica,32031.0,6.1
8927,Streamer_7927,Musica,836.0,1.3
16621,Streamer_15621,Gaming,17291.0,2.1
6226,Streamer_5226,Just Chatting,4809.0,5.4
20060,Streamer_19060,Just Chatting,35327.0,8.7
6339,Streamer_5339,Arte,5922.0,7.5
20228,Streamer_19228,Arte,31376.0,9.0
6051,Streamer_5051,Musica,18584.0,2.5
6968,Streamer_5968,Arte,34533.0,11.2
14391,Streamer_13391,Musica,19866.0,4.9
14751,Streamer_13751,Arte,37753.0,11.1
7622,Streamer_6622,Arte,10567.0,6.9
6977,Streamer_5977,Gaming,48696.0,5.3
11450,Streamer_10450,Musica,19435.0,8.8
2419,Streamer_1419,Just Chatting,10612.0,4.0
20734,Streamer_19734,Arte,24298.0,1.6
17027,Streamer_16027,Just Chatting,12305.0,8.6
8582,Streamer_7582,Arte,5717.0,8.9
15291,Streamer_14291,Musica,5704.0,11.8
20663,Streamer_19663,Musica,24724.0,11.3
19474,Streamer_18474,Arte,10309.0,6.2
13412,Streamer_12412,Musica,15188.0,4.7
4582,Streamer_3582,Musica,45056.0,3.5
6071,Streamer_5071,Just Chatting,11076.0,3.5
8851,Streamer_7851,Arte,9768.0,5.7
8715,Streamer_7715,Musica,36111.0,9.6
13013,Streamer_12013,Just Chatting,5090.0,3.6
12883,Streamer_11883,Musica,4979.0,2.7
11831,Streamer_10831,Esports,8874.0,11.2
8998,Streamer_7998,Arte,30614.0,2.6
1932,Streamer_932,Gaming,28037.0,4.7
9433,Streamer_8433,Esports,48973.0,11.0
18251,Streamer_17251,Gaming,47068.0,5.0
6271,Streamer_5271,Arte,8904.0,2.7
6306,Streamer_5306,Arte,35756.0,5.6
20494,Streamer_19494,Esports,26886.0,5.0
20214,Streamer_19214,Esports,41459.0,10.6
19490,Streamer_18490,Musica,28881.0,6.6
8767,Streamer_7767,Arte,26524.0,7.6
2476,Streamer_1476,Just Chatting,46454.0,3.5
17379,Streamer_16379,Just Chatting,47911.0,1.1
2914,Streamer_1914,Gaming,32139.0,6.0
9135,Streamer_8135,Esports,12963.0,2.7
4793,Streamer_3793,Arte,25694.0,10.3
8485,Streamer_7485,Esports,4858.0,2.3
6063,Streamer_5063,Esports,35296.0,5.9
14570,Streamer_13570,Arte,9634.0,1.1
8279,Streamer_7279,Esports,25993.0,5.8
12584,Streamer_11584,Just Chatting,32960.0,2.5
3967,Streamer_2967,Gaming,35581.0,6.5
13651,Streamer_12651,Musica,27009.0,2.4
19786,Streamer_18786,Arte,2570.0,4.5
14516,Streamer_13516,,42243.0,3.2
18612,Streamer_17612,Esports,8233.0,8.0
12037,Streamer_11037,Musica,9183.0,9.8
20838,Streamer_19838,Arte,24376.0,6.9
12368,Streamer_11368,Gaming,39975.0,7.5
17710,Streamer_16710,Gaming,8441.0,1.2
12197,Streamer_11197,Arte,3144.0,1.2
15522,Streamer_14522,Just Chatting,21976.0,2.2
10265,Streamer_9265,Arte,27714.0,9.5
20305,Streamer_19305,Esports,363.0,10.4
16505,Streamer_15505,Just Chatting,8919.0,5.7
11410,Streamer_10410,Just Chatting,18290.0,2.5
11687,Streamer_10687,Musica,34778.0,2.7
1471,Streamer_471,Gaming,9035.0,11.6
18792,Streamer_17792,Just Chatting,15117.0,11.4
7414,Streamer_6414,Musica,32883.0,6.9
15482,Streamer_14482,Just Chatting,22506.0,10.0
19808,Streamer_18808,Musica,13819.0,9.4
9577,Streamer_8577,,8496.0,7.4
7409,Streamer_6409,Esports,18453.0,11.9
20404,Streamer_19404,Arte,45307.0,4.3
20390,Streamer_19390,Just Chatting,36737.0,7.1
6521,Streamer_5521,Esports,19524.0,8.1
4493,Streamer_3493,Esports,18192.0,4.5
6556,Streamer_5556,Gaming,5168.0,11.4
2661,Streamer_1661,Gaming,26204.0,5.8
11649,Streamer_10649,Esports,45660.0,1.2
14588,Streamer_13588,Just Chatting,6261.0,9.9
12957,Streamer_11957,Esports,30293.0,8.6
19625,Streamer_18625,Musica,,8.4
4329,Streamer_3329,Esports,40908.0,3.6
12475,Streamer_11475,Gaming,46694.0,3.5
8610,Streamer_7610,,49058.0,3.7
14456,Streamer_13456,Esports,14562.0,7.1
19545,Streamer_18545,Arte,13797.0,2.6
7138,Streamer_6138,Esports,17518.0,10.1
10533,Streamer_9533,Arte,3175.0,3.0
6348,Streamer_5348,Musica,47774.0,1.5
8191,Streamer_7191,Just Chatting,33214.0,10.3
15115,Streamer_14115,Musica,25297.0,4.3
16311,Streamer_15311,Esports,18820.0,7.2
1791,Streamer_791,Esports,6102.0,7.0
5235,Streamer_4235,Musica,46594.0,2.1
15826,Streamer_14826,Esports,42127.0,7.2
3995,Streamer_2995,Just Chatting,25881.0,6.9
3913,Streamer_2913,Gaming,8247.0,2.4
9354,Streamer_8354,Arte,6331.0,4.1
8846,Streamer_7846,Arte,43409.0,7.8
19153,Streamer_18153,Arte,39153.0,2.0
5220,Streamer_4220,Esports,12301.0,9.1
18447,Streamer_17447,Just Chatting,16566.0,8.9
13314,Streamer_12314,Gaming,48424.0,11.5
19399,Streamer_18399,Just Chatting,41882.0,8.3
5842,Streamer_4842,Gaming,10878.0,4.6
10859,Streamer_9859,Arte,6026.0,4.1
14006,Streamer_13006,Gaming,22367.0,6.2
2991,Streamer_1991,Musica,39844.0,9.6
8027,Streamer_7027,Esports,37453.0,6.7
13610,Streamer_12610,Musica,2292.0,6.1
3420,Streamer_2420,Esports,35264.0,5.3
15188,Streamer_14188,Musica,15301.0,1.1
4564,Streamer_3564,Gaming,30090.0,9.5
18632,Streamer_17632,Just Chatting,16206.0,4.4
1953,Streamer_953,Musica,18664.0,10.6
2023,Streamer_1023,Esports,33173.0,11.5
3263,Streamer_2263,Just Chatting,18306.0,11.5
8635,Streamer_7635,Just Chatting,30003.0,8.1
3286,Streamer_2286,Gaming,45208.0,8.6
3461,Streamer_2461,Just Chatting,13327.0,6.0
15462,Streamer_14462,Musica,42873.0,9.2
15436,Streamer_14436,Gaming,22192.0,8.7
15397,Streamer_14397,Just Chatting,42860.0,2.7
6668,Streamer_5668,Musica,39124.0,8.5
3783,Streamer_2783,Musica,44903.0,2.3
13345,Streamer_12345,Arte,21901.0,10.8
17385,Streamer_16385,Gaming,42800.0,1.7
8691,Streamer_7691,Esports,44360.0,3.2
12803,Streamer_11803,Gaming,48890.0,1.3
20575,Streamer_19575,Just Chatting,38116.0,2.8
12814,Streamer_11814,Musica,36842.0,6.4
2567,Streamer_1567,Gaming,2013.0,6.0
14467,Streamer_13467,Esports,11341.0,1.6
10751,Streamer_9751,Musica,13499.0,10.3
15354,Streamer_14354,Musica,26188.0,4.0
13863,Streamer_12863,Arte,35059.0,10.3
16097,Streamer_15097,Musica,20703.0,7.3
9831,Streamer_8831,Arte,23262.0,11.8
9077,Streamer_8077,Arte,4864.0,11.7
6671,Streamer_5671,Musica,40703.0,6.6
17144,Streamer_16144,Gaming,15138.0,5.3
17534,Streamer_16534,Just Chatting,22804.0,9.4
7147,Streamer_6147,Arte,38339.0,3.5
18673,Streamer_17673,Musica,45203.0,7.6
16846,Streamer_15846,Musica,44708.0,8.2
3812,Streamer_2812,Musica,18159.0,4.0
15280,Streamer_14280,Just Chatting,48764.0,2.7
8938,Streamer_7938,Arte,49915.0,5.2
17235,Streamer_16235,Just Chatting,5541.0,4.9
11969,Streamer_10969,Gaming,2391.0,5.2
11568,Streamer_10568,Arte,43584.0,4.1
18517,Streamer_17517,Just Chatting,3349.0,7.8
2044,Streamer_1044,Arte,25302.0,9.7
4834,Streamer_3834,Esports,8194.0,11.8
15767,Streamer_14767,Esports,27124.0,4.2
6231,Streamer_5231,Just Chatting,3912.0,1.9
18948,Streamer_17948,Gaming,26053.0,2.5
3729,Streamer_2729,Gaming,26429.0,10.0
11758,,Esports,31881.0,1.0
19758,Streamer_18758,Arte,12280.0,5.1
5095,Streamer_4095,Just Chatting,35775.0,2.0
10174,Streamer_9174,Just Chatting,4466.0,1.2
15202,Streamer_14202,Esports,9389.0,2.3
17119,Streamer_16119,Arte,35499.0,1.0
17168,Streamer_16168,Musica,23142.0,1.6
14212,Streamer_13212,Just Chatting,10367.0,5.8
19144,Streamer_18144,Just Chatting,32241.0,8.1
7878,Streamer_6878,Arte,43448.0,1.1
13935,Streamer_12935,Gaming,40005.0,2.3
9360,Streamer_8360,Arte,36278.0,5.3
12604,Streamer_11604,Just Chatting,36077.0,5.2
2808,Streamer_1808,Just Chatting,36055.0,2.5
11836,Streamer_10836,Arte,17511.0,4.6
19755,Streamer_18755,Esports,6368.0,5.0
10610,Streamer_9610,Esports,7805.0,11.0
6204,Streamer_5204,Arte,2891.0,6.2
19157,Streamer_18157,Gaming,3649.0,2.5
14116,Streamer_13116,Just Chatting,46417.0,2.8
8035,Streamer_7035,Just Chatting,3065.0,3.7
4749,Streamer_3749,Gaming,26047.0,8.3
16815,Streamer_15815,Musica,28210.0,1.9
7552,Streamer_6552,Esports,31927.0,4.0
9291,Streamer_8291,Just Chatting,42858.0,11.8
12347,Streamer_11347,Arte,9685.0,4.4
15348,Streamer_14348,Just Chatting,13623.0,1.3
19301,Streamer_18301,Musica,18226.0,5.7
19089,Streamer_18089,Arte,44634.0,5.2
5324,Streamer_4324,Arte,18790.0,7.7
2701,Streamer_1701,Arte,24727.0,9.3
14604,Streamer_13604,Just Chatting,33723.0,2.4
5803,Streamer_4803,Just Chatting,31306.0,10.9
16429,Streamer_15429,Arte,19163.0,7.8
1153,Streamer_153,Arte,36617.0,8.9
13959,Streamer_12959,Musica,31287.0,3.2
12355,,Just Chatting,41827.0,2.8
7263,Streamer_6263,Musica,14968.0,11.2
4651,Streamer_3651,Musica,32380.0,3.0
12474,Streamer_11474,Esports,94.0,9.0
1763,Streamer_763,Gaming,39410.0,9.5
17666,Streamer_16666,Gaming,33990.0,2.5
3969,Streamer_2969,Esports,35486.0,2.4
19467,Streamer_18467,Esports,39995.0,4.6
19155,Streamer_18155,Esports,43648.0,4.9
5960,Streamer_4960,Musica,12312.0,9.4
19272,Streamer_18272,Arte,16045.0,2.3
13912,Streamer_12912,Gaming,12728.0,1.3
11611,Streamer_10611,Musica,20918.0,7.4
1640,Streamer_640,Musica,3165.0,8.4
20428,Streamer_19428,,387.0,10.7
16321,Streamer_15321,Musica,17811.0,7.7
7596,Streamer_6596,Esports,49461.0,7.7
6244,Streamer_5244,Musica,26856.0,8.8
9593,Streamer_8593,Esports,6876.0,6.4
9673,Streamer_8673,Musica,10516.0,5.1
9718,Streamer_8718,Arte,49661.0,10.7
3869,Streamer_2869,Gaming,3262.0,3.7
7647,Streamer_6647,Musica,4253.0,2.8
3767,Streamer_2767,Esports,45501.0,3.7
15156,Streamer_14156,Arte,34091.0,1.6
17064,Streamer_16064,Gaming,865.0,5.1
10429,Streamer_9429,Gaming,15260.0,8.2
5134,Streamer_4134,Just Chatting,735.0,5.0
5708,Streamer_4708,Arte,8023.0,9.0
13482,Streamer_12482,Gaming,43868.0,5.0
12456,Streamer_11456,Esports,8767.0,10.0
10845,Streamer_9845,Just Chatting,6636.0,4.9
11670,Streamer_10670,Just Chatting,30372.0,2.2
5857,Streamer_4857,Gaming,48956.0,9.8
5923,Streamer_4923,Gaming,49098.0,2.1
14220,Streamer_13220,Arte,22503.0,6.6
17984,Streamer_16984,Esports,32053.0,9.6
14217,Streamer_13217,Musica,44234.0,6.4
11454,Streamer_10454,Gaming,31386.0,6.3
17317,Streamer_16317,,17810.0,10.7
1792,Streamer_792,Esports,33777.0,1.2
20457,Streamer_19457,Esports,22951.0,2.7
11468,Streamer_10468,Musica,26771.0,11.5
14000,Streamer_13000,Gaming,48116.0,7.3
2656,Streamer_1656,Arte,34359.0,5.8
13685,Streamer_12685,Just Chatting,46829.0,7.3
11870,Streamer_10870,Gaming,17718.0,3.4
3279,Streamer_2279,Gaming,26782.0,3.0
3723,Streamer_2723,Arte,47014.0,4.4
9304,Streamer_8304,Esports,17564.0,2.1
17134,Streamer_16134,Gaming,40004.0,1.5
13529,Streamer_12529,Arte,7261.0,2.1
4041,Streamer_3041,Gaming,30436.0,8.8
14870,Streamer_13870,Gaming,32032.0,7.6
19794,Streamer_18794,Just Chatting,40957.0,3.7
7020,Streamer_6020,Arte,34801.0,9.2
15016,Streamer_14016,Musica,39261.0,5.7
8804,Streamer_7804,Just Chatting,5798.0,10.1
8441,Streamer_7441,Gaming,14471.0,6.4
4880,Streamer_3880,Just Chatting,32035.0,3.4
6420,Streamer_5420,Gaming,8527.0,5.2
1589,Streamer_589,Musica,38840.0,2.1
16655,Streamer_15655,Musica,10595.0,2.8
1955,Streamer_955,Gaming,3354.0,8.0
7882,Streamer_6882,Just Chatting,9823.0,6.4
20410,Streamer_19410,Musica,48622.0,9.7
2343,Streamer_1343,Just Chatting,28308.0,9.6
11350,Streamer_10350,Esports,939.0,11.3
15598,Streamer_14598,Just Chatting,8310.0,10.3
5931,Streamer_4931,Gaming,15177.0,8.3
8739,Streamer_7739,Gaming,19082.0,5.4
9205,Streamer_8205,Just Chatting,10795.0,11.0
6292,Streamer_5292,Esports,41181.0,5.3
15960,Streamer_14960,Esports,7241.0,5.4
13470,Streamer_12470,Just Chatting,36472.0,5.0
9406,Streamer_8406,Arte,333.0,10.6
8647,Streamer_7647,Arte,37896.0,3.6
7884,Streamer_6884,Gaming,23594.0,3.4
11594,Streamer_10594,Musica,12981.0,10.1
12375,Streamer_11375,,44794.0,5.3
10026,Streamer_9026,Arte,12903.0,11.3
1008,Streamer_8,Arte,11010.0,5.8
6046,Streamer_5046,Esports,38887.0,4.1
12023,Streamer_11023,Arte,46376.0,1.5
7814,Streamer_6814,Musica,49247.0,3.7
14908,Streamer_13908,Esports,23650.0,7.7
5484,Streamer_4484,Musica,6655.0,4.1
8841,Streamer_7841,Just Chatting,10057.0,1.8
1549,Streamer_549,Gaming,19175.0,3.8
20968,Streamer_19968,Just Chatting,6819.0,3.9
17958,Streamer_16958,Arte,28186.0,4.9
20471,Streamer_19471,Arte,10152.0,10.6
12062,Streamer_11062,Musica,2919.0,7.5
18128,Streamer_17128,Just Chatting,36184.0,3.0
18762,Streamer_17762,Esports,27330.0,11.2
19903,Streamer_18903,Just Chatting,10876.0,6.1
6766,Streamer_5766,Gaming,18617.0,1.7
19249,Streamer_18249,Gaming,24357.0,3.2
15255,Streamer_14255,Musica,21379.0,3.0
6303,Streamer_5303,Esports,27137.0,5.9
4630,Streamer_3630,Arte,4236.0,10.9
6569,Streamer_5569,Just Chatting,27576.0,2.4
6588,Streamer_5588,Esports,44177.0,3.0
10295,Streamer_9295,Musica,39054.0,3.2
20373,Streamer_19373,Just Chatting,34441.0,10.4
9875,Streamer_8875,Gaming,27937.0,1.6
6791,Streamer_5791,Gaming,24804.0,8.2
19505,Streamer_18505,Just Chatting,25300.0,10.7
18309,Streamer_17309,Arte,32509.0,8.7
7827,Streamer_6827,Esports,5697.0,7.3
7679,Streamer_6679,Just Chatting,26160.0,1.2
15425,Streamer_14425,Musica,13802.0,4.7
8105,Streamer_7105,Arte,36621.0,1.2
12544,Streamer_11544,Esports,29885.0,10.5
19643,Streamer_18643,Musica,18713.0,1.2
10951,Streamer_9951,Gaming,3865.0,7.1
8215,Streamer_7215,Musica,27971.0,7.2
8656,Streamer_7656,Gaming,44904.0,2.6
10022,Streamer_9022,Esports,210.0,4.6
18600,Streamer_17600,Musica,22176.0,5.7
5554,Streamer_4554,Gaming,23412.0,8.3
12675,Streamer_11675,Musica,40873.0,2.4
17730,Streamer_16730,Just Chatting,5468.0,8.2
12516,Streamer_11516,Esports,41105.0,6.5
16869,Streamer_15869,Arte,3241.0,9.6
11180,Streamer_10180,Gaming,45733.0,10.7
7389,Streamer_6389,Arte,22759.0,5.5
12038,Streamer_11038,Just Chatting,36780.0,1.2
16757,Streamer_15757,Arte,47425.0,6.2
19221,Streamer_18221,Musica,30124.0,11.2
6451,,Arte,40164.0,10.7
3493,Streamer_2493,Musica,3546.0,11.1
18997,Streamer_17997,Gaming,40330.0,7.4
9941,Streamer_8941,Musica,38061.0,6.1
2765,Streamer_1765,Arte,4851.0,6.2
10447,Streamer_9447,Just Chatting,48339.0,6.0
4414,Streamer_3414,Arte,8120.0,3.4
19459,Streamer_18459,Arte,29409.0,1.5
19813,Streamer_18813,Gaming,38456.0,2.4
12012,Streamer_11012,Just Chatting,20248.0,1.4
19383,Streamer_18383,Just Chatting,26254.0,8.9
4667,Streamer_3667,Arte,4960.0,9.9
12553,Streamer_11553,Just Chatting,31829.0,5.6
16403,Streamer_15403,Gaming,36020.0,9.7
18176,Streamer_17176,Just Chatting,46061.0,6.7
10483,Streamer_9483,Gaming,10813.0,8.8
19403,Streamer_18403,Arte,30729.0,4.9
11840,Streamer_10840,Arte,49991.0,8.4
20703,Streamer_19703,Just Chatting,7475.0,1.8
4216,Streamer_3216,Arte,872.0,2.6
13579,Streamer_12579,Musica,2870.0,11.1
4549,Streamer_3549,Esports,17168.0,9.0
10338,Streamer_9338,Gaming,37980.0,9.9
4122,Streamer_3122,Musica,13247.0,5.3
18305,Streamer_17305,Esports,30673.0,7.6
1004,Streamer_4,Just Chatting,40268.0,1.9
1540,Streamer_540,Musica,2054.0,11.9
7680,Streamer_6680,Musica,20590.0,6.8
5791,Streamer_4791,Arte,20334.0,2.3
3716,Streamer_2716,Arte,36170.0,1.3
10614,Streamer_9614,Just Chatting,43699.0,6.8
3412,Streamer_2412,Musica,2502.0,11.6
19425,Streamer_18425,Musica,19618.0,4.0
13488,Streamer_12488,Arte,17867.0,6.3
8193,Streamer_7193,Just Chatting,45233.0,1.8
12257,Streamer_11257,Musica,9761.0,7.7
17721,Streamer_16721,Gaming,26775.0,7.8
4924,Streamer_3924,Musica,29421.0,6.1
3885,Streamer_2885,Just Chatting,29725.0,5.1
19450,Streamer_18450,Musica,15987.0,9.1
15625,Streamer_14625,Arte,2332.0,4.8
12802,Streamer_11802,Esports,25454.0,3.3
6754,Streamer_5754,Just Chatting,30546.0,8.8
10160,Streamer_9160,Musica,9127.0,1.8
10071,Streamer_9071,Arte,3624.0,1.2
20852,Streamer_19852,Musica,43167.0,8.9
13367,Streamer_12367,Musica,28894.0,6.9
17748,Streamer_16748,Esports,19426.0,11.2
17740,Streamer_16740,Arte,31026.0,1.4
20625,Streamer_19625,Esports,32722.0,8.3
11309,Streamer_10309,Just Chatting,25884.0,3.2
2759,Streamer_1759,Esports,28306.0,4.6
12128,Streamer_11128,Just Chatting,2202.0,8.2
20720,Streamer_19720,Musica,43802.0,4.1
15148,Streamer_14148,Gaming,26103.0,8.1
8545,Streamer_7545,Musica,6985.0,8.2
15614,Streamer_14614,Just Chatting,18282.0,2.7
4715,Streamer_3715,Arte,38121.0,8.0
2728,Streamer_1728,Just Chatting,1511.0,6.8
8217,Streamer_7217,Just Chatting,20738.0,9.2
3017,Streamer_2017,Just Chatting,26734.0,1.9
5545,Streamer_4545,Just Chatting,1389.0,9.6
3823,Streamer_2823,Gaming,4330.0,10.5
3280,Streamer_2280,Arte,28193.0,10.8
19874,Streamer_18874,Gaming,45590.0,4.5
6497,Streamer_5497,Gaming,10661.0,3.9
15635,Streamer_14635,Arte,28445.0,10.7
2603,Streamer_1603,Esports,8539.0,8.9
13725,Streamer_12725,Gaming,9742.0,3.5
16231,Streamer_15231,Arte,27430.0,8.0
18774,Streamer_17774,Arte,5277.0,9.2
14255,Streamer_13255,Gaming,40388.0,8.6
1737,Streamer_737,Musica,6606.0,1.1
4538,Streamer_3538,,32206.0,7.5
6374,Streamer_5374,Just Chatting,46719.0,11.4
8187,Streamer_7187,Musica,12220.0,10.5
15951,Streamer_14951,,5642.0,8.3
11802,Streamer_10802,Musica,19819.0,1.4
12273,Streamer_11273,Just Chatting,16570.0,9.6
10871,Streamer_9871,Esports,24784.0,10.3
1402,Streamer_402,Arte,30838.0,8.7
14448,Streamer_13448,Esports,45408.0,1.8
5261,Streamer_4261,Just Chatting,37722.0,11.8
9035,Streamer_8035,Musica,28074.0,3.2
9888,Streamer_8888,Arte,48321.0,9.1
5070,Streamer_4070,Just Chatting,47619.0,3.9
11520,Streamer_10520,Gaming,22344.0,7.3
18217,Streamer_17217,Arte,18867.0,6.9
1242,Streamer_242,Arte,13337.0,6.9
3482,Streamer_2482,Musica,17221.0,1.6
11777,Streamer_10777,Arte,28148.0,5.4
7944,Streamer_6944,Gaming,2568.0,4.5
6708,Streamer_5708,Gaming,525.0,8.8
14611,Streamer_13611,Arte,7229.0,6.8
7043,Streamer_6043,Musica,13445.0,9.9
15219,Streamer_14219,Gaming,27735.0,2.0
7259,Streamer_6259,Musica,27708.0,5.7
16194,Streamer_15194,Esports,26470.0,2.1
6749,Streamer_5749,Gaming,43486.0,4.7
16591,Streamer_15591,Just Chatting,9282.0,9.5
19747,Streamer_18747,Esports,24030.0,5.9
13678,Streamer_12678,Gaming,28828.0,6.4
9973,Streamer_8973,Esports,9423.0,1.8
8456,Streamer_7456,Arte,44064.0,8.9
4086,Streamer_3086,Just Chatting,48744.0,3.5
6129,Streamer_5129,Arte,37643.0,6.6
18477,Streamer_17477,Just Chatting,7006.0,4.2
9556,Streamer_8556,Arte,23180.0,8.0
4766,Streamer_3766,Arte,9318.0,7.3
13914,Streamer_12914,Just Chatting,6692.0,11.1
16900,Streamer_15900,Arte,15316.0,1.2
9093,Streamer_8093,Gaming,29602.0,6.2
10757,Streamer_9757,Esports,35430.0,8.9
2267,Streamer_1267,Musica,43812.0,6.2
14769,Streamer_13769,Arte,15642.0,7.4
4203,Streamer_3203,Gaming,4161.0,3.9
4844,Streamer_3844,Just Chatting,39217.0,4.4
5704,Streamer_4704,Esports,39841.0,4.3
6020,Streamer_5020,Esports,29834.0,5.8
19789,Streamer_18789,Musica,42458.0,9.2
3617,Streamer_2617,Musica,39045.0,2.5
10154,Streamer_9154,Gaming,9296.0,10.6
13127,Streamer_12127,Esports,37996.0,8.5
20865,Streamer_19865,Just Chatting,43620.0,1.9
18365,Streamer_17365,Musica,44352.0,5.2
14143,Streamer_13143,Arte,10054.0,7.0
12118,Streamer_11118,Arte,31594.0,6.1
14501,Streamer_13501,Just Chatting,12148.0,11.2
3692,Streamer_2692,Arte,31659.0,4.5
7108,Streamer_6108,Esports,678.0,2.3
19260,Streamer_18260,Arte,23040.0,2.0
18597,Streamer_17597,Musica,2765.0,8.6
6500,Streamer_5500,Gaming,193.0,11.1
14956,Streamer_13956,Just Chatting,44812.0,10.5
19771,Streamer_18771,Esports,10489.0,4.0
14792,Streamer_13792,Musica,32743.0,10.5
12657,Streamer_11657,Esports,17321.0,10.7
13198,Streamer_12198,Musica,26296.0,10.2
4418,Streamer_3418,Esports,10019.0,5.6
17585,Streamer_16585,Esports,37400.0,4.7
17661,Streamer_16661,Gaming,7896.0,5.4
12667,Streamer_11667,Gaming,13261.0,9.8
10227,Streamer_9227,Gaming,9749.0,1.6
8402,Streamer_7402,Gaming,14827.0,11.2
18454,Streamer_17454,Gaming,11707.0,3.8
14875,Streamer_13875,Arte,3079.0,5.0
10973,Streamer_9973,Musica,1719.0,8.0
4236,Streamer_3236,Musica,8546.0,7.8
12276,Streamer_11276,Arte,13066.0,4.2
3721,Streamer_2721,Esports,33145.0,9.8
4270,Streamer_3270,Gaming,30464.0,4.4
10291,Streamer_9291,Just Chatting,4681.0,10.3
15851,Streamer_14851,Just Chatting,23070.0,2.5
10477,Streamer_9477,Gaming,49603.0,3.6
19642,Streamer_18642,Esports,4652.0,8.0
13249,Streamer_12249,Gaming,37681.0,6.4
17997,Streamer_16997,Arte,47214.0,11.5
8216,Streamer_7216,Just Chatting,47794.0,9.6
8861,Streamer_7861,Musica,31593.0,2.7
5683,Streamer_4683,Esports,8396.0,10.8
12447,Streamer_11447,Musica,19047.0,10.5
5804,Streamer_4804,Esports,25727.0,10.7
18648,Streamer_17648,Arte,33225.0,4.7
13594,Streamer_12594,Arte,48343.0,8.3
14164,Streamer_13164,Just Chatting,39521.0,1.1
8674,Streamer_7674,Just Chatting,49606.0,10.0
7971,Streamer_6971,Gaming,28171.0,11.7
15189,Streamer_14189,Just Chatting,38080.0,1.5
5532,Streamer_4532,Gaming,1643.0,4.9
5010,Streamer_4010,Arte,13749.0,1.7
18605,Streamer_17605,Just Chatting,46028.0,8.4
20861,Streamer_19861,Arte,23830.0,1.9
13361,Streamer_12361,Just Chatting,29431.0,6.5
13438,Streamer_12438,Musica,12829.0,6.1
13487,Streamer_12487,Musica,24503.0,5.7
5433,Streamer_4433,Gaming,44978.0,7.7
9872,Streamer_8872,Gaming,8618.0,1.3
20561,Streamer_19561,Arte,23488.0,11.1
8346,Streamer_7346,Arte,7364.0,10.0
5890,Streamer_4890,Esports,20316.0,5.4
16572,Streamer_15572,Gaming,3626.0,5.3
1281,Streamer_281,Gaming,30338.0,5.0
1356,Streamer_356,Gaming,20872.0,6.4
15515,Streamer_14515,Just Chatting,29893.0,4.7
9340,Streamer_8340,Just Chatting,13056.0,3.0
12792,Streamer_11792,Gaming,43415.0,4.5
12100,Streamer_11100,Gaming,46397.0,5.8
13285,Streamer_12285,Gaming,24167.0,7.5
20048,Streamer_19048,Esports,15050.0,3.1
16440,Streamer_15440,Esports,20431.0,2.2
20107,Streamer_19107,Esports,10549.0,11.2
10144,Streamer_9144,Esports,25072.0,10.3
1438,Streamer_438,Arte,36937.0,8.2
1909,Streamer_909,Musica,18934.0,8.8
20211,Streamer_19211,Gaming,33537.0,1.2
14666,Streamer_13666,Just Chatting,40152.0,7.9
17002,Streamer_16002,Arte,11182.0,11.0
12868,Streamer_11868,Just Chatting,36758.0,10.3
14470,Streamer_13470,Esports,45488.0,1.8
16764,Streamer_15764,Gaming,36902.0,1.3
19541,Streamer_18541,Just Chatting,26620.0,2.9
7225,Streamer_6225,Esports,31241.0,5.1
16006,Streamer_15006,Arte,45262.0,8.0
4511,Streamer_3511,Gaming,19018.0,6.6
19968,Streamer_18968,Musica,30105.0,3.0
6094,Streamer_5094,Just Chatting,40882.0,1.7
3118,Streamer_2118,Arte,41545.0,10.3
4786,Streamer_3786,Esports,38490.0,2.8
19377,Streamer_18377,Musica,25412.0,9.1
16157,Streamer_15157,Musica,22186.0,4.2
9232,Streamer_8232,Musica,26279.0,9.9
17399,Streamer_16399,Arte,27801.0,7.8
14314,Streamer_13314,Arte,23031.0,5.0
10611,Streamer_9611,Gaming,1013.0,9.2
13658,Streamer_12658,Gaming,16296.0,2.7
5452,Streamer_4452,Musica,26997.0,4.5
18779,Streamer_17779,Musica,35714.0,2.8
8021,Streamer_7021,Gaming,47764.0,10.3
3838,Streamer_2838,Gaming,42784.0,2.0
5270,Streamer_4270,Musica,36798.0,5.6
7334,Streamer_6334,Musica,34763.0,1.7
19182,Streamer_18182,Gaming,32371.0,11.0
5665,Streamer_4665,Arte,16806.0,4.3
15884,Streamer_14884,Just Chatting,29227.0,8.2
4719,Streamer_3719,Arte,26207.0,6.7
17686,Streamer_16686,Musica,23203.0,10.4
15944,Streamer_14944,Gaming,31899.0,2.3
13075,Streamer_12075,Esports,36494.0,7.6
9073,Streamer_8073,Just Chatting,14776.0,2.6
17539,Streamer_16539,Gaming,6793.0,10.5
1295,Streamer_295,Musica,,3.8
12568,Streamer_11568,Esports,6027.0,3.5
3303,Streamer_2303,Arte,26228.0,7.2
7925,Streamer_6925,Just Chatting,23378.0,5.1
13113,Streamer_12113,Musica,49701.0,7.7
12305,Streamer_11305,Esports,42342.0,2.1
10738,Streamer_9738,Just Chatting,21544.0,10.2
13105,Streamer_12105,Esports,11037.0,2.2
8382,Streamer_7382,Arte,34624.0,1.6
3931,Streamer_2931,Arte,275.0,5.7
16635,Streamer_15635,Arte,36296.0,5.2
7040,Streamer_6040,Just Chatting,12411.0,8.7
15265,Streamer_14265,Arte,749.0,3.2
9420,Streamer_8420,Just Chatting,,3.9
9985,Streamer_8985,Musica,18531.0,9.8
11137,Streamer_10137,Just Chatting,42217.0,6.7
7411,Streamer_6411,Just Chatting,,8.7
14562,Streamer_13562,Arte,20844.0,12.0
20876,Streamer_19876,Musica,33547.0,1.9
7223,Streamer_6223,Musica,1036.0,10.2
1522,Streamer_522,Gaming,27319.0,5.5
2477,Streamer_1477,Arte,40781.0,3.0
14058,Streamer_13058,,35255.0,7.6
3515,Streamer_2515,Arte,10684.0,8.9
4624,Streamer_3624,Esports,48208.0,9.5
16883,Streamer_15883,Gaming,13474.0,7.4
19969,Streamer_18969,Musica,10641.0,11.7
11759,Streamer_10759,Gaming,40985.0,3.2
15950,Streamer_14950,Musica,28439.0,10.1
19238,Streamer_18238,Arte,36623.0,4.7
6843,Streamer_5843,Just Chatting,4093.0,9.0
6223,Streamer_5223,Gaming,2990.0,4.3
3049,Streamer_2049,Gaming,23325.0,10.4
14162,Streamer_13162,Musica,19251.0,8.7
6908,Streamer_5908,Arte,35165.0,11.8
19925,Streamer_18925,Esports,13906.0,2.6
16051,Streamer_15051,Musica,43144.0,10.8
18182,Streamer_17182,Just Chatting,2100.0,11.3
12190,Streamer_11190,Gaming,7843.0,10.1
16874,Streamer_15874,Gaming,22679.0,10.0
8714,Streamer_7714,Just Chatting,42786.0,4.9
8594,Streamer_7594,Gaming,39914.0,5.0
14732,Streamer_13732,Gaming,9652.0,5.8
3080,Streamer_2080,Just Chatting,32075.0,3.0
3349,Streamer_2349,Musica,12632.0,9.2
14179,Streamer_13179,Gaming,34507.0,2.9
19108,Streamer_18108,Gaming,39585.0,5.9
11701,Streamer_10701,Esports,4090.0,5.7
15768,Streamer_14768,Musica,305.0,7.5
16599,Streamer_15599,Gaming,19790.0,12.0
8486,Streamer_7486,Gaming,12485.0,2.6
3341,Streamer_2341,Just Chatting,47884.0,5.3
1536,Streamer_536,Arte,47440.0,1.4
17580,Streamer_16580,Esports,38120.0,6.8
20629,Streamer_19629,Just Chatting,48839.0,7.6
17537,Streamer_16537,Just Chatting,30308.0,7.8
17332,Streamer_16332,Just Chatting,26016.0,6.6
6894,Streamer_5894,Arte,35431.0,7.9
18091,Streamer_17091,Arte,20817.0,9.0
1342,Streamer_342,Gaming,27978.0,5.2
1944,Streamer_944,Gaming,17690.0,9.2
9043,Streamer_8043,Just Chatting,4976.0,3.8
13598,Streamer_12598,Musica,12736.0,7.7
20975,Streamer_19975,Esports,38393.0,9.0
14022,Streamer_13022,Esports,28682.0,4.3
5455,Streamer_4455,Gaming,40781.0,7.3
1072,Streamer_72,Esports,9698.0,4.9
18972,Streamer_17972,Just Chatting,7621.0,3.9
5130,Streamer_4130,Gaming,49232.0,11.5
11043,Streamer_10043,,20016.0,6.0
1409,Streamer_409,Gaming,28220.0,11.7
20023,Streamer_19023,Esports,36237.0,8.0
2514,Streamer_1514,Arte,27349.0,3.0
5820,Streamer_4820,Esports,10204.0,7.2
11784,Streamer_10784,Esports,27424.0,11.8
10362,Streamer_9362,Gaming,2623.0,10.9
8325,Streamer_7325,Arte,41821.0,5.4
5666,Streamer_4666,Esports,37185.0,4.4
6767,,Esports,6734.0,5.5
12649,Streamer_11649,Gaming,31688.0,7.1
10803,Streamer_9803,Musica,48568.0,11.3
20426,Streamer_19426,Just Chatting,4417.0,3.9
6969,Streamer_5969,Esports,48082.0,10.4
11181,Streamer_10181,Gaming,25266.0,5.5
20873,Streamer_19873,Musica,37592.0,4.4
15818,Streamer_14818,Musica,998.0,9.9
20840,Streamer_19840,Musica,18054.0,8.8
1794,Streamer_794,Just Chatting,4226.0,1.9
11620,Streamer_10620,Gaming,3382.0,6.0
3086,Streamer_2086,Arte,48665.0,8.1
9065,Streamer_8065,Arte,45158.0,10.8
11044,Streamer_10044,Arte,26023.0,5.8
5137,Streamer_4137,Just Chatting,17447.0,8.2
2220,Streamer_1220,Esports,16499.0,11.4
5045,Streamer_4045,Esports,22130.0,3.5
8084,Streamer_7084,Arte,2312.0,11.0
12219,Streamer_11219,Gaming,34822.0,3.1
3466,Streamer_2466,Just Chatting,16357.0,3.1
2757,Streamer_1757,Just Chatting,49398.0,8.5
7053,Streamer_6053,Esports,41550.0,1.9
20818,Streamer_19818,Musica,36925.0,10.2
10380,Streamer_9380,Gaming,9489.0,4.5
5108,Streamer_4108,Gaming,14214.0,9.3
3338,Streamer_2338,Just Chatting,28454.0,6.1
17292,Streamer_16292,Gaming,18251.0,8.9
12186,Streamer_11186,Arte,13691.0,6.4
2745,Streamer_1745,Esports,28067.0,6.7
10517,Streamer_9517,Just Chatting,15736.0,8.8
10250,Streamer_9250,Gaming,19870.0,11.8
3975,Streamer_2975,,7864.0,7.4
12238,Streamer_11238,Just Chatting,41158.0,6.6
9612,Streamer_8612,Just Chatting,1166.0,11.4
7198,Streamer_6198,Esports,6496.0,11.1
2982,Streamer_1982,Musica,10094.0,10.5
18397,Streamer_17397,Gaming,44149.0,9.0
5052,Streamer_4052,Esports,23759.0,5.5
8138,Streamer_7138,,20474.0,6.6
18393,Streamer_17393,Just Chatting,12232.0,4.6
7906,Streamer_6906,Arte,38751.0,4.3
20615,Streamer_19615,Musica,36267.0,4.3
13007,Streamer_12007,,19688.0,10.1
5087,Streamer_4087,Just Chatting,22182.0,7.7
18342,Streamer_17342,Esports,45920.0,3.8
16169,Streamer_15169,Esports,34864.0,10.0
2663,Streamer_1663,Esports,7684.0,1.6
1381,Streamer_381,Just Chatting,14016.0,3.2
17840,Streamer_16840,Musica,20006.0,11.9
16519,Streamer_15519,Gaming,43695.0,1.9
5482,Streamer_4482,Esports,7067.0,1.8
7166,Streamer_6166,Musica,24755.0,7.1
7778,Streamer_6778,Esports,11030.0,4.3
1887,Streamer_887,Esports,43108.0,10.0
16911,Streamer_15911,Esports,39687.0,6.8
4792,Streamer_3792,Gaming,3210.0,2.8
11865,Streamer_10865,Just Chatting,2871.0,4.4
8944,Streamer_7944,Gaming,11301.0,10.0
16425,Streamer_15425,Arte,30287.0,2.1
8966,Streamer_7966,Gaming,43917.0,10.8
5228,Streamer_4228,Esports,28946.0,5.2
10162,Streamer_9162,Musica,32232.0,10.9
9343,Streamer_8343,Musica,23732.0,3.5
11188,Streamer_10188,Musica,4183.0,2.4
18996,Streamer_17996,Just Chatting,21581.0,6.0
8064,Streamer_7064,Gaming,21985.0,5.8
5616,Streamer_4616,Arte,15505.0,4.6
19070,Streamer_18070,Gaming,39699.0,11.7
18999,Streamer_17999,Arte,26351.0,9.3
16290,Streamer_15290,Esports,44760.0,12.0
18142,Streamer_17142,Just Chatting,38288.0,8.4
12884,Streamer_11884,Gaming,20040.0,6.5
10722,Streamer_9722,Just Chatting,37154.0,5.4
16438,Streamer_15438,Esports,40669.0,2.8
9546,Streamer_8546,Esports,48872.0,5.9
20345,Streamer_19345,Just Chatting,37934.0,8.5
15653,Streamer_14653,Musica,13057.0,8.4
1062,Streamer_62,Gaming,12816.0,8.8
2859,Streamer_1859,Just Chatting,49182.0,10.8
6017,Streamer_5017,Musica,49120.0,3.9
10206,Streamer_9206,Arte,31204.0,5.7
8507,Streamer_7507,Esports,15044.0,11.8
15578,Streamer_14578,Gaming,14522.0,3.9
20311,Streamer_19311,Arte,49510.0,1.5
14655,Streamer_13655,Musica,27238.0,3.6
1186,Streamer_186,Esports,3724.0,8.0
1298,Streamer_298,Musica,16687.0,10.9
9717,Streamer_8717,Just Chatting,35206.0,2.0
6499,Streamer_5499,Arte,30650.0,5.4
10351,Streamer_9351,Gaming,27850.0,3.2
19197,Streamer_18197,Esports,17073.0,2.6
8959,Streamer_7959,Arte,16344.0,6.7
18125,Streamer_17125,Arte,28939.0,2.8
12887,Streamer_11887,Musica,30888.0,5.5
19821,Streamer_18821,Arte,1773.0,7.4
11311,Streamer_10311,Esports,32017.0,4.2
1577,Streamer_577,Just Chatting,44356.0,7.7
9618,Streamer_8618,Musica,45385.0,12.0
3805,Streamer_2805,Arte,18173.0,11.2
8267,Streamer_7267,Just Chatting,16426.0,4.2
2202,Streamer_1202,Arte,4891.0,2.0
5788,Streamer_4788,Esports,7916.0,4.7
5198,Streamer_4198,Just Chatting,4672.0,7.1
7450,Streamer_6450,Just Chatting,9838.0,3.3
12877,Streamer_11877,Esports,42132.0,3.5
12079,Streamer_11079,Gaming,40053.0,4.5
4348,Streamer_3348,Musica,16376.0,4.2
9662,Streamer_8662,Arte,45454.0,7.5
16390,Streamer_15390,Just Chatting,27366.0,7.2
13499,Streamer_12499,Gaming,26322.0,1.9
15949,Streamer_14949,Just Chatting,12813.0,10.5
11039,Streamer_10039,Esports,30514.0,11.4
16047,Streamer_15047,Just Chatting,43624.0,10.7
8619,Streamer_7619,Esports,41259.0,10.0
1014,Streamer_14,Musica,,1.9
16485,Streamer_15485,Just Chatting,43761.0,5.6
11867,Streamer_10867,Gaming,32610.0,3.0
2286,Streamer_1286,Esports,6764.0,4.0
4243,Streamer_3243,Just Chatting,7558.0,11.5
2487,Streamer_1487,Musica,9194.0,6.7
16722,Streamer_15722,Esports,5366.0,5.2
1793,Streamer_793,Arte,30211.0,10.3
8268,Streamer_7268,Arte,44934.0,11.3
18143,Streamer_17143,Gaming,19089.0,3.2
5977,Streamer_4977,Gaming,36193.0,10.9
18968,Streamer_17968,Just Chatting,10855.0,3.9
20194,Streamer_19194,Arte,5483.0,4.6
14187,Streamer_13187,Musica,18956.0,9.2
13462,Streamer_12462,Arte,1016.0,4.4
10272,Streamer_9272,Just Chatting,44290.0,2.5
18813,Streamer_17813,Arte,13777.0,1.7
18500,Streamer_17500,Musica,28936.0,1.9
5549,Streamer_4549,Just Chatting,39397.0,11.3
6209,Streamer_5209,Esports,30243.0,2.6
18943,Streamer_17943,Gaming,35203.0,8.4
1694,Streamer_694,,43296.0,1.8
10176,Streamer_9176,Gaming,7655.0,10.4
4760,Streamer_3760,Musica,9835.0,6.9
20706,Streamer_19706,Esports,24052.0,1.4
20951,Streamer_19951,Musica,13742.0,4.0
5738,Streamer_4738,Esports,47639.0,2.8
20075,Streamer_19075,Esports,13827.0,1.5
17995,Streamer_16995,Arte,8274.0,6.4
2632,Streamer_1632,Just Chatting,26630.0,7.6
10795,Streamer_9795,Musica,1071.0,11.9
19424,Streamer_18424,Arte,48671.0,4.9
4112,Streamer_3112,Esports,941.0,1.6
13266,Streamer_12266,Arte,19317.0,9.8
10133,Streamer_9133,Arte,45203.0,6.4
6710,Streamer_5710,,9357.0,7.6
11682,Streamer_10682,Just Chatting,20416.0,1.3
19645,Streamer_18645,Musica,26803.0,1.9
6061,Streamer_5061,Just Chatting,31016.0,5.1
17264,Streamer_16264,Musica,1207.0,1.7
11341,Streamer_10341,Just Chatting,5865.0,9.8
14962,Streamer_13962,Musica,27474.0,4.3
16427,Streamer_15427,Esports,28019.0,5.7
16496,Streamer_15496,Esports,45376.0,9.5
19135,Streamer_18135,Gaming,24400.0,8.3
13494,Streamer_12494,Gaming,27408.0,10.0
9779,Streamer_8779,Esports,937.0,10.5
9887,Streamer_8887,Arte,47688.0,10.0
5528,Streamer_4528,Esports,39264.0,5.9
15733,Streamer_14733,,38876.0,9.1
6676,Streamer_5676,Musica,43285.0,11.1
13238,Streamer_12238,Just Chatting,44931.0,5.3
13644,Streamer_12644,Just Chatting,12867.0,5.8
9184,Streamer_8184,Musica,40703.0,11.9
9347,Streamer_8347,Musica,43580.0,5.5
19320,Streamer_18320,Just Chatting,9267.0,3.6
16138,,Arte,30369.0,1.0
20969,Streamer_19969,Esports,19542.0,9.8
8315,Streamer_7315,Gaming,1802.0,3.7
8078,Streamer_7078,Just Chatting,47446.0,5.8
2938,Streamer_1938,Just Chatting,26866.0,11.3
13153,Streamer_12153,Musica,38734.0,3.0
8011,Streamer_7011,Musica,26292.0,3.0
19730,Streamer_18730,Arte,5269.0,11.9
15464,Streamer_14464,Arte,32188.0,2.6
13814,Streamer_12814,Just Chatting,28532.0,3.5
1487,Streamer_487,Arte,15602.0,7.2
12893,Streamer_11893,Just Chatting,13034.0,9.3
7576,Streamer_6576,Esports,44146.0,2.3
18838,Streamer_17838,Esports,5615.0,10.7
15203,Streamer_14203,Arte,43650.0,7.6
16304,Streamer_15304,Gaming,42055.0,9.1
8003,Streamer_7003,Gaming,26935.0,9.4
4308,Streamer_3308,,35608.0,10.9
9044,Streamer_8044,Just Chatting,35559.0,1.6
18212,Streamer_17212,Musica,3840.0,4.2
18990,Streamer_17990,Gaming,30914.0,7.9
19905,Streamer_18905,Just Chatting,1712.0,9.5
20983,Streamer_19983,Just Chatting,21608.0,10.4
12372,Streamer_11372,Arte,11030.0,7.0
14750,Streamer_13750,Just Chatting,1772.0,8.0
15832,Streamer_14832,Musica,28135.0,9.8
17699,Streamer_16699,,18364.0,5.3
2135,Streamer_1135,Esports,23968.0,10.3
16749,Streamer_15749,Musica,46835.0,5.9
11055,Streamer_10055,Just Chatting,38986.0,8.3
15389,Streamer_14389,Just Chatting,35107.0,3.2
19827,Streamer_18827,Esports,36624.0,10.3
20173,Streamer_19173,Just Chatting,45096.0,7.5
20093,Streamer_19093,Just Chatting,1059.0,9.9
5765,,Just Chatting,30798.0,5.7
3818,Streamer_2818,Just Chatting,1390.0,10.0
8768,Streamer_7768,Esports,8441.0,10.4
15100,Streamer_14100,Just Chatting,44707.0,8.0
8763,Streamer_7763,Just Chatting,25825.0,5.0
2650,Streamer_1650,Just Chatting,15322.0,8.3
6034,Streamer_5034,Esports,508.0,8.8
20036,Streamer_19036,Arte,31126.0,5.2
1160,Streamer_160,Just Chatting,,3.1
17391,Streamer_16391,Gaming,48232.0,8.3
18550,Streamer_17550,Gaming,5780.0,11.4
7942,Streamer_6942,Just Chatting,13705.0,8.5
17833,Streamer_16833,Musica,10186.0,7.4
14172,Streamer_13172,Arte,11630.0,10.7
14754,Streamer_13754,Musica,19987.0,9.5
1516,Streamer_516,Just Chatting,27783.0,7.8
16743,Streamer_15743,Gaming,42476.0,6.4
2080,Streamer_1080,Musica,12589.0,4.5
18887,Streamer_17887,Esports,7395.0,10.5
8437,Streamer_7437,Arte,,8.4
11012,Streamer_10012,Esports,15054.0,4.1
9644,Streamer_8644,Just Chatting,27483.0,9.5
4039,Streamer_3039,Arte,14912.0,4.8
19985,Streamer_18985,Gaming,6234.0,2.9
1275,Streamer_275,Musica,25354.0,1.0
6651,Streamer_5651,Just Chatting,14982.0,8.8
12694,Streamer_11694,Musica,10874.0,2.2
14615,Streamer_13615,Musica,3682.0,5.8
13101,Streamer_12101,,532.0,3.4
8880,Streamer_7880,Gaming,29174.0,10.4
3886,Streamer_2886,Arte,830.0,7.5
13459,Streamer_12459,Gaming,13709.0,10.4
12722,Streamer_11722,Gaming,39985.0,8.1
3323,Streamer_2323,Esports,1340.0,6.7
11980,Streamer_10980,Arte,49649.0,3.5
14392,Streamer_13392,Just Chatting,6725.0,5.5
9825,Streamer_8825,Just Chatting,8363.0,5.5
16723,Streamer_15723,Arte,43298.0,3.1
6091,Streamer_5091,Gaming,4465.0,5.9
10514,Streamer_9514,Esports,45161.0,11.3
8617,Streamer_7617,Musica,46620.0,6.1
8903,Streamer_7903,Gaming,42068.0,6.3
1066,Streamer_66,Gaming,8051.0,2.8
19986,Streamer_18986,Just Chatting,47878.0,3.4
17419,Streamer_16419,Gaming,15280.0,4.1
9296,Streamer_8296,Gaming,11377.0,5.2
12240,Streamer_11240,Musica,1282.0,2.7
18800,Streamer_17800,Musica,15750.0,5.9
6542,Streamer_5542,Esports,628.0,8.2
7292,Streamer_6292,Musica,41322.0,1.5
1099,Streamer_99,Esports,14815.0,3.7
1760,Streamer_760,Musica,24620.0,8.3
17634,Streamer_16634,Arte,27291.0,4.9
3432,Streamer_2432,Musica,42385.0,5.7
3386,Streamer_2386,Esports,38086.0,7.7
10608,Streamer_9608,Esports,40777.0,4.5
9933,Streamer_8933,Gaming,45253.0,1.6
17945,Streamer_16945,Arte,44810.0,1.5
4777,Streamer_3777,Arte,49908.0,3.0
2352,Streamer_1352,Esports,2575.0,6.2
3611,Streamer_2611,Gaming,33874.0,4.5
13793,Streamer_12793,Arte,48827.0,7.6
1721,Streamer_721,Arte,49250.0,7.3
8246,Streamer_7246,Musica,28137.0,2.4
7975,Streamer_6975,Esports,7324.0,6.4
13301,Streamer_12301,Gaming,31515.0,6.7
1620,Streamer_620,Musica,18161.0,11.5
9958,Streamer_8958,Arte,14982.0,7.8
18701,Streamer_17701,Gaming,529.0,9.6
2366,Streamer_1366,Just Chatting,30085.0,4.5
11242,Streamer_10242,Gaming,7177.0,2.8
12252,Streamer_11252,Just Chatting,13377.0,4.2
8887,Streamer_7887,Gaming,7444.0,8.2
6169,Streamer_5169,Musica,44489.0,9.4
14072,Streamer_13072,Musica,48310.0,8.8
1813,Streamer_813,Musica,23756.0,7.1
7235,Streamer_6235,Just Chatting,5015.0,2.0
14498,Streamer_13498,Musica,1175.0,10.7
8438,Streamer_7438,Arte,45751.0,6.1
17210,Streamer_16210,Arte,32309.0,7.8
1435,Streamer_435,Just Chatting,9615.0,3.9
10297,Streamer_9297,Musica,44466.0,7.9
8460,Streamer_7460,Gaming,17721.0,2.4
14920,Streamer_13920,Gaming,7928.0,2.4
11815,Streamer_10815,Musica,34672.0,6.6
4168,Streamer_3168,Arte,37695.0,3.6
15363,Streamer_14363,Just Chatting,13667.0,3.9
13503,Streamer_12503,Musica,39911.0,8.4
7631,Streamer_6631,Just Chatting,7493.0,10.8
8891,Streamer_7891,Just Chatting,250.0,2.5
8786,Streamer_7786,Esports,41816.0,10.9
6993,Streamer_5993,Gaming,32190.0,5.6
12691,Streamer_11691,Just Chatting,12094.0,5.9
8780,Streamer_7780,Arte,16176.0,10.3
8954,Streamer_7954,Esports,18266.0,3.1
7516,Streamer_6516,Arte,46880.0,10.6
19122,Streamer_18122,Arte,41363.0,8.6
9370,Streamer_8370,Arte,49136.0,9.9
10501,Streamer_9501,Gaming,11679.0,9.0
13680,Streamer_12680,Esports,42521.0,8.9
3029,Streamer_2029,Musica,2040.0,7.2
17335,Streamer_16335,Gaming,8393.0,11.4
2695,Streamer_1695,Arte,34957.0,7.7
17120,Streamer_16120,Musica,40374.0,4.5
11613,Streamer_10613,Musica,30913.0,4.7
1299,Streamer_299,Arte,40333.0,10.2
14100,Streamer_13100,Esports,31876.0,5.2
10563,Streamer_9563,Arte,10981.0,9.9
3257,Streamer_2257,Esports,33459.0,6.0
3489,Streamer_2489,Just Chatting,25234.0,4.4
18046,Streamer_17046,Gaming,36447.0,8.9
10196,Streamer_9196,Esports,25595.0,7.0
3727,Streamer_2727,Musica,19072.0,2.5
11380,Streamer_10380,Gaming,13727.0,9.0
13259,Streamer_12259,Esports,19788.0,1.3
19521,Streamer_18521,Musica,11463.0,11.1
2925,Streamer_1925,Musica,13082.0,1.4
6936,Streamer_5936,Esports,43693.0,2.2
3234,,Just Chatting,14804.0,7.6
10269,Streamer_9269,Just Chatting,39257.0,1.3
6106,Streamer_5106,Esports,26068.0,3.0
7832,Streamer_6832,Arte,26809.0,9.3
10713,Streamer_9713,Arte,11576.0,9.2
17613,Streamer_16613,Musica,1225.0,10.7
14296,Streamer_13296,Esports,43084.0,5.6
11696,Streamer_10696,Esports,41245.0,1.8
20537,Streamer_19537,Arte,23120.0,6.2
16925,Streamer_15925,Musica,41386.0,7.9
5986,Streamer_4986,Gaming,307.0,7.9
19973,Streamer_18973,Esports,30926.0,11.8
9266,Streamer_8266,Esports,16040.0,11.4
2390,Streamer_1390,Esports,43401.0,8.1
1232,Streamer_232,Just Chatting,45389.0,4.9
1070,Streamer_70,Esports,36912.0,8.9
20593,Streamer_19593,Just Chatting,28295.0,1.9
16085,Streamer_15085,Gaming,11752.0,7.7
18689,Streamer_17689,Gaming,43922.0,1.4
3217,Streamer_2217,Musica,38569.0,1.0
14766,,Musica,39165.0,1.1
9794,Streamer_8794,Gaming,8859.0,2.4
5922,Streamer_4922,Musica,10799.0,10.9
11421,Streamer_10421,Arte,25534.0,4.0
17961,Streamer_16961,Esports,28675.0,3.0
13850,Streamer_12850,Musica,38997.0,11.0
7693,Streamer_6693,Musica,17933.0,1.9
5118,Streamer_4118,Musica,38213.0,6.7
4027,Streamer_3027,Musica,27748.0,3.8
3745,Streamer_2745,Esports,10653.0,8.9
18620,Streamer_17620,Arte,27837.0,1.2
20675,Streamer_19675,Esports,47981.0,2.1
15797,Streamer_14797,Arte,13872.0,7.6
19184,Streamer_18184,Musica,6915.0,1.4
9294,Streamer_8294,Musica,16327.0,4.3
20089,Streamer_19089,Musica,34371.0,6.1
14546,Streamer_13546,Gaming,34064.0,8.7
2277,Streamer_1277,Musica,1415.0,9.1
10143,Streamer_9143,Gaming,6137.0,7.3
18086,Streamer_17086,Musica,20203.0,11.2
10078,Streamer_9078,Musica,17246.0,10.4
18647,Streamer_17647,Musica,36675.0,10.2
15995,Streamer_14995,,24474.0,11.7
17329,Streamer_16329,Musica,35221.0,3.0
19540,Streamer_18540,Musica,37494.0,8.0
4330,Streamer_3330,Musica,,6.4
12254,Streamer_11254,Arte,2712.0,2.8
9458,Streamer_8458,Gaming,45749.0,1.3
1544,Streamer_544,Gaming,416.0,7.9
17345,Streamer_16345,Just Chatting,24350.0,7.8
18168,Streamer_17168,Gaming,6600.0,9.3
15139,Streamer_14139,Esports,30513.0,11.6
6025,Streamer_5025,Gaming,15067.0,7.1
2677,Streamer_1677,Gaming,40647.0,11.1
20163,Streamer_19163,Just Chatting,9540.0,8.9
7045,Streamer_6045,Musica,30547.0,9.5
14152,Streamer_13152,Musica,29333.0,8.8
11169,Streamer_10169,Arte,45701.0,6.7
14869,Streamer_13869,Just Chatting,41459.0,4.8
15708,Streamer_14708,Musica,16267.0,2.0
6195,Streamer_5195,Esports,37624.0,9.6
4859,Streamer_3859,Gaming,34651.0,1.0
5226,Streamer_4226,Just Chatting,9357.0,10.7
19951,Streamer_18951,Musica,36538.0,11.8
6744,Streamer_5744,Esports,1300.0,7.0
17105,Streamer_16105,Arte,816.0,7.9
19152,Streamer_18152,Gaming,21874.0,6.0
6045,Streamer_5045,Just Chatting,28779.0,8.4
16521,Streamer_15521,Gaming,19972.0,3.3
6324,Streamer_5324,Gaming,14595.0,7.6
5209,Streamer_4209,Arte,47340.0,7.4
13564,Streamer_12564,Musica,7586.0,11.1
4145,Streamer_3145,Esports,47628.0,11.5
3578,Streamer_2578,Musica,21857.0,1.3
16550,Streamer_15550,Just Chatting,45935.0,5.4
16838,Streamer_15838,Gaming,44359.0,11.4
2470,Streamer_1470,Esports,29145.0,3.2
20789,Streamer_19789,Gaming,31371.0,4.8
10156,Streamer_9156,Arte,40299.0,5.7
11581,Streamer_10581,Esports,22160.0,11.2
13492,Streamer_12492,,42541.0,10.7
16956,Streamer_15956,Just Chatting,17393.0,1.5
18545,Streamer_17545,Gaming,35918.0,11.8
3616,Streamer_2616,Just Chatting,43752.0,7.1
7021,Streamer_6021,Musica,16410.0,9.7
18119,Streamer_17119,Arte,4788.0,8.6
2684,Streamer_1684,Gaming,19369.0,11.4
8814,Streamer_7814,Musica,32260.0,8.2
16072,Streamer_15072,Esports,6269.0,6.2
12381,Streamer_11381,Arte,44201.0,5.9
7273,Streamer_6273,Musica,1256.0,3.0
2143,Streamer_1143,Arte,38340.0,7.2
10127,Streamer_9127,,4687.0,6.9
13351,Streamer_12351,Arte,15502.0,7.4
4160,Streamer_3160,Esports,29006.0,1.0
4854,Streamer_3854,Just Chatting,21211.0,9.1
9247,Streamer_8247,Just Chatting,40840.0,7.6
7384,Streamer_6384,Arte,49444.0,8.4
14894,Streamer_13894,Esports,39043.0,3.8
5878,Streamer_4878,Musica,4315.0,10.1
18559,Streamer_17559,Just Chatting,39755.0,12.0
14900,Streamer_13900,Just Chatting,46996.0,5.8
9023,Streamer_8023,Esports,43634.0,8.8
19911,Streamer_18911,Gaming,36777.0,3.1
11973,Streamer_10973,Just Chatting,31776.0,11.4
6078,Streamer_5078,Just Chatting,17311.0,3.0
3829,Streamer_2829,Esports,47875.0,10.5
2668,Streamer_1668,Arte,28458.0,2.7
11951,Streamer_10951,Gaming,4774.0,7.9
4940,Streamer_3940,Arte,11839.0,6.7
16447,Streamer_15447,Esports,15546.0,3.3
18124,Streamer_17124,Gaming,18113.0,10.5
6381,Streamer_5381,Gaming,18034.0,4.8
1019,Streamer_19,Arte,13081.0,8.9
2699,Streamer_1699,Just Chatting,12265.0,2.6
3518,Streamer_2518,Arte,18552.0,2.0
16770,Streamer_15770,Arte,17447.0,4.3
12973,Streamer_11973,Esports,48245.0,10.9
1304,Streamer_304,Musica,40337.0,8.8
20026,Streamer_19026,Gaming,39532.0,5.9
20365,Streamer_19365,Gaming,17857.0,4.4
11036,Streamer_10036,Just Chatting,48313.0,11.0
13566,Streamer_12566,Just Chatting,28787.0,11.5
9756,Streamer_8756,Arte,42775.0,11.1
10998,Streamer_9998,Just Chatting,31582.0,6.2
16004,Streamer_15004,Just Chatting,37899.0,10.2
1526,Streamer_526,Just Chatting,24867.0,6.9
11689,Streamer_10689,Gaming,25702.0,8.8
20301,Streamer_19301,Gaming,13034.0,3.4
13982,Streamer_12982,Gaming,38984.0,4.2
5243,Streamer_4243,Arte,15370.0,3.8
1460,Streamer_460,Arte,28661.0,9.6
6220,Streamer_5220,Esports,21384.0,6.1
14816,Streamer_13816,Gaming,26974.0,3.1
16820,Streamer_15820,Esports,36990.0,8.0
9795,Streamer_8795,Gaming,12225.0,6.4
2129,Streamer_1129,Gaming,15129.0,5.3
7489,Streamer_6489,Esports,20346.0,1.6
8953,Streamer_7953,Just Chatting,12378.0,7.3
17653,Streamer_16653,Arte,47469.0,2.7
17778,Streamer_16778,Musica,11035.0,1.0
11480,Streamer_10480,Arte,31407.0,9.6
16166,Streamer_15166,Gaming,31768.0,2.9
4640,Streamer_3640,Gaming,39218.0,4.0
16140,Streamer_15140,Just Chatting,10858.0,4.7
6342,Streamer_5342,Arte,38084.0,7.4
17266,Streamer_16266,Esports,21045.0,6.0
2731,Streamer_1731,Esports,32100.0,3.3
10819,Streamer_9819,Musica,12227.0,2.2
19843,Streamer_18843,Just Chatting,11610.0,6.9
15508,Streamer_14508,Arte,4040.0,4.8
14777,Streamer_13777,Arte,8584.0,10.4
15314,Streamer_14314,Arte,29640.0,4.6
15574,Streamer_14574,Arte,,9.8
9042,Streamer_8042,Arte,6588.0,5.7
10213,Streamer_9213,Musica,2437.0,2.1
1424,Streamer_424,Gaming,195.0,3.4
5723,Streamer_4723,,8108.0,5.0
14898,Streamer_13898,Arte,42303.0,1.5
4324,Streamer_3324,Just Chatting,21505.0,1.1
1293,Streamer_293,Just Chatting,20201.0,9.6
7192,Streamer_6192,Musica,45480.0,9.4
2490,Streamer_1490,Musica,34069.0,4.0
10087,Streamer_9087,Gaming,17233.0,8.1
9390,Streamer_8390,Gaming,9289.0,5.6
6761,Streamer_5761,Esports,13071.0,4.0
14291,Streamer_13291,Gaming,1059.0,4.1
16943,Streamer_15943,Esports,25544.0,10.3
12559,Streamer_11559,Gaming,47084.0,10.6
15412,Streamer_14412,Musica,6027.0,2.5
10684,,Musica,29998.0,3.0
13557,Streamer_12557,Musica,649.0,6.8
12039,Streamer_11039,Esports,30739.0,3.9
3831,Streamer_2831,Arte,23133.0,4.8
12337,Streamer_11337,Arte,33581.0,8.3
1061,Streamer_61,Musica,10267.0,1.6
5264,Streamer_4264,Gaming,13603.0,2.7
18910,Streamer_17910,Esports,19780.0,11.0
2616,Streamer_1616,Gaming,2671.0,4.2
19136,Streamer_18136,Just Chatting,36720.0,8.9
13372,Streamer_12372,Just Chatting,49701.0,10.5
16226,Streamer_15226,Musica,39333.0,7.3
17723,Streamer_16723,Musica,24518.0,5.6
9485,Streamer_8485,Just Chatting,44598.0,11.9
10739,Streamer_9739,Esports,20880.0,2.4
18136,Streamer_17136,Just Chatting,28938.0,8.8
9816,Streamer_8816,,19628.0,3.9
14910,Streamer_13910,Musica,13856.0,2.9
5071,Streamer_4071,Esports,43853.0,2.9
20284,Streamer_19284,Arte,19921.0,4.7
16301,Streamer_15301,Musica,26073.0,11.8
17978,Streamer_16978,Gaming,37515.0,6.9
1199,Streamer_199,Gaming,49029.0,10.6
5562,Streamer_4562,Esports,1614.0,5.7
7583,Streamer_6583,Esports,11482.0,4.3
3933,Streamer_2933,Just Chatting,32455.0,11.8
6264,Streamer_5264,Just Chatting,48785.0,7.9
3152,Streamer_2152,Arte,27825.0,9.1
11982,Streamer_10982,Esports,46881.0,9.3
10414,Streamer_9414,Musica,38321.0,5.4
17927,Streamer_16927,Gaming,10324.0,7.8
8850,Streamer_7850,Arte,7718.0,2.4
8292,Streamer_7292,Esports,41960.0,7.1
18060,Streamer_17060,Gaming,47220.0,8.0
16571,Streamer_15571,Just Chatting,14084.0,6.5
11938,Streamer_10938,Just Chatting,9033.0,3.5
9980,Streamer_8980,Arte,42251.0,8.5
19120,Streamer_18120,Musica,18146.0,9.2
16455,Streamer_15455,Arte,22894.0,5.0
4422,Streamer_3422,Esports,42397.0,4.4
6686,Streamer_5686,Just Chatting,14795.0,10.6
17847,Streamer_16847,Arte,34672.0,6.8
16776,Streamer_15776,Just Chatting,32519.0,9.1
20993,Streamer_19993,Arte,8381.0,7.8
5689,Streamer_4689,Arte,33999.0,6.5
19893,Streamer_18893,Gaming,13339.0,6.2
13349,Streamer_12349,Esports,6181.0,7.0
17484,Streamer_16484,Esports,41807.0,2.7
1013,Streamer_13,Gaming,30850.0,1.4
19370,Streamer_18370,Arte,1081.0,5.2
15838,Streamer_14838,Musica,43122.0,6.7
3647,Streamer_2647,Gaming,42915.0,6.5
4442,Streamer_3442,Esports,7837.0,9.6
7977,Streamer_6977,Arte,48267.0,4.5
4133,Streamer_3133,Just Chatting,7072.0,3.1
6227,Streamer_5227,Gaming,33042.0,11.4
8597,Streamer_7597,Musica,7423.0,10.8
17245,Streamer_16245,Musica,704.0,1.4
10848,Streamer_9848,Musica,47817.0,5.3
16027,Streamer_15027,Arte,46386.0,4.8
2576,Streamer_1576,Esports,28946.0,1.1
18395,Streamer_17395,Just Chatting,15227.0,4.4
9716,Streamer_8716,Esports,,9.5
12140,Streamer_11140,Arte,1312.0,10.6
19529,Streamer_18529,Gaming,20168.0,1.2
19626,Streamer_18626,Arte,48334.0,2.9
11789,Streamer_10789,Esports,36156.0,10.4
16392,Streamer_15392,Arte,25052.0,5.4
20533,Streamer_19533,Arte,8369.0,6.0
12417,Streamer_11417,Just Chatting,34459.0,1.6
13852,Streamer_12852,Arte,447.0,1.7
10980,Streamer_9980,Gaming,31863.0,2.9
19084,Streamer_18084,Musica,17137.0,3.2
18479,Streamer_17479,Arte,20391.0,10.3
9350,Streamer_8350,Musica,8542.0,2.7
17532,Streamer_16532,Esports,44206.0,8.7
16823,Streamer_15823,Just Chatting,338.0,2.5
5294,Streamer_4294,Just Chatting,27150.0,8.5
14511,Streamer_13511,Gaming,16323.0,4.2
10355,Streamer_9355,Gaming,25523.0,9.0
16866,Streamer_15866,Arte,33212.0,11.7
7494,Streamer_6494,Arte,30603.0,10.2
8856,Streamer_7856,Arte,834.0,7.2
16229,Streamer_15229,Gaming,24240.0,9.1
14510,Streamer_13510,Arte,26461.0,1.3
20468,Streamer_19468,Musica,46521.0,8.8
16327,Streamer_15327,Just Chatting,12549.0,10.2
5981,Streamer_4981,Arte,17356.0,5.2
8341,Streamer_7341,Esports,46382.0,8.6
14445,Streamer_13445,Just Chatting,31210.0,5.2
5016,Streamer_4016,Arte,5332.0,11.8
17595,Streamer_16595,Just Chatting,24657.0,11.7
4437,Streamer_3437,Just Chatting,24767.0,1.3
17811,Streamer_16811,Gaming,47193.0,4.6
4154,Streamer_3154,Arte,36674.0,5.3
5348,Streamer_4348,Just Chatting,39403.0,7.2
4353,Streamer_3353,Esports,10259.0,9.6
15274,Streamer_14274,Esports,28471.0,6.4
3964,Streamer_2964,Arte,25009.0,10.3
10783,Streamer_9783,Esports,10349.0,6.8
11960,Streamer_10960,Esports,33094.0,5.0
11754,Streamer_10754,Esports,39636.0,8.1
12151,Streamer_11151,Musica,13976.0,10.7
1098,Streamer_98,Gaming,1132.0,4.1
1390,Streamer_390,Gaming,9636.0,4.1
16081,Streamer_15081,Arte,38219.0,8.5
13185,Streamer_12185,Just Chatting,47324.0,11.9
16305,Streamer_15305,Musica,28714.0,10.1
9287,Streamer_8287,Just Chatting,23326.0,5.3
6531,Streamer_5531,Esports,42516.0,3.7
20123,Streamer_19123,Esports,8150.0,3.1
16867,Streamer_15867,Arte,49662.0,8.7
14695,Streamer_13695,Esports,47695.0,10.2
12235,Streamer_11235,Musica,7250.0,8.3
12674,Streamer_11674,Musica,11869.0,4.8
14139,Streamer_13139,Arte,41433.0,9.6
5717,Streamer_4717,Just Chatting,13400.0,5.9
6746,Streamer_5746,Esports,13405.0,6.3
19096,Streamer_18096,Esports,27244.0,1.6
1269,Streamer_269,Arte,22016.0,10.7
20783,Streamer_19783,Just Chatting,18910.0,7.6
13877,Streamer_12877,Arte,41359.0,2.6
4498,Streamer_3498,Just Chatting,,2.8
7913,Streamer_6913,Just Chatting,,8.3
15660,Streamer_14660,Musica,25110.0,8.0
19235,Streamer_18235,Just Chatting,21077.0,1.1
6353,Streamer_5353,Arte,14486.0,2.6
4868,Streamer_3868,Arte,15015.0,3.9
15308,Streamer_14308,Gaming,30682.0,6.1
9062,Streamer_8062,Esports,25695.0,9.0
6632,Streamer_5632,Just Chatting,35229.0,3.6
14641,Streamer_13641,Gaming,26265.0,3.5
16703,Streamer_15703,Arte,14579.0,5.5
2998,Streamer_1998,Esports,5607.0,2.1
20105,Streamer_19105,Musica,,5.4
17832,Streamer_16832,Arte,7294.0,8.8
19773,Streamer_18773,Musica,26393.0,3.6
19373,Streamer_18373,Just Chatting,4806.0,2.3
7221,Streamer_6221,Just Chatting,37729.0,8.0
11894,Streamer_10894,Musica,49526.0,10.4
16493,Streamer_15493,Musica,23203.0,8.2
11080,Streamer_10080,Just Chatting,12170.0,9.2
14799,,Esports,34662.0,11.3
12829,Streamer_11829,Just Chatting,13976.0,4.4
10403,Streamer_9403,Esports,29493.0,9.0
11027,Streamer_10027,Arte,10746.0,5.8
10296,Streamer_9296,Just Chatting,18543.0,4.7
2173,Streamer_1173,Gaming,15561.0,1.8
10703,Streamer_9703,Just Chatting,4150.0,8.6
16107,Streamer_15107,Musica,,1.1
7555,Streamer_6555,Arte,10671.0,9.0
12630,Streamer_11630,Musica,38867.0,6.7
4474,Streamer_3474,Musica,48162.0,4.8
3472,Streamer_2472,Gaming,49063.0,2.9
17645,Streamer_16645,Arte,48689.0,1.2
4690,Streamer_3690,Arte,31260.0,6.9
13215,Streamer_12215,Arte,36512.0,3.2
3737,Streamer_2737,Gaming,4154.0,5.5
7889,Streamer_6889,Arte,37062.0,7.9
13117,Streamer_12117,Esports,39262.0,8.5
1264,Streamer_264,Esports,32291.0,1.9
18436,Streamer_17436,Arte,42897.0,8.6
19327,Streamer_18327,Esports,6288.0,8.4
8823,Streamer_7823,Arte,30446.0,3.2
19565,Streamer_18565,Esports,29211.0,9.1
2516,Streamer_1516,Esports,27686.0,7.6
9612,Streamer_8612,Just Chatting,1166.0,11.4
15091,Streamer_14091,Musica,17617.0,10.0
10512,Streamer_9512,Gaming,17695.0,5.5
19606,Streamer_18606,Gaming,47147.0,5.9
2578,Streamer_1578,Arte,10644.0,3.8
2549,Streamer_1549,Esports,2587.0,5.4
1802,Streamer_802,Gaming,8530.0,1.6
19194,Streamer_18194,Esports,14915.0,10.8
12527,Streamer_11527,Musica,33439.0,3.1
18785,Streamer_17785,Just Chatting,29166.0,6.9
13541,Streamer_12541,Musica,21766.0,5.6
17376,Streamer_16376,Gaming,2690.0,4.7
9429,Streamer_8429,Just Chatting,24110.0,5.1
11797,Streamer_10797,Arte,16204.0,1.9
1873,Streamer_873,Musica,21213.0,5.8
7722,Streamer_6722,Just Chatting,46902.0,7.2
11234,Streamer_10234,Esports,28258.0,11.9
10683,Streamer_9683,Esports,13897.0,1.6
14331,Streamer_13331,Gaming,33929.0,7.0
6228,Streamer_5228,Just Chatting,12486.0,10.3
17259,Streamer_16259,Just Chatting,26493.0,10.7
8798,Streamer_7798,Esports,11318.0,2.9
3222,Streamer_2222,Just Chatting,21587.0,5.8
8992,Streamer_7992,Arte,35539.0,5.1
8356,Streamer_7356,Musica,42353.0,10.6
1771,Streamer_771,Gaming,2904.0,1.2
17648,Streamer_16648,Esports,4423.0,2.8
8350,Streamer_7350,Esports,39686.0,10.9
14959,Streamer_13959,Esports,134.0,9.5
18076,Streamer_17076,Just Chatting,45466.0,3.4
8643,Streamer_7643,Esports,8772.0,9.1
8516,Streamer_7516,Musica,26706.0,7.1
4465,Streamer_3465,Esports,22394.0,1.7
1306,Streamer_306,Arte,12540.0,3.9
6445,Streamer_5445,Arte,15774.0,5.9
20031,Streamer_19031,Esports,48111.0,11.6
16565,Streamer_15565,Arte,26187.0,8.4
8997,Streamer_7997,Gaming,40753.0,9.4
5124,Streamer_4124,Gaming,29274.0,3.7
9371,Streamer_8371,Just Chatting,1391.0,7.0
19210,Streamer_18210,Arte,15186.0,7.9
5238,Streamer_4238,Arte,4273.0,10.3
2278,Streamer_1278,Musica,33091.0,7.1
11129,Streamer_10129,Arte,30244.0,5.7
12898,Streamer_11898,Just Chatting,49064.0,2.7
10327,Streamer_9327,Arte,25146.0,11.4
6067,Streamer_5067,Musica,43942.0,10.2
16036,Streamer_15036,Gaming,45102.0,5.0
2209,Streamer_1209,Gaming,5560.0,7.5
7620,Streamer_6620,Arte,1730.0,9.3
1307,Streamer_307,Esports,14581.0,2.4
4681,Streamer_3681,Musica,,7.4
13523,Streamer_12523,Just Chatting,3253.0,6.2
2693,Streamer_1693,Just Chatting,22465.0,9.1
13777,Streamer_12777,Gaming,14553.0,6.8
17175,Streamer_16175,,13616.0,3.9
11686,Streamer_10686,Arte,34606.0,11.9
19150,Streamer_18150,Arte,39009.0,11.1
7426,Streamer_6426,Just Chatting,43209.0,5.5
20152,Streamer_19152,Musica,11198.0,9.2
7493,Streamer_6493,Esports,40173.0,11.6
4920,Streamer_3920,Gaming,15081.0,2.9
15213,Streamer_14213,Musica,2844.0,1.6
20998,Streamer_19998,Arte,33876.0,10.5
2456,Streamer_1456,Gaming,15336.0,9.3
13399,Streamer_12399,Gaming,44215.0,3.2
16702,Streamer_15702,Arte,12277.0,6.4
11533,Streamer_10533,Musica,30209.0,2.5
10031,Streamer_9031,Esports,20592.0,11.7
2737,Streamer_1737,Just Chatting,32496.0,11.5
20621,Streamer_19621,Arte,30039.0,8.4
18750,Streamer_17750,Gaming,26342.0,7.5
15463,Streamer_14463,Musica,18547.0,3.9
14867,Streamer_13867,Musica,39353.0,6.4
11848,Streamer_10848,Arte,18101.0,8.6
20307,Streamer_19307,Esports,1594.0,5.3
1599,Streamer_599,Arte,15843.0,10.9
2024,Streamer_1024,Musica,12455.0,5.6
13456,Streamer_12456,Musica,9629.0,7.7
6628,Streamer_5628,Just Chatting,45438.0,6.5
8727,Streamer_7727,Esports,8679.0,9.7
19202,Streamer_18202,Esports,19812.0,7.0
9639,Streamer_8639,Gaming,10554.0,1.7
1900,Streamer_900,Musica,4508.0,2.0
8248,Streamer_7248,Gaming,41170.0,6.3
9173,Streamer_8173,Musica,71.0,3.7
5338,Streamer_4338,Gaming,48567.0,10.1
5098,Streamer_4098,Gaming,5261.0,8.9
8546,Streamer_7546,Esports,24718.0,6.3
6256,Streamer_5256,Gaming,43962.0,3.0
15475,Streamer_14475,Arte,23326.0,3.8
4497,Streamer_3497,Musica,7585.0,2.9
20039,Streamer_19039,Musica,14926.0,10.6
13913,Streamer_12913,Musica,41281.0,8.8
7698,Streamer_6698,Arte,46240.0,9.7
7447,Streamer_6447,Just Chatting,40770.0,6.3
12766,Streamer_11766,Esports,33100.0,12.0
11002,Streamer_10002,,32615.0,8.0
11300,Streamer_10300,Esports,19372.0,4.8
18850,Streamer_17850,Esports,5604.0,4.5
12189,Streamer_11189,Arte,47608.0,4.1
19313,Streamer_18313,Just Chatting,5487.0,8.0
12619,Streamer_11619,Arte,5286.0,11.8
18796,Streamer_17796,Just Chatting,34025.0,9.2
18360,Streamer_17360,Just Chatting,19845.0,9.8
2331,Streamer_1331,Just Chatting,25479.0,4.6
2995,Streamer_1995,Gaming,28593.0,4.1
8477,Streamer_7477,Esports,5202.0,6.3
16915,Streamer_15915,Esports,27205.0,4.5
19386,Streamer_18386,Gaming,7732.0,9.3
8482,Streamer_7482,Just Chatting,16004.0,2.8
9962,Streamer_8962,Musica,2835.0,1.8
10004,Streamer_9004,Musica,5836.0,4.9
10975,Streamer_9975,Arte,35774.0,8.4
15090,Streamer_14090,Esports,2507.0,8.1
19520,Streamer_18520,Esports,20406.0,5.7
20154,Streamer_19154,Just Chatting,4925.0,4.9
20283,Streamer_19283,Gaming,27278.0,10.6
16714,Streamer_15714,Esports,45799.0,5.5
12785,Streamer_11785,Arte,33209.0,4.7
15801,Streamer_14801,Arte,34652.0,10.2
9603,Streamer_8603,Musica,17031.0,10.0
6436,Streamer_5436,Arte,11850.0,6.0
13536,Streamer_12536,Arte,39176.0,10.1
15000,Streamer_14000,Musica,34764.0,11.5
13907,Streamer_12907,Esports,38104.0,2.4
1259,Streamer_259,Musica,22617.0,4.1
1861,Streamer_861,Just Chatting,10227.0,1.1
15429,Streamer_14429,Esports,21818.0,8.8
9446,Streamer_8446,,44672.0,8.7
9411,Streamer_8411,Arte,42505.0,10.0
17706,Streamer_16706,Arte,18196.0,5.8
11219,Streamer_10219,Esports,18772.0,2.3
2977,Streamer_1977,Gaming,29346.0,8.1
7948,Streamer_6948,Arte,15558.0,3.4
12620,Streamer_11620,Just Chatting,48706.0,6.4
11633,Streamer_10633,Just Chatting,33185.0,3.7
10755,Streamer_9755,Arte,10579.0,9.1
11968,Streamer_10968,Gaming,39321.0,9.1
5409,Streamer_4409,Esports,17430.0,8.4
15742,Streamer_14742,Just Chatting,18030.0,1.3
7957,Streamer_6957,Esports,22444.0,10.1
9100,Streamer_8100,Arte,37152.0,3.7
9025,Streamer_8025,Arte,45130.0,9.1
18922,Streamer_17922,Esports,9701.0,9.5
11623,Streamer_10623,Musica,28132.0,10.1
17630,Streamer_16630,Esports,49980.0,5.9
5039,Streamer_4039,Just Chatting,40102.0,2.7
8026,Streamer_7026,Gaming,19383.0,5.1
11530,Streamer_10530,Arte,17373.0,5.1
14815,Streamer_13815,Just Chatting,9939.0,7.7
3757,Streamer_2757,Arte,23314.0,7.8
9293,Streamer_8293,Esports,19573.0,3.4
19687,Streamer_18687,Gaming,,11.9
14873,Streamer_13873,Esports,5900.0,2.8
1383,Streamer_383,Just Chatting,2521.0,1.6
12050,Streamer_11050,Gaming,29314.0,2.3
6612,Streamer_5612,Esports,26578.0,11.5
8133,Streamer_7133,Arte,27054.0,7.5
14135,Streamer_13135,Arte,49353.0,3.0
18253,Streamer_17253,Gaming,44620.0,11.3
16871,Streamer_15871,Musica,19639.0,3.6
6021,Streamer_5021,Gaming,21047.0,5.8
6286,Streamer_5286,Arte,33769.0,1.9
4046,Streamer_3046,,45264.0,11.9
5350,Streamer_4350,Arte,40805.0,4.6
12622,Streamer_11622,Gaming,37547.0,1.3
7633,Streamer_6633,Esports,36655.0,11.4
14412,Streamer_13412,Just Chatting,18941.0,3.1
4857,Streamer_3857,Gaming,22165.0,2.8
2926,Streamer_1926,Esports,13000.0,9.3
4998,Streamer_3998,Gaming,660.0,4.6
2574,Streamer_1574,Just Chatting,4770.0,10.6
5128,Streamer_4128,Gaming,1425.0,6.3
18733,Streamer_17733,Just Chatting,23963.0,10.9
20601,Streamer_19601,Just Chatting,34693.0,5.2
6900,Streamer_5900,Esports,48888.0,4.7
5463,Streamer_4463,Musica,22419.0,9.9
19553,Streamer_18553,Just Chatting,44446.0,11.1
4489,Streamer_3489,Musica,31377.0,11.2
1458,Streamer_458,Arte,1156.0,4.7
3800,Streamer_2800,Arte,22392.0,2.3
4026,Streamer_3026,Musica,19884.0,6.1
19604,Streamer_18604,Gaming,2811.0,6.9
10838,Streamer_9838,Just Chatting,21876.0,4.2
18044,Streamer_17044,Just Chatting,48961.0,1.1
16106,Streamer_15106,Arte,8108.0,2.3
7128,Streamer_6128,Just Chatting,30187.0,3.2
3520,Streamer_2520,Arte,27858.0,6.3
10523,Streamer_9523,Gaming,23284.0,4.2
13998,Streamer_12998,Gaming,37657.0,6.3
16103,Streamer_15103,Musica,9043.0,4.5
15968,Streamer_14968,Arte,18076.0,7.9
10558,Streamer_9558,Musica,1659.0,4.6
8015,Streamer_7015,Gaming,27527.0,9.4
1379,Streamer_379,Arte,20193.0,5.6
14999,Streamer_13999,Gaming,33348.0,10.9
14469,Streamer_13469,Esports,2114.0,4.6
15725,Streamer_14725,Arte,30340.0,7.3
17514,Streamer_16514,Just Chatting,40932.0,6.9
6748,Streamer_5748,Esports,33732.0,6.8
14364,Streamer_13364,Just Chatting,41230.0,3.4
19691,Streamer_18691,Just Chatting,14929.0,6.5
8228,Streamer_7228,Musica,15037.0,8.5
8285,Streamer_7285,Esports,48368.0,7.0
19318,Streamer_18318,Musica,48734.0,10.7
3169,Streamer_2169,Esports,13883.0,5.0
13382,Streamer_12382,Just Chatting,31669.0,6.2
10112,Streamer_9112,Gaming,43147.0,7.5
15251,Streamer_14251,Gaming,7665.0,1.4
3725,Streamer_2725,,17275.0,7.5
19455,Streamer_18455,Just Chatting,11425.0,7.0
13248,Streamer_12248,Just Chatting,25550.0,2.1
16644,Streamer_15644,Musica,29963.0,8.2
3668,Streamer_2668,Esports,14989.0,7.8
15352,Streamer_14352,Just Chatting,25131.0,4.4
3743,Streamer_2743,Just Chatting,36874.0,2.7
12749,Streamer_11749,Musica,47714.0,9.6
19738,Streamer_18738,Musica,7042.0,8.8
10919,Streamer_9919,Just Chatting,16552.0,3.2
3774,Streamer_2774,Musica,11598.0,5.1
10584,Streamer_9584,Just Chatting,12122.0,1.4
4799,Streamer_3799,Arte,32884.0,7.2
20736,Streamer_19736,Gaming,17847.0,9.0
14725,Streamer_13725,Gaming,35813.0,6.6
12403,Streamer_11403,Esports,11023.0,1.1
13169,Streamer_12169,Gaming,27493.0,7.6
15567,Streamer_14567,Arte,919.0,6.6
13897,Streamer_12897,Musica,28037.0,7.8
1596,Streamer_596,Arte,40398.0,8.6
9937,Streamer_8937,Arte,13041.0,4.9
7424,Streamer_6424,Esports,28868.0,11.4
5388,Streamer_4388,Just Chatting,10421.0,7.5
1723,Streamer_723,Gaming,1079.0,10.8
3671,Streamer_2671,Musica,16057.0,8.1
1378,Streamer_378,Esports,16756.0,2.2
6841,Streamer_5841,Gaming,21346.0,8.2
7378,Streamer_6378,Musica,11156.0,1.1
4657,Streamer_3657,Musica,35220.0,6.8
8532,Streamer_7532,Arte,40678.0,1.1
16558,Streamer_15558,Musica,49860.0,10.7
16159,Streamer_15159,Esports,42079.0,3.3
12557,Streamer_11557,Esports,43750.0,4.1
7613,Streamer_6613,Esports,17123.0,6.4
9391,Streamer_8391,Esports,5767.0,7.3
8640,Streamer_7640,Arte,37187.0,3.5
17510,Streamer_16510,Just Chatting,37859.0,10.5
20849,Streamer_19849,Esports,43438.0,12.0
8895,Streamer_7895,Just Chatting,460.0,2.7
15860,Streamer_14860,Musica,28168.0,6.4
17504,Streamer_16504,Gaming,32661.0,7.2
8275,Streamer_7275,Gaming,37799.0,1.1
6236,Streamer_5236,Musica,14553.0,1.9
3173,Streamer_2173,Just Chatting,36228.0,10.3
16810,Streamer_15810,Just Chatting,3395.0,9.5
13275,Streamer_12275,Musica,48174.0,3.3
15193,Streamer_14193,,2843.0,10.5
9188,Streamer_8188,Arte,40618.0,6.7
7885,Streamer_6885,Musica,28682.0,5.8
6477,Streamer_5477,Gaming,48249.0,6.9
13958,Streamer_12958,Just Chatting,19060.0,11.0
19811,Streamer_18811,Esports,33187.0,5.2
1029,Streamer_29,Just Chatting,47434.0,7.8
7057,Streamer_6057,Gaming,6897.0,4.6
19836,Streamer_18836,Musica,22626.0,11.3
6870,,Musica,933.0,11.0
6442,Streamer_5442,Gaming,27493.0,8.1
6008,Streamer_5008,Gaming,14367.0,10.1
15580,Streamer_14580,Musica,22779.0,11.5
19361,Streamer_18361,Musica,5874.0,1.1
14972,Streamer_13972,Arte,24557.0,6.7
19585,Streamer_18585,Esports,43040.0,5.4
11457,Streamer_10457,Musica,31800.0,1.1
7591,Streamer_6591,Gaming,38496.0,7.7
9582,Streamer_8582,Arte,16385.0,7.7
15276,Streamer_14276,Esports,10313.0,3.0
8436,Streamer_7436,Musica,33634.0,8.8
6429,Streamer_5429,Gaming,41522.0,1.5
1718,Streamer_718,Gaming,19461.0,1.4
11384,Streamer_10384,Esports,37799.0,2.2
1912,Streamer_912,Just Chatting,45646.0,8.6
20827,Streamer_19827,Musica,28219.0,2.3
16538,Streamer_15538,Musica,4709.0,11.9
14257,Streamer_13257,Gaming,11876.0,9.6
13867,Streamer_12867,Musica,11916.0,2.0
10743,Streamer_9743,Musica,38432.0,12.0
3803,Streamer_2803,Musica,12385.0,1.7
6827,Streamer_5827,Gaming,33873.0,1.1
11673,Streamer_10673,Just Chatting,38533.0,7.0
5257,Streamer_4257,Musica,30737.0,6.4
17722,Streamer_16722,Arte,49287.0,10.6
14907,Streamer_13907,Esports,9863.0,2.6
6290,Streamer_5290,Esports,39318.0,4.1
11233,Streamer_10233,Arte,48771.0,6.1
10643,Streamer_9643,Musica,10144.0,5.0
4449,Streamer_3449,Just Chatting,6918.0,6.3
1897,Streamer_897,Gaming,34495.0,10.4
12153,Streamer_11153,Arte,10387.0,3.2
3998,Streamer_2998,,32445.0,9.8
20109,Streamer_19109,Arte,6774.0,4.6
10697,Streamer_9697,Gaming,47073.0,8.9
15721,Streamer_14721,Just Chatting,27856.0,10.7
10248,Streamer_9248,Esports,17726.0,8.8
3350,Streamer_2350,Esports,16815.0,2.4
16423,Streamer_15423,Esports,32370.0,6.6
1488,Streamer_488,,48962.0,6.7
11875,Streamer_10875,Musica,31967.0,4.0
2113,,Gaming,46967.0,7.9
6929,Streamer_5929,Gaming,18371.0,4.7
16601,Streamer_15601,Arte,39854.0,11.5
1444,Streamer_444,Musica,22873.0,10.8
3458,Streamer_2458,Gaming,36709.0,1.1
17954,Streamer_16954,Musica,5360.0,5.6
8304,Streamer_7304,Musica,34130.0,7.1
5424,,Arte,43702.0,4.6
5685,Streamer_4685,Arte,3157.0,4.3
3906,Streamer_2906,Gaming,44661.0,11.5
11432,Streamer_10432,Gaming,42561.0,2.4
12773,Streamer_11773,Gaming,480.0,1.7
15849,Streamer_14849,Arte,17207.0,9.2
6081,Streamer_5081,Esports,4054.0,9.9
19646,Streamer_18646,Musica,18744.0,8.1
15353,Streamer_14353,Arte,2512.0,7.3
12076,Streamer_11076,Just Chatting,48908.0,3.3
17497,Streamer_16497,Esports,27711.0,6.8
10631,Streamer_9631,Esports,37851.0,1.5
7577,Streamer_6577,Arte,43494.0,10.0
14177,Streamer_13177,Arte,1556.0,4.1
7545,Streamer_6545,Just Chatting,18575.0,1.4
7241,Streamer_6241,Gaming,32181.0,2.1
10913,Streamer_9913,Arte,1616.0,1.6
11254,Streamer_10254,Arte,19540.0,11.7
9218,Streamer_8218,Musica,1338.0,1.7
4731,Streamer_3731,Arte,25534.0,7.9
19817,Streamer_18817,Musica,16561.0,6.8
18442,Streamer_17442,Arte,47731.0,11.9
4280,Streamer_3280,Arte,12766.0,1.4
8662,Streamer_7662,Arte,13575.0,11.5
16906,Streamer_15906,Just Chatting,40139.0,2.0
14677,Streamer_13677,Musica,29648.0,2.6
4607,Streamer_3607,Esports,49082.0,5.0
3042,Streamer_2042,Musica,40521.0,8.1
10779,Streamer_9779,Arte,9626.0,4.7
14216,Streamer_13216,Gaming,23742.0,1.3
19970,Streamer_18970,Arte,33462.0,11.2
13847,Streamer_12847,Esports,37017.0,2.3
1946,Streamer_946,Esports,24198.0,6.7
1521,Streamer_521,Just Chatting,26891.0,10.3
15311,Streamer_14311,Gaming,28728.0,5.4
14822,Streamer_13822,Arte,752.0,7.2
15943,Streamer_14943,Esports,440.0,4.6
11481,Streamer_10481,Musica,46612.0,9.5
15747,Streamer_14747,Esports,43590.0,10.4
2782,Streamer_1782,Esports,24593.0,8.0
9289,Streamer_8289,Arte,22955.0,3.8
15382,Streamer_14382,Gaming,32855.0,2.1
14993,Streamer_13993,Arte,23723.0,7.3
15268,Streamer_14268,Musica,48630.0,2.5
5762,Streamer_4762,Arte,16244.0,1.0
3973,Streamer_2973,Gaming,43439.0,10.3
11516,Streamer_10516,Just Chatting,31337.0,6.8
13166,Streamer_12166,Gaming,5320.0,10.7
13677,Streamer_12677,Arte,32983.0,8.3
17771,Streamer_16771,Esports,34602.0,11.2
16561,Streamer_15561,Arte,4514.0,9.7
2515,Streamer_1515,Arte,44615.0,7.6
20350,Streamer_19350,Gaming,14113.0,1.6
19409,Streamer_18409,Arte,2145.0,10.7
19489,Streamer_18489,Just Chatting,42883.0,11.1
1630,Streamer_630,Musica,29205.0,3.9
2843,Streamer_1843,Arte,37253.0,10.0
18658,Streamer_17658,Musica,20133.0,3.3
10741,Streamer_9741,Esports,7326.0,3.4
18109,Streamer_17109,Gaming,35681.0,6.7
16888,Streamer_15888,Arte,25208.0,6.4
19531,Streamer_18531,Musica,49856.0,10.7
16172,Streamer_15172,Gaming,1473.0,4.6
9395,Streamer_8395,Just Chatting,44140.0,8.1
4877,Streamer_3877,Arte,35394.0,4.8
15530,Streamer_14530,Gaming,23858.0,11.7
18526,Streamer_17526,Musica,18469.0,9.0
19996,Streamer_18996,Musica,39194.0,1.5
16927,Streamer_15927,Just Chatting,26734.0,7.4
6456,Streamer_5456,Musica,43560.0,11.2
15821,Streamer_14821,Musica,10709.0,5.3
9791,Streamer_8791,Musica,16842.0,2.4
7072,Streamer_6072,Gaming,40767.0,5.1
14393,Streamer_13393,Esports,19286.0,1.0
2372,Streamer_1372,,24762.0,4.3
5993,Streamer_4993,Arte,46962.0,3.6
2048,Streamer_1048,Musica,29291.0,1.3
19485,Streamer_18485,Just Chatting,30142.0,5.8
19901,Streamer_18901,Gaming,21365.0,8.7
20811,Streamer_19811,Gaming,26592.0,1.8
19253,Streamer_18253,Arte,46794.0,6.9
6598,Streamer_5598,Arte,29617.0,6.6
19539,Streamer_18539,Just Chatting,5498.0,6.2
3113,Streamer_2113,Arte,23821.0,11.5
8358,Streamer_7358,Esports,32958.0,3.9
9130,Streamer_8130,Gaming,17643.0,7.3
10183,Streamer_9183,Gaming,40023.0,6.9
12148,Streamer_11148,Esports,8829.0,3.8
20657,Streamer_19657,Arte,9534.0,9.4
13332,Streamer_12332,Gaming,14226.0,9.6
19649,Streamer_18649,Esports,42078.0,9.9
14010,Streamer_13010,Gaming,8717.0,8.7
17022,Streamer_16022,Arte,658.0,8.2
20341,Streamer_19341,Musica,16796.0,8.9
20478,Streamer_19478,Arte,11709.0,7.0
19759,Streamer_18759,Gaming,18491.0,2.9
1296,Streamer_296,Gaming,22753.0,5.8
5165,Streamer_4165,Arte,6378.0,8.9
15855,Streamer_14855,Arte,44174.0,7.9
19582,Streamer_18582,Musica,4315.0,1.8
10641,Streamer_9641,Esports,30197.0,3.0
18975,Streamer_17975,Esports,28571.0,10.8
19493,Streamer_18493,Musica,12998.0,7.6
15568,Streamer_14568,Just Chatting,30895.0,5.9
6526,Streamer_5526,Gaming,11105.0,10.1
15446,Streamer_14446,Just Chatting,5791.0,4.5
9557,Streamer_8557,Musica,30595.0,10.9
4399,Streamer_3399,Esports,6288.0,1.9
9951,Streamer_8951,Musica,48362.0,12.0
5962,Streamer_4962,Just Chatting,42870.0,5.1
14053,Streamer_13053,Just Chatting,38469.0,2.7
15678,Streamer_14678,Esports,5447.0,7.0
3471,Streamer_2471,Gaming,34142.0,6.2
5262,Streamer_4262,Esports,46364.0,9.3
18821,Streamer_17821,Arte,45424.0,6.6
15418,Streamer_14418,Esports,21740.0,9.1
19589,Streamer_18589,Musica,40250.0,6.7
3156,Streamer_2156,Esports,11948.0,10.9
12260,Streamer_11260,Gaming,26132.0,3.3
19835,Streamer_18835,Esports,18221.0,4.4
9490,Streamer_8490,Just Chatting,35447.0,10.9
5696,Streamer_4696,Musica,47976.0,8.6
10839,Streamer_9839,Arte,48606.0,5.2
4928,Streamer_3928,Gaming,48418.0,4.7
6745,Streamer_5745,Gaming,36877.0,3.0
12409,Streamer_11409,Just Chatting,21569.0,9.3
13915,Streamer_12915,Gaming,4927.0,4.1
4318,Streamer_3318,Just Chatting,6249.0,3.2
17219,Streamer_16219,Just Chatting,6917.0,11.3
14786,Streamer_13786,Just Chatting,10329.0,10.3
19034,Streamer_18034,Gaming,3982.0,8.1
4515,Streamer_3515,Arte,29131.0,6.2
18672,Streamer_17672,Arte,9441.0,4.1
16898,Streamer_15898,Gaming,11770.0,5.4
9424,Streamer_8424,Esports,49624.0,5.9
9171,Streamer_8171,Just Chatting,41024.0,10.1
5865,Streamer_4865,Musica,12303.0,10.1
16433,Streamer_15433,Musica,37222.0,6.9
20019,Streamer_19019,Esports,41300.0,8.6
5591,Streamer_4591,Musica,46703.0,2.8
11436,Streamer_10436,Gaming,44459.0,3.0
16825,Streamer_15825,Musica,32495.0,3.9
15356,Streamer_14356,Gaming,1760.0,11.3
11405,Streamer_10405,Esports,24203.0,5.0
11407,Streamer_10407,Just Chatting,7801.0,1.4
2648,Streamer_1648,Musica,21284.0,8.3
13682,Streamer_12682,Arte,26522.0,6.2
17658,Streamer_16658,Gaming,8202.0,9.9
16535,Streamer_15535,Esports,17768.0,7.8
17967,Streamer_16967,Just Chatting,4092.0,9.5
20489,Streamer_19489,Musica,40966.0,11.3
1109,Streamer_109,Gaming,49992.0,11.6
11519,Streamer_10519,Just Chatting,1215.0,10.0
17763,Streamer_16763,Esports,40833.0,7.5
18494,Streamer_17494,Gaming,38903.0,2.1
14602,Streamer_13602,Musica,47024.0,10.5
10535,Streamer_9535,Musica,41892.0,4.5
17340,Streamer_16340,Musica,30838.0,11.5
7724,Streamer_6724,Musica,25426.0,5.0
2280,Streamer_1280,Arte,4593.0,8.9
18387,Streamer_17387,Esports,9924.0,9.7
7279,Streamer_6279,Gaming,33804.0,1.4
11709,Streamer_10709,Just Chatting,38239.0,8.5
9472,Streamer_8472,Musica,15486.0,4.6
19028,Streamer_18028,Just Chatting,49049.0,6.9
10433,Streamer_9433,Gaming,18212.0,4.2
13781,Streamer_12781,Gaming,8986.0,2.1
9164,Streamer_8164,Musica,14780.0,11.0
13112,Streamer_12112,Just Chatting,33420.0,6.5
7934,Streamer_6934,,13880.0,11.6
17586,Streamer_16586,Gaming,5960.0,1.7
16958,Streamer_15958,Musica,23772.0,2.6
2965,Streamer_1965,Just Chatting,45928.0,9.3
10902,Streamer_9902,Arte,36577.0,6.4
16701,Streamer_15701,Gaming,43713.0,5.2
1902,Streamer_902,Esports,41677.0,5.7
8726,Streamer_7726,Musica,12565.0,7.7
7932,Streamer_6932,,1086.0,1.7
3375,Streamer_2375,Musica,21004.0,7.3
4788,Streamer_3788,Musica,4516.0,1.5
16131,Streamer_15131,Just Chatting,33272.0,8.6
7026,Streamer_6026,Gaming,47806.0,9.4
5196,Streamer_4196,Arte,28231.0,4.5
19563,Streamer_18563,Arte,19256.0,1.7
18820,Streamer_17820,Esports,6444.0,11.4
1635,Streamer_635,Esports,30801.0,11.1
19791,Streamer_18791,Just Chatting,24845.0,6.3
6325,Streamer_5325,Musica,29051.0,5.3
20886,Streamer_19886,Musica,42541.0,8.0
18208,Streamer_17208,Esports,24627.0,11.8
3769,Streamer_2769,Esports,13584.0,9.9
1178,Streamer_178,Just Chatting,977.0,8.7
3442,Streamer_2442,Arte,46889.0,1.1
6367,Streamer_5367,Arte,1613.0,4.6
9385,Streamer_8385,Gaming,44577.0,4.4
5438,Streamer_4438,Arte,9957.0,10.4
14662,Streamer_13662,Arte,24468.0,4.6
20785,Streamer_19785,Musica,47265.0,9.2
13106,Streamer_12106,,8634.0,11.7
13320,Streamer_12320,Arte,35541.0,5.5
2930,Streamer_1930,Just Chatting,4046.0,2.5
10650,Streamer_9650,Just Chatting,13976.0,8.3
3259,Streamer_2259,Musica,18984.0,3.1
2161,Streamer_1161,Gaming,24640.0,5.8
13689,Streamer_12689,Just Chatting,15443.0,8.5
1141,Streamer_141,Just Chatting,17036.0,7.6
19090,Streamer_18090,Just Chatting,27839.0,3.4
8383,Streamer_7383,Gaming,23264.0,9.8
1918,Streamer_918,Gaming,27434.0,7.0
15988,Streamer_14988,Esports,32882.0,9.9
13426,Streamer_12426,Just Chatting,33407.0,7.1
17851,Streamer_16851,Arte,3466.0,7.0
19058,Streamer_18058,Gaming,44334.0,1.2
10562,Streamer_9562,Arte,45287.0,10.4
16435,Streamer_15435,Just Chatting,4732.0,2.1
7028,Streamer_6028,Arte,5208.0,1.6
19698,Streamer_18698,Esports,32285.0,11.7
4906,Streamer_3906,Gaming,32639.0,7.5
12698,Streamer_11698,Just Chatting,48462.0,4.0
20742,Streamer_19742,Arte,32682.0,1.8
18319,Streamer_17319,Just Chatting,45746.0,9.3
10759,Streamer_9759,Esports,47787.0,6.7
20800,Streamer_19800,Esports,37963.0,4.6
5375,Streamer_4375,Gaming,30863.0,11.7
4600,Streamer_3600,,33527.0,10.0
12070,Streamer_11070,Esports,26218.0,4.1
2828,Streamer_1828,Musica,3519.0,9.5
4685,Streamer_3685,Arte,7442.0,10.7
13752,Streamer_12752,Musica,26704.0,7.4
6139,Streamer_5139,Gaming,42072.0,2.7
11404,Streamer_10404,Gaming,37124.0,1.3
11497,Streamer_10497,Just Chatting,24461.0,11.9
4391,Streamer_3391,Just Chatting,,6.8
16707,Streamer_15707,Gaming,25331.0,9.5
18417,Streamer_17417,Arte,,2.8
7687,Streamer_6687,Arte,9422.0,8.8
5252,Streamer_4252,Arte,429.0,5.7
3281,Streamer_2281,Just Chatting,40978.0,9.6
3006,Streamer_2006,Arte,440.0,10.6
9569,Streamer_8569,Gaming,49844.0,2.3
16236,Streamer_15236,Just Chatting,32184.0,7.4
6316,Streamer_5316,Arte,21410.0,7.7
18729,Streamer_17729,Arte,9764.0,1.3
18268,Streamer_17268,Esports,35151.0,6.3
3138,Streamer_2138,Gaming,30851.0,10.0
7632,Streamer_6632,Musica,23282.0,8.7
20774,Streamer_19774,Gaming,38814.0,9.6
7124,Streamer_6124,Esports,28631.0,10.3
6774,Streamer_5774,Arte,10605.0,11.1
16001,Streamer_15001,Arte,29462.0,2.4
12987,Streamer_11987,Musica,3515.0,2.6
6444,Streamer_5444,Just Chatting,48838.0,5.3
9822,Streamer_8822,Gaming,30904.0,6.0
2027,Streamer_1027,Just Chatting,28422.0,5.4
6218,Streamer_5218,Musica,10506.0,6.8
20424,Streamer_19424,Esports,13342.0,2.3
17467,Streamer_16467,Musica,1349.0,3.2
6412,Streamer_5412,Musica,43969.0,8.1
18676,Streamer_17676,,15679.0,7.9
1462,Streamer_462,Musica,49854.0,3.4
1876,Streamer_876,Gaming,9618.0,3.4
2531,Streamer_1531,Just Chatting,33600.0,6.0
18297,Streamer_17297,Musica,17906.0,5.3
2570,Streamer_1570,Arte,6793.0,8.4
16326,Streamer_15326,Esports,41576.0,8.3
2304,Streamer_1304,Just Chatting,41832.0,6.0
9309,Streamer_8309,Musica,18501.0,3.0
14450,Streamer_13450,Arte,17255.0,5.9
7854,Streamer_6854,Gaming,37807.0,8.0
5715,Streamer_4715,Esports,35874.0,7.4
18809,Streamer_17809,Gaming,30781.0,3.4
19298,Streamer_18298,Just Chatting,9640.0,12.0
19763,Streamer_18763,Musica,17323.0,8.5
13231,Streamer_12231,Just Chatting,36954.0,2.2
14802,,Just Chatting,3857.0,11.4
13256,Streamer_12256,Musica,23800.0,3.8
2513,Streamer_1513,Esports,16593.0,4.7
12981,Streamer_11981,Gaming,38663.0,3.5
2712,Streamer_1712,Just Chatting,32482.0,3.3
2863,Streamer_1863,Just Chatting,41064.0,10.1
15473,Streamer_14473,Musica,30446.0,4.1
20118,Streamer_19118,Just Chatting,26166.0,11.1
4169,Streamer_3169,Arte,15475.0,5.7
20467,Streamer_19467,Esports,19013.0,4.6
5158,Streamer_4158,Just Chatting,22317.0,10.5
13937,Streamer_12937,Musica,,6.5
17975,Streamer_16975,Gaming,8802.0,2.9
15499,Streamer_14499,Gaming,28389.0,4.2
1830,Streamer_830,Gaming,39695.0,3.0
20338,Streamer_19338,Arte,26348.0,1.0
12848,Streamer_11848,,20352.0,9.2
5355,Streamer_4355,Arte,6865.0,4.8
15289,Streamer_14289,Musica,26799.0,6.2
14138,Streamer_13138,Arte,41805.0,3.3
5442,Streamer_4442,Just Chatting,32391.0,11.8
10289,Streamer_9289,Just Chatting,2792.0,3.9
15692,Streamer_14692,Musica,46358.0,2.1
7739,Streamer_6739,Musica,33052.0,5.3
8799,Streamer_7799,Arte,10951.0,3.2
15194,Streamer_14194,Arte,30081.0,5.5
6239,Streamer_5239,Musica,17690.0,5.8
12296,Streamer_11296,Just Chatting,46080.0,7.3
7400,Streamer_6400,Gaming,30919.0,3.1
10964,Streamer_9964,Esports,35642.0,6.3
10658,Streamer_9658,Just Chatting,36873.0,1.4
2522,Streamer_1522,Esports,22290.0,4.6
10339,Streamer_9339,Arte,34898.0,2.8
15032,Streamer_14032,Musica,39890.0,10.7
11142,Streamer_10142,Musica,12728.0,6.4
13357,Streamer_12357,Arte,18589.0,11.5
10342,Streamer_9342,Esports,38435.0,8.0
5767,Streamer_4767,Musica,49252.0,3.2
12678,Streamer_11678,Musica,3307.0,6.5
5144,Streamer_4144,Esports,19015.0,2.9
6132,Streamer_5132,,25125.0,11.3
19057,Streamer_18057,Esports,25147.0,1.2
2613,Streamer_1613,Arte,22572.0,6.1
14290,Streamer_13290,Esports,21727.0,6.6
14967,Streamer_13967,Esports,31490.0,1.6
12291,Streamer_11291,Esports,12360.0,8.8
3708,Streamer_2708,Gaming,23947.0,9.7
14983,Streamer_13983,Just Chatting,32642.0,5.2
4397,Streamer_3397,Arte,10325.0,6.0
3354,Streamer_2354,Just Chatting,39800.0,5.8
13140,Streamer_12140,Gaming,39094.0,7.3
8602,Streamer_7602,Musica,,1.3
16005,Streamer_15005,Just Chatting,1698.0,5.8
17194,Streamer_16194,Esports,26402.0,6.6
8150,Streamer_7150,Esports,21093.0,4.3
17530,Streamer_16530,Just Chatting,48466.0,11.9
1733,Streamer_733,,20962.0,1.7
2234,Streamer_1234,Just Chatting,18845.0,10.5
2475,Streamer_1475,Esports,3459.0,1.8
5875,Streamer_4875,Gaming,7924.0,4.7
20776,Streamer_19776,,49027.0,9.9
3172,Streamer_2172,Gaming,29783.0,10.7
10157,Streamer_9157,Musica,41128.0,5.5
3321,Streamer_2321,Just Chatting,7229.0,11.3
9075,Streamer_8075,Just Chatting,6518.0,6.0
15209,Streamer_14209,Just Chatting,48959.0,9.6
11954,Streamer_10954,Arte,38208.0,2.4
11159,Streamer_10159,Esports,39232.0,9.8
1092,Streamer_92,Musica,17740.0,8.9
4808,Streamer_3808,Musica,9118.0,4.0
20110,Streamer_19110,Esports,38396.0,8.0
19532,Streamer_18532,Musica,33617.0,5.8
6146,Streamer_5146,Gaming,31301.0,1.5
13348,Streamer_12348,Just Chatting,9973.0,9.5
19680,Streamer_18680,Gaming,18922.0,2.9
7425,Streamer_6425,Arte,8347.0,7.4
16705,Streamer_15705,Just Chatting,9698.0,2.3
17542,Streamer_16542,Esports,43319.0,3.8
3476,Streamer_2476,Esports,48592.0,11.6
12801,Streamer_11801,Arte,26977.0,3.6
19458,Streamer_18458,Gaming,42591.0,1.5
19924,Streamer_18924,Musica,31512.0,3.7
3455,Streamer_2455,Just Chatting,47927.0,1.3
12976,Streamer_11976,Just Chatting,47961.0,10.1
15527,Streamer_14527,Arte,,6.4
17503,Streamer_16503,Arte,37946.0,2.9
14984,Streamer_13984,Musica,7419.0,8.4
7429,Streamer_6429,Arte,41617.0,3.7
10382,Streamer_9382,Arte,36859.0,9.1
19229,Streamer_18229,Arte,11515.0,11.5
20826,Streamer_19826,Just Chatting,7806.0,9.5
11756,Streamer_10756,Arte,36488.0,8.4
16467,Streamer_15467,Just Chatting,33166.0,10.3
20764,Streamer_19764,Musica,3046.0,3.3
17441,Streamer_16441,Esports,10853.0,8.4
11989,Streamer_10989,Just Chatting,23750.0,10.6
13430,Streamer_12430,Musica,9923.0,8.4
18539,Streamer_17539,Gaming,1068.0,1.6
11574,Streamer_10574,Musica,27737.0,5.0
1030,Streamer_30,Just Chatting,7346.0,7.6
15036,Streamer_14036,Musica,9304.0,5.3
19322,Streamer_18322,Esports,9804.0,3.9
19077,Streamer_18077,Esports,3616.0,3.7
5577,Streamer_4577,Gaming,13616.0,8.4
5778,Streamer_4778,Arte,14076.0,7.6
17609,Streamer_16609,Gaming,7923.0,1.9
1667,Streamer_667,Arte,41794.0,6.5
9695,Streamer_8695,Esports,633.0,9.6
2912,Streamer_1912,Gaming,48441.0,11.5
13792,Streamer_12792,Gaming,10340.0,7.9
15459,Streamer_14459,Musica,4024.0,1.2
3457,Streamer_2457,Just Chatting,45105.0,8.0
15548,Streamer_14548,Just Chatting,35773.0,7.9
9710,Streamer_8710,Esports,8343.0,10.8
12860,Streamer_11860,Esports,17050.0,2.1
20000,Streamer_19000,Arte,5337.0,7.9
12732,Streamer_11732,Just Chatting,31249.0,1.9
3950,Streamer_2950,Gaming,5207.0,11.1
6818,Streamer_5818,Arte,38422.0,4.4
7219,Streamer_6219,Gaming,39257.0,2.5
20498,Streamer_19498,Gaming,40859.0,2.2
3936,Streamer_2936,Just Chatting,4032.0,7.3
15168,Streamer_14168,Arte,38018.0,6.1
4938,Streamer_3938,Esports,31397.0,2.2
8808,Streamer_7808,Arte,19667.0,2.5
20519,Streamer_19519,Musica,5486.0,1.5
20164,Streamer_19164,Just Chatting,6154.0,7.1
9029,Streamer_8029,Gaming,5351.0,8.6
8196,Streamer_7196,Musica,39022.0,7.7
5740,Streamer_4740,Esports,3073.0,9.3
10319,Streamer_9319,Arte,13032.0,5.8
6984,Streamer_5984,Just Chatting,16048.0,5.4
2721,Streamer_1721,Musica,18467.0,3.9
14600,Streamer_13600,Just Chatting,29601.0,10.6
6683,Streamer_5683,Esports,26031.0,11.3
4077,Streamer_3077,Esports,27806.0,8.2
2016,Streamer_1016,Just Chatting,44765.0,5.9
12506,Streamer_11506,Gaming,32222.0,5.8
14523,Streamer_13523,Gaming,13353.0,4.6
9773,Streamer_8773,Musica,5071.0,3.1
1445,Streamer_445,Musica,40707.0,6.7
1728,Streamer_728,Musica,25665.0,9.5
5277,Streamer_4277,Arte,45117.0,9.2
4436,Streamer_3436,Esports,11209.0,10.0
1539,Streamer_539,Esports,40710.0,10.2
10495,Streamer_9495,Arte,15322.0,3.2
9268,,Musica,36713.0,5.6
19701,Streamer_18701,Gaming,6447.0,8.5
8794,Streamer_7794,Just Chatting,49025.0,7.3
13073,Streamer_12073,Arte,7759.0,7.8
14901,Streamer_13901,Esports,27396.0,9.1
14798,Streamer_13798,Arte,14700.0,9.9
5973,Streamer_4973,Arte,11548.0,1.5
3444,Streamer_2444,Just Chatting,48336.0,11.4
5664,Streamer_4664,Arte,35329.0,10.8
1448,Streamer_448,Just Chatting,29297.0,8.1
13807,Streamer_12807,Esports,25365.0,5.7
7941,Streamer_6941,Gaming,32412.0,1.5
5559,Streamer_4559,Arte,4452.0,6.6
4016,Streamer_3016,Gaming,36586.0,10.4
8225,Streamer_7225,Musica,37213.0,10.5
8912,Streamer_7912,Arte,32035.0,6.7
10808,Streamer_9808,Just Chatting,43893.0,3.0
1520,Streamer_520,Musica,2416.0,11.8
17156,Streamer_16156,Just Chatting,12085.0,9.4
1551,Streamer_551,Just Chatting,18331.0,6.8
10049,Streamer_9049,Musica,25623.0,2.3
19289,Streamer_18289,Just Chatting,12141.0,11.0
7904,Streamer_6904,Just Chatting,6813.0,9.8
9072,Streamer_8072,,22993.0,3.4
10518,Streamer_9518,Arte,45122.0,10.6
13020,Streamer_12020,Gaming,19875.0,7.6
18952,Streamer_17952,Musica,5463.0,3.6
18886,Streamer_17886,Arte,33878.0,6.2
12585,Streamer_11585,Arte,39889.0,5.6
7058,Streamer_6058,Arte,47207.0,9.6
4453,Streamer_3453,Just Chatting,35804.0,10.2
10820,Streamer_9820,Gaming,44938.0,8.7
18150,Streamer_17150,Gaming,22771.0,6.2
15054,Streamer_14054,Just Chatting,41232.0,11.1
9273,Streamer_8273,Arte,31536.0,4.2
19971,Streamer_18971,Musica,47168.0,7.7
13575,Streamer_12575,Musica,39168.0,7.2
20908,Streamer_19908,Arte,17053.0,4.6
12385,Streamer_11385,Esports,43768.0,1.9
4464,Streamer_3464,Gaming,35737.0,7.1
6635,Streamer_5635,Arte,49421.0,9.8
4890,Streamer_3890,Musica,2349.0,9.2
10554,Streamer_9554,Just Chatting,45584.0,10.4
20153,Streamer_19153,Just Chatting,29648.0,11.5
5507,Streamer_4507,Arte,373.0,6.8
9935,Streamer_8935,Just Chatting,7467.0,1.9
8525,Streamer_7525,Esports,6402.0,10.2
5899,Streamer_4899,Just Chatting,12394.0,8.3
15500,Streamer_14500,Arte,22846.0,7.2
2039,Streamer_1039,Esports,12914.0,11.1
5370,Streamer_4370,Arte,44447.0,3.9
4061,Streamer_3061,Esports,27492.0,6.9
16514,Streamer_15514,Esports,14729.0,2.4
20034,Streamer_19034,Musica,19920.0,2.8
14536,Streamer_13536,Just Chatting,34509.0,7.6
17506,Streamer_16506,Arte,29857.0,11.9
13048,Streamer_12048,Just Chatting,28028.0,4.6
20889,Streamer_19889,Musica,33739.0,2.6
3439,Streamer_2439,Musica,8976.0,1.8
2060,Streamer_1060,Musica,34408.0,3.6
20898,Streamer_19898,Arte,46188.0,9.9
18790,Streamer_17790,Esports,34485.0,8.5
14531,Streamer_13531,Arte,7057.0,8.3
5613,Streamer_4613,Musica,30108.0,11.3
7499,Streamer_6499,Esports,9078.0,6.5
19371,Streamer_18371,Esports,16559.0,4.1
9620,Streamer_8620,Arte,39016.0,8.1
18505,Streamer_17505,Esports,41435.0,10.8
8984,Streamer_7984,Just Chatting,35696.0,2.9
14484,Streamer_13484,Just Chatting,19407.0,8.7
4408,Streamer_3408,Just Chatting,23514.0,3.2
15776,Streamer_14776,Just Chatting,38947.0,2.2
6594,Streamer_5594,Musica,32425.0,3.6
17463,Streamer_16463,,34074.0,3.5
8427,Streamer_7427,Arte,49275.0,4.9
15901,Streamer_14901,Musica,27005.0,5.0
13104,Streamer_12104,Arte,40473.0,5.8
6277,Streamer_5277,Musica,6969.0,6.6
2212,Streamer_1212,Just Chatting,4255.0,5.6
20346,Streamer_19346,Just Chatting,21639.0,7.2
14007,Streamer_13007,Just Chatting,4282.0,8.1
16351,Streamer_15351,Arte,38414.0,7.9
15573,Streamer_14573,Just Chatting,,9.1
3387,Streamer_2387,Just Chatting,30508.0,2.6
8294,Streamer_7294,Musica,9793.0,3.1
5497,Streamer_4497,Just Chatting,47577.0,8.3
15646,Streamer_14646,Arte,16892.0,6.5
6961,Streamer_5961,Just Chatting,48205.0,4.4
17422,Streamer_16422,Just Chatting,17503.0,7.9
9820,Streamer_8820,Esports,,3.9
3130,Streamer_2130,Gaming,29913.0,7.2
15466,Streamer_14466,Just Chatting,355.0,5.8
1468,Streamer_468,Musica,2443.0,2.1
1730,Streamer_730,Esports,32536.0,9.8
12925,Streamer_11925,Arte,48730.0,9.7
7628,Streamer_6628,Esports,25353.0,2.9
9511,Streamer_8511,Arte,10491.0,9.4
13962,Streamer_12962,Just Chatting,24101.0,2.0
18905,Streamer_17905,Arte,8195.0,6.8
6401,Streamer_5401,Just Chatting,10410.0,9.8
18637,Streamer_17637,Arte,18738.0,1.7
17819,Streamer_16819,Gaming,27236.0,5.0
16056,Streamer_15056,Arte,32692.0,3.3
12268,Streamer_11268,Musica,28365.0,2.4
13037,Streamer_12037,Gaming,30607.0,6.4
10027,Streamer_9027,Esports,39577.0,1.2
8884,Streamer_7884,Arte,37738.0,1.9
17843,Streamer_16843,Just Chatting,24662.0,5.5
4905,Streamer_3905,Esports,6276.0,8.4
12834,Streamer_11834,Arte,14645.0,9.3
1982,Streamer_982,Just Chatting,7053.0,6.8
15584,Streamer_14584,Musica,27908.0,9.7
15700,Streamer_14700,Esports,20542.0,5.5
2815,Streamer_1815,Esports,31799.0,5.4
20869,Streamer_19869,Musica,43236.0,7.2
16296,Streamer_15296,Musica,35531.0,3.1
7208,Streamer_6208,Musica,5485.0,1.1
1618,Streamer_618,Just Chatting,14919.0,5.1
6174,Streamer_5174,Gaming,24824.0,6.3
12215,Streamer_11215,Gaming,24699.0,6.7
9828,Streamer_8828,Arte,27619.0,11.6
5050,Streamer_4050,Arte,19568.0,8.4
3749,Streamer_2749,Musica,7006.0,9.1
6959,Streamer_5959,Esports,25968.0,9.6
16339,Streamer_15339,Gaming,20377.0,10.8
13443,Streamer_12443,Musica,13127.0,2.8
20675,Streamer_19675,Esports,47981.0,2.1
17095,Streamer_16095,Just Chatting,22087.0,5.8
13220,Streamer_12220,Esports,16551.0,4.9
13378,Streamer_12378,Musica,23415.0,7.2
9047,Streamer_8047,Gaming,21500.0,5.0
5855,Streamer_4855,Musica,23314.0,6.3
16673,Streamer_15673,Esports,14728.0,7.3
15969,Streamer_14969,Just Chatting,35463.0,7.5
6124,Streamer_5124,Just Chatting,36329.0,2.2
4847,Streamer_3847,Musica,29036.0,10.1
1268,Streamer_268,Musica,31614.0,8.0
7744,Streamer_6744,Just Chatting,37407.0,7.8
10604,Streamer_9604,Gaming,48364.0,10.2
7556,Streamer_6556,Just Chatting,3445.0,3.5
16785,Streamer_15785,Esports,6552.0,7.9
12569,Streamer_11569,Musica,15022.0,1.3
8126,Streamer_7126,Gaming,47954.0,4.6
19657,Streamer_18657,Arte,18169.0,11.4
6991,Streamer_5991,Gaming,40397.0,5.5
5776,Streamer_4776,Just Chatting,49720.0,4.5
6076,Streamer_5076,Esports,14809.0,11.4
14707,Streamer_13707,Gaming,27171.0,10.7
12808,Streamer_11808,Esports,47876.0,6.6
9155,Streamer_8155,,21703.0,6.1
1947,Streamer_947,Just Chatting,11044.0,3.0
15589,Streamer_14589,Musica,2486.0,2.4
19305,Streamer_18305,Gaming,7420.0,11.1
20755,Streamer_19755,Just Chatting,27243.0,9.6
5127,Streamer_4127,Musica,30941.0,5.0
18068,Streamer_17068,Musica,13200.0,2.5
5492,Streamer_4492,Arte,25398.0,9.9
10442,Streamer_9442,Musica,13687.0,6.2
14147,Streamer_13147,Musica,32166.0,8.1
11065,Streamer_10065,Gaming,12999.0,4.3
10553,Streamer_9553,Just Chatting,41440.0,11.2
8573,Streamer_7573,Gaming,24273.0,1.6
10508,Streamer_9508,Musica,14082.0,3.1
3820,Streamer_2820,Musica,35728.0,11.5
13343,Streamer_12343,Gaming,10494.0,3.2
13125,Streamer_12125,Arte,48639.0,7.8
9660,Streamer_8660,Just Chatting,24400.0,11.1
17892,Streamer_16892,Arte,28026.0,4.9
11587,Streamer_10587,Just Chatting,1427.0,11.6
17190,Streamer_16190,Musica,32588.0,11.7
18518,Streamer_17518,Esports,45751.0,2.5
10774,Streamer_9774,Gaming,27508.0,3.4
2126,Streamer_1126,Arte,49295.0,3.7
15602,Streamer_14602,Gaming,11444.0,9.1
6136,Streamer_5136,Musica,30741.0,9.7
10566,Streamer_9566,Musica,34357.0,3.7
8018,Streamer_7018,Esports,2459.0,5.4
8012,Streamer_7012,Musica,44501.0,8.4
8526,Streamer_7526,Just Chatting,7903.0,6.3
10600,Streamer_9600,Arte,45602.0,12.0
6707,Streamer_5707,Musica,5053.0,1.6
12772,Streamer_11772,Musica,47558.0,3.4
3366,Streamer_2366,Just Chatting,23708.0,7.7
3329,Streamer_2329,Just Chatting,30873.0,5.2
15279,Streamer_14279,Gaming,12841.0,11.8
2527,Streamer_1527,Musica,37578.0,3.4
12503,Streamer_11503,Esports,23191.0,1.1
14483,Streamer_13483,Esports,32312.0,7.6
19902,Streamer_18902,Musica,8176.0,3.5
17346,Streamer_16346,Esports,33027.0,8.8
12545,Streamer_11545,Just Chatting,49788.0,6.6
11698,Streamer_10698,Arte,3478.0,1.7
3744,Streamer_2744,Musica,35949.0,2.2
14397,Streamer_13397,Arte,28255.0,7.8
7465,Streamer_6465,Just Chatting,1975.0,1.1
10714,Streamer_9714,Arte,6538.0,8.1
9487,Streamer_8487,Gaming,6673.0,1.7
1416,Streamer_416,Gaming,30504.0,1.6
9622,Streamer_8622,Esports,48502.0,7.1
12662,Streamer_11662,Just Chatting,20239.0,10.3
13217,Streamer_12217,Musica,7274.0,5.5
12726,Streamer_11726,Gaming,30904.0,1.8
5170,Streamer_4170,Gaming,21981.0,3.8
1142,Streamer_142,Esports,1501.0,3.7
19693,Streamer_18693,Arte,47877.0,4.6
7853,Streamer_6853,Gaming,45841.0,3.4
12782,,Musica,17653.0,7.9
9692,Streamer_8692,Just Chatting,20695.0,7.4
5382,Streamer_4382,Musica,8468.0,6.7
5163,Streamer_4163,Arte,45668.0,3.6
4461,Streamer_3461,Just Chatting,16515.0,7.4
15848,Streamer_14848,Arte,3554.0,2.7
20733,Streamer_19733,Arte,8665.0,8.4
6895,Streamer_5895,Esports,26917.0,7.9
7951,Streamer_6951,Gaming,31379.0,2.8
3883,Streamer_2883,,8039.0,1.9
3297,Streamer_2297,Arte,48465.0,3.1
20444,Streamer_19444,Just Chatting,14025.0,11.7
11299,Streamer_10299,Musica,447.0,11.0
6943,Streamer_5943,Just Chatting,41066.0,7.9
12502,Streamer_11502,Gaming,18157.0,4.2
12083,Streamer_11083,Musica,17647.0,8.4
6014,Streamer_5014,Musica,3438.0,10.7
10070,Streamer_9070,Gaming,5440.0,1.7
13924,Streamer_12924,Just Chatting,39155.0,6.0
11607,Streamer_10607,Gaming,18915.0,7.1
7247,Streamer_6247,Gaming,32318.0,11.8
9334,Streamer_8334,Arte,47462.0,10.9
13210,Streamer_12210,Just Chatting,8861.0,3.7
10993,Streamer_9993,Arte,19096.0,1.0
15819,Streamer_14819,Esports,41435.0,10.8
13227,Streamer_12227,Musica,15526.0,4.0
7659,Streamer_6659,Gaming,1340.0,6.6
2290,Streamer_1290,Arte,48730.0,8.8
19947,Streamer_18947,Gaming,24448.0,4.3
20224,Streamer_19224,Gaming,20526.0,1.3
11665,Streamer_10665,Musica,46097.0,2.4
14190,Streamer_13190,Esports,14885.0,11.0
16769,Streamer_15769,Arte,198.0,1.1
5206,Streamer_4206,Gaming,36886.0,8.2
17338,Streamer_16338,Just Chatting,29656.0,7.8
14090,Streamer_13090,Gaming,34933.0,11.4
3334,Streamer_2334,Gaming,28400.0,1.5
12534,Streamer_11534,Gaming,24761.0,4.8
17074,Streamer_16074,Just Chatting,37360.0,7.1
19631,Streamer_18631,Just Chatting,44172.0,4.9
16331,Streamer_15331,Musica,30050.0,8.7
13818,Streamer_12818,Gaming,42813.0,2.0
20286,Streamer_19286,Arte,31008.0,2.5
12183,,Just Chatting,14690.0,1.6
8266,Streamer_7266,Just Chatting,27153.0,11.3
20628,Streamer_19628,Gaming,44323.0,4.7
14581,Streamer_13581,Gaming,30444.0,7.6
9020,Streamer_8020,Arte,2330.0,4.1
2284,Streamer_1284,Gaming,44178.0,2.0
18746,Streamer_17746,Gaming,17957.0,2.8
9927,Streamer_8927,Just Chatting,42358.0,2.7
14362,Streamer_13362,Esports,6034.0,1.7
15048,Streamer_14048,Musica,44797.0,6.5
13699,Streamer_12699,Just Chatting,38317.0,10.8
7636,Streamer_6636,Just Chatting,27233.0,7.3
7340,Streamer_6340,Gaming,48982.0,10.7
12721,Streamer_11721,Musica,1970.0,12.0
16753,Streamer_15753,Esports,38657.0,4.1
13017,Streamer_12017,Gaming,18533.0,1.1
8818,Streamer_7818,Musica,43711.0,3.7
1172,Streamer_172,Just Chatting,22169.0,9.9
19470,Streamer_18470,Just Chatting,3362.0,9.6
1169,Streamer_169,Arte,46628.0,5.9
2493,Streamer_1493,Gaming,37747.0,1.1
16548,Streamer_15548,Arte,26602.0,8.9
18817,Streamer_17817,Arte,20558.0,4.9
5293,Streamer_4293,Arte,4830.0,1.6
9580,Streamer_8580,Just Chatting,20928.0,2.3
16415,Streamer_15415,Musica,,6.2
5725,Streamer_4725,Just Chatting,27898.0,7.0
12138,Streamer_11138,Arte,44226.0,9.4
17371,Streamer_16371,Musica,2604.0,9.4
9739,Streamer_8739,Arte,27205.0,8.0
18487,Streamer_17487,Musica,35297.0,6.2
12634,Streamer_11634,Gaming,42696.0,8.7
9627,Streamer_8627,Esports,31640.0,11.1
4675,Streamer_3675,Just Chatting,12670.0,1.2
13733,Streamer_12733,Gaming,35101.0,3.8
4175,Streamer_3175,Just Chatting,32157.0,10.8
17545,Streamer_16545,Musica,27998.0,6.7
10100,Streamer_9100,Esports,48170.0,10.3
9534,Streamer_8534,Just Chatting,38818.0,9.8
3670,Streamer_2670,Musica,27362.0,8.9
14070,Streamer_13070,Just Chatting,34507.0,3.6
9384,Streamer_8384,Gaming,44866.0,9.3
16122,Streamer_15122,Arte,32110.0,10.9
7566,Streamer_6566,Arte,24224.0,5.8
18807,Streamer_17807,Just Chatting,33096.0,9.9
18190,Streamer_17190,Gaming,35069.0,3.5
19441,Streamer_18441,Just Chatting,7029.0,10.8
8424,Streamer_7424,Esports,19151.0,7.4
12828,Streamer_11828,Gaming,33909.0,5.9
20018,Streamer_19018,Esports,11771.0,2.0
19162,Streamer_18162,Musica,24361.0,5.0
1795,Streamer_795,Just Chatting,2277.0,9.5
14011,Streamer_13011,Musica,18841.0,8.7
13545,Streamer_12545,Just Chatting,28062.0,3.3
8536,Streamer_7536,,27512.0,7.9
16245,Streamer_15245,Musica,12859.0,8.3
10853,Streamer_9853,Musica,40604.0,5.5
13294,Streamer_12294,Just Chatting,44143.0,10.5
18274,Streamer_17274,Musica,1977.0,11.2
1745,Streamer_745,,31904.0,1.1
2407,Streamer_1407,Esports,3969.0,1.4
7670,Streamer_6670,Arte,41755.0,5.0
1853,Streamer_853,Arte,29321.0,4.3
3531,Streamer_2531,,2836.0,5.2
19055,Streamer_18055,Just Chatting,20166.0,4.3
5161,Streamer_4161,Musica,26674.0,4.9
14242,Streamer_13242,Arte,13170.0,11.6
10407,Streamer_9407,Just Chatting,23482.0,10.5
14849,Streamer_13849,Gaming,43765.0,1.0
4081,Streamer_3081,Esports,42544.0,10.3
6776,Streamer_5776,Gaming,43295.0,10.9
19324,Streamer_18324,Just Chatting,23706.0,8.1
20119,Streamer_19119,Esports,16771.0,7.3
3679,Streamer_2679,,2852.0,11.3
14281,Streamer_13281,Just Chatting,30154.0,11.1
12158,Streamer_11158,Just Chatting,15191.0,5.3
6198,Streamer_5198,Esports,386.0,7.6
13044,Streamer_12044,Gaming,13758.0,2.1
20227,Streamer_19227,Arte,26446.0,2.1
2261,Streamer_1261,Gaming,39625.0,11.5
7653,Streamer_6653,Just Chatting,37954.0,7.5
19113,Streamer_18113,Gaming,43662.0,1.2
12591,Streamer_11591,Musica,43965.0,5.0
20809,Streamer_19809,Musica,30079.0,4.1
10263,Streamer_9263,Esports,43703.0,8.9
15044,Streamer_14044,Arte,8639.0,3.7
2596,Streamer_1596,Esports,11066.0,8.6
12988,Streamer_11988,Gaming,17227.0,8.0
20778,Streamer_19778,Esports,24095.0,9.7
11644,Streamer_10644,Musica,49915.0,1.3
11034,Streamer_10034,Just Chatting,38758.0,3.4
13187,Streamer_12187,Just Chatting,38629.0,8.6
20491,Streamer_19491,Gaming,25378.0,10.7
13251,Streamer_12251,Esports,20966.0,9.8
4272,Streamer_3272,Arte,1511.0,10.3
19130,Streamer_18130,Esports,428.0,1.1
2985,Streamer_1985,Gaming,13646.0,4.2
11047,Streamer_10047,Arte,25135.0,10.2
19062,Streamer_18062,Just Chatting,,9.5
9167,Streamer_8167,Gaming,24247.0,11.0
11291,Streamer_10291,Esports,40859.0,10.8
13583,Streamer_12583,Esports,47059.0,8.4
16540,Streamer_15540,Esports,32863.0,3.9
6358,Streamer_5358,Gaming,8874.0,7.9
10034,Streamer_9034,Esports,29213.0,10.2
20438,Streamer_19438,Musica,19624.0,11.9
10792,Streamer_9792,Musica,26056.0,3.0
19914,Streamer_18914,Gaming,41362.0,2.2
7212,Streamer_6212,Esports,15834.0,6.1
13481,Streamer_12481,Esports,342.0,5.6
17315,Streamer_16315,Esports,4374.0,4.3
13872,Streamer_12872,Gaming,28100.0,7.8
8609,Streamer_7609,Arte,11315.0,1.6
17360,Streamer_16360,Gaming,35461.0,5.4
13415,Streamer_12415,Arte,41774.0,1.0
7707,Streamer_6707,Just Chatting,31912.0,1.8
7167,Streamer_6167,Musica,43719.0,10.7
20111,Streamer_19111,Esports,36263.0,8.8
7843,Streamer_6843,Gaming,8763.0,11.1
10255,Streamer_9255,Esports,9623.0,5.1
19750,Streamer_18750,Esports,43033.0,10.1
13611,Streamer_12611,,11478.0,8.6
16165,Streamer_15165,Just Chatting,8907.0,6.7
12549,Streamer_11549,Musica,36641.0,4.5
10106,Streamer_9106,Esports,10777.0,8.5
10881,Streamer_9881,Esports,4144.0,4.4
19960,Streamer_18960,Musica,7912.0,8.5
12196,Streamer_11196,Arte,2293.0,11.1
2552,Streamer_1552,Gaming,33194.0,7.5
3621,Streamer_2621,Gaming,16505.0,7.7
20061,Streamer_19061,Esports,40606.0,7.0
9824,Streamer_8824,Arte,15016.0,4.8
4122,Streamer_3122,Musica,13247.0,5.3
9959,Streamer_8959,Esports,10748.0,4.7
12740,Streamer_11740,Just Chatting,33875.0,7.1
10549,Streamer_9549,Gaming,22710.0,5.9
6664,Streamer_5664,Musica,3151.0,9.8
19803,Streamer_18803,Gaming,20610.0,8.1
17964,Streamer_16964,Arte,34515.0,7.2
19111,Streamer_18111,Gaming,3575.0,8.7
17322,Streamer_16322,Arte,3155.0,5.9
15266,Streamer_14266,Musica,34551.0,5.8
2433,Streamer_1433,,45913.0,3.5
2218,Streamer_1218,Gaming,41359.0,4.4
13433,Streamer_12433,Gaming,8726.0,4.6
20276,Streamer_19276,,24823.0,11.1
3778,Streamer_2778,Musica,31517.0,10.8
6741,Streamer_5741,Just Chatting,23559.0,4.4
1717,Streamer_717,Esports,24929.0,8.3
4817,Streamer_3817,Musica,,10.9
16242,Streamer_15242,Just Chatting,1175.0,7.0
16720,Streamer_15720,Arte,4365.0,4.3
16533,Streamer_15533,Esports,27542.0,5.5
4785,Streamer_3785,,7942.0,6.6
11617,Streamer_10617,Gaming,33890.0,10.9
19523,Streamer_18523,Just Chatting,25045.0,2.5
18452,Streamer_17452,Arte,14137.0,2.5
8288,Streamer_7288,Gaming,1678.0,3.1
2519,Streamer_1519,Gaming,8974.0,10.2
14176,Streamer_13176,Musica,27320.0,8.5
16931,Streamer_15931,Just Chatting,40203.0,3.7
14374,Streamer_13374,Esports,17479.0,2.1
16432,Streamer_15432,Arte,22474.0,7.0
13592,Streamer_12592,Musica,41748.0,4.5
18984,Streamer_17984,Gaming,10421.0,2.5
17845,Streamer_16845,Arte,7629.0,7.8
4671,Streamer_3671,Just Chatting,13613.0,11.5
13975,,Just Chatting,19686.0,10.9
15743,Streamer_14743,Arte,23972.0,7.7
2934,Streamer_1934,Esports,3755.0,5.9
3144,Streamer_2144,Arte,42853.0,7.3
13099,Streamer_12099,Arte,34360.0,10.5
17774,Streamer_16774,Arte,36958.0,7.8
5164,Streamer_4164,Arte,15002.0,10.5
18030,Streamer_17030,Just Chatting,6768.0,7.6
4110,Streamer_3110,Esports,11528.0,8.1
12331,Streamer_11331,Just Chatting,4504.0,11.8
5106,Streamer_4106,Arte,44911.0,5.1
5458,Streamer_4458,Gaming,17883.0,11.5
6441,Streamer_5441,Esports,24843.0,9.5
13257,Streamer_12257,Esports,49408.0,11.3
13390,Streamer_12390,Arte,40089.0,5.8
18852,Streamer_17852,Just Chatting,40861.0,2.6
8249,Streamer_7249,Gaming,28597.0,10.9
16899,Streamer_15899,Esports,16988.0,5.5
18492,Streamer_17492,Esports,30549.0,7.8
19445,Streamer_18445,Esports,31219.0,2.8
12462,Streamer_11462,Musica,11857.0,7.8
8874,Streamer_7874,Just Chatting,42977.0,7.3
1671,Streamer_671,Esports,24162.0,1.8
18760,Streamer_17760,Musica,42705.0,11.8
19892,Streamer_18892,Arte,16284.0,7.8
14287,Streamer_13287,Esports,6301.0,4.8
11609,Streamer_10609,Musica,39002.0,3.4
14721,Streamer_13721,Arte,33472.0,8.3
9562,Streamer_8562,Gaming,37856.0,3.6
17742,Streamer_16742,Just Chatting,4019.0,5.1
19307,Streamer_18307,Esports,26465.0,8.5
5419,Streamer_4419,Just Chatting,35133.0,6.5
1780,Streamer_780,Arte,19445.0,10.2
1543,Streamer_543,Musica,38502.0,5.1
20073,Streamer_19073,Gaming,6235.0,4.4
14643,Streamer_13643,,15989.0,6.5
15581,Streamer_14581,Musica,15910.0,11.3
2949,Streamer_1949,Gaming,298.0,6.9
16682,Streamer_15682,Arte,5961.0,6.8
17631,Streamer_16631,Arte,4508.0,10.8
19681,Streamer_18681,Gaming,13427.0,6.9
7630,Streamer_6630,Gaming,10788.0,9.2
3770,Streamer_2770,Just Chatting,48859.0,2.1
2223,Streamer_1223,Gaming,21601.0,6.4
1225,Streamer_225,Arte,26717.0,3.6
6893,Streamer_5893,Esports,14211.0,3.1
5567,Streamer_4567,Just Chatting,7813.0,9.5
8500,Streamer_7500,Musica,47315.0,1.5
19236,Streamer_18236,Musica,18922.0,11.7
2248,Streamer_1248,Arte,46566.0,1.5
14424,Streamer_13424,Musica,8333.0,11.3
1573,Streamer_573,Arte,44151.0,5.9
17410,Streamer_16410,Musica,21592.0,3.1
13250,Streamer_12250,Just Chatting,36711.0,1.3
1668,Streamer_668,Arte,10464.0,9.2
20168,Streamer_19168,Just Chatting,19164.0,6.5
14380,Streamer_13380,Gaming,46105.0,9.9
20658,Streamer_19658,Arte,17711.0,3.4
7987,Streamer_6987,Arte,5141.0,12.0
18567,Streamer_17567,Arte,21624.0,8.8
2046,Streamer_1046,Just Chatting,,6.2
20547,Streamer_19547,Esports,44916.0,11.1
18923,Streamer_17923,Gaming,16630.0,7.7
20289,Streamer_19289,Musica,17340.0,2.0
3243,Streamer_2243,Arte,48115.0,6.3
18841,Streamer_17841,Just Chatting,48844.0,7.8
11204,Streamer_10204,Gaming,38754.0,10.4
15483,Streamer_14483,Esports,48221.0,8.3
10282,Streamer_9282,Arte,21998.0,3.1
18856,Streamer_17856,Musica,22524.0,10.9
11207,Streamer_10207,Just Chatting,,7.9
19326,Streamer_18326,Esports,27875.0,4.4
13853,Streamer_12853,Gaming,567.0,6.0
9960,Streamer_8960,Just Chatting,5762.0,11.9
8728,Streamer_7728,,45150.0,5.0
15494,Streamer_14494,Musica,9653.0,4.9
2779,Streamer_1779,Gaming,46531.0,8.2
15748,Streamer_14748,Gaming,44453.0,11.9
1689,Streamer_689,Just Chatting,31058.0,5.2
8120,Streamer_7120,Arte,18023.0,6.1
7811,Streamer_6811,Esports,24661.0,6.0
11417,Streamer_10417,Musica,9948.0,10.6
17842,Streamer_16842,Esports,26323.0,2.2
9551,Streamer_8551,Just Chatting,41022.0,3.8
16117,Streamer_15117,Esports,3229.0,1.6
2339,Streamer_1339,Arte,5446.0,1.7
20768,Streamer_19768,Musica,38256.0,4.8
1319,Streamer_319,Arte,13117.0,10.7
1173,Streamer_173,Gaming,26646.0,6.7
16873,Streamer_15873,Arte,4621.0,3.8
1554,Streamer_554,Gaming,30799.0,11.2
14601,Streamer_13601,Esports,7004.0,3.3
2437,Streamer_1437,Musica,26302.0,2.0
10576,Streamer_9576,Gaming,18980.0,8.7
11493,Streamer_10493,Gaming,39716.0,8.2
9515,Streamer_8515,Arte,10551.0,6.4
10769,Streamer_9769,Just Chatting,47370.0,4.2
1193,Streamer_193,Just Chatting,40192.0,11.6
14014,Streamer_13014,Musica,33387.0,8.5
12488,Streamer_11488,Gaming,9436.0,1.3
14218,Streamer_13218,Gaming,11563.0,2.6
12846,Streamer_11846,Musica,,4.2
19761,Streamer_18761,Esports,29793.0,8.7
13205,Streamer_12205,Esports,9992.0,2.9
5247,Streamer_4247,Gaming,12276.0,6.1
3659,Streamer_2659,Esports,19573.0,4.8
8759,Streamer_7759,Arte,48619.0,1.0
2144,Streamer_1144,Arte,33236.0,9.5
3987,Streamer_2987,Esports,30374.0,9.2
7060,,Esports,24086.0,8.7
14009,Streamer_13009,Just Chatting,10427.0,5.5
2296,Streamer_1296,Esports,1504.0,10.1
17427,Streamer_16427,Musica,31434.0,4.4
3569,Streamer_2569,Gaming,9277.0,6.9
18986,Streamer_17986,Arte,3089.0,8.6
6371,Streamer_5371,Esports,9241.0,9.2
4503,Streamer_3503,Musica,33356.0,2.6
7409,Streamer_6409,Esports,18453.0,11.9
12420,Streamer_11420,Arte,19513.0,11.8
11929,Streamer_10929,Esports,37204.0,7.5
7697,,Arte,43828.0,4.5
9640,Streamer_8640,Just Chatting,37117.0,8.4
12949,Streamer_11949,Musica,35477.0,3.2
1787,Streamer_787,Esports,30435.0,8.1
10570,Streamer_9570,Gaming,26932.0,5.7
19785,Streamer_18785,Just Chatting,24007.0,5.6
13528,Streamer_12528,Musica,11527.0,9.7
3701,,Gaming,36786.0,2.5
7547,Streamer_6547,Gaming,10580.0,1.1
12647,Streamer_11647,Gaming,15035.0,8.1
17258,Streamer_16258,Arte,20026.0,4.1
9969,Streamer_8969,Just Chatting,39747.0,4.2
10184,Streamer_9184,Just Chatting,802.0,1.4
4220,Streamer_3220,Gaming,24793.0,11.1
1243,Streamer_243,Arte,47734.0,10.7
14731,Streamer_13731,Just Chatting,24650.0,5.8
5113,Streamer_4113,Just Chatting,20271.0,6.5
17533,Streamer_16533,Gaming,15776.0,1.9
4916,Streamer_3916,Just Chatting,48897.0,5.1
15837,Streamer_14837,,7793.0,2.1
16679,Streamer_15679,Arte,13950.0,8.4
17720,Streamer_16720,Gaming,6781.0,1.3
2370,Streamer_1370,Just Chatting,23026.0,4.2
14801,Streamer_13801,Esports,6943.0,7.2
17563,Streamer_16563,Just Chatting,14649.0,2.1
15471,Streamer_14471,Arte,1062.0,1.6
18745,Streamer_17745,Esports,15833.0,5.6
1849,Streamer_849,Arte,47720.0,9.4
20432,Streamer_19432,Esports,20226.0,10.6
20646,Streamer_19646,Just Chatting,23493.0,1.6
8263,Streamer_7263,Just Chatting,48086.0,4.0
12770,Streamer_11770,Gaming,16093.0,4.9
3727,Streamer_2727,Musica,19072.0,2.5
14793,Streamer_13793,Just Chatting,46500.0,8.3
17990,Streamer_16990,Arte,14251.0,1.2
12996,Streamer_11996,Gaming,43294.0,11.4
14346,Streamer_13346,Just Chatting,16950.0,6.2
1400,Streamer_400,Arte,4462.0,2.2
4117,Streamer_3117,Gaming,43872.0,7.5
2543,Streamer_1543,Gaming,33673.0,11.8
3237,Streamer_2237,Just Chatting,10319.0,11.9
14209,Streamer_13209,Arte,29468.0,8.5
1529,Streamer_529,Gaming,44559.0,6.3
10857,Streamer_9857,Just Chatting,15755.0,11.5
7332,Streamer_6332,Just Chatting,4365.0,11.2
20368,Streamer_19368,Just Chatting,12095.0,5.2
2472,Streamer_1472,Just Chatting,11045.0,3.5
1180,Streamer_180,Gaming,24135.0,5.7
6688,Streamer_5688,Gaming,35708.0,3.6
4971,Streamer_3971,Musica,27789.0,6.5
15085,Streamer_14085,Arte,628.0,8.0
9040,Streamer_8040,Just Chatting,10124.0,7.6
10028,Streamer_9028,Just Chatting,10775.0,1.7
13441,Streamer_12441,Arte,33058.0,9.8
10510,Streamer_9510,Arte,10829.0,2.9
7075,Streamer_6075,,32062.0,1.1
12655,Streamer_11655,Gaming,17564.0,1.5
10456,Streamer_9456,Gaming,22584.0,4.1
14251,Streamer_13251,Gaming,23446.0,1.6
11260,Streamer_10260,Musica,30516.0,6.7
14642,Streamer_13642,Arte,8582.0,3.5
10969,Streamer_9969,Arte,15891.0,3.9
12478,Streamer_11478,Just Chatting,45704.0,11.7
17043,Streamer_16043,Esports,37468.0,11.6
7967,Streamer_6967,Gaming,36761.0,5.1
17426,Streamer_16426,Gaming,39828.0,7.8
8149,Streamer_7149,Esports,2661.0,9.1
15650,Streamer_14650,,46681.0,7.3
3928,Streamer_2928,Arte,22838.0,4.7
7356,Streamer_6356,Esports,13132.0,9.8
3614,Streamer_2614,Gaming,,3.6
8837,Streamer_7837,Musica,39695.0,8.7
1770,Streamer_770,Esports,43151.0,8.1
3048,Streamer_2048,Gaming,47375.0,7.3
14698,Streamer_13698,Musica,33604.0,2.7
7964,Streamer_6964,Just Chatting,36811.0,9.9
11795,Streamer_10795,Gaming,40272.0,9.5
17675,Streamer_16675,Just Chatting,22162.0,7.7
14443,Streamer_13443,Just Chatting,18190.0,9.3
14059,Streamer_13059,Just Chatting,43584.0,9.3
15350,Streamer_14350,Arte,22672.0,10.8
17618,Streamer_16618,Just Chatting,11197.0,5.2
17922,Streamer_16922,Esports,6316.0,11.5
1810,Streamer_810,Gaming,36680.0,8.6
15865,Streamer_14865,Just Chatting,2088.0,1.8
5582,Streamer_4582,Musica,13023.0,5.7
2714,Streamer_1714,Gaming,24130.0,2.4
12628,Streamer_11628,Musica,626.0,2.7
13700,Streamer_12700,Gaming,40123.0,11.5
9471,Streamer_8471,Just Chatting,33899.0,9.3
9914,Streamer_8914,Arte,25973.0,10.0
1082,Streamer_82,Musica,48433.0,10.6
8479,Streamer_7479,Arte,2908.0,3.7
10135,Streamer_9135,Esports,4203.0,8.5
20630,Streamer_19630,Arte,39996.0,7.7
9668,Streamer_8668,Gaming,16880.0,7.2
3999,Streamer_2999,Gaming,49065.0,3.1
4556,Streamer_3556,Gaming,37769.0,8.8
5807,Streamer_4807,Esports,20277.0,7.6
11241,Streamer_10241,Gaming,44159.0,7.3
14197,Streamer_13197,Esports,28337.0,4.2
2461,Streamer_1461,Just Chatting,377.0,10.8
6573,Streamer_5573,Esports,43693.0,10.0
20946,Streamer_19946,Musica,42345.0,8.4
3938,Streamer_2938,Esports,4176.0,3.3
20715,Streamer_19715,Just Chatting,25717.0,9.9
2072,Streamer_1072,Gaming,,3.3
9069,Streamer_8069,Musica,37802.0,3.1
7831,Streamer_6831,Arte,32401.0,6.4
19918,Streamer_18918,Just Chatting,12119.0,8.1
4827,Streamer_3827,Musica,46588.0,9.4
19491,Streamer_18491,Just Chatting,48756.0,7.4
2599,Streamer_1599,Just Chatting,24622.0,2.3
16646,Streamer_15646,Musica,34457.0,3.6
11703,Streamer_10703,Esports,47541.0,8.4
17863,Streamer_16863,Esports,11022.0,10.7
12979,Streamer_11979,Gaming,35008.0,7.8
2785,Streamer_1785,Gaming,3074.0,8.1
20524,Streamer_19524,Esports,23977.0,1.0
20006,Streamer_19006,Esports,14503.0,8.6
9007,,Esports,32800.0,9.2
12597,Streamer_11597,Musica,23016.0,8.6
11319,Streamer_10319,Gaming,44032.0,1.1
8091,Streamer_7091,Arte,12727.0,2.8
10916,Streamer_9916,Gaming,35617.0,6.0
3175,Streamer_2175,Arte,29125.0,9.5
16378,Streamer_15378,Gaming,10994.0,1.7
3604,Streamer_2604,Esports,48177.0,5.0
11191,Streamer_10191,Esports,37272.0,4.7
15521,Streamer_14521,Gaming,22210.0,8.7
1812,Streamer_812,Musica,48617.0,2.0
2287,Streamer_1287,Esports,20046.0,9.9
20728,Streamer_19728,Gaming,11301.0,8.4
6582,Streamer_5582,Musica,16545.0,7.5
6153,Streamer_5153,Just Chatting,29785.0,11.3
11279,Streamer_10279,Musica,35612.0,2.7
16259,Streamer_15259,Esports,7552.0,3.8
11151,Streamer_10151,Just Chatting,874.0,1.4
7913,Streamer_6913,Just Chatting,14686.0,8.3
10191,Streamer_9191,Musica,4691.0,3.5
5645,Streamer_4645,Esports,18708.0,11.0
7362,Streamer_6362,Arte,41365.0,11.1
16437,Streamer_15437,Arte,34579.0,3.1
16932,Streamer_15932,Gaming,,1.5
2063,Streamer_1063,Musica,22971.0,6.3
9493,Streamer_8493,Arte,15953.0,6.0
19263,Streamer_18263,Esports,32297.0,1.8
9233,Streamer_8233,Musica,1556.0,2.4
3648,Streamer_2648,Arte,42518.0,7.3
6891,Streamer_5891,Musica,42197.0,6.4
18921,Streamer_17921,Just Chatting,,3.7
15618,Streamer_14618,Arte,43571.0,1.7
16307,Streamer_15307,Just Chatting,47525.0,3.6
17181,Streamer_16181,Musica,14.0,9.2
7649,Streamer_6649,Gaming,26898.0,3.2
12576,Streamer_11576,Arte,19306.0,5.2
7938,Streamer_6938,Just Chatting,32848.0,6.0
8965,Streamer_7965,Musica,5331.0,8.0
1494,Streamer_494,,24128.0,7.7
7268,Streamer_6268,Musica,9386.0,6.9
3693,Streamer_2693,Gaming,30416.0,1.7
12652,Streamer_11652,Gaming,37766.0,10.5
6695,Streamer_5695,Esports,22845.0,8.2
16807,Streamer_15807,Gaming,40657.0,4.6
16102,Streamer_15102,Arte,12687.0,2.7
3801,Streamer_2801,Just Chatting,31499.0,7.3
4618,Streamer_3618,Musica,35422.0,3.0
15948,Streamer_14948,Arte,10676.0,9.5
5189,Streamer_4189,Esports,10956.0,7.4
7290,Streamer_6290,Esports,15366.0,11.1
18299,Streamer_17299,Just Chatting,8923.0,5.4
3364,Streamer_2364,Arte,6974.0,5.6
18429,Streamer_17429,Esports,15952.0,7.5
5975,Streamer_4975,Esports,40080.0,7.9
2523,Streamer_1523,Gaming,21122.0,11.6
10682,Streamer_9682,Esports,47384.0,6.2
15698,Streamer_14698,Gaming,13521.0,9.7
4596,Streamer_3596,Esports,20527.0,6.4
3423,Streamer_2423,Esports,12774.0,4.0
12781,Streamer_11781,Musica,45998.0,2.2
6052,Streamer_5052,Arte,23009.0,8.3
20393,Streamer_19393,Gaming,41795.0,3.2
6481,Streamer_5481,Musica,7992.0,2.9
15301,Streamer_14301,Esports,36699.0,8.7
7563,Streamer_6563,Just Chatting,30683.0,3.9
3481,Streamer_2481,Just Chatting,31681.0,10.7
15520,Streamer_14520,Esports,28596.0,6.5
15516,Streamer_14516,Just Chatting,14287.0,11.1
18959,Streamer_17959,Musica,5503.0,1.3
2147,Streamer_1147,Just Chatting,8177.0,5.5
12715,Streamer_11715,Esports,2923.0,1.7
20834,Streamer_19834,Musica,35765.0,10.9
2961,Streamer_1961,Musica,48515.0,8.6
15366,Streamer_14366,Esports,47533.0,8.8
2262,Streamer_1262,Gaming,16667.0,4.8
7312,Streamer_6312,Gaming,30750.0,7.3
17091,Streamer_16091,Gaming,5809.0,5.6
10861,Streamer_9861,Just Chatting,3461.0,6.2
5939,Streamer_4939,Musica,1855.0,4.3
5304,Streamer_4304,Just Chatting,38630.0,7.0
6133,Streamer_5133,Just Chatting,27238.0,5.7
9332,Streamer_8332,Gaming,48061.0,4.5
18249,Streamer_17249,Esports,40193.0,3.0
14376,Streamer_13376,Arte,22946.0,7.3
6757,Streamer_5757,Gaming,7409.0,11.7
17728,Streamer_16728,Arte,22447.0,4.4
2735,Streamer_1735,Musica,5966.0,1.4
15215,Streamer_14215,Just Chatting,36689.0,9.3
8952,Streamer_7952,Gaming,30747.0,4.4
18892,Streamer_17892,Arte,48568.0,2.0
4820,Streamer_3820,Arte,27647.0,1.8
8871,Streamer_7871,Arte,34633.0,3.7
3799,Streamer_2799,Gaming,15269.0,7.4
19694,Streamer_18694,Esports,17855.0,9.7
16199,Streamer_15199,Musica,2315.0,3.3
19546,Streamer_18546,Arte,46724.0,7.2
14199,Streamer_13199,Just Chatting,28752.0,8.1
11333,Streamer_10333,Musica,32317.0,11.2
8265,Streamer_7265,Arte,41165.0,8.1
4682,Streamer_3682,Arte,15516.0,8.8
12666,Streamer_11666,Just Chatting,8167.0,4.2
10748,Streamer_9748,Arte,27269.0,2.1
14862,Streamer_13862,Arte,37391.0,5.7
17572,Streamer_16572,Gaming,12765.0,10.4
11869,Streamer_10869,Gaming,38110.0,11.8
3325,Streamer_2325,Just Chatting,36064.0,11.5
7238,Streamer_6238,,31126.0,5.7
20688,Streamer_19688,Just Chatting,30902.0,10.8
13069,Streamer_12069,Just Chatting,11902.0,11.9
6376,Streamer_5376,Just Chatting,11109.0,9.1
1097,Streamer_97,Gaming,30779.0,6.4
6514,Streamer_5514,Gaming,16001.0,7.5
15434,Streamer_14434,Esports,49034.0,3.0
4045,Streamer_3045,Gaming,30286.0,11.5
10605,Streamer_9605,Musica,38160.0,9.8
20963,Streamer_19963,Musica,47617.0,4.8
15863,Streamer_14863,Esports,26357.0,6.8
3385,Streamer_2385,,32072.0,1.4
7551,Streamer_6551,Gaming,2809.0,3.0
5588,Streamer_4588,Gaming,47853.0,7.7
6479,Streamer_5479,Esports,25991.0,9.3
20090,Streamer_19090,Just Chatting,9625.0,10.0
9194,Streamer_8194,Gaming,16871.0,8.5
18073,Streamer_17073,Esports,13448.0,9.5
10548,Streamer_9548,Just Chatting,42091.0,10.8
4076,Streamer_3076,Esports,15559.0,11.5
1036,Streamer_36,Esports,23085.0,7.4
11284,Streamer_10284,Just Chatting,11420.0,2.9
10207,Streamer_9207,Musica,2384.0,6.9
14356,Streamer_13356,Esports,29935.0,6.1
20010,Streamer_19010,Musica,30886.0,8.8
4102,Streamer_3102,Just Chatting,8928.0,4.0
15119,Streamer_14119,Musica,47161.0,7.3
10522,Streamer_9522,Musica,22329.0,3.2
19094,Streamer_18094,Arte,29958.0,8.4
4128,Streamer_3128,Arte,48016.0,11.3
8572,Streamer_7572,Arte,11824.0,11.5
7168,Streamer_6168,Esports,27305.0,8.7
6924,Streamer_5924,Arte,45276.0,8.5
4955,Streamer_3955,Esports,46959.0,1.4
7207,Streamer_6207,Gaming,44223.0,7.3
15066,Streamer_14066,Musica,3211.0,5.5
17492,Streamer_16492,Esports,33835.0,6.8
3674,Streamer_2674,Musica,30353.0,11.3
9374,Streamer_8374,Gaming,8776.0,10.1
11781,Streamer_10781,Just Chatting,14174.0,11.0
8373,Streamer_7373,Arte,2192.0,1.7
3754,Streamer_2754,,,10.0
14685,Streamer_13685,Esports,8413.0,2.1
5839,Streamer_4839,Gaming,5586.0,7.4
9792,Streamer_8792,Esports,39200.0,11.0
17398,Streamer_16398,Gaming,1681.0,1.4
5393,Streamer_4393,Musica,23618.0,2.5
7713,Streamer_6713,Just Chatting,30287.0,7.2
13899,Streamer_12899,Musica,41671.0,11.0
3524,Streamer_2524,Musica,42393.0,4.4
14155,Streamer_13155,Just Chatting,28255.0,7.0
18982,Streamer_17982,Musica,23164.0,1.0
11629,Streamer_10629,Esports,10925.0,6.2
15451,Streamer_14451,Musica,13614.0,7.2
1892,Streamer_892,Gaming,7362.0,9.6
4212,Streamer_3212,Arte,44180.0,7.4
2467,Streamer_1467,Arte,30763.0,6.7
4059,Streamer_3059,Gaming,46528.0,9.5
18661,Streamer_17661,Musica,6586.0,9.5
17326,Streamer_16326,Esports,42208.0,11.5
4384,Streamer_3384,Musica,28116.0,1.5
16291,Streamer_15291,Esports,34828.0,9.9
1904,Streamer_904,Musica,25063.0,9.1
10129,Streamer_9129,Musica,28867.0,2.8
19054,Streamer_18054,Arte,28659.0,7.1
3274,Streamer_2274,Gaming,45783.0,1.4
14117,Streamer_13117,Arte,29994.0,11.7
4554,Streamer_3554,Just Chatting,33367.0,11.1
9815,Streamer_8815,Esports,41395.0,2.4
5974,Streamer_4974,Esports,12369.0,7.0
13548,Streamer_12548,Just Chatting,20540.0,7.0
20068,Streamer_19068,Gaming,45404.0,9.8
7018,Streamer_6018,Gaming,37918.0,5.3
20215,Streamer_19215,Gaming,18647.0,7.2
20175,Streamer_19175,Arte,8598.0,10.6
12139,Streamer_11139,Musica,43446.0,7.7
4276,Streamer_3276,Arte,4642.0,3.3
18628,Streamer_17628,Gaming,42209.0,10.2
3125,Streamer_2125,Esports,47961.0,10.6
15113,Streamer_14113,Musica,48312.0,10.0
2399,Streamer_1399,Musica,48758.0,7.1
19727,Streamer_18727,Just Chatting,44067.0,6.6
13223,Streamer_12223,Musica,41402.0,3.2
20285,Streamer_19285,Gaming,9241.0,2.6
9621,Streamer_8621,Gaming,47560.0,10.5
16718,Streamer_15718,Gaming,46977.0,10.1
8699,Streamer_7699,Esports,5989.0,4.4
14585,Streamer_13585,Esports,43825.0,2.2
16141,Streamer_15141,Arte,10667.0,9.9
14200,Streamer_13200,Gaming,48259.0,8.1
8919,Streamer_7919,Arte,11756.0,6.8
3380,Streamer_2380,Musica,1175.0,1.1
16659,Streamer_15659,Arte,27256.0,6.8
18919,Streamer_17919,Esports,42854.0,11.3
8828,Streamer_7828,Musica,6006.0,8.7
18720,Streamer_17720,Arte,2617.0,8.8
3434,Streamer_2434,Just Chatting,47668.0,7.7
13278,Streamer_12278,Just Chatting,44064.0,5.2
9112,Streamer_8112,Musica,39118.0,11.4
15127,Streamer_14127,Just Chatting,44100.0,8.5
14975,Streamer_13975,Just Chatting,9832.0,4.5
17731,Streamer_16731,Gaming,13756.0,6.0
14043,Streamer_13043,Musica,16770.0,3.7
3694,Streamer_2694,Arte,39561.0,3.6
3427,Streamer_2427,Musica,37753.0,9.3
14073,Streamer_13073,Gaming,47404.0,7.0
20980,Streamer_19980,Musica,19738.0,5.6
12436,Streamer_11436,Gaming,16184.0,6.3
17757,Streamer_16757,Just Chatting,38721.0,8.1
14105,Streamer_13105,Esports,11518.0,4.5
12718,Streamer_11718,Esports,4520.0,10.3
12154,Streamer_11154,Esports,5752.0,5.9
16380,Streamer_15380,Arte,18755.0,1.6
4797,Streamer_3797,Just Chatting,31410.0,5.5
6934,Streamer_5934,Musica,13865.0,3.6
7894,Streamer_6894,Arte,31662.0,1.5
6156,Streamer_5156,Gaming,20845.0,3.6
19689,Streamer_18689,Arte,45511.0,5.0
13974,Streamer_12974,Musica,33062.0,6.2
15455,Streamer_14455,Arte,15930.0,5.2
16761,Streamer_15761,Gaming,45665.0,10.7
14367,Streamer_13367,Musica,48653.0,6.5
16178,Streamer_15178,Musica,40642.0,10.6
9619,Streamer_8619,Musica,34903.0,9.8
10550,Streamer_9550,Arte,1724.0,5.6
13315,Streamer_12315,Just Chatting,41127.0,7.5
2518,Streamer_1518,Esports,27721.0,11.4
18954,Streamer_17954,Esports,13048.0,6.6
2528,Streamer_1528,Musica,12452.0,10.5
4374,Streamer_3374,Esports,47486.0,7.7
16124,Streamer_15124,Arte,8313.0,1.9
6085,Streamer_5085,Esports,29609.0,4.2
1743,Streamer_743,Musica,9381.0,3.7
14092,Streamer_13092,Just Chatting,1253.0,3.1
11464,Streamer_10464,Gaming,3520.0,4.0
20051,Streamer_19051,Just Chatting,18787.0,2.4
3223,Streamer_2223,Musica,48828.0,5.0
1968,Streamer_968,Esports,44717.0,10.5
4942,Streamer_3942,Musica,6311.0,5.4
4446,Streamer_3446,Arte,32853.0,11.7
16470,Streamer_15470,Esports,4122.0,8.1
10638,Streamer_9638,Musica,47961.0,7.1
4068,Streamer_3068,Esports,46721.0,4.6
8932,Streamer_7932,Gaming,33504.0,6.9
11038,Streamer_10038,Arte,43775.0,11.3
3556,Streamer_2556,Musica,41811.0,8.6
2611,Streamer_1611,Arte,39133.0,3.6
6855,Streamer_5855,Gaming,34654.0,4.4
3808,Streamer_2808,Arte,39663.0,2.4
7048,Streamer_6048,Gaming,20018.0,2.0
7405,Streamer_6405,Arte,43830.0,8.8
12126,Streamer_11126,Esports,18757.0,5.8
12621,Streamer_11621,Arte,39797.0,5.0
3941,Streamer_2941,Esports,24814.0,3.6
19278,Streamer_18278,Musica,25106.0,1.9
12494,Streamer_11494,Musica,25181.0,6.6
4723,Streamer_3723,Arte,11894.0,10.8
16461,Streamer_15461,Just Chatting,16589.0,6.7
4650,Streamer_3650,Arte,11261.0,1.1
5809,Streamer_4809,Just Chatting,21546.0,11.1
4542,Streamer_3542,Gaming,5307.0,7.5
2110,Streamer_1110,Just Chatting,35017.0,11.8
18473,Streamer_17473,Arte,27114.0,2.6
1924,Streamer_924,Just Chatting,34367.0,2.9
11271,Streamer_10271,Arte,23870.0,4.2
8840,Streamer_7840,Just Chatting,29117.0,11.0
15825,Streamer_14825,Musica,35985.0,8.0
12413,Streamer_11413,Esports,25804.0,12.0
12356,Streamer_11356,Arte,28616.0,6.1
10496,Streamer_9496,Arte,24653.0,4.7
1969,Streamer_969,Esports,10016.0,7.2
4221,Streamer_3221,Esports,42505.0,8.0
13584,Streamer_12584,Gaming,333.0,7.0
9196,Streamer_8196,,29203.0,10.7
13619,Streamer_12619,Musica,20316.0,11.5
12960,Streamer_11960,Arte,16307.0,6.0
16111,Streamer_15111,Esports,41710.0,4.1
6369,Streamer_5369,Esports,45289.0,11.1
12493,Streamer_11493,Musica,8320.0,10.8
2999,Streamer_1999,Just Chatting,22956.0,3.4
16739,Streamer_15739,Arte,14943.0,7.1
18601,Streamer_17601,Musica,24140.0,1.9
20716,Streamer_19716,Musica,39169.0,10.3
19653,Streamer_18653,Just Chatting,,7.9
14283,Streamer_13283,Just Chatting,15408.0,11.9
8484,Streamer_7484,Just Chatting,28002.0,8.4
7319,Streamer_6319,Musica,44147.0,9.5
12084,Streamer_11084,Gaming,2562.0,10.8
3232,Streamer_2232,Musica,31197.0,10.4
4297,Streamer_3297,Esports,3999.0,6.3
18771,Streamer_17771,Arte,34225.0,10.5
19580,Streamer_18580,Esports,3494.0,7.6
6059,Streamer_5059,Just Chatting,24883.0,8.0
15876,Streamer_14876,Gaming,31808.0,3.4
19168,Streamer_18168,Musica,24866.0,11.6
11086,Streamer_10086,Gaming,9642.0,7.2
10428,Streamer_9428,Just Chatting,26877.0,2.1
2624,Streamer_1624,Musica,22807.0,3.4
1738,Streamer_738,Just Chatting,24317.0,4.9
10547,Streamer_9547,Arte,49546.0,9.3
5667,Streamer_4667,Esports,26646.0,7.3
18858,Streamer_17858,Just Chatting,15870.0,8.0
14603,Streamer_13603,Esports,30845.0,9.0
13563,Streamer_12563,Musica,9890.0,10.3
3797,Streamer_2797,Gaming,14514.0,9.9
12929,Streamer_11929,Musica,43223.0,1.5
6042,Streamer_5042,Just Chatting,28680.0,5.4
8838,Streamer_7838,Musica,25886.0,2.7
9389,Streamer_8389,Musica,3864.0,3.9
17382,Streamer_16382,Gaming,31472.0,8.5
17045,Streamer_16045,Esports,22197.0,7.6
5076,Streamer_4076,Gaming,38329.0,6.7
1249,Streamer_249,Gaming,48333.0,2.4
4833,Streamer_3833,Gaming,13995.0,11.1
20242,Streamer_19242,Arte,3435.0,6.8
18710,Streamer_17710,Esports,48827.0,2.7
11950,Streamer_10950,Arte,20424.0,8.8
13398,Streamer_12398,Arte,23562.0,11.5
8894,Streamer_7894,Gaming,44229.0,9.7
9546,Streamer_8546,Esports,48872.0,5.9
10527,Streamer_9527,Esports,12649.0,3.0
6406,Streamer_5406,Arte,18730.0,10.3
11771,Streamer_10771,Esports,29192.0,10.3
11713,Streamer_10713,Just Chatting,28998.0,4.7
17885,Streamer_16885,Esports,188.0,4.4
15231,Streamer_14231,Musica,3947.0,11.1
18934,Streamer_17934,Gaming,35198.0,4.9
16320,Streamer_15320,Gaming,5575.0,7.9
11192,Streamer_10192,Just Chatting,32998.0,9.9
12556,Streamer_11556,Arte,24502.0,7.8
16588,Streamer_15588,Just Chatting,24233.0,1.1
1103,Streamer_103,Gaming,47838.0,8.8
6486,Streamer_5486,Musica,35627.0,7.8
20218,Streamer_19218,Gaming,19839.0,4.5
14555,Streamer_13555,Esports,44556.0,6.5
14234,Streamer_13234,Esports,28557.0,11.4
7936,Streamer_6936,Just Chatting,11629.0,1.8
8914,Streamer_7914,Musica,30978.0,10.3
11033,Streamer_10033,Arte,26009.0,11.5
10805,Streamer_9805,Just Chatting,35871.0,1.2
6082,Streamer_5082,Musica,45971.0,11.5
5687,Streamer_4687,Gaming,44790.0,7.8
18670,Streamer_17670,Just Chatting,28927.0,9.3
19987,Streamer_18987,Esports,41864.0,1.6
18940,Streamer_17940,Just Chatting,25533.0,9.4
5830,Streamer_4830,Arte,5484.0,11.4
10079,Streamer_9079,Just Chatting,14617.0,6.3
19233,Streamer_18233,Musica,8812.0,1.0
3056,Streamer_2056,Musica,11621.0,1.9
13577,Streamer_12577,Esports,4945.0,1.2
10465,Streamer_9465,Just Chatting,28438.0,9.8
14447,Streamer_13447,Just Chatting,34824.0,10.6
7886,Streamer_6886,Gaming,924.0,11.3
5423,Streamer_4423,Gaming,27753.0,8.0
18187,Streamer_17187,Gaming,17325.0,10.4
7769,Streamer_6769,Gaming,29289.0,5.8
8244,Streamer_7244,Arte,24898.0,1.1
13319,Streamer_12319,Musica,23755.0,10.3
1331,Streamer_331,Gaming,46782.0,7.2
13829,Streamer_12829,,46421.0,1.2
5022,Streamer_4022,Musica,28325.0,8.9
13168,Streamer_12168,Musica,24710.0,4.1
9284,Streamer_8284,Just Chatting,31985.0,10.5
13310,Streamer_12310,Gaming,26029.0,7.0
10674,Streamer_9674,Musica,17763.0,8.9
11058,Streamer_10058,Gaming,40687.0,9.2
16859,Streamer_15859,Esports,31941.0,9.8
12237,Streamer_11237,Musica,12022.0,4.3
8890,Streamer_7890,Just Chatting,1645.0,2.3
6383,Streamer_5383,Gaming,30065.0,1.4
13891,Streamer_12891,Gaming,13761.0,1.9
2297,Streamer_1297,Just Chatting,7391.0,5.4
7253,Streamer_6253,Musica,46339.0,6.7
15512,Streamer_14512,Musica,18498.0,7.0
2382,Streamer_1382,Arte,15038.0,9.3
11856,Streamer_10856,Musica,,1.3
17295,Streamer_16295,Arte,23454.0,6.3
8408,Streamer_7408,Just Chatting,17363.0,9.5
9345,Streamer_8345,Arte,21344.0,3.8
9252,Streamer_8252,Esports,44094.0,9.9
2168,Streamer_1168,Musica,19457.0,1.3
14763,Streamer_13763,Just Chatting,46270.0,1.5
11860,Streamer_10860,Esports,36008.0,4.4
6280,Streamer_5280,Esports,8514.0,1.2
1412,Streamer_412,Just Chatting,28677.0,1.1
20627,Streamer_19627,Arte,32347.0,2.2
12679,Streamer_11679,Musica,45677.0,4.0
2402,Streamer_1402,Arte,466.0,3.8
17456,Streamer_16456,Esports,11.0,9.9
2825,Streamer_1825,Musica,24574.0,7.9
20186,Streamer_19186,Esports,32957.0,3.0
15284,Streamer_14284,Arte,48244.0,8.8
4763,Streamer_3763,Arte,21395.0,8.1
10994,Streamer_9994,Arte,26985.0,7.3
14340,Streamer_13340,Gaming,5853.0,8.5
20052,Streamer_19052,Arte,20646.0,8.9
18653,Streamer_17653,Gaming,48590.0,8.1
14221,Streamer_13221,Musica,9449.0,6.2
10979,Streamer_9979,Esports,2825.0,6.4
6944,Streamer_5944,Arte,44425.0,10.1
10526,Streamer_9526,Musica,33865.0,10.8
20348,Streamer_19348,Just Chatting,44436.0,6.8
4191,Streamer_3191,Arte,22403.0,6.2
12457,Streamer_11457,Arte,46691.0,1.9
7122,Streamer_6122,Esports,35742.0,7.2
12501,Streamer_11501,Gaming,33532.0,11.9
14363,Streamer_13363,Just Chatting,845.0,1.2
7978,Streamer_6978,Arte,6396.0,9.2
11810,Streamer_10810,Arte,26975.0,3.2
12418,Streamer_11418,Arte,48663.0,10.7
9178,Streamer_8178,Gaming,49268.0,9.7
4167,Streamer_3167,Just Chatting,48748.0,3.0
1422,Streamer_422,Arte,45381.0,8.9
1519,Streamer_519,Musica,40056.0,3.1
20643,Streamer_19643,Esports,41670.0,2.0
2462,Streamer_1462,Just Chatting,32448.0,12.0
18732,Streamer_17732,Gaming,39109.0,9.8
1870,Streamer_870,Gaming,32898.0,1.7
3930,Streamer_2930,Just Chatting,28520.0,1.9
1205,Streamer_205,Musica,15923.0,7.1
3847,Streamer_2847,Arte,20314.0,4.5
2911,Streamer_1911,Arte,5001.0,6.2
12362,Streamer_11362,,11032.0,9.0
15754,Streamer_14754,Gaming,49888.0,5.0
20568,Streamer_19568,Esports,20535.0,4.8
11555,Streamer_10555,Esports,48556.0,2.0
6241,Streamer_5241,Gaming,,7.1
10770,Streamer_9770,Esports,22922.0,3.0
12370,Streamer_11370,Esports,21818.0,10.5
10821,Streamer_9821,Esports,4263.0,6.9
13775,Streamer_12775,Arte,40056.0,9.5
14421,Streamer_13421,Musica,21553.0,8.5
20015,Streamer_19015,Esports,41185.0,9.6
20707,Streamer_19707,Gaming,12960.0,9.7
10242,Streamer_9242,Musica,44546.0,8.9
18156,Streamer_17156,Just Chatting,15891.0,8.2
4467,Streamer_3467,Arte,8766.0,1.2
11057,Streamer_10057,Esports,41127.0,6.1
12504,Streamer_11504,Esports,36606.0,9.4
11558,Streamer_10558,Musica,27562.0,10.6
12514,Streamer_11514,Musica,46272.0,7.1
14429,Streamer_13429,Musica,9588.0,2.7
16240,Streamer_15240,Just Chatting,31785.0,11.2
12530,Streamer_11530,Arte,24682.0,6.6
15009,Streamer_14009,Just Chatting,29784.0,8.9
2005,Streamer_1005,,31083.0,4.6
11949,Streamer_10949,Just Chatting,32076.0,1.5
13003,Streamer_12003,Arte,29776.0,7.3
1133,Streamer_133,Musica,11540.0,6.9
4655,Streamer_3655,Arte,43988.0,8.7
5571,Streamer_4571,Gaming,35697.0,10.1
3792,Streamer_2792,Musica,25341.0,3.5
9041,Streamer_8041,Just Chatting,40996.0,9.2
16277,Streamer_15277,Gaming,5956.0,5.7
15137,Streamer_14137,Just Chatting,19187.0,3.5
3363,Streamer_2363,Just Chatting,20439.0,7.1
6565,Streamer_5565,Arte,38398.0,10.0
13647,Streamer_12647,Musica,35638.0,6.0
19271,Streamer_18271,Musica,35699.0,11.3
16991,Streamer_15991,Musica,23676.0,10.9
12490,Streamer_11490,Just Chatting,23546.0,1.1
19200,Streamer_18200,Musica,25495.0,9.0
10796,Streamer_9796,Esports,44390.0,1.7
19774,Streamer_18774,Just Chatting,22800.0,8.4
13612,Streamer_12612,Arte,42249.0,6.5
11485,Streamer_10485,Esports,6685.0,8.2
20563,Streamer_19563,Esports,16715.0,8.9
12624,Streamer_11624,Just Chatting,21925.0,10.9
4613,Streamer_3613,Just Chatting,32246.0,10.1
20677,Streamer_19677,Arte,4418.0,2.8
18974,Streamer_17974,Arte,35703.0,11.7
19658,Streamer_18658,Gaming,43170.0,4.1
1176,Streamer_176,Esports,8585.0,8.1
16516,Streamer_15516,Musica,7742.0,11.2
10287,Streamer_9287,Gaming,3672.0,8.0
3788,Streamer_2788,Esports,41684.0,9.8
20891,Streamer_19891,Esports,6885.0,10.5
20472,Streamer_19472,Arte,35976.0,9.9
4019,Streamer_3019,Musica,25249.0,5.3
14830,Streamer_13830,Arte,32146.0,6.5
20609,Streamer_19609,Arte,46149.0,6.9
13356,Streamer_12356,Musica,42505.0,5.4
15109,Streamer_14109,Esports,4102.0,9.1
13660,Streamer_12660,Musica,40101.0,10.9
17069,Streamer_16069,Gaming,45121.0,1.1
20714,Streamer_19714,Just Chatting,27309.0,11.7
7379,Streamer_6379,Musica,40114.0,7.8
9931,Streamer_8931,Gaming,16716.0,1.3
19231,Streamer_18231,Musica,43282.0,6.6
2627,Streamer_1627,Just Chatting,16819.0,2.4
10775,Streamer_9775,Gaming,16654.0,2.4
5509,Streamer_4509,Gaming,40043.0,9.9
18778,Streamer_17778,Just Chatting,41465.0,10.3
9349,Streamer_8349,Arte,5437.0,4.8
9747,Streamer_8747,Arte,35286.0,7.7
17137,Streamer_16137,Musica,30608.0,11.2
14884,Streamer_13884,Just Chatting,32142.0,4.8
7752,Streamer_6752,Esports,32171.0,6.1
15587,Streamer_14587,Arte,4958.0,2.8
16863,Streamer_15863,Gaming,27872.0,5.9
10253,Streamer_9253,Arte,28593.0,1.3
4963,Streamer_3963,Arte,28787.0,3.3
14063,Streamer_13063,Gaming,48945.0,1.0
16609,Streamer_15609,Gaming,28716.0,5.6
10230,Streamer_9230,Gaming,47046.0,4.9
1183,Streamer_183,Esports,30878.0,3.8
16210,Streamer_15210,Esports,20257.0,6.6
20335,,Just Chatting,40277.0,3.6
19262,Streamer_18262,Musica,16671.0,1.1
3397,Streamer_2397,Esports,46981.0,1.0
19718,Streamer_18718,Arte,30957.0,7.2
16629,Streamer_15629,Esports,22557.0,2.5
3750,Streamer_2750,Musica,22725.0,5.9
18536,Streamer_17536,Arte,47963.0,6.4
3667,Streamer_2667,Arte,36039.0,9.5
15984,Streamer_14984,Esports,21228.0,2.9
1501,Streamer_501,Just Chatting,11764.0,10.8
8242,Streamer_7242,Esports,46382.0,5.7
9742,Streamer_8742,Gaming,35042.0,8.5
2326,Streamer_1326,Just Chatting,26701.0,4.1
13451,Streamer_12451,Musica,38282.0,7.6
13454,Streamer_12454,Just Chatting,49222.0,6.1
8080,Streamer_7080,Arte,47968.0,7.9
6066,Streamer_5066,Arte,14579.0,9.4
11908,Streamer_10908,Esports,11229.0,7.6
9378,Streamer_8378,Arte,18096.0,8.1
20743,Streamer_19743,Arte,43357.0,4.7
4878,Streamer_3878,Esports,21409.0,4.6
3134,Streamer_2134,Esports,33269.0,4.7
18897,Streamer_17897,Musica,44617.0,8.2
9119,Streamer_8119,Esports,3556.0,5.2
13588,Streamer_12588,Just Chatting,34466.0,10.1
1119,Streamer_119,Arte,40087.0,6.8
10899,Streamer_9899,Just Chatting,48297.0,2.3
20769,Streamer_19769,,22740.0,6.6
6863,Streamer_5863,Arte,11273.0,11.1
6809,Streamer_5809,Arte,29294.0,10.1
10807,Streamer_9807,Gaming,24481.0,6.3
15390,Streamer_14390,Arte,44431.0,9.6
13945,Streamer_12945,Just Chatting,20966.0,2.8
18512,Streamer_17512,Musica,40974.0,4.4
15562,Streamer_14562,Arte,8665.0,8.8
4991,Streamer_3991,Gaming,22296.0,4.9
8580,Streamer_7580,Gaming,6111.0,11.8
20264,Streamer_19264,Arte,26454.0,3.1
1483,Streamer_483,Gaming,49615.0,4.5
11105,Streamer_10105,Arte,4635.0,4.9
10182,Streamer_9182,Arte,10156.0,4.7
13111,Streamer_12111,Musica,30540.0,4.6
17325,Streamer_16325,Arte,14767.0,9.0
12334,Streamer_11334,Just Chatting,15991.0,4.3
19411,Streamer_18411,Arte,38243.0,2.4
18112,Streamer_17112,Arte,3016.0,11.8
18045,Streamer_17045,Musica,23648.0,1.1
14422,Streamer_13422,Gaming,17211.0,3.6
5135,Streamer_4135,Just Chatting,26069.0,5.2
3337,Streamer_2337,Esports,21931.0,6.3
3044,Streamer_2044,Gaming,34093.0,1.3
5265,Streamer_4265,,23525.0,1.8
15699,Streamer_14699,Arte,9538.0,9.4
6543,Streamer_5543,Gaming,11628.0,2.3
1657,Streamer_657,Arte,22037.0,7.9
19080,Streamer_18080,Arte,8202.0,3.0
15675,Streamer_14675,Gaming,11239.0,6.2
11719,Streamer_10719,Arte,11394.0,8.4
2376,Streamer_1376,Musica,15146.0,9.8
7931,Streamer_6931,Just Chatting,9087.0,8.9
4021,Streamer_3021,Esports,37649.0,10.6
7702,Streamer_6702,Arte,12530.0,5.0
4620,Streamer_3620,Gaming,9864.0,10.6
5790,Streamer_4790,Esports,17786.0,5.0
20528,Streamer_19528,Gaming,3202.0,2.5
18956,Streamer_17956,Arte,29621.0,5.6
4649,Streamer_3649,Gaming,30156.0,2.5
3379,Streamer_2379,Musica,17385.0,3.5
9120,Streamer_8120,Musica,32134.0,1.7
18026,Streamer_17026,Gaming,15708.0,4.1
14730,Streamer_13730,Musica,47193.0,3.3
12209,Streamer_11209,Esports,45342.0,8.8
17191,Streamer_16191,Arte,12770.0,7.2
9129,Streamer_8129,Musica,22818.0,4.1
18702,Streamer_17702,Just Chatting,14219.0,9.1
17605,Streamer_16605,Musica,11652.0,4.0
1083,Streamer_83,Musica,14783.0,1.0
1105,Streamer_105,Gaming,20957.0,6.4
15227,Streamer_14227,Arte,31238.0,10.3
16394,Streamer_15394,Just Chatting,26183.0,6.9
8125,Streamer_7125,Arte,5200.0,9.6
4456,Streamer_3456,Musica,9558.0,3.2
4359,Streamer_3359,Arte,38221.0,11.0
11390,Streamer_10390,Gaming,41935.0,8.5
1317,Streamer_317,Musica,26270.0,1.2
14330,Streamer_13330,Gaming,47534.0,2.6
20207,Streamer_19207,Esports,23276.0,6.8
9440,Streamer_8440,Just Chatting,8246.0,11.6
3542,Streamer_2542,Arte,27397.0,4.6
4211,Streamer_3211,Esports,9360.0,8.1
10400,Streamer_9400,Arte,12910.0,4.9
14386,Streamer_13386,Musica,10557.0,5.3
3530,Streamer_2530,Gaming,41988.0,10.3
9743,Streamer_8743,Just Chatting,7426.0,7.8
8311,Streamer_7311,Arte,46778.0,3.5
4536,Streamer_3536,Just Chatting,7382.0,5.1
11714,Streamer_10714,Gaming,44466.0,3.9
6087,Streamer_5087,Just Chatting,28061.0,10.4
17902,Streamer_16902,Just Chatting,1906.0,2.1
17003,Streamer_16003,Just Chatting,22818.0,9.6
7427,Streamer_6427,Esports,48966.0,2.9
5862,Streamer_4862,Esports,24572.0,8.2
14647,Streamer_13647,Gaming,28402.0,10.5
16329,Streamer_15329,Gaming,31.0,9.3
2478,Streamer_1478,Esports,34106.0,10.8
3068,Streamer_2068,Arte,36286.0,10.9
4487,Streamer_3487,Musica,3301.0,3.0
17624,Streamer_16624,Musica,42662.0,11.7
3388,Streamer_2388,Esports,22477.0,3.1
6615,Streamer_5615,Arte,46820.0,11.7
1405,Streamer_405,Arte,20706.0,6.1
6804,Streamer_5804,Musica,29040.0,8.4
8347,Streamer_7347,Arte,3081.0,8.4
12648,Streamer_11648,Gaming,18823.0,2.0
14728,Streamer_13728,Musica,33870.0,11.3
14961,Streamer_13961,Gaming,30624.0,8.8
14868,Streamer_13868,Gaming,22286.0,11.1
5968,Streamer_4968,Arte,4457.0,4.9
13309,Streamer_12309,Esports,19228.0,6.6
10238,Streamer_9238,Gaming,5268.0,2.0
18884,Streamer_17884,Esports,35292.0,3.4
11378,Streamer_10378,Esports,10711.0,2.1
17985,Streamer_16985,Arte,30603.0,7.1
6074,Streamer_5074,Just Chatting,46321.0,8.4
1915,Streamer_915,Musica,22024.0,8.7
5001,Streamer_4001,Esports,1804.0,7.1
14004,Streamer_13004,Just Chatting,22050.0,1.3
10509,Streamer_9509,Musica,29906.0,7.9
7610,Streamer_6610,Just Chatting,41161.0,10.1
16257,Streamer_15257,Just Chatting,26299.0,5.5
7916,Streamer_6916,Arte,30031.0,1.6
3867,Streamer_2867,Musica,31780.0,8.4
9064,Streamer_8064,Gaming,3658.0,11.9
7580,Streamer_6580,Esports,12812.0,7.9
16150,Streamer_15150,Just Chatting,21101.0,4.5
18554,Streamer_17554,Gaming,48439.0,8.5
1398,Streamer_398,Arte,41652.0,2.4
13413,Streamer_12413,,15113.0,5.5
4314,Streamer_3314,Esports,24177.0,8.3
16864,Streamer_15864,Gaming,3875.0,2.1
11928,Streamer_10928,Arte,4528.0,4.3
20987,Streamer_19987,Gaming,3323.0,7.5
2191,Streamer_1191,Musica,26697.0,1.8
11114,Streamer_10114,Musica,31493.0,2.9
5404,Streamer_4404,Arte,10392.0,5.5
7907,Streamer_6907,Arte,24620.0,5.9
20334,Streamer_19334,Just Chatting,14035.0,10.4
6840,Streamer_5840,Gaming,26674.0,1.7
20120,Streamer_19120,Musica,27021.0,5.2
20239,Streamer_19239,Musica,13494.0,8.6
2507,Streamer_1507,Esports,9814.0,2.7
6387,Streamer_5387,Gaming,46076.0,8.5
14282,Streamer_13282,Just Chatting,46552.0,1.5
2526,Streamer_1526,Esports,36500.0,11.2
18053,Streamer_17053,Gaming,30606.0,6.1
12298,Streamer_11298,Esports,45746.0,6.1
7612,Streamer_6612,Gaming,26580.0,3.3
19464,Streamer_18464,Just Chatting,35667.0,4.3
18279,Streamer_17279,Arte,44833.0,9.5
12279,Streamer_11279,Esports,9762.0,9.4
12561,Streamer_11561,Arte,24271.0,5.7
7748,Streamer_6748,Arte,19738.0,1.3
15798,Streamer_14798,Esports,30881.0,2.4
2082,Streamer_1082,Esports,17115.0,11.0
8707,Streamer_7707,Arte,16167.0,2.9
2068,Streamer_1068,Esports,20338.0,11.3
11575,Streamer_10575,Just Chatting,45164.0,8.9
12767,Streamer_11767,Gaming,18908.0,8.0
11016,Streamer_10016,Musica,2469.0,1.5
13948,Streamer_12948,Gaming,28259.0,9.5
17507,Streamer_16507,Gaming,8463.0,2.0
6617,Streamer_5617,Musica,24884.0,6.9
14789,Streamer_13789,Arte,19669.0,6.8
19726,Streamer_18726,Gaming,13537.0,2.6
13634,Streamer_12634,Gaming,46498.0,10.9
17149,Streamer_16149,Arte,32052.0,7.3
1784,Streamer_784,Musica,29739.0,3.5
18611,Streamer_17611,Just Chatting,44362.0,1.6
8508,Streamer_7508,Esports,37076.0,11.2
4546,Streamer_3546,Gaming,1547.0,7.9
6006,Streamer_5006,Arte,21074.0,5.5
18490,Streamer_17490,Musica,25004.0,8.2
9568,Streamer_8568,Gaming,21960.0,11.0
16546,Streamer_15546,Just Chatting,11545.0,9.0
7524,Streamer_6524,Gaming,24330.0,6.5
15456,Streamer_14456,Gaming,34709.0,10.4
17669,Streamer_16669,,22946.0,10.6
13173,Streamer_12173,Musica,44037.0,9.8
9076,Streamer_8076,Esports,14344.0,2.9
18028,Streamer_17028,Gaming,3353.0,8.5
13531,Streamer_12531,Gaming,20133.0,1.7
12105,Streamer_11105,Esports,4089.0,5.6
3459,Streamer_2459,Esports,21415.0,8.8
9505,Streamer_8505,Esports,47533.0,4.5
15965,Streamer_14965,Esports,34461.0,6.5
20492,Streamer_19492,Esports,12628.0,12.0
4838,Streamer_3838,Gaming,35799.0,7.6
9414,Streamer_8414,Just Chatting,45028.0,2.3
16237,Streamer_15237,Arte,26144.0,4.4
16569,Streamer_15569,Esports,19961.0,11.8
12685,Streamer_11685,Musica,13308.0,11.3
8541,Streamer_7541,Just Chatting,28274.0,7.8
7094,Streamer_6094,Esports,10657.0,7.4
7662,Streamer_6662,Just Chatting,20036.0,5.1
2963,Streamer_1963,Arte,,11.0
18558,Streamer_17558,Esports,25358.0,7.4
20679,Streamer_19679,,23155.0,2.1
10311,Streamer_9311,Just Chatting,48868.0,1.2
4789,Streamer_3789,Just Chatting,21489.0,3.5
1272,Streamer_272,Arte,25525.0,9.2
2502,Streamer_1502,,14791.0,5.9
14434,Streamer_13434,Musica,27178.0,6.6
3889,Streamer_2889,Gaming,35522.0,6.2
12116,Streamer_11116,Gaming,29755.0,8.0
18659,Streamer_17659,Arte,27383.0,8.4
2010,Streamer_1010,Gaming,24027.0,3.6
14924,Streamer_13924,Gaming,40759.0,3.9
10326,Streamer_9326,Gaming,4269.0,2.3
5969,Streamer_4969,Esports,17757.0,6.5
15958,Streamer_14958,Arte,,8.8
10343,Streamer_9343,Arte,13481.0,5.5
10186,Streamer_9186,Arte,32712.0,11.4
12091,Streamer_11091,Arte,36456.0,9.3
2953,Streamer_1953,Musica,17541.0,8.8
17082,Streamer_16082,Arte,259.0,4.2
15184,Streamer_14184,Musica,39043.0,4.0
10582,Streamer_9582,Just Chatting,36736.0,2.7
16796,Streamer_15796,Gaming,26973.0,11.7
6029,Streamer_5029,Gaming,14724.0,1.5
10460,Streamer_9460,Just Chatting,30628.0,5.6
17432,Streamer_16432,Gaming,40126.0,7.2
3871,Streamer_2871,Just Chatting,37539.0,6.8
4316,Streamer_3316,Musica,47383.0,10.7
17941,Streamer_16941,Gaming,23627.0,7.1
5747,Streamer_4747,Arte,39803.0,5.8
15130,Streamer_14130,Esports,10775.0,7.6
5085,Streamer_4085,Just Chatting,5214.0,8.4
6604,Streamer_5604,Arte,47200.0,2.4
19008,Streamer_18008,Just Chatting,16615.0,9.7
14081,Streamer_13081,Gaming,25171.0,9.7
20255,Streamer_19255,Musica,26704.0,4.2
16134,Streamer_15134,Esports,39008.0,5.6
9056,Streamer_8056,Musica,26726.0,7.9
1825,Streamer_825,Just Chatting,9993.0,2.8
5851,Streamer_4851,Esports,5730.0,5.6
10111,Streamer_9111,Musica,40975.0,10.5
3036,Streamer_2036,Musica,38376.0,10.7
7850,Streamer_6850,Musica,10777.0,5.1
5599,Streamer_4599,Musica,2704.0,8.1
17783,Streamer_16783,Musica,6990.0,2.0
20850,Streamer_19850,Just Chatting,15922.0,9.0
9882,Streamer_8882,Just Chatting,36406.0,8.4
18061,Streamer_17061,Just Chatting,2518.0,4.1
17692,Streamer_16692,Gaming,49218.0,2.3
6554,Streamer_5554,Musica,17530.0,11.6
3568,Streamer_2568,Just Chatting,8057.0,10.7
7988,Streamer_6988,Just Chatting,18075.0,2.0
20434,Streamer_19434,Just Chatting,932.0,3.4
17592,Streamer_16592,Esports,9471.0,8.5
15565,Streamer_14565,Musica,20673.0,3.7
13803,Streamer_12803,Arte,9984.0,1.3
15384,Streamer_14384,Gaming,4570.0,6.9
4294,Streamer_3294,Gaming,45479.0,6.8
4040,Streamer_3040,Gaming,31530.0,3.5
1910,Streamer_910,Arte,11679.0,11.4
14141,Streamer_13141,Esports,14265.0,9.1
12102,Streamer_11102,Arte,22573.0,5.2
8119,Streamer_7119,Just Chatting,15180.0,9.0
12392,Streamer_11392,Esports,35573.0,1.6
17350,Streamer_16350,Gaming,12840.0,5.9
1162,Streamer_162,Musica,46388.0,11.1
5320,Streamer_4320,Gaming,48006.0,3.8
9826,Streamer_8826,Esports,2832.0,10.5
16054,Streamer_15054,Esports,7523.0,9.0
16525,Streamer_15525,Esports,38646.0,2.7
20437,Streamer_19437,Arte,49302.0,1.5
6801,Streamer_5801,Esports,39453.0,1.5
20382,Streamer_19382,Just Chatting,37012.0,10.5
17651,Streamer_16651,Gaming,1877.0,3.0
17172,Streamer_16172,Arte,49459.0,7.2
15599,Streamer_14599,Just Chatting,21165.0,6.1
12843,Streamer_11843,Esports,40739.0,10.4
15963,Streamer_14963,Musica,40407.0,5.9
20683,Streamer_19683,Gaming,7157.0,3.4
7491,Streamer_6491,Musica,6388.0,8.3
2075,Streamer_1075,Esports,1329.0,11.8
6769,Streamer_5769,Musica,36302.0,2.6
10410,Streamer_9410,Esports,31758.0,4.0
10301,Streamer_9301,Gaming,17083.0,8.3
18029,Streamer_17029,Arte,4543.0,1.3
20649,Streamer_19649,Gaming,31951.0,6.0
4535,Streamer_3535,Gaming,45005.0,2.4
4673,Streamer_3673,Esports,18558.0,11.5
5005,Streamer_4005,Gaming,1170.0,2.3
3575,Streamer_2575,Just Chatting,6571.0,7.4
2381,Streamer_1381,Arte,21615.0,3.6
11952,Streamer_10952,,39742.0,2.0
13164,Streamer_12164,Just Chatting,8923.0,2.7
16697,Streamer_15697,Esports,8614.0,7.2
17204,Streamer_16204,Musica,40776.0,8.9
4222,Streamer_3222,Esports,23968.0,10.2
12299,Streamer_11299,Musica,31150.0,9.0
15846,Streamer_14846,Musica,37920.0,7.8
15347,Streamer_14347,Arte,6744.0,6.8
2224,Streamer_1224,Esports,22855.0,7.5
15514,Streamer_14514,Just Chatting,9529.0,1.5
12451,Streamer_11451,Arte,1685.0,10.1
18939,Streamer_17939,Arte,,3.7
7232,Streamer_6232,Musica,24147.0,3.6
14337,Streamer_13337,Musica,47569.0,11.0
14477,Streamer_13477,Arte,44362.0,5.9
3320,Streamer_2320,Just Chatting,27425.0,5.2
20857,Streamer_19857,Arte,13482.0,3.8
19955,Streamer_18955,Just Chatting,6285.0,11.8
7982,Streamer_6982,Arte,41763.0,11.1
16179,Streamer_15179,Arte,28838.0,5.6
15533,Streamer_14533,Esports,38364.0,9.1
14509,Streamer_13509,Esports,26742.0,8.5
15075,Streamer_14075,Just Chatting,10684.0,4.3
3740,Streamer_2740,Musica,21761.0,3.8
17785,Streamer_16785,Esports,,10.6
3026,Streamer_2026,Esports,1697.0,3.0
13466,Streamer_12466,Musica,42735.0,5.3
8915,Streamer_7915,Just Chatting,33024.0,8.9
11216,Streamer_10216,Gaming,25016.0,6.7
19362,Streamer_18362,,369.0,8.6
9333,Streamer_8333,Just Chatting,41356.0,8.2
3313,Streamer_2313,Just Chatting,24943.0,9.2
15204,Streamer_14204,Musica,21053.0,6.9
18863,Streamer_17863,Just Chatting,10424.0,4.2
2559,Streamer_1559,Musica,46083.0,3.5
18924,Streamer_17924,Esports,12304.0,5.5
12673,Streamer_11673,Just Chatting,16854.0,9.8
18178,Streamer_17178,Esports,12424.0,2.1
2536,Streamer_1536,Musica,45892.0,4.3
10124,Streamer_9124,Musica,27616.0,6.4
8827,Streamer_7827,Just Chatting,36203.0,2.9
3347,Streamer_2347,Just Chatting,9848.0,8.8
15166,Streamer_14166,Arte,818.0,5.0
5399,Streamer_4399,Esports,18306.0,2.0
4015,Streamer_3015,Arte,29663.0,9.2
1798,Streamer_798,Esports,28167.0,2.8
20179,Streamer_19179,Just Chatting,44468.0,6.2
4009,Streamer_3009,Arte,35086.0,3.6
6634,Streamer_5634,Arte,13767.0,9.9
6508,Streamer_5508,Gaming,19721.0,6.3
16865,Streamer_15865,Arte,26252.0,1.4
13728,Streamer_12728,Gaming,12897.0,3.2
9217,Streamer_8217,Esports,11988.0,9.6
16822,Streamer_15822,Just Chatting,14157.0,11.9
16184,Streamer_15184,Just Chatting,30892.0,6.2
3916,Streamer_2916,Musica,22449.0,8.3
20450,Streamer_19450,Gaming,29841.0,8.4
20781,Streamer_19781,Musica,3098.0,7.6
5234,Streamer_4234,Esports,7646.0,11.0
12918,Streamer_11918,Gaming,18288.0,2.6
20408,Streamer_19408,Esports,171.0,9.7
7710,Streamer_6710,Esports,36328.0,10.2
12738,Streamer_11738,Gaming,16034.0,2.7
1797,Streamer_797,Gaming,16907.0,10.2
12467,Streamer_11467,Just Chatting,14853.0,3.7
8273,Streamer_7273,Musica,12445.0,8.6
6817,Streamer_5817,Musica,17972.0,8.4
4275,Streamer_3275,,8218.0,3.7
7764,Streamer_6764,Esports,11429.0,6.1
11178,Streamer_10178,Arte,31438.0,3.9
2691,Streamer_1691,Gaming,32789.0,11.8
8566,Streamer_7566,Arte,24001.0,8.5
4066,Streamer_3066,Arte,28225.0,10.3
3161,Streamer_2161,Musica,8501.0,3.0
16244,Streamer_15244,Gaming,38942.0,3.5
6661,Streamer_5661,Just Chatting,46536.0,5.2
10426,Streamer_9426,Esports,19882.0,10.5
15538,Streamer_14538,Arte,22673.0,4.7
18263,Streamer_17263,Esports,5264.0,7.3
19344,Streamer_18344,Just Chatting,20844.0,9.3
6197,Streamer_5197,Musica,45443.0,3.3
7477,Streamer_6477,Esports,25447.0,3.6
6623,Streamer_5623,Esports,31201.0,2.9
11695,Streamer_10695,Gaming,34268.0,12.0
17354,Streamer_16354,Gaming,49936.0,2.9
8036,Streamer_7036,Esports,39518.0,9.7
12135,Streamer_11135,Just Chatting,20422.0,8.7
10443,Streamer_9443,Just Chatting,39292.0,4.5
20910,Streamer_19910,Just Chatting,24929.0,12.0
9207,Streamer_8207,Esports,27353.0,5.3
12198,Streamer_11198,Gaming,2624.0,6.3
14396,Streamer_13396,Esports,34390.0,2.6
9550,Streamer_8550,Arte,6931.0,7.7
11198,Streamer_10198,Just Chatting,27424.0,8.6
18918,Streamer_17918,Gaming,19755.0,11.0
9212,Streamer_8212,Just Chatting,6469.0,6.3
7781,Streamer_6781,Esports,45083.0,1.3
7785,Streamer_6785,Just Chatting,9895.0,1.5
12192,Streamer_11192,Arte,681.0,4.3
20174,Streamer_19174,Just Chatting,9446.0,8.6
17062,Streamer_16062,Esports,9308.0,5.0
11905,Streamer_10905,Arte,23587.0,4.9
17690,Streamer_16690,Just Chatting,,5.2
13795,Streamer_12795,Just Chatting,21935.0,8.5
3532,Streamer_2532,Just Chatting,10560.0,11.9
7695,Streamer_6695,Musica,33421.0,9.8
2291,Streamer_1291,Esports,42502.0,11.7
14254,Streamer_13254,Arte,8322.0,9.5
9678,Streamer_8678,Esports,1989.0,3.5
14532,Streamer_13532,Musica,15458.0,1.4
6885,Streamer_5885,Gaming,10926.0,2.5
17670,Streamer_16670,Esports,8470.0,9.1
6732,Streamer_5732,Musica,38667.0,2.5
10602,Streamer_9602,Just Chatting,40347.0,6.5
10149,Streamer_9149,Arte,49808.0,2.4
16630,Streamer_15630,Arte,34424.0,5.8
15559,Streamer_14559,Musica,38572.0,6.5
8171,Streamer_7171,Just Chatting,15723.0,1.8
15288,Streamer_14288,Arte,30176.0,5.0
8835,Streamer_7835,Just Chatting,45411.0,6.5
18126,Streamer_17126,Musica,49613.0,11.1
7706,Streamer_6706,Gaming,36134.0,11.6
16929,Streamer_15929,Gaming,34573.0,4.7
16876,Streamer_15876,Arte,9168.0,3.3
7342,Streamer_6342,Gaming,37334.0,11.4
4530,Streamer_3530,Gaming,19226.0,2.2
17237,Streamer_16237,Esports,41684.0,10.7
11408,Streamer_10408,Just Chatting,20515.0,1.6
18481,Streamer_17481,Just Chatting,3930.0,6.7
19012,Streamer_18012,Esports,30767.0,3.6
7911,Streamer_6911,Musica,2804.0,11.3
18688,Streamer_17688,Arte,39470.0,9.6
2824,Streamer_1824,Just Chatting,45957.0,3.2
7521,Streamer_6521,Musica,15606.0,2.3
11059,Streamer_10059,Just Chatting,41517.0,10.6
12938,Streamer_11938,Just Chatting,21675.0,5.6
3418,Streamer_2418,Esports,37760.0,7.0
17827,Streamer_16827,,2990.0,8.6
12185,Streamer_11185,Just Chatting,9569.0,2.5
2666,Streamer_1666,Musica,35609.0,11.0
17038,Streamer_16038,Arte,39672.0,6.8
8224,Streamer_7224,Esports,3725.0,7.3
15013,Streamer_14013,Gaming,905.0,10.0
11074,Streamer_10074,Arte,44290.0,8.5
6907,Streamer_5907,Arte,31181.0,7.8
19342,Streamer_18342,Just Chatting,20836.0,4.4
11102,Streamer_10102,Gaming,10895.0,9.4
3756,Streamer_2756,Gaming,8322.0,4.2
5673,Streamer_4673,Arte,20381.0,4.6
11439,Streamer_10439,Musica,38668.0,11.5
7098,Streamer_6098,Gaming,42082.0,1.6
10911,Streamer_9911,Arte,17129.0,5.6
1888,Streamer_888,Just Chatting,1050.0,7.5
6012,Streamer_5012,Gaming,45802.0,9.5
17318,Streamer_16318,Just Chatting,31785.0,3.8
9464,Streamer_8464,Just Chatting,18477.0,11.7
9157,Streamer_8157,Gaming,1307.0,3.6
9525,Streamer_8525,Just Chatting,26807.0,10.3
20775,Streamer_19775,Esports,22121.0,9.4
1699,Streamer_699,Musica,42439.0,1.9
15161,Streamer_14161,Arte,6315.0,10.0
3688,Streamer_2688,Gaming,32667.0,9.4
10330,Streamer_9330,Esports,36868.0,4.0
11092,Streamer_10092,Esports,20478.0,4.9
14476,Streamer_13476,Just Chatting,42000.0,10.2
17112,Streamer_16112,Musica,9418.0,3.2
19954,Streamer_18954,Musica,11464.0,3.8
10637,Streamer_9637,Just Chatting,16529.0,5.1
4323,Streamer_3323,Esports,3304.0,4.7
8857,Streamer_7857,Just Chatting,39334.0,8.5
7562,Streamer_6562,Arte,5461.0,1.2
9814,Streamer_8814,Arte,7558.0,8.6
8308,Streamer_7308,Gaming,34049.0,9.0
2705,Streamer_1705,Esports,8167.0,1.7
20729,Streamer_19729,Arte,38386.0,6.9
2787,Streamer_1787,Just Chatting,12547.0,4.1
14776,Streamer_13776,Esports,6335.0,9.7
13283,Streamer_12283,Gaming,11472.0,3.4
7654,Streamer_6654,Gaming,4139.0,1.8
20766,Streamer_19766,Esports,2306.0,1.5
14241,Streamer_13241,Arte,9251.0,7.7
11430,Streamer_10430,Gaming,2053.0,8.4
8262,Streamer_7262,Esports,36442.0,1.5
20965,Streamer_19965,Arte,46920.0,8.0
5985,Streamer_4985,Musica,48899.0,8.9
13986,Streamer_12986,Musica,33461.0,10.5
17799,Streamer_16799,Musica,41791.0,5.4
5378,Streamer_4378,Musica,41409.0,7.1
10828,Streamer_9828,Arte,40849.0,9.1
18160,Streamer_17160,Esports,45964.0,11.6
17439,Streamer_16439,Esports,22590.0,10.0
15989,Streamer_14989,Arte,46274.0,4.6
9761,Streamer_8761,Gaming,49387.0,6.4
6351,Streamer_5351,Esports,27131.0,9.6
5649,Streamer_4649,Arte,38707.0,8.4
9473,Streamer_8473,Arte,38902.0,2.7
11290,Streamer_10290,Just Chatting,6083.0,4.8
4961,Streamer_3961,Esports,30467.0,10.8
6331,Streamer_5331,Esports,16803.0,8.4
2545,Streamer_1545,Just Chatting,14537.0,4.9
5639,Streamer_4639,Esports,13613.0,9.1
10490,Streamer_9490,Arte,41498.0,5.6
16668,Streamer_15668,Arte,3971.0,4.9
15496,Streamer_14496,Gaming,8365.0,1.5
20065,Streamer_19065,Esports,26400.0,4.3
20250,Streamer_19250,Musica,15249.0,4.8
12117,Streamer_11117,Gaming,20417.0,6.5
5728,Streamer_4728,Arte,22416.0,10.7
18529,Streamer_17529,Musica,31616.0,1.3
6973,Streamer_5973,Esports,6389.0,5.5
8412,Streamer_7412,,13770.0,6.8
12390,Streamer_11390,Esports,23764.0,6.1
7083,Streamer_6083,Just Chatting,10351.0,5.2
5082,Streamer_4082,Gaming,39238.0,8.4
14354,Streamer_13354,Just Chatting,24134.0,11.1
2400,Streamer_1400,Musica,43559.0,8.5
15546,Streamer_14546,Esports,41716.0,8.4
9356,Streamer_8356,Arte,23844.0,11.8
13084,Streamer_12084,Just Chatting,6489.0,6.7
14778,Streamer_13778,Musica,22645.0,1.8
18277,Streamer_17277,Esports,5004.0,8.9
17018,Streamer_16018,Just Chatting,39059.0,10.6
11600,Streamer_10600,Arte,7845.0,7.6
7205,Streamer_6205,Just Chatting,4047.0,9.9
17170,Streamer_16170,Arte,29613.0,6.9
8007,Streamer_7007,Esports,36432.0,5.6
10995,Streamer_9995,Gaming,44346.0,8.0
14958,Streamer_13958,Arte,31313.0,5.6
12281,Streamer_11281,Arte,43333.0,5.2
17280,Streamer_16280,,20854.0,6.9
19797,Streamer_18797,Esports,2760.0,11.0
18406,Streamer_17406,Musica,183.0,6.9
10195,Streamer_9195,Arte,42777.0,7.7
3879,Streamer_2879,Just Chatting,321.0,9.2
6405,Streamer_5405,Arte,34761.0,3.3
4491,Streamer_3491,Esports,,7.4
10694,Streamer_9694,Arte,22698.0,3.0
6857,Streamer_5857,Arte,30323.0,8.8
16799,Streamer_15799,Arte,7296.0,9.0
13942,Streamer_12942,Arte,10065.0,9.6
2686,Streamer_1686,Musica,49523.0,1.8
5902,Streamer_4902,Musica,48328.0,9.5
9419,Streamer_8419,Arte,5335.0,2.6
12264,Streamer_11264,Musica,37097.0,5.7
1449,Streamer_449,Gaming,2045.0,11.0
6721,Streamer_5721,Gaming,41172.0,11.0
10108,Streamer_9108,Musica,41376.0,5.8
17348,Streamer_16348,,26294.0,6.6
10705,Streamer_9705,Musica,18674.0,8.1
10707,Streamer_9707,Esports,35527.0,7.2
4037,Streamer_3037,Esports,15471.0,3.6
8176,Streamer_7176,Esports,48727.0,7.2
19943,Streamer_18943,Just Chatting,5640.0,8.5
10262,Streamer_9262,Gaming,15462.0,6.5
1407,Streamer_407,Musica,8025.0,1.9
19040,Streamer_18040,Musica,7504.0,5.9
9447,Streamer_8447,Gaming,12389.0,9.6
16788,Streamer_15788,Gaming,9040.0,2.2
1038,Streamer_38,Musica,38769.0,1.2
20816,Streamer_19816,Musica,33499.0,7.1
7220,Streamer_6220,Just Chatting,38716.0,1.0
10927,Streamer_9927,Musica,14876.0,8.2
4571,Streamer_3571,Musica,38537.0,9.7
4526,Streamer_3526,Just Chatting,18161.0,4.8
1670,Streamer_670,Musica,35863.0,3.9
11564,Streamer_10564,Just Chatting,24556.0,8.9
5453,Streamer_4453,Esports,47663.0,12.0
9752,Streamer_8752,Just Chatting,10203.0,6.7
3991,Streamer_2991,Gaming,34383.0,1.7
11281,Streamer_10281,Gaming,41932.0,5.2
14286,Streamer_13286,Arte,29825.0,9.0
12612,Streamer_11612,Just Chatting,24751.0,7.8
12931,Streamer_11931,Musica,24266.0,6.5
17590,Streamer_16590,Esports,48316.0,6.5
2917,Streamer_1917,Musica,24866.0,4.4
3168,Streamer_2168,Just Chatting,25711.0,4.0
4802,Streamer_3802,Esports,22176.0,3.5
13064,Streamer_12064,Esports,8381.0,8.8
14245,Streamer_13245,Gaming,21349.0,1.1
10350,Streamer_9350,Musica,47434.0,4.7
1931,Streamer_931,Just Chatting,29581.0,3.3
4507,Streamer_3507,Just Chatting,35491.0,11.8
18834,Streamer_17834,Just Chatting,37921.0,6.4
17889,Streamer_16889,Esports,35359.0,5.5
10825,Streamer_9825,,47358.0,10.9
12982,Streamer_11982,Esports,16082.0,10.2
4447,Streamer_3447,Just Chatting,37548.0,7.6
2231,Streamer_1231,Just Chatting,11935.0,7.8
19212,Streamer_18212,Musica,39921.0,1.8
11857,Streamer_10857,,24478.0,6.1
17004,Streamer_16004,Esports,1993.0,1.3
8989,Streamer_7989,Gaming,43259.0,1.8
20702,Streamer_19702,Musica,43788.0,10.0
9689,Streamer_8689,Gaming,31808.0,5.9
1762,Streamer_762,Esports,43803.0,2.8
18040,Streamer_17040,Esports,36408.0,3.8
8933,Streamer_7933,Just Chatting,8897.0,7.8
3069,Streamer_2069,Esports,23056.0,2.3
5833,Streamer_4833,Gaming,4918.0,8.8
12851,Streamer_11851,Arte,9538.0,11.1
5949,Streamer_4949,Esports,31358.0,3.5
2432,Streamer_1432,Arte,30751.0,3.2
9940,Streamer_8940,Musica,6938.0,3.3
12466,Streamer_11466,Arte,37202.0,7.6
4698,Streamer_3698,Esports,33562.0,7.6
13239,Streamer_12239,Musica,5403.0,1.1
6243,Streamer_5243,Arte,17676.0,7.9
10236,Streamer_9236,Arte,,5.0
2386,Streamer_1386,Esports,46541.0,4.0
10051,Streamer_9051,Arte,38458.0,5.3
11071,Streamer_10071,,44099.0,8.3
3707,Streamer_2707,Gaming,16522.0,9.6
17423,Streamer_16423,Gaming,48390.0,9.2
10956,Streamer_9956,Musica,8236.0,7.5
12601,Streamer_11601,Esports,10175.0,9.7
16043,Streamer_15043,Esports,27217.0,7.5
16967,Streamer_15967,Musica,15050.0,9.4
8435,Streamer_7435,Musica,9842.0,9.5
10700,Streamer_9700,Esports,38178.0,6.7
9572,Streamer_8572,Esports,41445.0,11.8
9517,Streamer_8517,Gaming,22025.0,7.7
19074,Streamer_18074,Esports,29370.0,6.3
10646,Streamer_9646,Musica,49555.0,10.1
2630,,Just Chatting,42325.0,8.6
13110,Streamer_12110,Esports,49793.0,5.8
6053,Streamer_5053,Musica,44442.0,2.4
4776,Streamer_3776,Gaming,4656.0,1.6
6626,Streamer_5626,Musica,16945.0,10.2
7368,Streamer_6368,Gaming,24428.0,11.4
16406,Streamer_15406,Gaming,41181.0,6.9
14739,Streamer_13739,Arte,7870.0,11.9
19187,Streamer_18187,Just Chatting,44566.0,2.8
16988,Streamer_15988,Musica,13493.0,11.0
15908,Streamer_14908,Just Chatting,32610.0,2.0
4959,Streamer_3959,Arte,30254.0,1.5
13585,Streamer_12585,Just Chatting,10445.0,6.8
12313,Streamer_11313,Musica,48832.0,6.2
10725,Streamer_9725,Gaming,37858.0,10.0
18482,Streamer_17482,Arte,28934.0,1.6
16681,Streamer_15681,Esports,3847.0,8.6
6410,Streamer_5410,Gaming,29372.0,4.0
4427,Streamer_3427,Musica,21490.0,7.0
8906,Streamer_7906,Musica,,3.1
10776,Streamer_9776,Arte,49926.0,6.7
8601,Streamer_7601,Arte,45546.0,2.9
8905,Streamer_7905,Musica,3565.0,9.4
9813,Streamer_8813,Musica,44987.0,4.0
16367,Streamer_15367,Arte,37710.0,3.7
2480,Streamer_1480,Arte,15059.0,9.4
6468,Streamer_5468,Arte,36412.0,5.3
19405,Streamer_18405,Arte,13211.0,11.8
3326,Streamer_2326,Arte,5332.0,7.8
13670,Streamer_12670,Gaming,2960.0,7.8
10875,Streamer_9875,Gaming,29021.0,2.7
19776,Streamer_18776,Musica,37010.0,1.2
5302,Streamer_4302,Arte,18827.0,7.7
8607,Streamer_7607,Just Chatting,7713.0,5.2
2625,Streamer_1625,Arte,2566.0,7.3
13995,Streamer_12995,Just Chatting,17562.0,5.7
9502,Streamer_8502,Musica,41613.0,7.2
1041,Streamer_41,Arte,6092.0,9.4
6299,Streamer_5299,Musica,12643.0,6.1
12779,Streamer_11779,Arte,43165.0,5.1
19500,Streamer_18500,Just Chatting,35645.0,1.0
20793,Streamer_19793,Arte,28618.0,11.4
15652,Streamer_14652,Just Chatting,25884.0,4.3
1261,Streamer_261,Just Chatting,32378.0,5.9
1116,Streamer_116,Esports,,1.5
12798,Streamer_11798,Just Chatting,29227.0,4.3
15682,Streamer_14682,Esports,22234.0,8.8
7883,Streamer_6883,Arte,36167.0,2.6
19345,Streamer_18345,Musica,34487.0,8.9
5480,Streamer_4480,Musica,35605.0,4.4
17966,Streamer_16966,Esports,15853.0,2.2
14336,Streamer_13336,Musica,31164.0,7.9
1899,Streamer_899,Gaming,27414.0,10.8
12618,Streamer_11618,Arte,3959.0,1.4
13279,Streamer_12279,Just Chatting,34440.0,4.2
17438,Streamer_16438,Arte,43764.0,11.0
9199,Streamer_8199,Just Chatting,7636.0,11.8
9122,Streamer_8122,Gaming,49230.0,10.3
5825,Streamer_4825,Musica,13331.0,9.3
2026,Streamer_1026,Musica,23302.0,10.3
4979,Streamer_3979,Just Chatting,33085.0,4.9
19110,Streamer_18110,Just Chatting,42763.0,9.6
11419,Streamer_10419,Gaming,27710.0,5.8
2334,Streamer_1334,Musica,8685.0,6.4
13417,Streamer_12417,Arte,20679.0,3.6
13047,Streamer_12047,Arte,18889.0,4.8
19137,Streamer_18137,Musica,,11.3
17363,Streamer_16363,Arte,30153.0,11.0
4083,Streamer_3083,Musica,29113.0,7.5
13387,Streamer_12387,Arte,3715.0,7.4
13570,Streamer_12570,Just Chatting,2543.0,7.4
8816,Streamer_7816,Musica,31359.0,5.9
7573,Streamer_6573,Esports,34309.0,2.5
7866,Streamer_6866,Arte,19873.0,6.1
8563,Streamer_7563,Musica,34177.0,7.0
1179,Streamer_179,Arte,3243.0,11.0
15557,Streamer_14557,Musica,23492.0,9.7
2345,Streamer_1345,Musica,2398.0,4.7
16848,Streamer_15848,Musica,32890.0,3.5
4787,Streamer_3787,Musica,33874.0,7.3
15551,Streamer_14551,Musica,43871.0,4.4
13442,Streamer_12442,Esports,2842.0,11.7
4783,Streamer_3783,Just Chatting,37675.0,4.3
15383,Streamer_14383,Arte,40700.0,8.6
10580,Streamer_9580,Gaming,49972.0,12.0
1100,Streamer_100,Musica,18994.0,2.7
2423,Streamer_1423,Gaming,41223.0,6.4
17938,Streamer_16938,Just Chatting,38185.0,10.1
4576,Streamer_3576,Just Chatting,10090.0,10.1
7013,Streamer_6013,Musica,3008.0,3.7
6562,Streamer_5562,Just Chatting,28856.0,10.4
8097,Streamer_7097,Arte,36777.0,6.8
16174,Streamer_15174,Esports,907.0,10.8
11711,Streamer_10711,Just Chatting,37585.0,5.0
4815,Streamer_3815,Just Chatting,2514.0,7.2
20940,Streamer_19940,Arte,22083.0,6.6
7595,Streamer_6595,Musica,25305.0,4.9
10271,Streamer_9271,Gaming,43930.0,8.7
9022,Streamer_8022,Arte,12291.0,7.1
19225,Streamer_18225,Gaming,12066.0,5.4
19394,Streamer_18394,Musica,11021.0,9.6
16233,Streamer_15233,Musica,3516.0,7.7
9932,Streamer_8932,Just Chatting,2752.0,11.4
12172,Streamer_11172,Musica,18609.0,5.1
17800,Streamer_16800,Musica,45075.0,7.4
8411,Streamer_7411,Musica,16001.0,9.3
4231,Streamer_3231,Esports,13687.0,10.4
19082,Streamer_18082,Musica,29831.0,9.3
8173,Streamer_7173,Arte,2642.0,9.7
14244,Streamer_13244,Esports,26490.0,8.7
14826,Streamer_13826,Arte,19059.0,7.2
6262,Streamer_5262,Arte,33819.0,8.3
19075,Streamer_18075,Arte,35763.0,4.7
3649,Streamer_2649,Arte,6246.0,9.8
20310,Streamer_19310,Gaming,49846.0,11.2
1052,Streamer_52,,1446.0,10.7
17321,Streamer_16321,Just Chatting,17289.0,10.0
17659,Streamer_16659,Gaming,36904.0,7.9
6673,Streamer_5673,Just Chatting,38041.0,10.2
5344,Streamer_4344,Esports,37330.0,8.1
19393,Streamer_18393,Gaming,32161.0,8.3
15990,Streamer_14990,Gaming,7863.0,7.0
11895,Streamer_10895,Gaming,23781.0,5.1
15228,Streamer_14228,Musica,42385.0,6.1
13767,Streamer_12767,Musica,40053.0,9.6
7135,Streamer_6135,Esports,6553.0,6.9
20992,Streamer_19992,Musica,18930.0,4.5
10259,Streamer_9259,Musica,25452.0,2.4
15297,Streamer_14297,Just Chatting,15729.0,9.9
5709,Streamer_4709,Arte,45441.0,6.6
2664,Streamer_1664,Gaming,1586.0,8.6
2509,Streamer_1509,Musica,43204.0,8.7
20022,Streamer_19022,Esports,33535.0,11.2
8942,Streamer_7942,Esports,5807.0,5.0
13864,Streamer_12864,Musica,49513.0,5.7
12643,Streamer_11643,,43003.0,8.6
18108,Streamer_17108,Just Chatting,5605.0,3.5
16037,Streamer_15037,Arte,18463.0,5.2
12339,Streamer_11339,Just Chatting,31546.0,1.3
11415,Streamer_10415,Gaming,23615.0,7.1
2063,Streamer_1063,Musica,22971.0,6.3
15727,Streamer_14727,Arte,40606.0,11.6
10474,Streamer_9474,Esports,10289.0,7.9
6619,Streamer_5619,Arte,20265.0,1.3
13886,Streamer_12886,Just Chatting,15877.0,1.2
13070,Streamer_12070,Gaming,18354.0,3.3
4023,Streamer_3023,Gaming,29245.0,9.7
10625,Streamer_9625,Esports,12118.0,11.6
13559,Streamer_12559,Gaming,39779.0,9.9
16611,Streamer_15611,Gaming,41500.0,2.8
17211,Streamer_16211,Esports,40137.0,9.3
6511,Streamer_5511,Esports,32514.0,6.3
8693,Streamer_7693,Arte,47066.0,4.5
16357,Streamer_15357,Just Chatting,6008.0,9.3
14017,Streamer_13017,Gaming,22017.0,2.2
11924,Streamer_10924,Gaming,10974.0,6.5
11903,Streamer_10903,Just Chatting,14453.0,8.7
7761,Streamer_6761,Just Chatting,26429.0,3.9
18194,Streamer_17194,Musica,45858.0,9.8
10177,Streamer_9177,Gaming,17494.0,9.5
18797,Streamer_17797,Just Chatting,20490.0,10.7
12526,Streamer_11526,Just Chatting,3207.0,4.5
12579,Streamer_11579,Esports,42897.0,2.5
7867,Streamer_6867,Esports,38906.0,1.9
9834,Streamer_8834,Just Chatting,31723.0,6.5
15536,Streamer_14536,Musica,1657.0,3.9
19572,Streamer_18572,Musica,21794.0,1.1
4882,Streamer_3882,Musica,12270.0,9.8
8686,Streamer_7686,Arte,45131.0,4.5
10469,Streamer_9469,Arte,22869.0,8.7
13568,Streamer_12568,Esports,40250.0,1.3
12928,Streamer_11928,Arte,42706.0,10.0
9583,Streamer_8583,Arte,2295.0,2.9
5952,Streamer_4952,Gaming,16727.0,7.8
13806,Streamer_12806,Musica,20429.0,1.1
6377,Streamer_5377,Musica,4503.0,2.1
19230,Streamer_18230,Just Chatting,9475.0,10.3
5273,Streamer_4273,Just Chatting,33906.0,1.8
20912,Streamer_19912,Musica,26244.0,10.9
2748,Streamer_1748,Musica,32077.0,6.0
3219,Streamer_2219,Esports,27420.0,10.0
20596,Streamer_19596,Musica,49439.0,8.8
4598,Streamer_3598,Just Chatting,20344.0,1.6
14471,Streamer_13471,Esports,43505.0,5.8
20291,Streamer_19291,Musica,5192.0,9.8
16835,Streamer_15835,Gaming,23663.0,10.7
4806,Streamer_3806,Arte,29279.0,10.7
12259,Streamer_11259,Musica,44614.0,5.7
20166,Streamer_19166,Just Chatting,19757.0,10.9
8059,Streamer_7059,Musica,38241.0,1.2
13698,Streamer_12698,Musica,11461.0,6.4
13784,Streamer_12784,Just Chatting,27528.0,10.7
7105,Streamer_6105,Gaming,44031.0,5.1
10623,Streamer_9623,Esports,27875.0,11.0
18310,Streamer_17310,Gaming,31382.0,2.1
16908,Streamer_15908,Arte,865.0,1.2
10886,Streamer_9886,Gaming,2822.0,5.6
4502,Streamer_3502,Just Chatting,14645.0,8.8
4531,Streamer_3531,Esports,17536.0,4.8
2457,Streamer_1457,Esports,10646.0,1.4
7617,Streamer_6617,Esports,20554.0,3.4
5764,Streamer_4764,Arte,7319.0,10.8
14436,Streamer_13436,Gaming,5274.0,10.4
1972,Streamer_972,,49034.0,4.5
14675,Streamer_13675,Esports,29352.0,1.5
9052,Streamer_8052,Just Chatting,29569.0,6.5
20772,Streamer_19772,Esports,3687.0,10.7
6415,Streamer_5415,Musica,25859.0,2.9
1246,Streamer_246,Arte,31512.0,10.9
4482,Streamer_3482,Gaming,10626.0,5.0
17810,Streamer_16810,Musica,41261.0,9.0
13346,Streamer_12346,Gaming,24052.0,10.0
19964,Streamer_18964,Arte,2373.0,6.9
19997,Streamer_18997,Just Chatting,26057.0,4.0
4974,Streamer_3974,Musica,29428.0,10.4
5231,Streamer_4231,,43596.0,6.9
15041,Streamer_14041,Esports,8513.0,9.2
8087,Streamer_7087,,34930.0,4.6
8824,Streamer_7824,Musica,35565.0,7.6
1726,Streamer_726,Just Chatting,40691.0,3.4
6603,Streamer_5603,Gaming,3950.0,10.2
10735,Streamer_9735,Just Chatting,28316.0,2.8
4113,Streamer_3113,Esports,30018.0,7.3
6966,Streamer_5966,Esports,43448.0,3.9
6873,Streamer_5873,Musica,49320.0,4.5
6035,Streamer_5035,Arte,27556.0,2.1
19095,Streamer_18095,Gaming,2349.0,1.5
10210,Streamer_9210,Musica,20860.0,2.3
12020,Streamer_11020,Arte,15293.0,5.0
19601,Streamer_18601,Just Chatting,48136.0,1.0
10874,Streamer_9874,Arte,19771.0,3.9
11166,Streamer_10166,Gaming,14432.0,5.9
14980,Streamer_13980,Gaming,610.0,6.4
4862,Streamer_3862,Gaming,17240.0,6.2
6221,Streamer_5221,Esports,41925.0,10.2
14273,Streamer_13273,Esports,42127.0,4.0
16139,Streamer_15139,Musica,4119.0,2.1
13484,,,5848.0,8.9
9399,Streamer_8399,Musica,48822.0,5.6
12429,Streamer_11429,Just Chatting,41867.0,2.2
5877,Streamer_4877,Musica,10694.0,9.6
6117,,Just Chatting,9185.0,3.0
16143,Streamer_15143,Gaming,23310.0,8.9
9604,Streamer_8604,Just Chatting,26447.0,2.7
16494,Streamer_15494,Musica,39009.0,11.7
7090,Streamer_6090,Just Chatting,35401.0,8.5
18799,Streamer_17799,Gaming,19306.0,7.3
15478,Streamer_14478,,14218.0,5.0
16491,Streamer_15491,Musica,28963.0,8.9
14002,Streamer_13002,Just Chatting,49459.0,9.2
19533,Streamer_18533,Arte,31227.0,1.7
7039,Streamer_6039,Just Chatting,42462.0,1.8
12832,Streamer_11832,Just Chatting,39021.0,4.7
20829,Streamer_19829,Just Chatting,42205.0,1.9
15800,Streamer_14800,Gaming,17770.0,10.8
4368,Streamer_3368,Arte,13045.0,11.7
11449,Streamer_10449,Gaming,2749.0,4.0
12434,Streamer_11434,Gaming,4672.0,9.5
4517,Streamer_3517,Esports,19498.0,3.3
1377,Streamer_377,Arte,49047.0,2.5
6811,Streamer_5811,Esports,23585.0,4.5
10086,Streamer_9086,Musica,46047.0,5.9
8964,Streamer_7964,Esports,46804.0,8.8
14506,Streamer_13506,Gaming,43508.0,11.8
20461,Streamer_19461,Musica,27778.0,1.3
5732,Streamer_4732,Just Chatting,1084.0,11.9
18608,Streamer_17608,Musica,1099.0,2.2
7302,Streamer_6302,Musica,2751.0,3.8
4879,Streamer_3879,Arte,34608.0,11.8
18459,Streamer_17459,Just Chatting,,1.3
15357,Streamer_14357,Gaming,12612.0,5.3
17737,Streamer_16737,Gaming,15530.0,8.5
12327,Streamer_11327,Arte,2316.0,4.0
9315,Streamer_8315,Just Chatting,354.0,7.2
12682,Streamer_11682,Esports,15131.0,6.2
14839,Streamer_13839,Arte,3450.0,1.1
4286,Streamer_3286,Gaming,32044.0,8.9
11174,Streamer_10174,Musica,6264.0,8.5
20042,Streamer_19042,Arte,8644.0,9.5
11766,Streamer_10766,Musica,8740.0,5.0
17572,Streamer_16572,Gaming,12765.0,10.4
15959,Streamer_14959,Esports,46179.0,6.6
9751,Streamer_8751,Just Chatting,34242.0,11.8
4282,Streamer_3282,Musica,13591.0,3.8
9921,Streamer_8921,Esports,1215.0,5.2
8470,Streamer_7470,Gaming,29457.0,11.2
19388,Streamer_18388,Esports,44648.0,1.8
19217,Streamer_18217,Arte,22882.0,2.2
2065,Streamer_1065,Esports,3898.0,11.6
18072,Streamer_17072,Gaming,47.0,6.2
10652,Streamer_9652,Esports,15686.0,1.0
19170,Streamer_18170,Musica,15329.0,10.8
2741,Streamer_1741,Gaming,42933.0,5.3
18009,Streamer_17009,Just Chatting,36063.0,10.2
18909,Streamer_17909,Musica,22984.0,6.5
4633,Streamer_3633,Gaming,,7.9
14087,Streamer_13087,Musica,45293.0,10.3
19125,Streamer_18125,Arte,30393.0,7.0
1314,Streamer_314,Musica,37035.0,9.0
6845,Streamer_5845,Gaming,47209.0,5.7
18050,Streamer_17050,Gaming,4000.0,11.6
6731,Streamer_5731,Gaming,29267.0,8.5
19166,Streamer_18166,Esports,47583.0,8.1
3224,Streamer_2224,Just Chatting,35316.0,6.9
6738,Streamer_5738,Gaming,24955.0,2.5
3100,Streamer_2100,Just Chatting,38980.0,1.6
16241,Streamer_15241,Musica,14201.0,5.0
1024,Streamer_24,Musica,31021.0,11.9
13684,Streamer_12684,Gaming,39941.0,10.1
2221,Streamer_1221,Musica,48459.0,3.9
13985,Streamer_12985,Arte,42014.0,10.7
3346,Streamer_2346,Arte,8818.0,7.3
18227,Streamer_17227,Just Chatting,36789.0,9.8
18493,Streamer_17493,Esports,38622.0,9.1
18687,Streamer_17687,Musica,44276.0,3.3
7962,Streamer_6962,Gaming,17950.0,8.2
15695,Streamer_14695,Just Chatting,24223.0,1.2
11743,Streamer_10743,Musica,,1.8
16234,Streamer_15234,Esports,49649.0,5.3
10960,Streamer_9960,Musica,11597.0,5.6
9611,Streamer_8611,Gaming,14417.0,1.9
18857,Streamer_17857,Just Chatting,9196.0,5.7
12708,Streamer_11708,Just Chatting,21001.0,10.2
3348,Streamer_2348,Arte,20390.0,10.1
16479,Streamer_15479,Esports,48853.0,2.7
7833,Streamer_6833,Arte,6214.0,2.5
11637,Streamer_10637,Just Chatting,27525.0,8.8
17812,Streamer_16812,Esports,28719.0,1.1
6979,Streamer_5979,Arte,19167.0,1.7
20162,Streamer_19162,Gaming,37353.0,6.8
13116,Streamer_12116,Esports,34886.0,2.6
13445,Streamer_12445,Musica,1800.0,1.0
2780,Streamer_1780,Musica,21792.0,8.8
6251,Streamer_5251,Arte,19222.0,10.0
10540,Streamer_9540,Gaming,38278.0,9.8
10710,Streamer_9710,Just Chatting,22442.0,4.6
9832,Streamer_8832,Musica,3262.0,2.5
13432,Streamer_12432,Arte,37353.0,11.9
13638,Streamer_12638,Musica,22206.0,2.4
2535,Streamer_1535,Arte,15426.0,7.5
9576,Streamer_8576,Musica,35985.0,9.3
2463,Streamer_1463,Musica,45467.0,1.8
20671,Streamer_19671,Arte,3439.0,5.0
5647,Streamer_4647,Musica,40658.0,9.6
14023,Streamer_13023,Gaming,6236.0,9.7
9818,Streamer_8818,Just Chatting,1005.0,11.6
18614,Streamer_17614,Musica,43499.0,8.4
1051,Streamer_51,Just Chatting,44603.0,4.3
3600,Streamer_2600,Just Chatting,32887.0,10.8
10609,Streamer_9609,Just Chatting,580.0,1.6
14770,Streamer_13770,Just Chatting,25513.0,12.0
6364,Streamer_5364,Arte,11429.0,6.4
8521,Streamer_7521,,8691.0,9.1
3571,Streamer_2571,Arte,,6.9
8204,Streamer_7204,Gaming,8796.0,6.9
1309,Streamer_309,Just Chatting,38624.0,2.7
14878,Streamer_13878,Esports,1007.0,9.6
3814,Streamer_2814,Gaming,112.0,5.2
11749,Streamer_10749,Arte,13559.0,5.0
13936,Streamer_12936,Esports,2590.0,9.6
4510,Streamer_3510,Musica,17775.0,8.5
20523,Streamer_19523,Gaming,3239.0,10.6
4364,Streamer_3364,Esports,4846.0,8.2
4921,Streamer_3921,Gaming,31688.0,10.7
5543,Streamer_4543,Arte,31123.0,9.8
12015,Streamer_11015,Just Chatting,,6.2
1765,Streamer_765,Gaming,24117.0,9.7
13607,Streamer_12607,Just Chatting,3102.0,10.9
16950,Streamer_15950,Just Chatting,33498.0,2.6
9886,Streamer_8886,Just Chatting,2271.0,5.8
15996,Streamer_14996,Musica,4193.0,10.7
8241,Streamer_7241,Arte,42236.0,8.4
16901,Streamer_15901,Esports,39859.0,2.1
17733,Streamer_16733,Gaming,26410.0,10.1
18946,Streamer_17946,Arte,20010.0,3.9
14742,Streamer_13742,Musica,815.0,12.0
14974,Streamer_13974,Arte,12586.0,11.8
6018,Streamer_5018,Musica,2763.0,7.6
14373,Streamer_13373,Just Chatting,,5.8
14633,Streamer_13633,Gaming,40768.0,5.6
17870,Streamer_16870,Arte,46812.0,4.2
19703,Streamer_18703,Arte,14684.0,4.5
4144,Streamer_3144,Arte,2554.0,6.4
19877,Streamer_18877,Just Chatting,41635.0,8.5
13146,Streamer_12146,Esports,48475.0,7.9
11942,Streamer_10942,Musica,30873.0,8.5
16349,Streamer_15349,Gaming,15236.0,10.3
5285,Streamer_4285,Esports,34562.0,4.3
1999,Streamer_999,Just Chatting,26819.0,2.5
19214,Streamer_18214,Arte,8529.0,12.0
9057,Streamer_8057,Esports,4466.0,1.8
12512,Streamer_11512,Just Chatting,27568.0,9.2
11776,Streamer_10776,Just Chatting,12870.0,8.8
10107,Streamer_9107,Musica,35629.0,11.6
1064,Streamer_64,Musica,9523.0,2.9
19048,Streamer_18048,Gaming,10097.0,8.0
1108,Streamer_108,Gaming,26148.0,8.8
16404,Streamer_15404,Arte,31051.0,11.2
20988,Streamer_19988,Gaming,15902.0,7.7
9984,Streamer_8984,Esports,758.0,8.0
18753,Streamer_17753,Arte,28571.0,8.6
16704,,Musica,2059.0,3.7
9565,Streamer_8565,Gaming,12951.0,8.2
8160,Streamer_7160,Arte,38184.0,9.7
15387,Streamer_14387,Just Chatting,26323.0,11.1
8633,Streamer_7633,Musica,7927.0,3.2
10806,Streamer_9806,Musica,26752.0,6.9
1547,Streamer_547,Esports,48021.0,2.1
6225,Streamer_5225,Esports,17988.0,6.3
20423,Streamer_19423,Esports,9384.0,5.7
10038,Streamer_9038,Gaming,25418.0,6.0
3603,Streamer_2603,Gaming,39177.0,3.1
6314,Streamer_5314,Musica,34394.0,8.8
14020,Streamer_13020,Gaming,35730.0,2.7
2128,Streamer_1128,Gaming,30985.0,8.3
7474,Streamer_6474,Arte,19971.0,8.0
12745,Streamer_11745,Just Chatting,42830.0,6.1
16603,Streamer_15603,Esports,3765.0,1.4
12152,Streamer_11152,Gaming,143.0,2.9
13008,Streamer_12008,Gaming,33762.0,11.1
15147,Streamer_14147,Arte,48137.0,6.5
16696,Streamer_15696,Gaming,13466.0,8.9
8668,Streamer_7668,Esports,32322.0,1.5
1345,Streamer_345,Esports,25933.0,8.4
6824,Streamer_5824,Arte,2426.0,8.9
15062,Streamer_14062,Arte,5813.0,7.1
4346,Streamer_3346,Just Chatting,49239.0,6.1
12841,Streamer_11841,Gaming,,8.4
7822,Streamer_6822,Esports,43479.0,10.2
6206,Streamer_5206,Gaming,32417.0,4.0
2145,Streamer_1145,Musica,42045.0,6.5
14503,Streamer_13503,Esports,,10.3
17715,Streamer_16715,Musica,15859.0,6.0
2094,Streamer_1094,Arte,12911.0,5.0
1632,Streamer_632,Esports,5007.0,4.1
16881,Streamer_15881,Musica,41459.0,11.2
6462,Streamer_5462,Esports,3002.0,6.0
15658,Streamer_14658,Just Chatting,32301.0,3.8
8076,Streamer_7076,Gaming,10799.0,1.8
7890,Streamer_6890,Arte,6436.0,5.0
3559,Streamer_2559,Gaming,16353.0,4.4
5313,Streamer_4313,Esports,43183.0,11.6
10866,Streamer_9866,Gaming,32352.0,4.3
17281,Streamer_16281,Esports,18026.0,7.9
7096,Streamer_6096,Gaming,12099.0,8.2
18174,Streamer_17174,Arte,16951.0,6.4
10251,Streamer_9251,Arte,16208.0,3.2
5152,Streamer_4152,Gaming,48367.0,9.7
4271,Streamer_3271,Gaming,46754.0,3.6
17907,Streamer_16907,Arte,34122.0,8.3
15566,Streamer_14566,Musica,17695.0,1.6
16207,Streamer_15207,Esports,37979.0,8.4
13363,Streamer_12363,Arte,21853.0,2.8
2119,Streamer_1119,Esports,32263.0,2.6
1479,Streamer_479,Musica,29774.0,3.2
2316,Streamer_1316,Esports,41120.0,9.2
5332,Streamer_4332,Gaming,11277.0,5.9
11940,Streamer_10940,Arte,43569.0,4.2
20225,Streamer_19225,Gaming,39244.0,9.1
15008,Streamer_14008,Just Chatting,16396.0,3.5
8669,Streamer_7669,Esports,23440.0,7.4
5913,Streamer_4913,Esports,42957.0,1.4
17476,Streamer_16476,Gaming,33484.0,1.5
7558,Streamer_6558,Esports,13257.0,8.1
14343,Streamer_13343,Gaming,37282.0,5.9
13662,Streamer_12662,Esports,32850.0,2.5
12594,Streamer_11594,Gaming,25304.0,8.6
18200,Streamer_17200,Just Chatting,19611.0,3.4
18032,Streamer_17032,Gaming,23887.0,8.8
7589,Streamer_6589,Esports,21345.0,5.0
16737,Streamer_15737,Gaming,33500.0,11.8
19923,Streamer_18923,Just Chatting,17834.0,11.2
5003,Streamer_4003,Arte,7081.0,2.3
18312,Streamer_17312,Musica,1218.0,7.7
1088,Streamer_88,Musica,44658.0,7.6
3798,Streamer_2798,Arte,11634.0,8.3
17388,Streamer_16388,Just Chatting,42871.0,11.4
17579,Streamer_16579,Gaming,16598.0,1.0
11144,Streamer_10144,Musica,2777.0,11.1
15577,Streamer_14577,Gaming,31418.0,3.5
15047,Streamer_14047,Just Chatting,4335.0,2.4
7700,Streamer_6700,Gaming,48993.0,2.1
10356,Streamer_9356,Musica,38505.0,1.9
14893,Streamer_13893,Musica,42863.0,11.5
19293,Streamer_18293,Gaming,3307.0,1.5
18510,Streamer_17510,Gaming,31530.0,7.1
9862,Streamer_8862,Musica,45507.0,4.5
5195,Streamer_4195,Gaming,39747.0,9.3
8177,Streamer_7177,Esports,4625.0,4.2
15955,Streamer_14955,Gaming,17780.0,10.9
16071,Streamer_15071,Arte,46428.0,8.1
1432,Streamer_432,Gaming,36502.0,5.2
17844,Streamer_16844,Musica,47741.0,5.6
9434,Streamer_8434,Esports,5191.0,3.9
6717,Streamer_5717,Musica,24334.0,9.0
1236,Streamer_236,Arte,6657.0,2.1
3815,Streamer_2815,Esports,20764.0,2.2
18686,Streamer_17686,Esports,44484.0,4.7
13490,Streamer_12490,Musica,45313.0,2.0
11838,Streamer_10838,Just Chatting,38627.0,8.9
9239,Streamer_8239,Musica,14956.0,8.5
11833,Streamer_10833,Just Chatting,17690.0,11.3
5556,Streamer_4556,Musica,23436.0,9.5
19309,Streamer_18309,Gaming,9431.0,5.1
13691,Streamer_12691,Esports,47537.0,1.3
18655,Streamer_17655,Esports,35656.0,3.3
16239,Streamer_15239,Just Chatting,32183.0,8.7
13429,Streamer_12429,Gaming,38258.0,1.6
17518,Streamer_16518,Arte,31471.0,10.2
1800,Streamer_800,Gaming,34857.0,1.0
7754,Streamer_6754,Musica,7859.0,6.3
13511,Streamer_12511,Esports,32600.0,1.2
9131,Streamer_8131,Esports,43333.0,4.6
6600,Streamer_5600,Musica,16826.0,3.0
20046,Streamer_19046,Gaming,6447.0,7.6
7076,Streamer_6076,Arte,19249.0,11.7
10639,Streamer_9639,Musica,19400.0,3.2
5026,Streamer_4026,,34216.0,9.5
15813,Streamer_14813,Arte,43335.0,10.5
6123,Streamer_5123,Esports,49323.0,11.2
18734,Streamer_17734,Just Chatting,20198.0,3.2
11910,Streamer_10910,Gaming,46702.0,10.4
2447,Streamer_1447,Esports,23494.0,8.9
19769,Streamer_18769,Musica,32644.0,1.2
13768,Streamer_12768,Just Chatting,11053.0,2.8
17913,Streamer_16913,Musica,19299.0,8.9
6960,Streamer_5960,Arte,34196.0,5.6
14067,Streamer_13067,Musica,33288.0,3.9
1744,Streamer_744,Arte,44893.0,10.1
19590,Streamer_18590,Esports,49880.0,11.2
20367,Streamer_19367,Gaming,9159.0,12.0
15170,Streamer_14170,Musica,2736.0,2.1
3292,Streamer_2292,Gaming,40838.0,2.0
6559,Streamer_5559,Just Chatting,35798.0,7.7
17275,Streamer_16275,Arte,5601.0,2.6
4577,Streamer_3577,Just Chatting,12648.0,2.4
5837,Streamer_4837,Just Chatting,343.0,10.8
2539,Streamer_1539,Gaming,35708.0,7.3
17177,Streamer_16177,Gaming,18252.0,11.8
9685,Streamer_8685,Just Chatting,49513.0,7.3
19404,Streamer_18404,Esports,11402.0,4.0
20887,Streamer_19887,Arte,33029.0,12.0
1637,Streamer_637,Musica,12246.0,5.3
17123,Streamer_16123,Gaming,15410.0,9.5
14379,Streamer_13379,Gaming,33564.0,11.2
7638,Streamer_6638,Gaming,21665.0,4.0
6510,Streamer_5510,Musica,4520.0,1.7
3503,Streamer_2503,Just Chatting,5272.0,9.0
4578,Streamer_3578,Esports,43490.0,6.9
1893,Streamer_893,Esports,30340.0,11.3
18425,Streamer_17425,Esports,39573.0,5.5
13379,Streamer_12379,Musica,33220.0,10.3
12617,Streamer_11617,Just Chatting,29188.0,3.6
20017,Streamer_19017,Esports,23868.0,7.4
1081,Streamer_81,Just Chatting,26844.0,5.5
6851,Streamer_5851,,20160.0,5.8
15655,Streamer_14655,Musica,36268.0,1.9
11297,Streamer_10297,Just Chatting,9027.0,11.9
13634,Streamer_12634,Gaming,46498.0,10.9
4160,Streamer_3160,Esports,29006.0,1.0
5563,Streamer_4563,Arte,19536.0,4.4
13476,Streamer_12476,Musica,42517.0,1.0
9394,Streamer_8394,Just Chatting,21963.0,5.0
12051,Streamer_11051,Musica,42446.0,3.3
4664,Streamer_3664,Gaming,46691.0,3.8
3605,Streamer_2605,Esports,3620.0,2.2
11829,Streamer_10829,Arte,11015.0,2.1
7661,Streamer_6661,Arte,41334.0,10.1
15934,Streamer_14934,Just Chatting,48122.0,8.6
19311,Streamer_18311,Arte,35746.0,10.6
4909,Streamer_3909,Just Chatting,36758.0,1.2
9519,Streamer_8519,Arte,42710.0,5.6
9884,Streamer_8884,Gaming,41296.0,11.3
15525,Streamer_14525,Esports,13689.0,3.1
20770,Streamer_19770,Arte,,8.9
9445,Streamer_8445,Gaming,13644.0,4.7
11503,Streamer_10503,Musica,19777.0,10.1
15998,Streamer_14998,Just Chatting,41842.0,6.4
16012,Streamer_15012,Arte,9968.0,1.8
2916,Streamer_1916,Gaming,5441.0,1.6
20084,Streamer_19084,Arte,25622.0,4.4
11851,Streamer_10851,Arte,42393.0,5.2
14167,Streamer_13167,Esports,41524.0,2.9
11327,Streamer_10327,Musica,40729.0,4.9
15841,Streamer_14841,Musica,14687.0,1.4
13534,Streamer_12534,Musica,13849.0,4.3
2409,Streamer_1409,Esports,6369.0,4.2
14696,Streamer_13696,Musica,28290.0,6.5
4406,Streamer_3406,Arte,45567.0,10.6
3612,Streamer_2612,Arte,20949.0,9.9
14832,Streamer_13832,Esports,40051.0,2.2
17037,Streamer_16037,Gaming,40597.0,1.7
15961,Streamer_14961,Just Chatting,43298.0,2.5
12421,Streamer_11421,Musica,35756.0,8.8
6168,Streamer_5168,Esports,20330.0,4.1
17495,,Arte,18702.0,11.9
7139,Streamer_6139,Musica,11740.0,9.0
2773,Streamer_1773,Just Chatting,18495.0,11.2
15442,Streamer_14442,Musica,24585.0,5.4
11294,Streamer_10294,Just Chatting,6119.0,3.1
17536,Streamer_16536,Musica,8696.0,7.9
13918,Streamer_12918,Gaming,46712.0,1.9
15236,Streamer_14236,Gaming,49875.0,8.0
1801,Streamer_801,Arte,19307.0,7.5
20071,Streamer_19071,Gaming,6852.0,2.9
20217,Streamer_19217,Esports,20757.0,2.0
15038,Streamer_14038,Musica,32336.0,4.4
17685,Streamer_16685,Gaming,41300.0,7.1
3922,Streamer_2922,Arte,25657.0,2.1
4680,Streamer_3680,Just Chatting,37780.0,1.6
17290,Streamer_16290,Gaming,11260.0,7.1
19087,Streamer_18087,Esports,8916.0,5.0
5102,Streamer_4102,Arte,32414.0,3.1
16267,Streamer_15267,Just Chatting,8427.0,2.5
20970,Streamer_19970,Gaming,24784.0,5.4
5676,Streamer_4676,Esports,14934.0,3.4
8533,Streamer_7533,Musica,33024.0,3.5
7943,Streamer_6943,Just Chatting,36254.0,4.4
12210,Streamer_11210,Esports,24635.0,10.4
16372,Streamer_15372,Musica,3869.0,3.5
6689,Streamer_5689,Esports,8730.0,10.6
15887,Streamer_14887,Musica,27379.0,6.6
7737,Streamer_6737,Gaming,21919.0,8.1
5498,Streamer_4498,Gaming,7496.0,1.9
5522,Streamer_4522,Musica,12921.0,5.4
10945,Streamer_9945,Just Chatting,38810.0,9.5
12815,Streamer_11815,Esports,44291.0,11.6
18802,Streamer_17802,Gaming,3145.0,5.2
20268,Streamer_19268,Arte,5934.0,8.0
18140,Streamer_17140,Esports,27067.0,1.1
14512,Streamer_13512,Just Chatting,35010.0,11.3
9801,Streamer_8801,Musica,40386.0,8.1
9999,Streamer_8999,Esports,33587.0,7.2
14669,,Musica,47641.0,5.4
6460,Streamer_5460,Just Chatting,38449.0,5.4
4900,Streamer_3900,Musica,26043.0,6.3
1600,Streamer_600,Esports,15475.0,10.8
14435,Streamer_13435,Arte,438.0,5.1
4897,Streamer_3897,Esports,24184.0,4.6
13952,Streamer_12952,Just Chatting,44032.0,2.7
13884,Streamer_12884,Arte,20623.0,9.8
19358,Streamer_18358,Esports,27221.0,6.0
5172,Streamer_4172,Esports,38672.0,9.6
6607,Streamer_5607,Arte,39998.0,11.5
7092,Streamer_6092,Just Chatting,26348.0,6.0
9338,Streamer_8338,Musica,12158.0,10.8
17472,Streamer_16472,Musica,11073.0,9.4
18727,Streamer_17727,Arte,39899.0,11.3
9898,Streamer_8898,Just Chatting,34231.0,5.5
20566,Streamer_19566,Just Chatting,19012.0,6.8
4049,Streamer_3049,Musica,10485.0,7.7
18161,Streamer_17161,Just Chatting,47186.0,3.5
10726,Streamer_9726,Musica,11262.0,11.6
12637,Streamer_11637,Arte,22635.0,5.3
2037,Streamer_1037,Musica,30201.0,6.1
7961,Streamer_6961,Just Chatting,41402.0,3.7
9488,Streamer_8488,Musica,23640.0,10.0
19116,Streamer_18116,Gaming,16346.0,8.3
9895,Streamer_8895,Musica,16208.0,3.2
2525,Streamer_1525,Musica,1697.0,5.6
5848,Streamer_4848,Just Chatting,36532.0,1.5
3947,Streamer_2947,Esports,30180.0,1.4
3582,Streamer_2582,Just Chatting,6688.0,4.9
17450,Streamer_16450,Arte,38167.0,7.5
19295,Streamer_18295,Just Chatting,10121.0,8.6
18860,Streamer_17860,Esports,45511.0,6.8
6256,Streamer_5256,Gaming,43962.0,3.0
19017,Streamer_18017,Gaming,31809.0,7.4
1952,Streamer_952,Musica,30289.0,7.9
5605,Streamer_4605,Gaming,5152.0,1.9
7497,Streamer_6497,Just Chatting,44916.0,6.3
4388,Streamer_3388,Arte,38464.0,11.6
4999,Streamer_3999,Musica,39414.0,7.8
16689,Streamer_15689,Arte,26150.0,11.9
10341,Streamer_9341,Just Chatting,17920.0,11.5
13414,Streamer_12414,Musica,43509.0,10.7
16789,Streamer_15789,Gaming,41399.0,8.1
13269,Streamer_12269,Gaming,27110.0,1.4
10781,Streamer_9781,Musica,37598.0,6.5
11859,Streamer_10859,Arte,14768.0,6.9
4259,Streamer_3259,Gaming,25158.0,10.3
18034,Streamer_17034,Esports,7677.0,8.2
12297,Streamer_11297,Just Chatting,27659.0,10.1
2203,Streamer_1203,Arte,39672.0,12.0
2360,Streamer_1360,Gaming,32602.0,8.4
6884,Streamer_5884,Esports,42086.0,9.1
19156,Streamer_18156,Just Chatting,22814.0,6.6
6677,Streamer_5677,Just Chatting,10346.0,1.7
10059,Streamer_9059,Arte,26253.0,9.5
3626,Streamer_2626,Esports,39668.0,2.4
3305,Streamer_2305,Esports,,10.4
11675,Streamer_10675,Esports,11283.0,11.0
8042,Streamer_7042,Arte,9421.0,4.3
8320,Streamer_7320,Arte,6804.0,5.3
10494,Streamer_9494,Gaming,16742.0,9.8
5292,Streamer_4292,Arte,15210.0,4.7
2332,Streamer_1332,Gaming,2583.0,9.2
9943,Streamer_8943,Just Chatting,10903.0,10.0
10256,Streamer_9256,Just Chatting,15202.0,1.7
14912,Streamer_13912,Musica,20280.0,5.8
9387,Streamer_8387,Arte,43033.0,6.7
18806,Streamer_17806,Gaming,16910.0,10.5
6028,Streamer_5028,Arte,37868.0,1.9
16606,Streamer_15606,Gaming,43813.0,10.1
18803,Streamer_17803,Gaming,34893.0,10.7
17602,Streamer_16602,Gaming,34646.0,1.3
15777,Streamer_14777,Gaming,10611.0,1.4
11087,Streamer_10087,Just Chatting,45162.0,5.9
13507,Streamer_12507,Esports,3258.0,3.6
1655,Streamer_655,Just Chatting,46655.0,10.8
7035,Streamer_6035,Arte,49320.0,7.9
17919,Streamer_16919,Esports,43066.0,5.1
16201,Streamer_15201,Just Chatting,133.0,3.0
3948,Streamer_2948,Just Chatting,26762.0,11.6
19824,Streamer_18824,Esports,12248.0,2.2
8442,Streamer_7442,Musica,33773.0,3.1
16547,Streamer_15547,Gaming,40236.0,5.3
11212,Streamer_10212,,37336.0,8.7
5155,Streamer_4155,Just Chatting,17.0,11.4
6599,Streamer_5599,Musica,12999.0,1.6
5798,Streamer_4798,Gaming,9410.0,9.3
16740,Streamer_15740,Musica,24408.0,10.9
4663,Streamer_3663,Arte,27495.0,11.2
8117,Streamer_7117,Just Chatting,28814.0,1.2
10345,Streamer_9345,Gaming,7102.0,4.2
12401,Streamer_11401,Gaming,16665.0,1.1
9578,Streamer_8578,Musica,33885.0,1.8
16355,Streamer_15355,Arte,11259.0,10.9
1313,Streamer_313,Arte,48327.0,8.4
11385,Streamer_10385,Just Chatting,12128.0,11.5
2179,Streamer_1179,Just Chatting,44938.0,8.0
16377,Streamer_15377,Just Chatting,9704.0,6.3
8869,Streamer_7869,Esports,929.0,6.6
13667,Streamer_12667,Gaming,16994.0,7.9
18537,Streamer_17537,Esports,45959.0,9.6
7106,Streamer_6106,Musica,3226.0,6.6
7979,Streamer_6979,Musica,3994.0,5.9
17370,Streamer_16370,Arte,35520.0,10.7
11547,Streamer_10547,Gaming,15290.0,1.5
12934,Streamer_11934,Just Chatting,36301.0,3.8
17632,Streamer_16632,Just Chatting,6092.0,5.9
19573,Streamer_18573,Esports,12982.0,11.9
8527,Streamer_7527,Just Chatting,3722.0,9.2
16460,Streamer_15460,Gaming,35170.0,9.8
13347,Streamer_12347,Gaming,34573.0,5.8
19627,Streamer_18627,Arte,37869.0,2.8
14858,Streamer_13858,Gaming,20497.0,9.1
4593,Streamer_3593,Gaming,2654.0,2.9
6246,Streamer_5246,Gaming,30388.0,6.7
5392,Streamer_4392,Just Chatting,25333.0,10.0
2466,Streamer_1466,Gaming,21248.0,6.6
17005,Streamer_16005,Esports,49262.0,11.6
4303,Streamer_3303,Esports,33838.0,9.1
17604,Streamer_16604,Musica,11566.0,5.9
1929,Streamer_929,Gaming,27951.0,8.8
16631,Streamer_15631,Gaming,34955.0,10.2
11899,Streamer_10899,Musica,1654.0,3.6
2981,Streamer_1981,Musica,16263.0,3.4
19894,Streamer_18894,Esports,35556.0,5.2
5714,Streamer_4714,Musica,37873.0,7.9
10565,Streamer_9565,Esports,39929.0,10.0
18823,Streamer_17823,Esports,46837.0,5.9
12008,Streamer_11008,Gaming,35399.0,5.6
14166,Streamer_13166,Gaming,17982.0,5.0
3940,Streamer_2940,Gaming,33175.0,7.7
9552,Streamer_8552,Esports,35671.0,1.5
15760,Streamer_14760,Musica,11313.0,3.5
3007,Streamer_2007,Arte,43596.0,2.4
10787,Streamer_9787,Esports,48871.0,4.1
16640,Streamer_15640,Just Chatting,20281.0,5.5
14318,Streamer_13318,Just Chatting,35162.0,9.8
9495,Streamer_8495,Esports,22022.0,11.6
14210,Streamer_13210,Gaming,40514.0,7.8
14159,Streamer_13159,Arte,26853.0,11.5
9177,Streamer_8177,Just Chatting,29189.0,11.1
18422,Streamer_17422,Just Chatting,34032.0,5.9
19858,Streamer_18858,Musica,40403.0,2.6
19857,Streamer_18857,Gaming,32378.0,9.0
17458,Streamer_16458,Musica,3659.0,7.9
3414,Streamer_2414,Arte,9579.0,1.2
14349,Streamer_13349,Just Chatting,30342.0,5.6
8695,Streamer_7695,Arte,36614.0,10.4
12754,Streamer_11754,Musica,23848.0,11.7
9764,Streamer_8764,Gaming,29952.0,10.8
10277,Streamer_9277,Gaming,37504.0,9.9
11424,Streamer_10424,Musica,27126.0,10.2
10310,Streamer_9310,Gaming,16334.0,5.8
3254,Streamer_2254,Musica,7138.0,1.0
19884,Streamer_18884,Just Chatting,17702.0,1.4
14575,Streamer_13575,Just Chatting,8637.0,11.1
11738,Streamer_10738,Arte,26544.0,1.4
14628,Streamer_13628,Just Chatting,25957.0,3.0
16833,Streamer_15833,Just Chatting,22621.0,7.8
16507,Streamer_15507,Arte,25977.0,12.0
2996,Streamer_1996,Esports,36739.0,7.3
11463,Streamer_10463,Musica,11956.0,5.6
13593,Streamer_12593,,48323.0,6.6
17469,Streamer_16469,Esports,2144.0,11.7
14757,Streamer_13757,Musica,5554.0,9.0
2312,Streamer_1312,Musica,31353.0,3.7
1580,Streamer_580,Arte,42097.0,3.6
11366,Streamer_10366,Musica,47152.0,3.3
16361,Streamer_15361,Musica,42926.0,3.5
3840,Streamer_2840,Just Chatting,18990.0,8.2
16058,Streamer_15058,Esports,10812.0,10.0
7361,Streamer_6361,Gaming,7157.0,4.4
8590,Streamer_7590,Esports,22921.0,8.0
3643,Streamer_2643,Just Chatting,27172.0,10.3
2954,Streamer_1954,Musica,28886.0,9.6
11526,Streamer_10526,Just Chatting,25595.0,11.1
12995,Streamer_11995,Gaming,9642.0,4.8
15835,Streamer_14835,Musica,4651.0,10.9
5880,Streamer_4880,Musica,8507.0,4.2
14810,Streamer_13810,Esports,36366.0,11.8
11635,Streamer_10635,Esports,13953.0,1.1
6765,Streamer_5765,Musica,31746.0,4.2
7709,Streamer_6709,Arte,21580.0,10.2
14489,Streamer_13489,Just Chatting,22376.0,6.0
17203,Streamer_16203,Esports,4665.0,1.5
15785,Streamer_14785,Just Chatting,37571.0,7.1
4071,Streamer_3071,Musica,6107.0,8.5
13753,Streamer_12753,Musica,33893.0,4.9
15058,Streamer_14058,Musica,35804.0,6.4
19578,Streamer_18578,Gaming,22834.0,7.2
11201,Streamer_10201,Arte,36765.0,1.9
12188,Streamer_11188,Arte,5951.0,3.2
7509,Streamer_6509,Arte,22219.0,8.4
13316,Streamer_12316,Musica,48337.0,3.8
1775,Streamer_775,Musica,5047.0,1.9
5068,Streamer_4068,Esports,13921.0,2.7
2878,Streamer_1878,Musica,22275.0,10.6
13772,Streamer_12772,Musica,35181.0,7.7
6532,Streamer_5532,Esports,13732.0,9.8
15310,Streamer_14310,Gaming,18079.0,6.4
13745,Streamer_12745,Esports,22762.0,1.6
7050,Streamer_6050,Arte,24682.0,8.4
17201,Streamer_16201,Esports,7811.0,8.7
17664,Streamer_16664,Musica,16756.0,4.7
15421,Streamer_14421,Gaming,26833.0,9.1
19143,Streamer_18143,Musica,46376.0,1.0
1033,Streamer_33,Just Chatting,42287.0,7.1
14302,Streamer_13302,Esports,13147.0,8.4
5604,Streamer_4604,Just Chatting,28303.0,10.9
12486,Streamer_11486,Just Chatting,10914.0,9.4
3988,Streamer_2988,Just Chatting,42887.0,3.9
3666,Streamer_2666,Esports,30493.0,11.6
9624,Streamer_8624,Musica,29951.0,11.3
10724,Streamer_9724,Arte,17134.0,2.1
16695,Streamer_15695,Musica,32291.0,10.0
20234,Streamer_19234,Just Chatting,48851.0,3.8
14674,Streamer_13674,Musica,42313.0,7.8
14874,Streamer_13874,Just Chatting,24058.0,7.7
17623,Streamer_16623,Arte,23078.0,1.2
19907,Streamer_18907,Just Chatting,16889.0,1.7
6533,Streamer_5533,Musica,45565.0,2.2
1977,Streamer_977,Esports,32168.0,3.4
9262,Streamer_8262,Esports,2852.0,5.7
19317,Streamer_18317,Musica,,5.8
20114,Streamer_19114,Esports,21592.0,1.1
5213,Streamer_4213,Just Chatting,7579.0,5.8
14171,Streamer_13171,Esports,15709.0,10.7
15024,Streamer_14024,Arte,45135.0,9.9
18390,Streamer_17390,Arte,24420.0,5.1
17621,Streamer_16621,Just Chatting,43963.0,9.6
18581,Streamer_17581,Arte,27854.0,10.7
20833,Streamer_19833,Musica,14456.0,9.5
9465,Streamer_8465,Musica,2421.0,7.9
11089,Streamer_10089,Just Chatting,1989.0,1.0
6250,Streamer_5250,Gaming,39261.0,10.6
12660,Streamer_11660,Arte,36785.0,2.3
10991,Streamer_9991,Just Chatting,31246.0,5.2
2665,Streamer_1665,Arte,13428.0,9.2
16658,Streamer_15658,Gaming,2786.0,9.8
18372,Streamer_17372,Gaming,15049.0,10.8
17081,Streamer_16081,Gaming,43545.0,10.1
3681,Streamer_2681,Arte,44824.0,11.0
12863,Streamer_11863,Musica,35080.0,11.6
9263,Streamer_8263,Esports,28423.0,10.3
8571,Streamer_7571,Just Chatting,36534.0,7.8
10427,Streamer_9427,Just Chatting,1652.0,4.6
11605,Streamer_10605,Just Chatting,12064.0,8.7
12782,Streamer_11782,Musica,17653.0,7.9
17806,Streamer_16806,Musica,45450.0,7.3
2678,Streamer_1678,Just Chatting,45480.0,6.5
18958,Streamer_17958,Esports,15918.0,4.5
19340,Streamer_18340,Gaming,6797.0,11.7
20147,Streamer_19147,Just Chatting,49048.0,1.5
3024,Streamer_2024,Gaming,23800.0,8.3
19790,Streamer_18790,Musica,36788.0,5.9
9055,Streamer_8055,Musica,4544.0,8.1
3892,Streamer_2892,Esports,8818.0,2.9
20581,Streamer_19581,Just Chatting,21024.0,7.6
14387,Streamer_13387,Arte,49668.0,6.9
12593,Streamer_11593,,728.0,3.5
7806,Streamer_6806,Musica,9832.0,1.1
9014,Streamer_8014,Just Chatting,18675.0,3.2
16576,Streamer_15576,Just Chatting,39034.0,2.4
10103,Streamer_9103,Arte,31893.0,3.4
11898,Streamer_10898,Arte,10227.0,4.8
17693,Streamer_16693,Just Chatting,14061.0,11.7
17893,Streamer_16893,Musica,14491.0,11.6
9848,Streamer_8848,Arte,35019.0,8.5
3003,Streamer_2003,Musica,46577.0,5.7
20730,Streamer_19730,Arte,16654.0,4.8
4772,Streamer_3772,Arte,17072.0,4.3
3372,Streamer_2372,Just Chatting,36314.0,8.1
6334,Streamer_5334,Esports,12568.0,4.4
18462,Streamer_17462,Just Chatting,42987.0,3.6
16675,Streamer_15675,Gaming,47163.0,4.5
7326,Streamer_6326,Just Chatting,45018.0,2.7
16515,Streamer_15515,Esports,33319.0,10.5
7393,Streamer_6393,Musica,35883.0,8.9
11628,Streamer_10628,Esports,12234.0,1.9
4205,Streamer_3205,Musica,26108.0,3.7
9152,Streamer_8152,Arte,21771.0,1.8
3704,Streamer_2704,Just Chatting,35443.0,11.5
5199,Streamer_4199,Musica,27975.0,5.9
9148,Streamer_8148,Just Chatting,25277.0,10.4
18714,Streamer_17714,Arte,27589.0,8.1
5510,Streamer_4510,Arte,39630.0,4.8
10453,Streamer_9453,Esports,45003.0,9.2
12611,Streamer_11611,Gaming,1965.0,4.0
4832,Streamer_3832,Arte,9545.0,8.7
9467,Streamer_8467,Arte,15718.0,7.4
11170,Streamer_10170,Arte,45828.0,1.7
5638,Streamer_4638,Arte,39927.0,1.5
8380,Streamer_7380,Gaming,7160.0,7.0
15856,Streamer_14856,Musica,49517.0,3.5
3507,Streamer_2507,Musica,26431.0,3.4
15624,Streamer_14624,Gaming,34616.0,3.5
8472,Streamer_7472,Esports,48990.0,8.7
1266,Streamer_266,Arte,21056.0,9.4
17821,Streamer_16821,Just Chatting,18477.0,7.2
16189,Streamer_15189,Gaming,23513.0,6.2
10900,Streamer_9900,Just Chatting,24253.0,11.0
20138,Streamer_19138,Musica,37968.0,5.8
9616,Streamer_8616,Esports,30044.0,5.5
16778,Streamer_15778,Just Chatting,48543.0,2.5
6660,Streamer_5660,Musica,289.0,5.6
9995,Streamer_8995,Arte,1934.0,3.0
10419,Streamer_9419,Esports,33242.0,8.6
9838,Streamer_8838,Esports,36845.0,10.1
3332,Streamer_2332,Arte,25297.0,3.6
12454,Streamer_11454,Arte,45164.0,10.5
11510,Streamer_10510,Just Chatting,21109.0,1.5
11997,Streamer_10997,Musica,48915.0,8.2
19511,Streamer_18511,Musica,27706.0,4.1
4518,Streamer_3518,Gaming,39801.0,2.6
1674,Streamer_674,Esports,33668.0,7.5
16218,Streamer_15218,Musica,45719.0,9.5
17825,Streamer_16825,Just Chatting,40393.0,9.7
17813,Streamer_16813,Esports,32088.0,6.6
14054,Streamer_13054,Esports,23562.0,6.0
1835,Streamer_835,Just Chatting,531.0,5.9
17158,Streamer_16158,Esports,40529.0,6.0
17977,Streamer_16977,Gaming,34561.0,8.0
12761,Streamer_11761,Esports,1818.0,3.3
16275,Streamer_15275,Esports,40668.0,9.9
13043,Streamer_12043,Musica,7049.0,1.2
8387,Streamer_7387,Gaming,9318.0,9.7
8104,Streamer_7104,Gaming,17593.0,5.2
3101,Streamer_2101,Just Chatting,28650.0,9.2
18453,Streamer_17453,Esports,48054.0,11.1
19550,Streamer_18550,Musica,31776.0,3.3
14673,Streamer_13673,Esports,32806.0,5.0
3239,Streamer_2239,Just Chatting,33307.0,9.5
1262,Streamer_262,Gaming,19133.0,7.6
19948,Streamer_18948,Just Chatting,45147.0,1.6
17029,Streamer_16029,Musica,18325.0,1.7
3116,Streamer_2116,Musica,410.0,3.2
4611,Streamer_3611,Just Chatting,14205.0,1.6
2612,Streamer_1612,Musica,19559.0,11.3
11816,Streamer_10816,Just Chatting,801.0,5.6
4458,Streamer_3458,Musica,29021.0,7.4
13876,Streamer_12876,Esports,30955.0,9.7
5760,Streamer_4760,Gaming,48930.0,9.6
16272,Streamer_15272,Just Chatting,19100.0,6.9
8086,Streamer_7086,Gaming,38938.0,8.0
18445,Streamer_17445,Arte,40235.0,1.5
18822,Streamer_17822,Esports,22113.0,1.0
18402,Streamer_17402,Arte,49056.0,11.2
9796,Streamer_8796,Just Chatting,6007.0,3.0
11482,Streamer_10482,Gaming,25035.0,5.2
6498,Streamer_5498,Esports,32572.0,5.9
2194,Streamer_1194,Musica,41759.0,9.5
3355,Streamer_2355,Esports,17814.0,4.7
14042,Streamer_13042,Musica,26878.0,4.3
16951,Streamer_15951,Esports,,8.8
6385,Streamer_5385,Arte,280.0,8.2
3599,Streamer_2599,Arte,45625.0,7.5
14649,Streamer_13649,Esports,13316.0,1.2
6427,Streamer_5427,Musica,38981.0,10.1
20360,Streamer_19360,Gaming,5555.0,4.3
9607,Streamer_8607,Gaming,25673.0,5.1
18012,Streamer_17012,,36209.0,6.2
3166,Streamer_2166,Esports,32859.0,7.4
20202,Streamer_19202,Esports,8082.0,9.7
4105,Streamer_3105,Arte,47966.0,6.4
19442,Streamer_18442,Esports,41558.0,1.9
17758,Streamer_16758,Esports,31777.0,4.1
1347,Streamer_347,Gaming,49176.0,10.2
20403,Streamer_19403,Gaming,45153.0,6.7
2636,Streamer_1636,Musica,44615.0,4.1
14071,Streamer_13071,Gaming,28911.0,6.8
2172,Streamer_1172,Esports,44097.0,4.9
13400,Streamer_12400,Musica,22530.0,8.4
16674,Streamer_15674,Arte,8263.0,5.5
17598,Streamer_16598,Gaming,14152.0,11.4
3479,Streamer_2479,Esports,21446.0,11.3
8631,Streamer_7631,Gaming,30224.0,9.5
11108,Streamer_10108,Gaming,12862.0,9.4
2426,Streamer_1426,Musica,45823.0,11.3
12762,Streamer_11762,Just Chatting,19435.0,9.8
17249,Streamer_16249,Esports,34061.0,11.7
20259,Streamer_19259,,21970.0,5.5
3187,Streamer_2187,Gaming,14422.0,1.0
6157,Streamer_5157,Musica,40025.0,6.0
10451,Streamer_9451,Esports,4015.0,7.2
18326,Streamer_17326,Just Chatting,48264.0,6.9
20573,Streamer_19573,Just Chatting,20760.0,8.2
19830,Streamer_18830,Just Chatting,11090.0,3.6
17775,Streamer_16775,Just Chatting,4592.0,1.3
19534,Streamer_18534,Musica,36706.0,4.1
10367,Streamer_9367,Gaming,27557.0,6.9
4884,Streamer_3884,Arte,9768.0,10.0
14293,Streamer_13293,Gaming,14335.0,7.7
6971,Streamer_5971,Esports,45820.0,5.5
15529,Streamer_14529,Gaming,32008.0,2.4
20598,Streamer_19598,Musica,31007.0,8.6
18097,Streamer_17097,Arte,3618.0,3.2
1828,Streamer_828,Just Chatting,45857.0,9.8
15771,Streamer_14771,Esports,9065.0,11.5
5513,Streamer_4513,Gaming,37902.0,11.3
12991,Streamer_11991,Musica,16720.0,10.7
9729,Streamer_8729,Musica,22101.0,5.8
17459,Streamer_16459,Esports,20318.0,6.8
9807,Streamer_8807,Esports,7064.0,7.5
17161,Streamer_16161,Esports,31116.0,8.4
16193,Streamer_15193,Musica,25335.0,7.3
2709,Streamer_1709,Just Chatting,21045.0,9.6
19004,Streamer_18004,Arte,1114.0,11.6
14312,Streamer_13312,Gaming,22918.0,2.7
20693,Streamer_19693,Esports,38666.0,2.7
18366,Streamer_17366,Arte,1481.0,3.5
7301,Streamer_6301,Musica,27813.0,5.8
10411,Streamer_9411,Esports,38358.0,3.6
2214,Streamer_1214,Musica,45861.0,1.1
11720,Streamer_10720,Musica,22205.0,7.4
1578,Streamer_578,Esports,37375.0,11.9
14427,Streamer_13427,Musica,14135.0,10.0
12800,Streamer_11800,Esports,12917.0,1.7
20637,Streamer_19637,Gaming,34343.0,9.5
5942,Streamer_4942,Gaming,45877.0,9.2
20151,Streamer_19151,Musica,33923.0,10.1
8361,Streamer_7361,,43868.0,3.2
5560,Streamer_4560,Gaming,41571.0,2.7
18313,Streamer_17313,Gaming,45043.0,9.3
4957,Streamer_3957,Esports,4297.0,11.4
4403,Streamer_3403,Gaming,15923.0,6.2
11409,Streamer_10409,Gaming,,2.1
12174,Streamer_11174,Musica,35678.0,5.6
8100,Streamer_7100,Musica,17622.0,7.4
11287,Streamer_10287,Just Chatting,13100.0,10.5
5037,Streamer_4037,Musica,30835.0,10.0
4282,Streamer_3282,Musica,13591.0,3.8
4561,Streamer_3561,Esports,43786.0,7.4
15903,Streamer_14903,Just Chatting,30100.0,3.1
13846,Streamer_12846,Gaming,9138.0,10.2
4841,Streamer_3841,Arte,43290.0,3.6
12873,Streamer_11873,Musica,18013.0,11.1
7880,Streamer_6880,Gaming,14725.0,11.0
14848,Streamer_13848,Esports,3947.0,1.1
5720,Streamer_4720,Musica,26779.0,1.7
5443,Streamer_4443,Arte,22386.0,1.6
1882,Streamer_882,Gaming,4404.0,4.1
19086,Streamer_18086,Esports,43709.0,5.7
15248,Streamer_14248,Musica,44910.0,10.1
18444,Streamer_17444,,34016.0,11.3
14735,Streamer_13735,Gaming,17843.0,9.3
10172,Streamer_9172,Musica,45649.0,4.4
2960,Streamer_1960,Musica,363.0,5.3
4233,Streamer_3233,Esports,1546.0,5.0
20210,Streamer_19210,Just Chatting,40411.0,7.9
16940,Streamer_15940,Musica,29075.0,3.5
7548,Streamer_6548,Musica,11384.0,11.7
3543,Streamer_2543,Gaming,,4.8
19207,Streamer_18207,Gaming,8978.0,7.2
17569,Streamer_16569,Arte,12466.0,6.1
19917,Streamer_18917,Arte,19657.0,11.7
10491,Streamer_9491,Gaming,20016.0,11.8
17323,Streamer_16323,Musica,13045.0,9.5
7331,Streamer_6331,Esports,21446.0,7.9
2818,Streamer_1818,Esports,27165.0,4.2
1224,Streamer_224,Just Chatting,16326.0,11.7
4779,Streamer_3779,Gaming,3814.0,1.3
13980,Streamer_12980,Arte,28195.0,4.5
18711,Streamer_17711,Musica,17198.0,4.5
13890,Streamer_12890,Arte,35169.0,4.2
1511,Streamer_511,Arte,38798.0,10.5
9186,Streamer_8186,,43862.0,10.6
12653,Streamer_11653,Just Chatting,36356.0,4.0
12614,Streamer_11614,Musica,1818.0,11.4
10044,Streamer_9044,Gaming,26113.0,4.1
8834,Streamer_7834,Just Chatting,3284.0,4.7
7462,Streamer_6462,,12325.0,11.7
18231,Streamer_17231,Gaming,21746.0,11.8
2205,Streamer_1205,Musica,21163.0,6.5
11163,Streamer_10163,Arte,19857.0,5.3
10266,Streamer_9266,Musica,45693.0,5.0
6431,Streamer_5431,Just Chatting,21368.0,12.0
15719,Streamer_14719,Gaming,22660.0,6.6
1799,Streamer_799,Arte,3249.0,7.6
10664,Streamer_9664,Just Chatting,37374.0,2.6
19656,Streamer_18656,Gaming,34476.0,4.9
8752,,Musica,4676.0,2.5
11082,Streamer_10082,Gaming,33165.0,3.4
5758,Streamer_4758,Gaming,11595.0,8.3
12471,Streamer_11471,Gaming,18998.0,4.0
18565,Streamer_17565,Esports,49766.0,6.4
13710,Streamer_12710,Esports,12830.0,10.6
3443,Streamer_2443,Musica,48363.0,1.6
20801,Streamer_19801,Esports,27033.0,1.4
16021,Streamer_15021,Esports,30172.0,10.0
8791,Streamer_7791,Arte,41997.0,6.4
2431,Streamer_1431,Musica,14739.0,10.5
10436,Streamer_9436,Musica,35137.0,4.4
2777,Streamer_1777,Just Chatting,46500.0,11.9
20796,Streamer_19796,Gaming,19681.0,10.9
16281,Streamer_15281,Musica,14660.0,9.0
8560,Streamer_7560,Gaming,30523.0,9.6
7604,Streamer_6604,Musica,21639.0,10.5
16827,Streamer_15827,Gaming,30165.0,5.9
3043,Streamer_2043,Musica,15780.0,5.1
4484,Streamer_3484,Just Chatting,48198.0,10.8
6613,Streamer_5613,Just Chatting,25307.0,3.9
16400,Streamer_15400,Just Chatting,27177.0,7.7
9867,Streamer_8867,,28686.0,3.9
17215,Streamer_16215,Just Chatting,23471.0,3.3
12495,Streamer_11495,Musica,9784.0,11.0
6253,Streamer_5253,Esports,31323.0,4.0
5533,Streamer_4533,Musica,22311.0,7.2
3212,Streamer_2212,Esports,20642.0,10.1
11674,Streamer_10674,Just Chatting,21255.0,7.6
2840,Streamer_1840,Esports,42354.0,5.8
9629,Streamer_8629,Gaming,3292.0,1.5
19724,Streamer_18724,Arte,38406.0,3.0
9536,Streamer_8536,,47902.0,5.4
9278,Streamer_8278,Musica,18088.0,4.4
16408,Streamer_15408,Esports,41443.0,3.5
3592,Streamer_2592,Arte,41508.0,6.5
7218,Streamer_6218,Esports,40091.0,11.1
14560,Streamer_13560,Esports,12900.0,2.6
12369,Streamer_11369,Esports,47075.0,10.5
6706,Streamer_5706,Esports,37202.0,8.7
15234,Streamer_14234,Gaming,6403.0,1.7
7597,Streamer_6597,Musica,17647.0,9.5
8844,Streamer_7844,Musica,28334.0,2.1
11146,Streamer_10146,Esports,34955.0,8.0
13664,Streamer_12664,Esports,32446.0,4.8
16077,Streamer_15077,Musica,40946.0,4.0
1871,Streamer_871,Esports,5753.0,2.2
3763,Streamer_2763,Just Chatting,18742.0,2.2
20160,Streamer_19160,Musica,9987.0,1.3
18017,Streamer_17017,Esports,12161.0,3.8
15411,Streamer_14411,Just Chatting,42982.0,9.9
6541,Streamer_5541,,24958.0,7.1
20643,Streamer_19643,Esports,41670.0,2.0
1267,Streamer_267,Musica,28873.0,10.0
19926,Streamer_18926,Musica,18397.0,9.2
18057,Streamer_17057,Arte,27458.0,8.1
13224,Streamer_12224,Esports,33340.0,6.5
18682,Streamer_17682,Musica,359.0,10.2
4764,Streamer_3764,Esports,9595.0,9.8
15258,Streamer_14258,Arte,46276.0,10.8
4765,Streamer_3765,Arte,44426.0,9.2
17886,Streamer_16886,Just Chatting,6332.0,2.4
19019,Streamer_18019,Esports,37910.0,11.1
17150,Streamer_16150,Esports,32820.0,8.1
15487,Streamer_14487,Musica,34114.0,1.4
18133,Streamer_17133,Gaming,6412.0,9.1
7902,Streamer_6902,Musica,20848.0,1.7
7256,Streamer_6256,Just Chatting,31226.0,6.4
16158,Streamer_15158,Musica,30584.0,2.7
12150,Streamer_11150,Esports,24854.0,5.4
1018,Streamer_18,Gaming,22748.0,1.3
17957,Streamer_16957,Musica,2316.0,9.5
2604,Streamer_1604,Esports,11403.0,2.1
1421,Streamer_421,Gaming,12424.0,10.1
13736,Streamer_12736,Arte,43429.0,5.5
14863,Streamer_13863,Musica,33636.0,10.8
16375,Streamer_15375,Musica,24491.0,4.9
15055,Streamer_14055,Gaming,26875.0,7.0
11844,Streamer_10844,Musica,21235.0,4.9
19112,Streamer_18112,Just Chatting,26627.0,11.3
7756,Streamer_6756,Gaming,2449.0,3.4
2442,Streamer_1442,Musica,28420.0,3.3
19749,Streamer_18749,Arte,20369.0,1.5
19003,Streamer_18003,Gaming,47959.0,7.3
17126,Streamer_16126,Just Chatting,48494.0,3.8
3196,Streamer_2196,Musica,48489.0,6.4
14266,Streamer_13266,Arte,24898.0,3.5
1175,Streamer_175,Gaming,23729.0,11.4
1302,Streamer_302,Arte,30930.0,6.8
10276,Streamer_9276,,31432.0,1.7
15223,Streamer_14223,Gaming,12592.0,1.1
14684,Streamer_13684,Gaming,7980.0,7.0
6739,Streamer_5739,Esports,24190.0,11.0
16388,Streamer_15388,Gaming,35512.0,9.1
5702,Streamer_4702,Esports,20674.0,11.6
19093,Streamer_18093,Arte,,5.0
4989,Streamer_3989,Just Chatting,,3.9
11362,Streamer_10362,Just Chatting,16605.0,3.9
20096,Streamer_19096,Gaming,43399.0,5.4
17981,Streamer_16981,Gaming,16401.0,5.8
2789,Streamer_1789,Musica,3317.0,2.3
5104,Streamer_4104,Esports,32911.0,6.0
17222,Streamer_16222,Gaming,10992.0,10.1
10029,Streamer_9029,Gaming,12386.0,8.8
14301,Streamer_13301,Musica,49311.0,6.4
16125,Streamer_15125,Gaming,35549.0,3.5
14459,Streamer_13459,,19111.0,10.2
12783,Streamer_11783,Just Chatting,26193.0,6.3
20570,Streamer_19570,Just Chatting,42326.0,2.5
13480,Streamer_12480,Gaming,26.0,6.0
3558,Streamer_2558,Esports,18614.0,5.2
4183,Streamer_3183,,6860.0,5.7
20931,Streamer_19931,Gaming,19129.0,5.2
13954,Streamer_12954,Gaming,31320.0,5.2
11550,Streamer_10550,Musica,26106.0,5.1
7949,Streamer_6949,Gaming,1193.0,6.6
9615,Streamer_8615,Arte,608.0,11.1
19205,Streamer_18205,Esports,15743.0,7.7
9099,Streamer_8099,,18587.0,1.6
12730,Streamer_11730,Gaming,37920.0,7.9
7130,Streamer_6130,Musica,36303.0,2.7
12465,Streamer_11465,Arte,19956.0,6.9
9955,Streamer_8955,Esports,36515.0,3.7
12308,Streamer_11308,Just Chatting,45278.0,6.5
17798,Streamer_16798,Gaming,16656.0,9.6
20810,Streamer_19810,Gaming,30357.0,7.6
12360,Streamer_11360,Musica,18596.0,6.4
17032,Streamer_16032,Just Chatting,17856.0,2.6
5819,Streamer_4819,Gaming,6292.0,3.8
15153,Streamer_14153,Arte,7871.0,2.1
10734,Streamer_9734,Musica,3219.0,1.7
19587,Streamer_18587,,23097.0,6.3
19935,Streamer_18935,Esports,25071.0,8.3
7062,Streamer_6062,Arte,38287.0,5.7
12874,Streamer_11874,Musica,40682.0,7.0
8641,Streamer_7641,,44291.0,4.4
1986,Streamer_986,Arte,6631.0,5.1
16136,Streamer_15136,Esports,22008.0,2.4
12068,Streamer_11068,Gaming,26793.0,7.2
6295,Streamer_5295,Arte,30078.0,10.5
12825,Streamer_11825,Gaming,33908.0,5.9
20509,Streamer_19509,Arte,25851.0,6.7
10628,Streamer_9628,,39481.0,8.9
10095,Streamer_9095,Gaming,20968.0,7.1
18448,Streamer_17448,Musica,5684.0,2.1
20814,Streamer_19814,Esports,28023.0,7.1
16942,Streamer_15942,Gaming,31957.0,7.8
10320,Streamer_9320,Just Chatting,21511.0,2.3
11154,Streamer_10154,Arte,27902.0,7.9
15665,Streamer_14665,Gaming,,2.4
6296,Streamer_5296,Gaming,18617.0,5.7
12936,Streamer_11936,Esports,7882.0,5.4
19180,Streamer_18180,Esports,25280.0,7.4
17465,Streamer_16465,Musica,31427.0,7.0
17914,Streamer_16914,Musica,47978.0,4.7
8077,Streamer_7077,Arte,42316.0,7.1
20235,Streamer_19235,Esports,2738.0,10.1
15713,Streamer_14713,Arte,16010.0,10.5
7224,Streamer_6224,Esports,1102.0,7.6
11025,Streamer_10025,Arte,20342.0,3.8
16965,Streamer_15965,Arte,22639.0,11.0
3193,Streamer_2193,Gaming,1599.0,8.5
17143,Streamer_16143,,29768.0,7.9
19655,Streamer_18655,Arte,2081.0,6.2
11945,Streamer_10945,Just Chatting,18002.0,5.2
1226,Streamer_226,Gaming,21093.0,8.6
10376,Streamer_9376,Musica,46016.0,10.3
6856,Streamer_5856,Gaming,921.0,5.1
12842,Streamer_11842,Arte,7886.0,3.8
8109,Streamer_7109,Esports,10243.0,2.6
19013,Streamer_18013,Just Chatting,19269.0,2.3
16726,Streamer_15726,Musica,43550.0,8.1
7079,Streamer_6079,Just Chatting,14222.0,1.5
7639,Streamer_6639,Musica,43708.0,9.5
3240,Streamer_2240,Just Chatting,27697.0,2.6
15613,Streamer_14613,Musica,46862.0,1.6
3676,Streamer_2676,Arte,39033.0,1.6
2130,Streamer_1130,Arte,14397.0,4.1
8212,Streamer_7212,Just Chatting,18008.0,4.0
7046,Streamer_6046,Arte,9416.0,8.2
8918,Streamer_7918,Musica,8905.0,6.2
20542,Streamer_19542,Gaming,28864.0,11.8
6595,Streamer_5595,Arte,4912.0,8.9
12169,Streamer_11169,Musica,16596.0,7.6
8115,Streamer_7115,Esports,3113.0,4.4
14960,Streamer_13960,Arte,3840.0,1.4
3512,Streamer_2512,Musica,1952.0,6.0
15610,Streamer_14610,Musica,22625.0,9.7
6925,Streamer_5925,Arte,38224.0,9.9
7286,Streamer_6286,Arte,37408.0,11.3
11775,Streamer_10775,Esports,5802.0,2.0
11056,Streamer_10056,Esports,2126.0,5.1
14650,Streamer_13650,Arte,34555.0,10.7
4002,Streamer_3002,Esports,3148.0,5.0
9107,Streamer_8107,Arte,15558.0,8.9
17310,Streamer_16310,Just Chatting,6781.0,9.7
17795,Streamer_16795,Arte,44017.0,4.5
20317,Streamer_19317,Musica,13202.0,9.1
4284,Streamer_3284,Musica,4572.0,4.9
13235,Streamer_12235,Gaming,32120.0,9.5
3051,Streamer_2051,Esports,37925.0,7.2
16161,Streamer_15161,Musica,4104.0,3.3
20897,Streamer_19897,Musica,1419.0,5.2
18900,Streamer_17900,Arte,21594.0,1.1
19593,Streamer_18593,Arte,43747.0,7.5
3877,Streamer_2877,Just Chatting,49921.0,2.4
1566,Streamer_566,Just Chatting,41723.0,8.2
10305,Streamer_9305,Musica,41778.0,11.5
8879,Streamer_7879,Esports,13315.0,7.4
1510,Streamer_510,Gaming,39345.0,6.5
17301,Streamer_16301,Arte,27172.0,2.2
9559,Streamer_8559,Esports,32641.0,9.3
17638,Streamer_16638,Musica,23932.0,10.4
4556,Streamer_3556,Gaming,37769.0,8.8
20701,Streamer_19701,Arte,15217.0,9.0
13676,Streamer_12676,Gaming,47557.0,3.9
15238,Streamer_14238,Just Chatting,36336.0,2.1
15444,Streamer_14444,Just Chatting,15671.0,10.3
9436,Streamer_8436,Musica,28613.0,7.5
14785,Streamer_13785,Esports,42555.0,6.4
17652,Streamer_16652,Just Chatting,8886.0,6.2
7513,Streamer_6513,Arte,19789.0,8.5
16782,Streamer_15782,Just Chatting,36070.0,5.9
1026,Streamer_26,Musica,12868.0,1.7
3478,Streamer_2478,Esports,9203.0,11.0
9428,Streamer_8428,Esports,41304.0,4.9
6648,Streamer_5648,Just Chatting,18036.0,7.2
4631,Streamer_3631,Arte,5488.0,9.1
7888,Streamer_6888,Arte,36010.0,2.7
1218,Streamer_218,Musica,38733.0,2.8
15645,Streamer_14645,Just Chatting,7685.0,3.7
18877,Streamer_17877,Musica,661.0,7.1
2942,Streamer_1942,Musica,10537.0,3.6
7745,Streamer_6745,Arte,40936.0,6.1
5400,Streamer_4400,,41384.0,9.2
11339,Streamer_10339,Esports,16009.0,9.3
17174,Streamer_16174,Esports,16445.0,5.6
16745,Streamer_15745,Esports,33541.0,9.2
14753,Streamer_13753,Gaming,17199.0,10.1
4881,Streamer_3881,Esports,42343.0,2.9
9789,Streamer_8789,Gaming,41675.0,4.0
9992,Streamer_8992,Musica,28147.0,5.7
17444,Streamer_16444,Musica,47847.0,7.6
14697,Streamer_13697,Gaming,37397.0,5.6
1276,Streamer_276,Arte,28874.0,8.7
10450,Streamer_9450,Esports,48378.0,5.9
4375,Streamer_3375,Arte,41049.0,7.7
19966,Streamer_18966,Just Chatting,49205.0,1.0
3121,Streamer_2121,Esports,8539.0,3.6
5954,Streamer_4954,Just Chatting,40987.0,2.6
11902,Streamer_10902,Arte,47944.0,11.0
8757,Streamer_7757,Just Chatting,7973.0,5.8
15046,Streamer_14046,Just Chatting,26059.0,7.2
8896,Streamer_7896,Musica,20247.0,5.4
7850,Streamer_6850,Musica,10777.0,5.1
19614,Streamer_18614,Just Chatting,38635.0,5.2
18977,Streamer_17977,Esports,163.0,6.8
8381,Streamer_7381,Just Chatting,4996.0,3.8
6446,Streamer_5446,Gaming,33467.0,10.6
8108,Streamer_7108,Arte,3289.0,9.7
5169,Streamer_4169,Esports,23933.0,4.8
1233,Streamer_233,Gaming,26909.0,4.5
2087,Streamer_1087,Gaming,42866.0,1.7
13543,Streamer_12543,Esports,21195.0,4.4
9259,Streamer_8259,Just Chatting,21590.0,5.6
10008,Streamer_9008,Musica,24567.0,9.7
12831,Streamer_11831,Gaming,474.0,5.7
12208,Streamer_11208,Gaming,13840.0,2.1
10091,Streamer_9091,Musica,20436.0,7.7
3020,Streamer_2020,Arte,48972.0,9.8
1716,Streamer_716,Gaming,,2.3
7123,Streamer_6123,Just Chatting,40606.0,9.9
16105,Streamer_15105,Just Chatting,43159.0,2.2
14310,Streamer_13310,Musica,316.0,5.2
9421,Streamer_8421,Musica,35375.0,5.2
14307,Streamer_13307,Gaming,37866.0,11.5
3256,Streamer_2256,Musica,10881.0,6.7
18288,Streamer_17288,Esports,39693.0,4.0
7034,Streamer_6034,Musica,36921.0,6.9
16235,Streamer_15235,Esports,30734.0,9.6
14322,Streamer_13322,Just Chatting,42078.0,3.0
3775,Streamer_2775,Arte,6089.0,11.6
14315,Streamer_13315,Esports,27308.0,5.9
17823,Streamer_16823,Arte,33614.0,11.2
19161,Streamer_18161,Gaming,19494.0,11.4
14748,Streamer_13748,Musica,15411.0,9.6
7087,Streamer_6087,Arte,21793.0,2.1
10398,Streamer_9398,Arte,,3.7
15807,Streamer_14807,Gaming,1756.0,4.1
9725,Streamer_8725,Musica,2804.0,9.7
6491,Streamer_5491,Musica,24127.0,3.6
3547,Streamer_2547,Musica,41402.0,2.9
11365,Streamer_10365,Arte,2181.0,7.1
15237,Streamer_14237,Esports,7645.0,4.0
2310,Streamer_1310,Gaming,8157.0,2.5
2576,Streamer_1576,Esports,28946.0,1.1
11343,Streamer_10343,Gaming,22331.0,10.0
11152,Streamer_10152,Musica,35319.0,5.5
14440,Streamer_13440,Just Chatting,5579.0,6.3
19596,Streamer_18596,Gaming,32925.0,1.1
2694,Streamer_1694,Just Chatting,43024.0,7.3
14382,Streamer_13382,Musica,33269.0,5.7
7715,Streamer_6715,Just Chatting,34672.0,10.4
6068,Streamer_5068,Esports,21310.0,4.8
11435,,Musica,11033.0,7.1
8676,Streamer_7676,Arte,35387.0,1.5
2948,Streamer_1948,Just Chatting,42612.0,9.2
14444,Streamer_13444,Gaming,36885.0,3.0
20647,Streamer_19647,Esports,27567.0,1.3
18247,Streamer_17247,Musica,3847.0,2.6
9808,Streamer_8808,Gaming,18865.0,7.1
18275,Streamer_17275,Just Chatting,27612.0,11.2
15720,Streamer_14720,Gaming,17647.0,1.0
15019,Streamer_14019,Gaming,21391.0,3.8
9203,Streamer_8203,Musica,2638.0,2.2
5461,Streamer_4461,Musica,6498.0,2.1
20917,Streamer_19917,Gaming,,11.9
8765,Streamer_7765,Gaming,3510.0,2.1
12380,Streamer_11380,Esports,37213.0,7.7
19756,Streamer_18756,Musica,25105.0,10.7
13537,Streamer_12537,Just Chatting,12838.0,9.6
17231,Streamer_16231,Arte,41685.0,5.0
9422,Streamer_8422,Arte,17958.0,3.2
18875,Streamer_17875,Just Chatting,42055.0,7.6
8826,Streamer_7826,Esports,16151.0,5.5
11770,Streamer_10770,Just Chatting,15108.0,3.0
4196,Streamer_3196,Gaming,3970.0,1.1
8830,Streamer_7830,Arte,14634.0,2.4
8978,Streamer_7978,Just Chatting,46520.0,7.1
12263,Streamer_11263,Gaming,49785.0,9.6
4178,Streamer_3178,Arte,738.0,11.9
16253,Streamer_15253,Musica,24585.0,3.7
6786,Streamer_5786,Musica,27143.0,1.9
20955,Streamer_19955,Musica,31927.0,5.2
8326,Streamer_7326,Gaming,17734.0,10.7
4910,Streamer_3910,Just Chatting,20503.0,2.9
16219,Streamer_15219,Just Chatting,22397.0,9.2
8689,Streamer_7689,Arte,42561.0,11.6
15320,Streamer_14320,Arte,38505.0,5.0
3345,Streamer_2345,Gaming,17558.0,6.3
13941,Streamer_12941,Esports,49361.0,3.8
11422,Streamer_10422,Musica,32172.0,1.7
13828,Streamer_12828,Musica,45632.0,9.5
19241,Streamer_18241,Gaming,26089.0,7.1
5739,Streamer_4739,Gaming,42148.0,10.0
18557,Streamer_17557,Musica,2775.0,7.0
1949,Streamer_949,Esports,42754.0,3.9
8860,Streamer_7860,Arte,29810.0,10.8
4735,Streamer_3735,Musica,26863.0,7.2
5671,Streamer_4671,Esports,10215.0,10.5
16781,Streamer_15781,Just Chatting,3959.0,10.9
17434,Streamer_16434,Esports,9604.0,5.8
15970,Streamer_14970,Just Chatting,16808.0,5.7
20156,Streamer_19156,Arte,1848.0,10.9
18650,Streamer_17650,Esports,2425.0,3.2
10173,Streamer_9173,Arte,,8.6
20727,Streamer_19727,Gaming,43356.0,7.7
2028,Streamer_1028,Esports,33475.0,11.7
17555,Streamer_16555,Just Chatting,6798.0,3.9
12393,Streamer_11393,Esports,43715.0,7.1
3851,Streamer_2851,Arte,49795.0,10.8
9170,Streamer_8170,Esports,25989.0,11.9
12349,Streamer_11349,Gaming,8072.0,3.2
2086,Streamer_1086,Gaming,47843.0,5.2
11826,Streamer_10826,Gaming,37970.0,11.8
3318,,Gaming,4703.0,3.9
6194,Streamer_5194,Gaming,33566.0,3.7
2813,,Musica,9636.0,5.6
5570,Streamer_4570,Just Chatting,3102.0,9.8
1423,Streamer_423,Esports,14387.0,7.8
14880,Streamer_13880,Gaming,10151.0,2.4
7344,Streamer_6344,Arte,26674.0,3.4
18237,Streamer_17237,Gaming,33424.0,5.8
19719,Streamer_18719,Arte,48473.0,3.2
12014,Streamer_11014,Esports,30476.0,3.3
4992,Streamer_3992,Arte,36862.0,8.9
1843,Streamer_843,Just Chatting,22589.0,1.1
18078,Streamer_17078,Just Chatting,9941.0,3.2
13805,Streamer_12805,Gaming,28017.0,3.3
16009,Streamer_15009,Arte,36475.0,11.3
2180,Streamer_1180,Arte,47316.0,9.2
12789,Streamer_11789,,9250.0,11.3
2333,Streamer_1333,Gaming,45101.0,3.1
16252,Streamer_15252,Gaming,35968.0,3.7
6729,Streamer_5729,Esports,12991.0,1.3
15287,Streamer_14287,Musica,2445.0,10.2
3485,Streamer_2485,Gaming,24017.0,10.7
1058,Streamer_58,Esports,45508.0,4.0
7930,Streamer_6930,Esports,25797.0,10.5
18378,Streamer_17378,Gaming,3165.0,9.6
8596,Streamer_7596,Just Chatting,38109.0,2.3
5367,Streamer_4367,Musica,16711.0,11.4
15435,Streamer_14435,Musica,22913.0,7.7
15751,Streamer_14751,Gaming,49372.0,10.7
7575,Streamer_6575,Gaming,29012.0,5.4
10114,Streamer_9114,Musica,42317.0,10.6
1677,Streamer_677,Gaming,10183.0,5.9
16656,Streamer_15656,Musica,37761.0,1.2
16633,Streamer_15633,Just Chatting,11549.0,11.5
8038,Streamer_7038,Arte,21349.0,5.5
7160,Streamer_6160,Musica,44370.0,10.7
6828,Streamer_5828,Esports,19742.0,4.2
13565,Streamer_12565,Gaming,33982.0,7.0
8132,Streamer_7132,Gaming,27517.0,10.0
14026,Streamer_13026,Just Chatting,29584.0,2.2
4242,Streamer_3242,Esports,33564.0,5.7
6188,Streamer_5188,Gaming,38087.0,7.5
10267,Streamer_9267,Arte,36243.0,4.8
11134,Streamer_10134,Just Chatting,45272.0,9.6
18623,Streamer_17623,Esports,17565.0,5.6
19020,Streamer_18020,Arte,29226.0,2.3
11855,Streamer_10855,Esports,48444.0,7.5
14660,Streamer_13660,Gaming,9378.0,1.6
13103,Streamer_12103,Just Chatting,27510.0,5.7
4619,Streamer_3619,Gaming,30231.0,9.0
7281,Streamer_6281,Gaming,32372.0,6.3
5726,Streamer_4726,Just Chatting,16701.0,2.7
8847,Streamer_7847,Esports,25105.0,3.2
7618,Streamer_6618,Gaming,27011.0,1.0
10203,Streamer_9203,Musica,23155.0,3.9
1779,Streamer_779,Musica,15126.0,3.3
2321,Streamer_1321,Arte,33794.0,10.8
5651,Streamer_4651,Just Chatting,34698.0,6.1
8223,Streamer_7223,Just Chatting,48922.0,3.5
15740,Streamer_14740,Gaming,33924.0,3.1
13335,Streamer_12335,Arte,32119.0,6.6
7412,Streamer_6412,Arte,2791.0,11.4
19910,Streamer_18910,Musica,38331.0,3.6
20088,Streamer_19088,Musica,40872.0,1.5
20686,Streamer_19686,Arte,6759.0,10.7
15869,Streamer_14869,Gaming,43810.0,4.0
19104,Streamer_18104,Just Chatting,36319.0,11.1
3331,Streamer_2331,Just Chatting,11686.0,7.3
11451,Streamer_10451,Just Chatting,21341.0,4.0
3825,Streamer_2825,Musica,25452.0,1.0
8779,Streamer_7779,Esports,8301.0,6.8
2132,Streamer_1132,Gaming,1460.0,12.0
13253,Streamer_12253,Musica,22974.0,8.7
12443,Streamer_11443,Gaming,19096.0,8.3
14530,Streamer_13530,Musica,37964.0,11.6
17036,Streamer_16036,Just Chatting,15367.0,8.3
6590,Streamer_5590,Esports,22623.0,2.8
14404,Streamer_13404,Just Chatting,35711.0,1.8
1472,Streamer_472,Just Chatting,45177.0,6.8
16909,Streamer_15909,Gaming,12198.0,7.1
7102,Streamer_6102,Musica,46988.0,3.3
16711,Streamer_15711,Gaming,39299.0,2.2
15290,Streamer_14290,Gaming,13977.0,10.4
2867,Streamer_1867,Arte,37262.0,7.0
12827,Streamer_11827,Gaming,1186.0,9.6
18238,Streamer_17238,Esports,40086.0,5.0
9905,Streamer_8905,Just Chatting,13720.0,3.9
5990,Streamer_4990,Esports,26834.0,7.8
4895,Streamer_3895,Gaming,39903.0,7.2
15271,Streamer_14271,Gaming,19475.0,5.8
10782,Streamer_9782,Esports,34450.0,7.3
19913,Streamer_18913,Gaming,28921.0,8.7
18987,Streamer_17987,Musica,42167.0,9.8
8753,Streamer_7753,Gaming,10371.0,11.9
17596,Streamer_16596,Musica,38266.0,8.9
16926,Streamer_15926,Musica,4398.0,9.6
9934,Streamer_8934,Just Chatting,20580.0,2.1
1556,Streamer_556,Esports,33129.0,3.5
10240,Streamer_9240,Esports,6083.0,8.7
17428,Streamer_16428,Musica,8037.0,11.0
5267,Streamer_4267,Gaming,21796.0,6.3
2095,Streamer_1095,Esports,10157.0,11.8
13474,Streamer_12474,Musica,36048.0,9.7
11540,Streamer_10540,Esports,35982.0,1.8
5166,Streamer_4166,Just Chatting,12047.0,4.3
12826,Streamer_11826,Musica,14075.0,10.9
2639,Streamer_1639,Just Chatting,36663.0,11.3
15096,Streamer_14096,Musica,21259.0,8.7
15683,Streamer_14683,Just Chatting,29781.0,3.0
12946,Streamer_11946,Musica,48771.0,7.2
12034,Streamer_11034,Esports,34623.0,1.4
4084,Streamer_3084,Musica,26069.0,4.2
2905,Streamer_1905,Gaming,19752.0,8.5
1145,Streamer_145,Just Chatting,47820.0,1.2
5465,Streamer_4465,Musica,1069.0,5.0
18394,Streamer_17394,Esports,11416.0,1.7
17896,Streamer_16896,Musica,32090.0,7.9
11477,Streamer_10477,Arte,9627.0,8.5
2152,Streamer_1152,Musica,46610.0,11.9
6674,Streamer_5674,Musica,45386.0,11.3
5361,Streamer_4361,Arte,7724.0,3.8
12399,Streamer_11399,Musica,17096.0,2.5
8653,Streamer_7653,Arte,9233.0,8.9
5691,Streamer_4691,Esports,44858.0,5.5
11847,Streamer_10847,Gaming,16590.0,1.8
19268,Streamer_18268,,12016.0,6.3
5090,Streamer_4090,Arte,17513.0,6.2
13834,Streamer_12834,Musica,36749.0,7.0
19588,Streamer_18588,Gaming,22219.0,7.9
13032,Streamer_12032,Esports,6757.0,8.6
9325,Streamer_8325,Musica,38941.0,11.8
6009,Streamer_5009,Just Chatting,45823.0,10.4
18090,Streamer_17090,Arte,22133.0,9.6
11289,Streamer_10289,Just Chatting,12150.0,8.0
7908,Streamer_6908,Arte,6151.0,1.8
20913,Streamer_19913,Esports,31576.0,11.6
20738,Streamer_19738,Esports,10235.0,11.5
3271,Streamer_2271,Musica,17460.0,7.4
14463,Streamer_13463,Gaming,29452.0,11.5
3231,Streamer_2231,Just Chatting,36637.0,10.4
17680,Streamer_16680,Arte,11188.0,11.9
8825,Streamer_7825,Esports,47732.0,4.9
8817,Streamer_7817,Just Chatting,12702.0,9.3
2608,Streamer_1608,Musica,23080.0,2.6
16542,Streamer_15542,Musica,45184.0,8.4
18409,Streamer_17409,Esports,28852.0,8.2
6693,Streamer_5693,Just Chatting,16639.0,3.7
14028,Streamer_13028,Musica,6450.0,7.8
11509,Streamer_10509,Gaming,36457.0,6.8
6566,Streamer_5566,Gaming,32691.0,7.2
19169,Streamer_18169,Gaming,30608.0,4.7
15126,Streamer_14126,Just Chatting,49336.0,11.2
18773,Streamer_17773,Musica,20669.0,6.5
10968,Streamer_9968,Esports,17700.0,4.0
2733,Streamer_1733,Esports,8224.0,10.6
17848,Streamer_16848,Esports,10900.0,4.9
16350,Streamer_15350,Esports,35367.0,8.9
1122,Streamer_122,Esports,14891.0,4.2
15067,Streamer_14067,Just Chatting,18903.0,4.1
10618,Streamer_9618,Arte,46633.0,1.4
20552,Streamer_19552,Just Chatting,35607.0,7.3
6670,Streamer_5670,Gaming,14181.0,5.7
5288,Streamer_4288,Esports,29722.0,12.0
2831,Streamer_1831,Musica,45672.0,7.4
7672,Streamer_6672,Gaming,10596.0,11.7
9900,Streamer_8900,Just Chatting,5331.0,4.6
19812,Streamer_18812,Gaming,7856.0,7.3
9777,Streamer_8777,Esports,9094.0,2.6
10110,Streamer_9110,Gaming,12136.0,2.4
12460,Streamer_11460,Gaming,1216.0,8.3
3731,Streamer_2731,Arte,10126.0,3.8
18163,Streamer_17163,Musica,45002.0,10.7
3901,Streamer_2901,,24144.0,9.9
6278,Streamer_5278,Gaming,19583.0,2.7
8839,Streamer_7839,Esports,39969.0,10.0
13811,Streamer_12811,Esports,20585.0,8.1
16862,Streamer_15862,Gaming,1431.0,10.7
15690,Streamer_14690,Esports,8015.0,4.3
14584,Streamer_13584,Gaming,16499.0,10.7
11150,Streamer_10150,Musica,34675.0,6.2
3893,Streamer_2893,Esports,8083.0,1.5
18132,Streamer_17132,Musica,24723.0,10.7
11303,Streamer_10303,Musica,23956.0,1.7
18385,Streamer_17385,Esports,46841.0,7.3
15947,Streamer_14947,Musica,26338.0,8.7
17241,Streamer_16241,,26137.0,4.3
20515,Streamer_19515,Gaming,11108.0,9.2
15691,Streamer_14691,Just Chatting,20280.0,6.4
20652,Streamer_19652,Arte,9469.0,3.2
13219,Streamer_12219,Arte,14345.0,7.7
6734,Streamer_5734,Gaming,40594.0,9.8
10763,Streamer_9763,Arte,12082.0,10.9
2517,Streamer_1517,Esports,46756.0,7.2
15547,Streamer_14547,Arte,43886.0,1.6
3203,Streamer_2203,Arte,20745.0,10.8
10375,Streamer_9375,Musica,26749.0,5.7
9823,Streamer_8823,Arte,10585.0,6.2
12398,Streamer_11398,Esports,31760.0,11.3
18441,Streamer_17441,Just Chatting,40649.0,1.2
3715,Streamer_2715,Musica,22814.0,10.8
5154,Streamer_4154,Arte,13107.0,1.8
1907,Streamer_907,Musica,3219.0,11.6
19990,Streamer_18990,Gaming,1732.0,1.7
15728,Streamer_14728,Just Chatting,25014.0,8.8
1646,Streamer_646,Just Chatting,41487.0,4.8
17461,Streamer_16461,,20027.0,8.6
10349,Streamer_9349,Arte,39944.0,10.5
19499,Streamer_18499,Arte,26672.0,7.1
3023,Streamer_2023,Arte,13758.0,9.8
16663,Streamer_15663,Musica,39748.0,10.0
14027,Streamer_13027,Musica,46122.0,7.5
1950,Streamer_950,Esports,18007.0,2.6
20874,Streamer_19874,Just Chatting,41109.0,1.2
18198,Streamer_17198,Arte,18001.0,2.4
8518,Streamer_7518,Musica,38094.0,4.1
6086,Streamer_5086,Esports,8433.0,6.3
12166,Streamer_11166,Musica,36562.0,6.2
4872,Streamer_3872,Esports,9625.0,5.2
13955,Streamer_12955,Arte,7105.0,8.1
16949,Streamer_15949,Arte,31049.0,1.4
18794,Streamer_17794,Musica,22210.0,10.0
14399,Streamer_13399,Arte,27545.0,3.2
5859,Streamer_4859,Arte,15260.0,1.5
12069,Streamer_11069,Arte,26969.0,11.9
2238,Streamer_1238,Gaming,7521.0,2.3
2412,Streamer_1412,Arte,29132.0,8.2
10449,Streamer_9449,Gaming,44407.0,10.2
16790,Streamer_15790,Esports,41236.0,11.1
14918,Streamer_13918,Musica,13384.0,7.2
7974,Streamer_6974,Gaming,12232.0,3.3
5808,Streamer_4808,Arte,12564.0,1.3
8420,Streamer_7420,Arte,45982.0,4.6
5873,Streamer_4873,Musica,39146.0,2.5
7433,Streamer_6433,Arte,46496.0,9.5
4402,Streamer_3402,Just Chatting,9102.0,11.7
18088,Streamer_17088,Gaming,35028.0,8.9
11544,Streamer_10544,Musica,31794.0,8.6
17287,Streamer_16287,Gaming,18198.0,7.3
20016,Streamer_19016,Gaming,34095.0,4.0
3722,Streamer_2722,Gaming,11289.0,1.5
5864,Streamer_4864,Arte,39060.0,1.2
6261,,Gaming,21706.0,10.7
7047,Streamer_6047,Gaming,31251.0,5.7
17857,Streamer_16857,Arte,5151.0,9.8
3307,Streamer_2307,Arte,14917.0,11.1
3914,Streamer_2914,Musica,10974.0,8.9
4512,Streamer_3512,Arte,31342.0,6.1
12173,Streamer_11173,Just Chatting,44954.0,9.3
6400,Streamer_5400,Musica,1847.0,3.7
7355,Streamer_6355,Esports,29687.0,3.3
19287,Streamer_18287,Esports,19460.0,6.5
5957,Streamer_4957,Gaming,47824.0,9.3
8112,Streamer_7112,Musica,3307.0,1.0
8709,Streamer_7709,Esports,36209.0,4.3
14854,Streamer_13854,Just Chatting,40037.0,7.9
8395,Streamer_7395,Esports,7308.0,6.4
15597,Streamer_14597,Musica,4916.0,6.9
14966,Streamer_13966,Just Chatting,24973.0,11.8
16090,Streamer_15090,Musica,30881.0,5.5
5756,Streamer_4756,Gaming,39891.0,3.0
17583,Streamer_16583,Arte,34123.0,6.6
6204,Streamer_5204,Arte,2891.0,6.2
8822,Streamer_7822,Musica,44285.0,7.1
14341,Streamer_13341,Arte,10373.0,3.7
20429,Streamer_19429,Esports,46601.0,2.0
19430,Streamer_18430,Musica,22600.0,1.0
4314,Streamer_3314,Esports,24177.0,8.3
10924,Streamer_9924,Just Chatting,22203.0,10.1
15596,Streamer_14596,Just Chatting,27658.0,5.0
12155,Streamer_11155,Arte,24534.0,9.9
12833,Streamer_11833,Esports,34389.0,2.1
5661,Streamer_4661,Esports,5638.0,7.5
4373,Streamer_3373,Musica,32952.0,3.0
13405,Streamer_12405,Arte,10328.0,2.7
1113,Streamer_113,Gaming,18634.0,6.5
8340,Streamer_7340,Arte,20348.0,7.4
5048,Streamer_4048,Esports,24693.0,5.2
6832,Streamer_5832,Arte,33369.0,4.2
5426,Streamer_4426,Esports,30121.0,10.5
12214,Streamer_11214,Arte,48926.0,9.0
10466,Streamer_9466,Esports,14911.0,10.9
4926,Streamer_3926,Just Chatting,6888.0,10.0
16127,Streamer_15127,Gaming,27051.0,11.5
14939,Streamer_13939,Esports,26613.0,2.3
12133,Streamer_11133,Gaming,42158.0,4.1
4107,Streamer_3107,Esports,18234.0,7.4
10245,Streamer_9245,Just Chatting,32062.0,4.8
14193,Streamer_13193,Esports,9798.0,4.1
9721,Streamer_8721,Musica,15473.0,1.7
3910,Streamer_2910,Just Chatting,32593.0,2.6
10901,Streamer_9901,Gaming,23681.0,2.3
12441,Streamer_11441,Just Chatting,23565.0,5.3
13305,Streamer_12305,Arte,32214.0,1.9
20313,Streamer_19313,Esports,38607.0,5.8
2459,Streamer_1459,Just Chatting,8506.0,9.0
7674,Streamer_6674,Arte,19056.0,2.1
1150,Streamer_150,Esports,6531.0,2.1
15474,Streamer_14474,Gaming,22543.0,8.4
9190,Streamer_8190,Just Chatting,,5.5
9369,Streamer_8369,Gaming,34902.0,11.3
11288,Streamer_10288,Esports,30833.0,6.6
20894,Streamer_19894,Musica,34486.0,7.8
2620,Streamer_1620,Musica,,8.7
3887,Streamer_2887,Arte,9948.0,4.0
14752,Streamer_13752,Just Chatting,31922.0,10.9
12205,Streamer_11205,Gaming,4718.0,10.6
18683,Streamer_17683,Esports,5931.0,6.2
2683,Streamer_1683,Arte,27495.0,4.1
16559,Streamer_15559,Gaming,3782.0,1.0
16503,Streamer_15503,Esports,42518.0,6.9
3058,Streamer_2058,Musica,41400.0,9.8
13267,Streamer_12267,Esports,42307.0,2.9
5240,Streamer_4240,Gaming,13903.0,11.9
18018,Streamer_17018,Musica,19594.0,4.3
20191,Streamer_19191,Just Chatting,15319.0,6.5
15816,Streamer_14816,Arte,33863.0,2.7
15414,Streamer_14414,Gaming,24503.0,1.3
1256,Streamer_256,Just Chatting,34000.0,7.4
18041,Streamer_17041,Arte,22904.0,3.8
14019,Streamer_13019,Gaming,43989.0,10.3
5219,Streamer_4219,Musica,39105.0,8.1
2315,Streamer_1315,Arte,20752.0,8.7
11361,Streamer_10361,Esports,23792.0,8.9
7905,Streamer_6905,Musica,41814.0,7.0
1879,Streamer_879,Arte,15260.0,1.9
9523,Streamer_8523,Musica,3317.0,4.1
9910,Streamer_8910,Arte,36806.0,4.0
17250,Streamer_16250,Just Chatting,34575.0,2.2
4819,Streamer_3819,Gaming,29777.0,7.3
12294,Streamer_11294,Just Chatting,22689.0,2.8
10074,Streamer_9074,Esports,23105.0,8.6
15649,Streamer_14649,Just Chatting,43925.0,2.1
14639,Streamer_13639,,40525.0,3.5
4658,Streamer_3658,Gaming,8102.0,11.9
8586,Streamer_7586,Arte,20516.0,4.3
16780,Streamer_15780,Esports,19540.0,6.7
3535,Streamer_2535,Arte,4679.0,8.6
14062,Streamer_13062,Gaming,5825.0,7.9
12287,Streamer_11287,Gaming,42513.0,4.3
4720,Streamer_3720,Just Chatting,2253.0,2.5
15423,Streamer_14423,Musica,37676.0,3.6
14256,Streamer_13256,Esports,,3.8
4509,Streamer_3509,Esports,23260.0,10.4
20180,Streamer_19180,Esports,25522.0,6.5
13572,Streamer_12572,Just Chatting,35615.0,1.9
7239,Streamer_6239,Musica,24897.0,2.0
13331,Streamer_12331,Esports,29602.0,3.4
18723,Streamer_17723,Gaming,46595.0,3.7
19047,Streamer_18047,Gaming,46347.0,11.7
6379,Streamer_5379,Arte,24996.0,7.8
16678,Streamer_15678,Just Chatting,17843.0,4.7
3450,Streamer_2450,Musica,38756.0,11.7
15011,Streamer_14011,Just Chatting,24689.0,10.9
8943,Streamer_7943,Just Chatting,26720.0,7.6
10963,Streamer_9963,Musica,25764.0,9.7
18627,Streamer_17627,Gaming,2275.0,8.8
4439,Streamer_3439,Esports,29346.0,1.6
11946,Streamer_10946,Just Chatting,25173.0,11.0
16813,Streamer_15813,Esports,44310.0,8.5
17939,Streamer_16939,Just Chatting,48296.0,2.6
13133,Streamer_12133,Gaming,49729.0,9.5
15374,Streamer_14374,Just Chatting,45633.0,7.2
14637,Streamer_13637,Gaming,33237.0,5.1
2885,Streamer_1885,Musica,37954.0,8.7
7844,Streamer_6844,Arte,17016.0,10.3
2196,Streamer_1196,Gaming,13981.0,3.0
3793,Streamer_2793,Just Chatting,7336.0,8.9
16294,Streamer_15294,Arte,9253.0,2.7
19316,Streamer_18316,Gaming,19354.0,11.5
1441,Streamer_441,Musica,46614.0,2.5
4158,Streamer_3158,Arte,30654.0,6.0
16044,Streamer_15044,Just Chatting,40832.0,3.4
8154,Streamer_7154,Arte,24526.0,1.5
14521,Streamer_13521,Esports,24589.0,4.0
5620,Streamer_4620,Gaming,10655.0,10.7
11907,Streamer_10907,Musica,12144.0,4.4
12702,Streamer_11702,,14943.0,8.1
10990,Streamer_9990,Musica,45681.0,5.6
7585,Streamer_6585,Arte,27071.0,1.7
5182,Streamer_4182,Musica,41511.0,6.8
11387,Streamer_10387,Arte,5004.0,8.6
8957,Streamer_7957,Gaming,27490.0,2.4
10651,Streamer_9651,Gaming,38291.0,6.1
5997,Streamer_4997,Gaming,34114.0,7.6
5736,Streamer_4736,Gaming,5535.0,5.0
5036,Streamer_4036,Arte,27500.0,11.8
13184,Streamer_12184,Arte,33530.0,7.2
3677,Streamer_2677,Gaming,23817.0,6.5
3951,Streamer_2951,Musica,11347.0,5.8
15909,Streamer_14909,Gaming,30162.0,11.1
3199,Streamer_2199,Just Chatting,3184.0,8.7
4960,Streamer_3960,Gaming,22341.0,10.3
1724,Streamer_724,Gaming,37240.0,7.9
13121,Streamer_12121,Gaming,16989.0,3.1
19801,Streamer_18801,Musica,25362.0,6.3
17508,Streamer_16508,Gaming,8278.0,11.9
10762,Streamer_9762,Musica,24234.0,8.8
1491,Streamer_491,Esports,,10.4
3365,Streamer_2365,Just Chatting,1065.0,4.1
18152,Streamer_17152,Esports,41851.0,7.5
19240,Streamer_18240,Esports,6417.0,1.6
9183,Streamer_8183,Gaming,23067.0,9.6
13550,Streamer_12550,Just Chatting,12328.0,10.1
2700,Streamer_1700,Gaming,29341.0,7.1
12101,Streamer_11101,Gaming,20324.0,8.8
2051,Streamer_1051,Esports,8569.0,9.4
20172,Streamer_19172,Musica,29395.0,7.4
8614,Streamer_7614,Musica,7545.0,11.1
19798,Streamer_18798,Musica,39102.0,3.8
19050,Streamer_18050,Arte,47640.0,8.2
4476,Streamer_3476,Musica,17569.0,8.9
17334,Streamer_16334,Esports,18472.0,9.6
4030,Streamer_3030,Musica,29723.0,8.2
18964,Streamer_17964,Arte,42833.0,7.2
13844,Streamer_12844,Gaming,14742.0,7.4
8354,Streamer_7354,Gaming,38123.0,2.1
15490,Streamer_14490,Arte,9432.0,7.8
3557,Streamer_2557,Arte,4057.0,8.1
11135,Streamer_10135,Gaming,29788.0,5.2
16616,Streamer_15616,Esports,,8.3
11358,Streamer_10358,Arte,6803.0,3.8
15027,Streamer_14027,Gaming,4775.0,8.7
11536,Streamer_10536,,35888.0,2.7
7836,Streamer_6836,Musica,42378.0,1.9
20375,Streamer_19375,Arte,45649.0,10.9
9418,Streamer_8418,Arte,48852.0,1.7
12066,Streamer_11066,Gaming,28008.0,9.9
2197,Streamer_1197,Arte,8735.0,10.4
1373,Streamer_373,Musica,20077.0,5.4
12839,Streamer_11839,Esports,7401.0,10.9
8101,Streamer_7101,Musica,27905.0,2.7
18286,Streamer_17286,Musica,24340.0,9.4
3445,Streamer_2445,Arte,40466.0,8.2
18601,Streamer_17601,Musica,24140.0,1.9
2532,Streamer_1532,Gaming,47421.0,7.8
16725,Streamer_15725,Gaming,34039.0,6.6
17407,Streamer_16407,Musica,17171.0,3.9
7005,Streamer_6005,Arte,44223.0,2.8
19308,Streamer_18308,Just Chatting,48054.0,2.9
20916,Streamer_19916,Musica,24176.0,9.8
8103,Streamer_7103,Arte,26613.0,9.2
16042,Streamer_15042,Esports,17456.0,7.5
2970,Streamer_1970,Just Chatting,16123.0,8.8
2133,Streamer_1133,Just Chatting,5327.0,3.9
13364,Streamer_12364,Gaming,41267.0,2.3
7841,Streamer_6841,Arte,48130.0,12.0
10810,Streamer_9810,Esports,26376.0,8.0
4028,Streamer_3028,Gaming,12432.0,2.0
13659,Streamer_12659,Gaming,13550.0,9.1
1974,Streamer_974,Arte,17323.0,2.9
14805,Streamer_13805,Arte,43409.0,10.9
1772,Streamer_772,Gaming,48671.0,6.4
19583,Streamer_18583,Esports,25851.0,3.5
18703,Streamer_17703,Gaming,15372.0,7.1
19920,Streamer_18920,Arte,23674.0,7.2
7061,Streamer_6061,Gaming,5979.0,6.5
12702,Streamer_11702,Gaming,14943.0,8.1
20008,Streamer_19008,Arte,33013.0,7.0
5901,Streamer_4901,Esports,7377.0,10.4
8386,Streamer_7386,Arte,38557.0,6.2
8069,Streamer_7069,Just Chatting,40565.0,8.1
15681,Streamer_14681,Just Chatting,27341.0,9.9
3140,Streamer_2140,Just Chatting,14454.0,5.3
2292,Streamer_1292,Arte,31387.0,5.5
11983,Streamer_10983,Gaming,28614.0,3.5
18403,Streamer_17403,Arte,4171.0,8.3
10698,Streamer_9698,Arte,40695.0,2.8
15705,Streamer_14705,Musica,25099.0,11.0
10391,Streamer_9391,Gaming,17735.0,1.7
9413,Streamer_8413,Just Chatting,12540.0,2.8
13556,Streamer_12556,Gaming,1777.0,7.1
10392,Streamer_9392,Just Chatting,24449.0,5.2
7404,Streamer_6404,Arte,40866.0,2.3
18962,Streamer_17962,Just Chatting,5332.0,6.4
12402,Streamer_11402,Esports,9703.0,11.6
12532,Streamer_11532,Musica,4144.0,10.9
20739,Streamer_19739,Just Chatting,33420.0,11.5
20383,Streamer_19383,Gaming,20597.0,10.8
10574,Streamer_9574,Musica,27414.0,6.4
13218,Streamer_12218,Esports,12004.0,10.2
4025,Streamer_3025,Just Chatting,42825.0,1.1
6282,Streamer_5282,Esports,18695.0,9.4
1326,Streamer_326,Esports,1835.0,5.1
3496,Streamer_2496,Gaming,34313.0,9.8
4927,Streamer_3927,Arte,4190.0,8.0
6291,Streamer_5291,Musica,17489.0,5.9
13994,Streamer_12994,Just Chatting,18538.0,4.5
16531,Streamer_15531,Gaming,27347.0,6.5
10300,Streamer_9300,Esports,34580.0,4.5
16570,Streamer_15570,Gaming,46204.0,7.6
13943,Streamer_12943,Musica,25383.0,11.8
16980,Streamer_15980,Musica,27046.0,9.4
13526,Streamer_12526,Arte,12836.0,1.4
9094,Streamer_8094,Gaming,42266.0,5.8
11663,Streamer_10663,Musica,6053.0,9.4
6586,Streamer_5586,Just Chatting,8333.0,2.6
3796,Streamer_2796,,42929.0,3.2
6104,Streamer_5104,Musica,43976.0,6.6
1824,Streamer_824,Gaming,15990.0,1.8
6606,Streamer_5606,Just Chatting,18115.0,4.3
3384,Streamer_2384,Gaming,45963.0,11.6
15571,Streamer_14571,Musica,43434.0,4.0
18497,Streamer_17497,Esports,2321.0,3.7
8213,Streamer_7213,Just Chatting,26250.0,7.0
8237,Streamer_7237,Just Chatting,17270.0,4.4
1461,Streamer_461,Just Chatting,16954.0,3.1
18629,Streamer_17629,Musica,31747.0,10.2
15433,Streamer_14433,Esports,11770.0,5.4
15318,Streamer_14318,Musica,46008.0,7.2
4176,Streamer_3176,Gaming,43720.0,11.5
4177,Streamer_3177,Arte,24392.0,1.1
1774,Streamer_774,Musica,49567.0,3.4
15877,Streamer_14877,Gaming,6815.0,10.1
2357,Streamer_1357,Esports,13860.0,6.7
5945,Streamer_4945,Musica,39282.0,10.3
1189,Streamer_189,Arte,48006.0,9.5
1827,Streamer_827,Musica,35063.0,9.2
18155,Streamer_17155,Just Chatting,48093.0,11.2
3882,Streamer_2882,,32499.0,8.4
6311,Streamer_5311,Just Chatting,16786.0,9.6
6796,Streamer_5796,Arte,41070.0,6.1
18214,Streamer_17214,Musica,43920.0,3.6
20248,Streamer_19248,Just Chatting,1352.0,7.5
7358,Streamer_6358,Musica,33029.0,1.8
2904,Streamer_1904,Musica,1278.0,11.2
13072,Streamer_12072,Gaming,31625.0,1.8
8702,Streamer_7702,Just Chatting,13668.0,6.3
4020,Streamer_3020,Just Chatting,42107.0,11.4
17304,Streamer_16304,Just Chatting,41445.0,5.1
14398,Streamer_13398,Arte,20750.0,7.1
9861,Streamer_8861,,11634.0,8.6
12968,Streamer_11968,Arte,36143.0,6.7
14223,Streamer_13223,Just Chatting,3121.0,4.3
19751,Streamer_18751,Musica,5910.0,3.1
10813,Streamer_9813,Esports,32483.0,1.3
14772,,Arte,,5.5
18890,Streamer_17890,Arte,47437.0,11.9
12346,Streamer_11346,Esports,7604.0,2.4
3732,,Just Chatting,11540.0,6.6
17296,Streamer_16296,Musica,38230.0,2.4
1397,Streamer_397,Arte,27482.0,1.7
6127,Streamer_5127,Esports,39395.0,8.4
19880,Streamer_18880,Arte,24878.0,12.0
8531,Streamer_7531,Just Chatting,45216.0,11.9
18589,Streamer_17589,Esports,17040.0,1.4
5867,Streamer_4867,Esports,36793.0,10.4
9106,Streamer_8106,Musica,17213.0,10.3
5222,Streamer_4222,Just Chatting,28037.0,2.3
10855,Streamer_9855,Gaming,29760.0,1.5
13298,Streamer_12298,Esports,15311.0,10.6
9280,Streamer_8280,Just Chatting,14311.0,5.2
4982,Streamer_3982,Gaming,38145.0,4.2
14909,Streamer_13909,Arte,49542.0,7.6
12171,Streamer_11171,Gaming,32957.0,11.2
9011,Streamer_8011,Just Chatting,34230.0,4.1
17983,Streamer_16983,Esports,23038.0,5.4
18667,Streamer_17667,Just Chatting,40729.0,2.7
16066,Streamer_15066,Gaming,16070.0,1.5
2000,Streamer_1000,Just Chatting,14690.0,4.2
2214,Streamer_1214,Musica,45861.0,1.1
2251,Streamer_1251,Esports,10188.0,4.0
14227,Streamer_13227,Musica,44062.0,6.4
18513,Streamer_17513,Esports,16373.0,2.9
13666,Streamer_12666,Esports,13899.0,1.2
8449,Streamer_7449,Arte,35843.0,8.6
2427,Streamer_1427,Just Chatting,24282.0,9.8
10733,Streamer_9733,Esports,19751.0,2.0
20990,Streamer_19990,Arte,47984.0,3.3
20493,Streamer_19493,Just Chatting,3966.0,5.9
14268,Streamer_13268,Musica,18820.0,1.7
15850,Streamer_14850,Gaming,36663.0,6.4
4206,Streamer_3206,Musica,36345.0,2.1
11944,Streamer_10944,Arte,15413.0,8.3
11697,Streamer_10697,Musica,7471.0,9.0
18657,Streamer_17657,Gaming,34951.0,6.1
12554,Streamer_11554,Arte,22669.0,11.1
5557,Streamer_4557,Just Chatting,20056.0,8.7
15281,Streamer_14281,Just Chatting,9830.0,7.4
9532,Streamer_8532,Just Chatting,16003.0,11.4
3289,Streamer_2289,Musica,24696.0,9.5
18502,Streamer_17502,Gaming,44069.0,1.5
19384,Streamer_18384,Esports,12413.0,2.7
20041,Streamer_19041,Just Chatting,1333.0,11.9
10649,Streamer_9649,Musica,30158.0,1.1
12282,Streamer_11282,Arte,49219.0,11.0
1146,Streamer_146,Gaming,3582.0,4.1
2886,Streamer_1886,Just Chatting,38358.0,7.9
6669,Streamer_5669,Musica,31954.0,4.2
5489,Streamer_4489,Esports,,5.4
16595,Streamer_15595,Just Chatting,15575.0,8.2
7518,Streamer_6518,Gaming,2422.0,3.5
18292,Streamer_17292,Arte,34377.0,10.8
5011,Streamer_4011,Arte,7854.0,3.7
18593,Streamer_17593,Musica,14268.0,5.2
12759,Streamer_11759,Just Chatting,11454.0,6.9
14882,Streamer_13882,Arte,7602.0,3.3
10583,Streamer_9583,Musica,40352.0,6.3
19882,Streamer_18882,Just Chatting,42057.0,6.0
5761,Streamer_4761,Esports,30969.0,1.2
20510,Streamer_19510,,10437.0,4.0
4686,Streamer_3686,Esports,26036.0,3.3
17559,Streamer_16559,Just Chatting,11085.0,5.6
11636,Streamer_10636,Musica,16502.0,6.5
18232,Streamer_17232,Gaming,17394.0,4.4
9987,Streamer_8987,Musica,29131.0,2.3
8554,Streamer_7554,Gaming,4989.0,2.3
9830,Streamer_8830,Arte,22894.0,2.1
9510,Streamer_8510,Esports,40003.0,4.3
18388,Streamer_17388,Esports,9938.0,2.1
2076,Streamer_1076,Arte,,8.5
5178,Streamer_4178,Esports,36013.0,7.2
3035,Streamer_2035,Musica,36910.0,9.9
3595,Streamer_2595,Esports,33799.0,3.1
7431,Streamer_6431,Gaming,39758.0,8.2
4689,Streamer_3689,Just Chatting,16604.0,4.9
11926,Streamer_10926,Esports,1338.0,9.1
3983,Streamer_2983,Esports,21528.0,3.1
14906,Streamer_13906,Esports,31936.0,5.9
19732,Streamer_18732,Arte,5749.0,7.6
3373,Streamer_2373,Esports,17183.0,3.6
7133,Streamer_6133,Gaming,44183.0,2.5
1734,Streamer_734,Esports,37559.0,11.2
5920,Streamer_4920,Gaming,17906.0,2.7
8471,Streamer_7471,Musica,32283.0,8.2
20923,Streamer_19923,Esports,17273.0,9.0
14922,Streamer_13922,Arte,48366.0,1.6
14609,Streamer_13609,Esports,49320.0,2.3
1732,Streamer_732,Gaming,,5.3
2428,Streamer_1428,Musica,13206.0,9.5
8492,Streamer_7492,Gaming,25928.0,11.1
20499,Streamer_19499,Esports,35443.0,3.8
1495,Streamer_495,Arte,587.0,7.7
16015,Streamer_15015,Esports,49554.0,10.6
11173,Streamer_10173,Musica,33332.0,6.4
5100,Streamer_4100,Just Chatting,39192.0,11.2
19977,Streamer_18977,Musica,2410.0,5.7
5735,Streamer_4735,Esports,22418.0,2.8
14381,Streamer_13381,Just Chatting,36373.0,8.7
15971,Streamer_14971,Arte,22504.0,7.9
7074,Streamer_6074,Musica,33510.0,3.7
16717,Streamer_15717,Esports,9766.0,4.3
2629,Streamer_1629,Musica,15897.0,10.0
3456,Streamer_2456,Just Chatting,11144.0,4.0
18463,Streamer_17463,Gaming,45095.0,7.6
3498,Streamer_2498,Just Chatting,7555.0,5.0
1564,Streamer_564,Musica,42236.0,6.5
15099,Streamer_14099,Arte,42828.0,9.5
8764,Streamer_7764,Esports,48132.0,5.0
5547,Streamer_4547,Gaming,15025.0,7.2
13170,Streamer_12170,Esports,5303.0,3.6
16256,Streamer_15256,Arte,10527.0,11.9
9128,Streamer_8128,Esports,36777.0,10.7
20713,Streamer_19713,Musica,43793.0,3.7
15539,Streamer_14539,Gaming,10585.0,4.6
20535,Streamer_19535,Just Chatting,19574.0,10.3
5814,Streamer_4814,Musica,18993.0,7.9
17050,Streamer_16050,Just Chatting,3389.0,5.7
18399,Streamer_17399,Musica,889.0,4.5
19375,Streamer_18375,Musica,14274.0,5.1
14892,Streamer_13892,Gaming,23593.0,9.5
13657,Streamer_12657,Just Chatting,33438.0,5.5
6407,Streamer_5407,Gaming,17892.0,6.9
11788,Streamer_10788,Esports,17969.0,11.1
9919,Streamer_8919,Just Chatting,17885.0,3.7
10304,Streamer_9304,Esports,15530.0,6.5
9068,Streamer_8068,Gaming,12076.0,1.6
1324,Streamer_324,Esports,21759.0,6.3
20343,Streamer_19343,Just Chatting,2639.0,6.6
8170,Streamer_7170,Esports,38878.0,10.0
6880,Streamer_5880,Arte,,3.5
19762,Streamer_18762,Arte,42002.0,5.6
11890,Streamer_10890,Gaming,28399.0,9.9
2054,Streamer_1054,Gaming,24872.0,4.8
19927,Streamer_18927,Esports,16696.0,6.8
20295,Streamer_19295,Esports,26862.0,5.8
3252,Streamer_2252,Just Chatting,17479.0,3.6
13241,Streamer_12241,Just Chatting,29588.0,3.8
9501,Streamer_8501,Gaming,15867.0,11.5
2184,Streamer_1184,Arte,31276.0,9.3
15283,Streamer_14283,Musica,3466.0,1.9
3440,Streamer_2440,Musica,39765.0,11.6
9686,Streamer_8686,Gaming,24970.0,6.4
11809,Streamer_10809,Gaming,459.0,5.5
3451,Streamer_2451,Esports,15083.0,9.6
16811,Streamer_15811,,31149.0,9.6
18825,Streamer_17825,Arte,26454.0,7.6
20919,Streamer_19919,Musica,12999.0,3.4
9030,Streamer_8030,,18655.0,3.2
15858,Streamer_14858,Gaming,11820.0,4.4
7910,Streamer_6910,Gaming,20982.0,10.9
1474,Streamer_474,Just Chatting,3434.0,9.7
20522,Streamer_19522,Esports,12143.0,1.8
20279,Streamer_19279,Esports,27020.0,10.0
1602,Streamer_602,Arte,28893.0,6.6
15954,Streamer_14954,Musica,46899.0,6.1
3095,Streamer_2095,Just Chatting,14662.0,2.8
10444,Streamer_9444,Musica,7779.0,2.2
17344,Streamer_16344,Arte,31595.0,4.1
16165,Streamer_15165,Just Chatting,8907.0,6.7
2139,Streamer_1139,Esports,44218.0,5.4
13376,Streamer_12376,Gaming,37237.0,7.2
5636,Streamer_4636,Just Chatting,23042.0,4.8
19176,Streamer_18176,Musica,14481.0,4.7
13194,Streamer_12194,Just Chatting,44802.0,3.5
18757,Streamer_17757,Esports,44359.0,9.2
2572,Streamer_1572,Gaming,29978.0,9.3
14977,Streamer_13977,Esports,5559.0,10.2
10986,Streamer_9986,Esports,19569.0,3.2
7360,Streamer_6360,Musica,18330.0,3.2
14940,Streamer_13940,Just Chatting,173.0,7.7
4816,Streamer_3816,Esports,2227.0,7.3
18609,Streamer_17609,Musica,13973.0,10.2
10542,Streamer_9542,Esports,10945.0,11.7
9166,Streamer_8166,Esports,26203.0,10.4
13228,Streamer_12228,Arte,36130.0,1.9
4181,Streamer_3181,Just Chatting,34967.0,6.9
3468,Streamer_2468,Gaming,32889.0,4.7
20915,Streamer_19915,Arte,42140.0,7.7
18630,Streamer_17630,Arte,17853.0,4.9
8384,Streamer_7384,Just Chatting,41786.0,11.7
15812,Streamer_14812,Just Chatting,45443.0,11.5
1079,Streamer_79,Arte,33633.0,11.3
11016,,Musica,2469.0,1.5
19663,Streamer_18663,Gaming,43024.0,4.9
7023,Streamer_6023,Musica,23669.0,11.2
7287,Streamer_6287,Gaming,46899.0,3.1
19944,Streamer_18944,Just Chatting,36791.0,7.0
17413,Streamer_16413,Gaming,43709.0,2.8
7701,Streamer_6701,Musica,48812.0,9.2
14213,Streamer_13213,Esports,23689.0,11.2
7069,Streamer_6069,Just Chatting,32943.0,1.7
11381,Streamer_10381,Esports,27135.0,7.7
9545,Streamer_8545,Just Chatting,11386.0,7.2
13900,Streamer_12900,Just Chatting,31907.0,7.8
10750,Streamer_9750,Musica,2497.0,11.7
4111,Streamer_3111,Arte,34531.0,7.9
1626,Streamer_626,Gaming,41178.0,10.7
17387,Streamer_16387,Gaming,38202.0,11.2
20651,Streamer_19651,Just Chatting,24594.0,8.6
14929,Streamer_13929,Arte,14992.0,4.0
17557,Streamer_16557,Musica,13366.0,2.8
5462,Streamer_4462,Arte,44447.0,5.5
10935,Streamer_9935,Gaming,29077.0,2.4
13917,Streamer_12917,Arte,34683.0,4.9
3703,Streamer_2703,Gaming,37714.0,4.6
3027,Streamer_2027,Gaming,49066.0,6.2
3285,Streamer_2285,Just Chatting,34512.0,4.5
15217,Streamer_14217,Esports,42419.0,10.2
6882,Streamer_5882,Gaming,7206.0,11.5
15272,Streamer_14272,Esports,46604.0,1.7
10818,Streamer_9818,Esports,16697.0,7.7
19934,Streamer_18934,Gaming,6334.0,6.2
1992,Streamer_992,Just Chatting,33551.0,4.2
5849,Streamer_4849,Esports,27064.0,5.4
16492,Streamer_15492,Gaming,31075.0,10.7
5933,Streamer_4933,Musica,9153.0,3.0
9362,Streamer_8362,Arte,20986.0,10.6
15240,Streamer_14240,Musica,48274.0,5.0
10833,Streamer_9833,Gaming,27143.0,2.8
14170,Streamer_13170,Just Chatting,41233.0,11.3
13525,Streamer_12525,Just Chatting,7202.0,3.6
10309,Streamer_9309,Musica,12972.0,7.2
14300,Streamer_13300,Musica,45824.0,3.9
7490,Streamer_6490,Arte,23471.0,9.5
18594,Streamer_17594,Gaming,29932.0,10.9
6627,Streamer_5627,Arte,7524.0,10.9
7790,Streamer_6790,Musica,46992.0,12.0
5745,Streamer_4745,Arte,6910.0,10.0
17115,Streamer_16115,Gaming,49468.0,10.0
20216,Streamer_19216,Arte,22718.0,7.0
16340,Streamer_15340,Gaming,,5.0
10788,Streamer_9788,Musica,,7.3
1790,Streamer_790,Arte,41488.0,5.7
2451,Streamer_1451,Gaming,4946.0,4.2
9474,Streamer_8474,Just Chatting,12318.0,7.4
9450,Streamer_8450,Just Chatting,48914.0,4.3
7226,Streamer_6226,Just Chatting,4346.0,8.8
10359,Streamer_9359,Just Chatting,1295.0,10.6
10590,Streamer_9590,Just Chatting,44437.0,8.8
17743,Streamer_16743,Esports,36088.0,9.6
18392,Streamer_17392,Gaming,14328.0,5.0
8406,Streamer_7406,Arte,17035.0,10.2
6544,Streamer_5544,Esports,32449.0,1.4
17959,Streamer_16959,Esports,36162.0,6.8
11846,Streamer_10846,Esports,18040.0,4.2
11977,Streamer_10977,Musica,42854.0,8.2
15945,Streamer_14945,Musica,12524.0,4.6
1136,Streamer_136,Esports,10959.0,6.9
9953,Streamer_8953,Gaming,30476.0,1.6
18759,Streamer_17759,Gaming,4142.0,11.5
10758,Streamer_9758,Musica,6000.0,1.1
1899,Streamer_899,Gaming,27414.0,10.8
5789,Streamer_4789,Musica,26184.0,2.3
17390,Streamer_16390,Gaming,2159.0,4.9
2755,Streamer_1755,Esports,5252.0,7.5
3904,Streamer_2904,Arte,48495.0,8.9
12180,Streamer_11180,Just Chatting,20126.0,11.1
16366,Streamer_15366,Arte,49344.0,6.9
3449,Streamer_2449,Musica,28877.0,9.4
11164,Streamer_10164,Gaming,8530.0,6.6
6345,Streamer_5345,Gaming,14992.0,5.6
17058,Streamer_16058,Musica,47752.0,2.4
8414,Streamer_7414,Esports,16886.0,10.1
3664,Streamer_2664,Arte,7686.0,10.3
5075,Streamer_4075,Just Chatting,31684.0,8.8
15020,Streamer_14020,Arte,48722.0,7.7
6267,Streamer_5267,Arte,28468.0,1.4
8166,Streamer_7166,Gaming,5022.0,9.1
2070,Streamer_1070,Gaming,42006.0,11.9
14871,Streamer_13871,Musica,42768.0,10.2
1606,Streamer_606,Esports,5939.0,11.2
12520,Streamer_11520,Just Chatting,4868.0,9.6
1216,,Arte,5697.0,3.8
8567,Streamer_7567,Arte,8624.0,2.7
3630,Streamer_2630,Musica,49063.0,11.2
17704,Streamer_16704,Arte,30339.0,7.8
3958,Streamer_2958,Musica,32739.0,8.0
3656,Streamer_2656,Musica,15028.0,3.7
19731,Streamer_18731,Arte,13601.0,2.8
15637,Streamer_14637,Arte,41190.0,7.6
16282,Streamer_15282,Gaming,39197.0,7.3
16364,Streamer_15364,Just Chatting,27867.0,7.9
16795,Streamer_15795,Arte,10074.0,2.0
10627,Streamer_9627,Just Chatting,339.0,9.2
20511,Streamer_19511,Musica,13739.0,6.5
5872,Streamer_4872,Gaming,17281.0,1.1
5926,Streamer_4926,Just Chatting,6904.0,3.5
20823,Streamer_19823,Musica,4576.0,5.6
18244,Streamer_17244,Musica,20550.0,8.6
19290,Streamer_18290,Esports,18979.0,2.2
4707,,Arte,917.0,4.1
12574,Streamer_11574,Gaming,15622.0,1.1
18361,Streamer_17361,Gaming,712.0,5.0
7893,Streamer_6893,Gaming,9970.0,9.3
14895,Streamer_13895,Just Chatting,39527.0,2.7
9476,Streamer_8476,Arte,13063.0,10.7
6620,Streamer_5620,Esports,18133.0,5.1
16067,Streamer_15067,Arte,22349.0,5.9
7275,Streamer_6275,Arte,41293.0,6.0
7257,Streamer_6257,Just Chatting,9036.0,3.8
15128,Streamer_14128,Just Chatting,14253.0,7.0
20280,,Gaming,5970.0,9.3
4639,Streamer_3639,Just Chatting,16068.0,2.6
6503,Streamer_5503,Gaming,45482.0,2.7
19049,,Esports,4199.0,3.8
6357,Streamer_5357,Esports,12845.0,2.3
11490,Streamer_10490,Just Chatting,33258.0,4.6
12927,Streamer_11927,Gaming,5684.0,11.3
4728,Streamer_3728,Gaming,26673.0,10.6
14985,Streamer_13985,Musica,1727.0,10.4
1524,Streamer_524,Musica,26389.0,1.8
11040,Streamer_10040,Gaming,27924.0,6.7
9489,Streamer_8489,Arte,35826.0,2.1
19781,Streamer_18781,Esports,29487.0,10.9
9397,Streamer_8397,Just Chatting,49018.0,6.4
14952,Streamer_13952,Musica,16910.0,4.1
13866,Streamer_12866,Musica,4831.0,10.9
16416,Streamer_15416,Esports,32279.0,10.9
14756,Streamer_13756,Just Chatting,1408.0,1.8
1859,Streamer_859,Gaming,27459.0,7.5
1608,Streamer_608,Arte,32474.0,9.7
7339,Streamer_6339,Esports,32028.0,10.2
19979,Streamer_18979,Arte,35528.0,10.8
20340,Streamer_19340,Musica,688.0,6.0
19912,Streamer_18912,Gaming,35940.0,11.7
13630,Streamer_12630,Esports,33344.0,10.5
15196,Streamer_14196,Esports,,10.3
3276,Streamer_2276,Musica,20895.0,5.5
15082,Streamer_14082,Musica,32116.0,2.2
15094,Streamer_14094,Esports,41478.0,2.1
12917,Streamer_11917,Esports,29323.0,4.6
2854,Streamer_1854,Gaming,49662.0,7.7
1210,Streamer_210,Esports,21602.0,2.0
18727,Streamer_17727,Arte,39899.0,11.3
5018,Streamer_4018,Arte,31755.0,9.3
12665,Streamer_11665,Musica,45675.0,4.6
2313,Streamer_1313,Arte,30140.0,4.6
20839,Streamer_19839,Just Chatting,28597.0,11.4
3673,Streamer_2673,Gaming,20211.0,11.5
9879,Streamer_8879,Musica,19128.0,4.3
2018,Streamer_1018,Just Chatting,19651.0,4.5
2901,Streamer_1901,Arte,1815.0,4.3
17627,Streamer_16627,Musica,21119.0,8.5
15235,Streamer_14235,Just Chatting,46174.0,7.3
7275,Streamer_6275,Arte,41293.0,6.0
18412,Streamer_17412,Musica,15081.0,10.5
10907,Streamer_9907,Musica,48217.0,10.6
10141,Streamer_9141,Gaming,,9.7
16336,Streamer_15336,,22032.0,11.7
14154,Streamer_13154,Esports,8561.0,2.6
19219,Streamer_18219,Esports,34586.0,6.6
9963,Streamer_8963,Arte,356.0,10.3
5374,Streamer_4374,Arte,38779.0,9.3
20803,Streamer_19803,Musica,32946.0,10.2
13625,Streamer_12625,Arte,31067.0,9.3
17747,Streamer_16747,Gaming,30966.0,8.9
5885,Streamer_4885,Just Chatting,889.0,3.0
18524,Streamer_17524,Arte,41130.0,3.5
3629,Streamer_2629,Musica,36998.0,2.2
17629,Streamer_16629,Esports,40563.0,9.3
7641,Streamer_6641,Esports,5173.0,9.3
13663,Streamer_12663,Musica,23596.0,3.4
5160,Streamer_4160,Esports,34904.0,6.1
19712,Streamer_18712,Musica,29381.0,3.9
8270,Streamer_7270,Musica,42711.0,10.6
12217,Streamer_11217,Musica,8509.0,6.5
1174,Streamer_174,Esports,24470.0,5.9
16176,Streamer_15176,Arte,20063.0,2.3
18765,Streamer_17765,Esports,28738.0,7.8
4466,Streamer_3466,Gaming,40695.0,3.8
3182,Streamer_2182,Arte,39251.0,3.8
18893,Streamer_17893,Just Chatting,45034.0,1.3
4291,Streamer_3291,Esports,36850.0,3.0
20091,Streamer_19091,Gaming,26207.0,2.1
2881,Streamer_1881,,6378.0,10.8
9185,Streamer_8185,Esports,35557.0,4.7
6921,Streamer_5921,Gaming,43734.0,10.6
6679,Streamer_5679,Esports,38860.0,7.7
12321,Streamer_11321,Musica,46757.0,6.8
6878,Streamer_5878,Gaming,144.0,1.9
16313,Streamer_15313,Musica,11001.0,9.6
1574,Streamer_574,Just Chatting,49409.0,4.4
14198,Streamer_13198,Just Chatting,13684.0,5.9
6750,Streamer_5750,Esports,43275.0,11.4
4207,Streamer_3207,Musica,8261.0,3.8
6327,Streamer_5327,Arte,31235.0,3.2
1880,Streamer_880,Arte,21673.0,8.5
14796,Streamer_13796,Just Chatting,13917.0,10.3
2903,Streamer_1903,Esports,5999.0,2.3
5242,Streamer_4242,Arte,13518.0,8.5
10978,Streamer_9978,Arte,14095.0,10.9
11395,Streamer_10395,Esports,22193.0,8.4
15182,Streamer_14182,Just Chatting,,9.1
14455,Streamer_13455,Musica,1121.0,9.9
16049,Streamer_15049,Esports,23556.0,8.4
1073,Streamer_73,Arte,35539.0,3.6
16676,Streamer_15676,Arte,34958.0,6.2
5384,Streamer_4384,Just Chatting,40740.0,9.3
14709,Streamer_13709,Just Chatting,25527.0,8.2
16489,Streamer_15489,Esports,48215.0,9.1
11534,Streamer_10534,Gaming,28049.0,10.0
8889,Streamer_7889,Gaming,28622.0,10.0
6696,Streamer_5696,Just Chatting,34595.0,5.2
8262,Streamer_7262,Esports,36442.0,1.5
3875,Streamer_2875,Esports,19871.0,11.0
16227,Streamer_15227,Esports,6122.0,4.5
3301,Streamer_2301,Esports,34954.0,6.0
10908,Streamer_9908,Esports,32708.0,8.8
7278,Streamer_6278,Just Chatting,667.0,7.6
11821,Streamer_10821,Just Chatting,16107.0,2.0
6849,Streamer_5849,Musica,,10.7
11918,Streamer_10918,Just Chatting,12461.0,10.3
4646,Streamer_3646,Arte,16307.0,9.6
15322,Streamer_14322,Esports,23360.0,8.2
18177,Streamer_17177,Arte,34409.0,8.1
1265,Streamer_265,Arte,20619.0,2.7
20196,Streamer_19196,Gaming,3931.0,4.0
6931,Streamer_5931,Musica,9999.0,11.5
2012,Streamer_1012,Musica,28246.0,3.5
15244,Streamer_14244,Just Chatting,49747.0,5.7
10561,Streamer_9561,Gaming,8666.0,2.0
11434,Streamer_10434,Just Chatting,13121.0,10.4
20452,Streamer_19452,Musica,45333.0,3.9
12275,Streamer_11275,Just Chatting,4738.0,2.1
18383,Streamer_17383,Just Chatting,28102.0,2.9
18783,Streamer_17783,Esports,18507.0,9.0
4654,Streamer_3654,Esports,26905.0,4.2
3563,Streamer_2563,Esports,30821.0,9.2
16197,Streamer_15197,Gaming,22335.0,10.1
1997,Streamer_997,Esports,42350.0,1.7
10486,Streamer_9486,Musica,33867.0,4.7
19397,Streamer_18397,Just Chatting,27139.0,8.7
3181,Streamer_2181,Gaming,11543.0,4.4
9871,Streamer_8871,Esports,35996.0,4.8
3724,Streamer_2724,Musica,36523.0,1.0
14114,Streamer_13114,Gaming,29471.0,7.0
18284,Streamer_17284,Esports,17124.0,11.2
11095,Streamer_10095,Esports,21548.0,3.9
5358,Streamer_4358,Just Chatting,4980.0,10.8
10477,Streamer_9477,Gaming,49603.0,3.6
11176,Streamer_10176,Musica,32402.0,7.3
6714,Streamer_5714,Just Chatting,27619.0,1.6
8497,Streamer_7497,Arte,42646.0,6.0
9529,Streamer_8529,Arte,34633.0,4.5
7810,Streamer_6810,Esports,27091.0,2.9
5218,Streamer_4218,Arte,8289.0,2.4
2675,Streamer_1675,Gaming,49496.0,4.5
16459,Streamer_15459,Esports,32767.0,1.4
3689,Streamer_2689,Gaming,26586.0,11.0
18379,Streamer_17379,Arte,49606.0,5.2
4347,Streamer_3347,Esports,907.0,11.1
7285,Streamer_6285,Gaming,15937.0,3.7
4309,Streamer_3309,Arte,897.0,5.9
10214,Streamer_9214,Musica,4692.0,10.6
7180,Streamer_6180,Arte,13583.0,11.4
1611,Streamer_611,Esports,8204.0,2.9
1960,Streamer_960,Arte,37325.0,7.7
3709,Streamer_2709,,12435.0,9.4
8968,Streamer_7968,,13875.0,6.5
10985,Streamer_9985,Just Chatting,13089.0,3.5
4659,Streamer_3659,Gaming,828.0,6.7
13554,Streamer_12554,Musica,42898.0,6.7
2098,Streamer_1098,Esports,3729.0,11.9
10887,Streamer_9887,Just Chatting,44429.0,6.1
19434,Streamer_18434,Esports,19045.0,6.7
11026,Streamer_10026,Musica,34058.0,9.6
3344,Streamer_2344,Musica,18636.0,7.2
11731,Streamer_10731,Just Chatting,48860.0,11.0
9081,Streamer_8081,Gaming,11278.0,5.0
17522,Streamer_16522,Musica,10863.0,3.2
16087,Streamer_15087,Musica,4897.0,4.9
3433,Streamer_2433,Arte,25489.0,1.7
6380,Streamer_5380,Gaming,42594.0,2.6
17470,Streamer_16470,Musica,,7.1
3548,Streamer_2548,Just Chatting,40763.0,6.5
16831,Streamer_15831,Esports,28645.0,5.2
15766,Streamer_14766,Gaming,48958.0,10.5
18317,Streamer_17317,,3984.0,2.8
12141,Streamer_11141,Musica,44577.0,5.4
8902,Streamer_7902,Esports,6204.0,11.5
12703,Streamer_11703,Musica,14389.0,6.0
5080,Streamer_4080,Just Chatting,13744.0,1.0
5679,Streamer_4679,Musica,44193.0,3.7
8773,Streamer_7773,Esports,19397.0,7.1
2833,Streamer_1833,Gaming,8127.0,9.0
17587,Streamer_16587,Arte,,10.0
17933,Streamer_16933,Just Chatting,29923.0,7.0
5299,Streamer_4299,Just Chatting,5643.0,10.8
16123,Streamer_15123,Gaming,15086.0,11.2
18381,Streamer_17381,Esports,41130.0,10.9
5467,Streamer_4467,Gaming,40787.0,11.7
3262,Streamer_2262,Just Chatting,40432.0,10.8
4636,Streamer_3636,Arte,46041.0,7.3
6457,Streamer_5457,Arte,24708.0,1.8
12573,Streamer_11573,Gaming,23615.0,8.5
6148,Streamer_5148,Esports,30708.0,1.4
8422,Streamer_7422,Arte,9803.0,9.2
5712,Streamer_4712,Esports,36013.0,1.0
19544,Streamer_18544,Gaming,11192.0,2.3
16142,Streamer_15142,Musica,38276.0,9.5
7590,Streamer_6590,Esports,26630.0,1.6
7488,Streamer_6488,Just Chatting,35717.0,6.1
6164,Streamer_5164,Arte,49991.0,3.9
5757,Streamer_4757,Arte,9099.0,6.0
8379,Streamer_7379,Gaming,41610.0,11.8
16243,Streamer_15243,Just Chatting,45062.0,3.0
11195,Streamer_10195,Just Chatting,1483.0,6.3
18651,Streamer_17651,Esports,10432.0,3.2
19688,Streamer_18688,Arte,40054.0,1.4
10930,Streamer_9930,Esports,33310.0,7.7
20316,Streamer_19316,Musica,28268.0,4.9
4908,Streamer_3908,Esports,888.0,7.5
2734,Streamer_1734,Esports,16003.0,8.2
12651,Streamer_11651,Musica,34131.0,5.4
6178,Streamer_5178,Arte,38536.0,3.6
10224,Streamer_9224,Esports,17700.0,8.7
8510,Streamer_7510,Arte,22402.0,10.3
7865,Streamer_6865,Esports,5811.0,7.0
13894,Streamer_12894,Just Chatting,2760.0,4.5
17090,Streamer_16090,Arte,40374.0,2.0
14295,Streamer_13295,Gaming,37181.0,9.9
11978,Streamer_10978,Arte,35849.0,7.1
20613,Streamer_19613,Just Chatting,39421.0,1.4
1129,Streamer_129,Esports,17031.0,11.6
3742,Streamer_2742,Arte,41758.0,2.6
14631,Streamer_13631,Musica,3731.0,7.6
17047,Streamer_16047,Musica,48000.0,4.6
6413,Streamer_5413,Arte,28824.0,7.5
16567,Streamer_15567,Gaming,40638.0,6.8
7984,Streamer_6984,Arte,42600.0,9.7
15880,Streamer_14880,Arte,2656.0,6.1
6734,Streamer_5734,Gaming,40594.0,9.8
1016,Streamer_16,Arte,7533.0,8.4
14978,Streamer_13978,Just Chatting,10059.0,7.5
11128,Streamer_10128,Just Chatting,45170.0,8.8
3333,Streamer_2333,Arte,182.0,1.7
1007,Streamer_7,Arte,6865.0,8.9
2334,Streamer_1334,Musica,8685.0,6.4
8375,Streamer_7375,Musica,16669.0,7.0
5517,Streamer_4517,Gaming,18854.0,2.3
3539,Streamer_2539,Gaming,31098.0,6.0
2605,Streamer_1605,Just Chatting,5292.0,2.5
4501,Streamer_3501,Arte,17395.0,7.8
13126,Streamer_12126,Arte,29734.0,2.4
18516,Streamer_17516,Musica,5390.0,7.7
1686,Streamer_686,Esports,26570.0,2.6
4173,Streamer_3173,Gaming,19232.0,10.7
16180,Streamer_15180,Just Chatting,45819.0,10.5
13012,Streamer_12012,Just Chatting,5548.0,6.1
12547,Streamer_11547,Just Chatting,31997.0,4.3
13579,Streamer_12579,Musica,2870.0,11.1
6700,Streamer_5700,Esports,38688.0,3.3
3923,Streamer_2923,Esports,42844.0,4.1
4713,Streamer_3713,Esports,8689.0,4.7
6382,Streamer_5382,Arte,39209.0,10.9
9803,Streamer_8803,Arte,16774.0,10.4
19323,Streamer_18323,Esports,19439.0,5.3
12137,Streamer_11137,Esports,17887.0,4.5
6653,Streamer_5653,Esports,113.0,11.3
12204,Streamer_11204,Gaming,47717.0,2.7
5621,Streamer_4621,Gaming,32076.0,2.6
6463,Streamer_5463,Just Chatting,17015.0,5.1
4947,Streamer_3947,Arte,35446.0,2.3
17443,Streamer_16443,Just Chatting,2950.0,11.1
8962,Streamer_7962,Esports,5196.0,1.5
15966,Streamer_14966,Musica,40875.0,10.4
5911,Streamer_4911,Gaming,18310.0,7.8
6375,Streamer_5375,Gaming,25342.0,6.3
17841,Streamer_16841,Just Chatting,27419.0,9.5
16436,Streamer_15436,Arte,31087.0,10.6
17610,Streamer_16610,,48276.0,7.1
14272,Streamer_13272,Just Chatting,14519.0,2.2
4092,Streamer_3092,Gaming,48069.0,1.8
6883,Streamer_5883,Esports,31109.0,5.1
18069,Streamer_17069,Just Chatting,22991.0,6.3
7068,Streamer_6068,Just Chatting,10540.0,5.1
13997,Streamer_12997,Esports,22170.0,4.9
19591,Streamer_18591,Musica,,10.0
6507,Streamer_5507,Musica,26027.0,1.9
1417,Streamer_417,Musica,9197.0,2.1
12869,Streamer_11869,Just Chatting,5484.0,4.5
17336,Streamer_16336,Just Chatting,16976.0,10.3
13471,Streamer_12471,Just Chatting,5435.0,7.1
7143,Streamer_6143,Just Chatting,35662.0,11.3
14941,Streamer_13941,Esports,13937.0,4.8
16297,Streamer_15297,Esports,1948.0,10.5
3920,Streamer_2920,Musica,34773.0,1.6
2035,Streamer_1035,Arte,29873.0,9.8
17829,Streamer_16829,Just Chatting,8734.0,10.2
11286,Streamer_10286,Esports,48478.0,1.3
6155,Streamer_5155,Gaming,43947.0,8.6
14472,Streamer_13472,Just Chatting,21881.0,10.1
8493,Streamer_7493,Just Chatting,19738.0,7.6
9005,Streamer_8005,Esports,16474.0,2.3
7569,Streamer_6569,,48076.0,11.5
9846,Streamer_8846,Esports,36668.0,9.1
20155,Streamer_19155,Arte,46241.0,6.1
3430,Streamer_2430,Esports,24852.0,8.6
9601,Streamer_8601,Esports,27195.0,3.7
3866,Streamer_2866,Arte,6799.0,1.0
1230,Streamer_230,Esports,3877.0,5.4
5887,Streamer_4887,Arte,36159.0,11.9
9097,Streamer_8097,Just Chatting,41181.0,4.7
4152,Streamer_3152,Just Chatting,5306.0,4.9
19547,Streamer_18547,Musica,4472.0,1.6
3460,Streamer_2460,Gaming,26069.0,10.4
1753,Streamer_753,Musica,8641.0,1.1
16035,Streamer_15035,Musica,44686.0,2.0
18741,Streamer_17741,Just Chatting,15296.0,7.1
3215,Streamer_2215,Esports,4520.0,1.4
10318,Streamer_9318,Gaming,28057.0,1.7
19538,Streamer_18538,Gaming,37963.0,4.1
8029,Streamer_7029,Just Chatting,38136.0,11.0
9809,Streamer_8809,Gaming,8431.0,8.7
16322,Streamer_15322,,33467.0,7.2
5197,Streamer_4197,Just Chatting,35696.0,7.1
7572,Streamer_6572,Musica,24002.0,8.1
11523,Streamer_10523,Just Chatting,43272.0,10.0
18624,Streamer_17624,Gaming,20411.0,9.4
20132,Streamer_19132,Gaming,49377.0,2.6
4411,Streamer_3411,Esports,15412.0,3.8
14681,Streamer_13681,Gaming,2287.0,7.8
12867,Streamer_11867,Arte,11293.0,9.3
1532,Streamer_532,,20550.0,3.7
10421,Streamer_9421,Gaming,43604.0,6.0
9227,Streamer_8227,Gaming,23659.0,1.4
9288,Streamer_8288,Arte,13001.0,9.0
10286,Streamer_9286,,13589.0,8.5
7453,Streamer_6453,Arte,37777.0,6.7
11819,Streamer_10819,Arte,45887.0,4.9
2767,Streamer_1767,Arte,42996.0,6.3
19648,Streamer_18648,Gaming,4643.0,1.7
16614,Streamer_15614,Esports,42922.0,5.0
15106,Streamer_14106,Musica,3148.0,6.9
19331,Streamer_18331,Just Chatting,15041.0,6.1
6000,Streamer_5000,Arte,7296.0,6.8
20863,Streamer_19863,Esports,15331.0,11.1
10832,Streamer_9832,Gaming,9782.0,9.8
5527,Streamer_4527,Gaming,38211.0,4.8
6694,Streamer_5694,Just Chatting,15895.0,9.5
15942,Streamer_14942,Gaming,8806.0,3.6
4951,Streamer_3951,Gaming,26962.0,4.2
11803,Streamer_10803,Esports,8414.0,2.7
1697,Streamer_697,Musica,12005.0,9.3
8353,Streamer_7353,Arte,24784.0,4.8
6833,Streamer_5833,Musica,5630.0,2.6
11270,Streamer_10270,Esports,34425.0,7.3
10850,Streamer_9850,Musica,4386.0,10.4
7002,Streamer_6002,Esports,44506.0,7.7
3974,Streamer_2974,Musica,16092.0,10.0
18257,Streamer_17257,Esports,22799.0,5.7
5425,Streamer_4425,Esports,11959.0,4.7
3751,Streamer_2751,Esports,34303.0,2.5
4407,Streamer_3407,Arte,22820.0,8.2
15391,Streamer_14391,Arte,30257.0,11.0
12731,Streamer_11731,Gaming,31945.0,7.5
19613,Streamer_18613,Just Chatting,25569.0,4.1
5276,Streamer_4276,Musica,7190.0,2.0
11090,Streamer_10090,Just Chatting,7173.0,7.7
19706,Streamer_18706,Just Chatting,2887.0,7.7
11506,Streamer_10506,Just Chatting,45091.0,1.9
20157,Streamer_19157,Musica,3616.0,1.6
5203,Streamer_4203,Arte,46648.0,9.2
14522,Streamer_13522,Esports,32675.0,10.7
7914,Streamer_6914,Arte,5656.0,4.5
4098,Streamer_3098,Esports,6386.0,4.9
18836,Streamer_17836,Esports,19531.0,7.1
7523,Streamer_6523,Esports,35045.0,6.0
6951,Streamer_5951,Just Chatting,30008.0,7.4
2351,Streamer_1351,Gaming,31846.0,7.4
5286,Streamer_4286,Musica,33104.0,4.9
6783,Streamer_5783,Musica,46658.0,8.5
11507,Streamer_10507,Esports,26523.0,10.2
2893,Streamer_1893,Musica,3510.0,2.3
2784,Streamer_1784,Gaming,44615.0,8.2
13063,Streamer_12063,,26235.0,4.9
17213,Streamer_16213,Musica,21268.0,1.3
14438,Streamer_13438,Just Chatting,34970.0,8.3
8286,Streamer_7286,Esports,29331.0,4.1
2185,Streamer_1185,Arte,25685.0,1.2
2988,Streamer_1988,Musica,37100.0,10.1
14970,Streamer_13970,Just Chatting,27957.0,10.1
7663,,Arte,19468.0,5.9
17499,Streamer_16499,Just Chatting,46463.0,2.4
16579,Streamer_15579,Just Chatting,284.0,10.9
19368,Streamer_18368,Gaming,19026.0,7.1
14653,Streamer_13653,Musica,3569.0,1.9
18684,Streamer_17684,Arte,38535.0,8.5
10872,Streamer_9872,,22654.0,2.4
2940,Streamer_1940,Esports,40479.0,4.8
10303,Streamer_9303,Esports,5499.0,3.3
18585,Streamer_17585,Musica,44628.0,10.5
20689,Streamer_19689,Arte,9394.0,9.5
18335,,Just Chatting,30180.0,10.2
10233,Streamer_9233,Esports,19060.0,6.0
4814,Streamer_3814,Gaming,3273.0,9.7
1789,Streamer_789,Esports,28131.0,8.7
13504,Streamer_12504,Arte,39970.0,3.2
2237,Streamer_1237,Arte,44762.0,3.0
19623,Streamer_18623,Arte,32304.0,7.8
11956,Streamer_10956,Gaming,4541.0,1.8
16692,Streamer_15692,Arte,37770.0,11.9
1466,Streamer_466,Esports,43114.0,7.5
2801,Streamer_1801,Arte,9691.0,2.3
3429,Streamer_2429,Just Chatting,46948.0,10.5
9468,Streamer_8468,Musica,23889.0,7.5
19983,Streamer_18983,Arte,48463.0,7.2
7614,Streamer_6614,Arte,28045.0,9.9
19304,Streamer_18304,Musica,37037.0,8.4
18805,Streamer_17805,Arte,49725.0,8.3
2848,Streamer_1848,Just Chatting,49251.0,6.9
13569,Streamer_12569,Just Chatting,40480.0,5.3
18544,Streamer_17544,Just Chatting,45054.0,9.4
10888,Streamer_9888,Musica,1821.0,5.6
4459,Streamer_3459,Musica,32052.0,1.5
20982,Streamer_19982,Esports,,9.8
6967,Streamer_5967,Arte,6684.0,10.1
10075,Streamer_9075,Musica,24667.0,6.5
11352,Streamer_10352,Just Chatting,4996.0,6.9
14640,Streamer_13640,Gaming,1687.0,11.1
4310,Streamer_3310,Musica,17300.0,11.1
16712,Streamer_15712,Just Chatting,48779.0,3.3
19184,Streamer_18184,Musica,6915.0,1.4
10199,Streamer_9199,Musica,18609.0,5.7
12085,Streamer_11085,Arte,18573.0,6.6
4562,Streamer_3562,Gaming,39869.0,1.2
5640,Streamer_4640,Gaming,37204.0,9.6
9096,Streamer_8096,Just Chatting,43561.0,4.0
15424,Streamer_14424,Gaming,27330.0,2.9
3981,Streamer_2981,Arte,25257.0,5.3
10822,Streamer_9822,Just Chatting,16424.0,7.1
8129,Streamer_7129,Gaming,15926.0,9.7
17726,Streamer_16726,Just Chatting,38865.0,7.6
20977,Streamer_19977,Just Chatting,44202.0,2.9
7652,Streamer_6652,Esports,30093.0,3.1
12132,Streamer_11132,Arte,38512.0,6.0
13071,Streamer_12071,Esports,11922.0,9.9
17781,Streamer_16781,Esports,32078.0,3.0
19639,Streamer_18639,Esports,28362.0,1.4
11827,Streamer_10827,Just Chatting,45086.0,3.6
12623,Streamer_11623,Just Chatting,753.0,7.8
12546,Streamer_11546,Gaming,45211.0,6.0
10910,Streamer_9910,Arte,23201.0,6.9
15173,Streamer_14173,Just Chatting,14400.0,5.3
13359,Streamer_12359,Musica,37408.0,2.3
8032,Streamer_7032,Just Chatting,37484.0,10.8
19864,Streamer_18864,Musica,2780.0,2.9
15025,Streamer_14025,Musica,47768.0,5.8
7898,Streamer_6898,Esports,34845.0,4.0
12130,Streamer_11130,Musica,10578.0,4.4
18804,Streamer_17804,Musica,4207.0,1.4
15491,Streamer_14491,Arte,2549.0,10.7
4750,Streamer_3750,Just Chatting,12337.0,11.6
1916,Streamer_916,Esports,29338.0,4.9
20895,Streamer_19895,Just Chatting,49188.0,10.4
15914,Streamer_14914,Musica,49422.0,7.9
1278,Streamer_278,Arte,6366.0,4.2
5835,Streamer_4835,Esports,42455.0,9.1
20226,Streamer_19226,Esports,31068.0,7.5
19679,Streamer_18679,Gaming,7517.0,2.8
6310,Streamer_5310,Gaming,36009.0,10.9
20985,Streamer_19985,Musica,26323.0,6.1
16836,Streamer_15836,Esports,1568.0,8.5
13128,Streamer_12128,Just Chatting,32185.0,6.1
15212,Streamer_14212,Esports,12774.0,11.5
6854,Streamer_5854,Arte,714.0,1.4
10532,Streamer_9532,Arte,18219.0,1.3
7527,Streamer_6527,Just Chatting,21746.0,9.5
13074,Streamer_12074,Just Chatting,22067.0,3.8
16955,Streamer_15955,Musica,9409.0,6.0
6723,Streamer_5723,Just Chatting,37619.0,3.1
4560,Streamer_3560,Gaming,16889.0,4.0
6564,Streamer_5564,Musica,26724.0,5.3
8467,Streamer_7467,Esports,48777.0,9.3
20074,Streamer_19074,Musica,45393.0,5.9
17247,Streamer_16247,Arte,317.0,8.0
5953,Streamer_4953,Musica,30650.0,5.3
16317,Streamer_15317,Just Chatting,44911.0,4.6
7396,Streamer_6396,Gaming,6319.0,11.6
14097,Streamer_13097,,19178.0,2.3
6906,Streamer_5906,Gaming,24298.0,4.2
1027,Streamer_27,Arte,41617.0,4.3
20306,Streamer_19306,Gaming,38622.0,8.9
8930,Streamer_7930,Just Chatting,3491.0,10.7
8888,Streamer_7888,Just Chatting,9117.0,2.5
3158,Streamer_2158,Esports,38188.0,11.8
13567,Streamer_12567,Esports,40526.0,4.1
13035,Streamer_12035,Gaming,3825.0,10.6
15321,Streamer_14321,Musica,44688.0,2.7
15685,Streamer_14685,,31674.0,10.2
4987,Streamer_3987,Esports,20603.0,3.6
4830,Streamer_3830,Just Chatting,37116.0,7.3
9724,Streamer_8724,Arte,2207.0,1.7
6010,Streamer_5010,Arte,17893.0,10.3
6957,Streamer_5957,Arte,44553.0,3.3
16851,Streamer_15851,Esports,18713.0,5.9
18669,Streamer_17669,Musica,35709.0,11.6
8544,Streamer_7544,Musica,36044.0,9.7
20830,Streamer_19830,Musica,17257.0,6.2
11937,Streamer_10937,Arte,5816.0,5.8
9016,,Musica,33998.0,9.1
5059,Streamer_4059,Arte,39086.0,6.8
17940,Streamer_16940,Esports,10640.0,2.9
8095,Streamer_7095,Esports,40460.0,11.8
6461,Streamer_5461,Just Chatting,21723.0,5.6
6212,Streamer_5212,Musica,13208.0,7.9
10164,Streamer_9164,Musica,38861.0,8.6
6101,Streamer_5101,Musica,47783.0,11.3
6609,Streamer_5609,Just Chatting,13242.0,8.1
13654,Streamer_12654,Arte,23703.0,10.9
8261,Streamer_7261,Just Chatting,41514.0,2.4
4745,Streamer_3745,Gaming,34341.0,10.2
1571,Streamer_571,Esports,31534.0,9.3
7274,Streamer_6274,Arte,11513.0,8.8
11471,Streamer_10471,Esports,34383.0,1.9
16512,Streamer_15512,Just Chatting,14184.0,1.8
6134,Streamer_5134,Arte,8044.0,10.8
5961,Streamer_4961,Musica,21160.0,7.3
20875,Streamer_19875,Musica,3269.0,7.5
13813,Streamer_12813,Esports,42797.0,7.8
16332,Streamer_15332,Esports,33897.0,10.4
17311,Streamer_16311,Just Chatting,45839.0,11.9
7983,Streamer_6983,Just Chatting,24142.0,4.2
16398,Streamer_15398,Just Chatting,42925.0,5.7
17491,Streamer_16491,Esports,41097.0,7.7
19700,Streamer_18700,Musica,5390.0,5.9
1329,Streamer_329,Just Chatting,31401.0,6.6
4074,Streamer_3074,Arte,7036.0,9.5
4969,Streamer_3969,Arte,43465.0,2.7
20181,Streamer_19181,Gaming,4379.0,7.6
16397,Streamer_15397,Musica,18881.0,1.3
9855,Streamer_8855,Just Chatting,26128.0,7.1
19999,Streamer_18999,Gaming,15714.0,4.1
20127,Streamer_19127,Gaming,17668.0,8.6
1050,Streamer_50,Musica,19841.0,10.8
5208,Streamer_4208,Just Chatting,3722.0,7.6
3050,Streamer_2050,Gaming,38232.0,7.7
8570,Streamer_7570,Just Chatting,22129.0,5.1
1204,Streamer_204,Just Chatting,18606.0,2.1
4485,Streamer_3485,Just Chatting,40877.0,7.4
3804,Streamer_2804,Musica,46336.0,7.0
13783,Streamer_12783,Arte,38488.0,11.2
20815,Streamer_19815,Just Chatting,9597.0,3.6
5138,Streamer_4138,Arte,34663.0,7.2
15718,Streamer_14718,Arte,22644.0,5.0
1804,Streamer_804,Musica,10087.0,4.4
17421,Streamer_16421,Musica,15900.0,11.3
3593,Streamer_2593,Just Chatting,46911.0,11.6
7533,Streamer_6533,Just Chatting,35338.0,4.2
10104,Streamer_9104,Gaming,35342.0,8.0
8000,Streamer_7000,Just Chatting,7118.0,8.0
11992,Streamer_10992,Gaming,1697.0,4.3
8102,Streamer_7102,Arte,33035.0,5.4
14654,Streamer_13654,Arte,42092.0,11.6
12942,Streamer_11942,Musica,18419.0,6.2
4166,Streamer_3166,Just Chatting,35685.0,5.9
12699,Streamer_11699,Musica,31396.0,10.4
3907,Streamer_2907,Just Chatting,28204.0,4.0
3865,Streamer_2865,Esports,,11.8
7823,Streamer_6823,Arte,20629.0,4.1
1740,Streamer_740,Arte,7606.0,1.9
7471,Streamer_6471,Esports,18778.0,1.1
17125,Streamer_16125,Just Chatting,84.0,1.1
15930,Streamer_14930,Just Chatting,48793.0,5.0
3601,Streamer_2601,Just Chatting,1745.0,8.3
9253,Streamer_8253,Musica,9498.0,1.6
12550,Streamer_11550,Just Chatting,28697.0,9.7
14074,Streamer_13074,Musica,27002.0,4.5
2249,Streamer_1249,Musica,40067.0,1.8
15149,Streamer_14149,Esports,8593.0,5.8
19453,Streamer_18453,Gaming,12161.0,11.4
20664,Streamer_19664,Arte,47365.0,6.9
7010,Streamer_6010,Arte,7677.0,1.4
9530,Streamer_8530,Just Chatting,27923.0,9.5
18807,Streamer_17807,Just Chatting,33096.0,9.9
12304,Streamer_11304,Musica,42334.0,4.4
8568,Streamer_7568,Musica,6804.0,4.0
6293,Streamer_5293,Arte,28792.0,10.3
8008,Streamer_7008,Just Chatting,9580.0,2.4
15664,Streamer_14664,Arte,42187.0,8.9
10167,Streamer_9167,Just Chatting,39650.0,2.6
15534,Streamer_14534,Arte,47295.0,7.8
16266,Streamer_15266,Just Chatting,38822.0,2.7
10948,Streamer_9948,Just Chatting,39946.0,11.9
10152,Streamer_9152,Musica,26553.0,9.7
14183,Streamer_13183,Arte,9903.0,6.0
10423,Streamer_9423,Gaming,48369.0,6.2
18019,Streamer_17019,Gaming,1418.0,6.7
10992,Streamer_9992,Just Chatting,43408.0,4.8
5641,Streamer_4641,Arte,21362.0,7.4
14236,Streamer_13236,Gaming,46273.0,4.2
1973,Streamer_973,Arte,31848.0,7.7
16409,Streamer_15409,Gaming,21880.0,5.0
16645,Streamer_15645,Gaming,30904.0,10.6
14676,Streamer_13676,Arte,49749.0,5.2
9706,Streamer_8706,Esports,7338.0,2.4
5531,Streamer_4531,Arte,39078.0,2.8
6215,Streamer_5215,Gaming,43604.0,7.9
6114,Streamer_5114,Esports,5342.0,10.2
12054,Streamer_11054,Gaming,35596.0,10.5
1562,Streamer_562,Gaming,30429.0,5.3
7441,Streamer_6441,Esports,14723.0,3.6
5494,Streamer_4494,Just Chatting,33886.0,7.9
4758,Streamer_3758,Arte,26075.0,4.6
4241,Streamer_3241,Just Chatting,28444.0,10.3
1504,Streamer_504,,48004.0,10.4
8431,Streamer_7431,Esports,44048.0,5.0
7543,Streamer_6543,Arte,37318.0,3.0
10797,Streamer_9797,Musica,7172.0,1.2
14239,Streamer_13239,Gaming,5492.0,4.1
11618,Streamer_10618,Esports,14157.0,4.5
19306,Streamer_18306,Esports,22673.0,4.2
3299,Streamer_2299,Esports,30681.0,8.7
20480,Streamer_19480,Just Chatting,36543.0,6.2
10475,Streamer_9475,Just Chatting,46086.0,4.1
3268,Streamer_2268,Musica,23046.0,3.2
15907,Streamer_14907,Just Chatting,5995.0,3.1
7714,Streamer_6714,Gaming,27460.0,9.6
4740,Streamer_3740,Just Chatting,44252.0,4.3
14358,Streamer_13358,Arte,24799.0,11.5
17543,Streamer_16543,Esports,28245.0,10.5
6826,Streamer_5826,Just Chatting,5556.0,7.9
15973,Streamer_14973,Musica,41101.0,7.1
8867,Streamer_7867,Just Chatting,27692.0,10.6
2454,Streamer_1454,Arte,32316.0,7.8
14496,Streamer_13496,Just Chatting,6333.0,4.4
9659,Streamer_8659,Gaming,2019.0,2.5
7602,Streamer_6602,Arte,9645.0,11.6
2199,Streamer_1199,Arte,22982.0,2.4
5856,Streamer_4856,Esports,34991.0,5.0
15249,Streamer_14249,Musica,12347.0,6.1
3514,Streamer_2514,Gaming,29514.0,5.0
18828,Streamer_17828,Esports,20626.0,4.1
8164,Streamer_7164,Musica,28560.0,6.9
3155,Streamer_2155,Musica,4281.0,10.8
16704,Streamer_15704,Musica,2059.0,3.7
19216,Streamer_18216,Just Chatting,24228.0,4.7
9141,Streamer_8141,Gaming,35760.0,4.2
4360,Streamer_3360,Esports,10935.0,11.1
7976,Streamer_6976,Just Chatting,2106.0,7.9
2163,Streamer_1163,Arte,14548.0,3.4
19782,Streamer_18782,Arte,39651.0,3.7
14328,Streamer_13328,Arte,34585.0,11.2
6328,Streamer_5328,Arte,24777.0,7.7
2822,Streamer_1822,Musica,25203.0,9.3
2753,Streamer_1753,,4131.0,6.3
12000,Streamer_11000,Musica,45619.0,4.1
15221,Streamer_14221,Esports,4447.0,5.3
13136,Streamer_12136,Musica,19507.0,10.5
20054,Streamer_19054,Arte,40289.0,11.8
19426,Streamer_18426,Gaming,21727.0,10.8
9641,Streamer_8641,Arte,3806.0,9.2
13623,Streamer_12623,Musica,11933.0,11.0
9160,Streamer_8160,Musica,8979.0,6.4
10772,Streamer_9772,Just Chatting,35503.0,8.6
2473,Streamer_1473,Esports,33812.0,4.0
19543,Streamer_18543,Gaming,12481.0,10.9
1156,Streamer_156,Just Chatting,25288.0,5.6
12058,Streamer_11058,Esports,29989.0,11.0
19261,Streamer_18261,Arte,46841.0,10.6
15554,Streamer_14554,Gaming,8439.0,2.8
14819,Streamer_13819,Musica,49786.0,2.1
11513,Streamer_10513,Gaming,5663.0,1.1
7676,Streamer_6676,Arte,6831.0,5.3
6023,Streamer_5023,Musica,35867.0,5.2
2091,Streamer_1091,Esports,18135.0,9.6
11583,Streamer_10583,,1363.0,9.6
6976,Streamer_5976,Musica,33840.0,5.5
7626,Streamer_6626,Arte,3445.0,7.6
7861,Streamer_6861,Esports,21370.0,7.8
6684,Streamer_5684,Gaming,16293.0,10.1
6130,Streamer_5130,Gaming,4636.0,5.5
2838,Streamer_1838,Gaming,20512.0,10.6
11347,Streamer_10347,Just Chatting,16910.0,1.8
1177,Streamer_177,Just Chatting,2612.0,4.6
16946,,Musica,35202.0,7.7
19820,Streamer_18820,Esports,12346.0,9.7
10884,Streamer_9884,Arte,17974.0,11.4
10393,Streamer_9393,Esports,24045.0,4.9
18461,Streamer_17461,Esports,15113.0,10.6
13655,Streamer_12655,Esports,14456.0,2.2
14665,Streamer_13665,Arte,9992.0,10.8
19980,Streamer_18980,Musica,16729.0,8.1
14718,Streamer_13718,Musica,18497.0,11.6
10880,Streamer_9880,Musica,22764.0,5.4
2042,Streamer_1042,,27967.0,4.0
16041,Streamer_15041,Esports,41679.0,4.7
16590,Streamer_15590,Just Chatting,3335.0,10.8
17918,Streamer_16918,Gaming,35156.0,11.1
9459,Streamer_8459,Gaming,11465.0,4.6
9496,Streamer_8496,Gaming,20231.0,3.9
11324,Streamer_10324,Arte,5765.0,2.8
15630,Streamer_14630,Esports,13390.0,4.2
3652,Streamer_2652,Esports,39536.0,5.8
14262,Streamer_13262,Arte,42712.0,8.1
5914,Streamer_4914,Just Chatting,11458.0,4.5
18135,Streamer_17135,Just Chatting,2299.0,9.8
11830,Streamer_10830,Arte,61.0,7.5
8134,Streamer_7134,Musica,15137.0,3.8
15761,Streamer_14761,Gaming,13158.0,4.8
13004,Streamer_12004,Arte,25979.0,9.1
17131,Streamer_16131,Just Chatting,24276.0,8.9
20165,Streamer_19165,Musica,39017.0,3.0
6654,Streamer_5654,Arte,43292.0,3.1
4705,Streamer_3705,Esports,7147.0,8.1
9149,Streamer_8149,Musica,7317.0,11.1
11995,Streamer_10995,Arte,38167.0,4.2
18164,Streamer_17164,Just Chatting,33014.0,2.0
6782,Streamer_5782,Esports,20408.0,4.3
16896,Streamer_15896,Gaming,21888.0,5.3
18349,Streamer_17349,Esports,25318.0,3.0
6996,Streamer_5996,Esports,21192.0,7.1
16031,Streamer_15031,Gaming,34724.0,10.4
1380,Streamer_380,Musica,9617.0,6.2
6735,Streamer_5735,Arte,46297.0,7.3
10676,Streamer_9676,Gaming,39379.0,1.5
10293,Streamer_9293,Esports,14013.0,3.0
16382,Streamer_15382,Gaming,36486.0,2.8
11340,Streamer_10340,Musica,24090.0,8.9
10504,Streamer_9504,Esports,27595.0,1.8
17197,Streamer_16197,Esports,45637.0,9.4
16944,Streamer_15944,Gaming,1862.0,3.7
19486,Streamer_18486,Esports,21714.0,2.7
3361,Streamer_2361,Musica,33618.0,8.1
5775,Streamer_4775,Esports,4599.0,1.4
4215,Streamer_3215,Esports,,10.0
16636,Streamer_15636,Just Chatting,16283.0,1.6
19387,Streamer_18387,,29443.0,9.4
12805,Streamer_11805,Esports,36209.0,3.8
1089,Streamer_89,Esports,7055.0,4.4
18603,Streamer_17603,Arte,27450.0,4.7
3146,Streamer_2146,Just Chatting,6306.0,10.3
3207,Streamer_2207,Musica,26483.0,11.1
14451,Streamer_13451,,,11.0
10056,Streamer_9056,Just Chatting,23285.0,6.4
6276,Streamer_5276,Gaming,3128.0,7.3
7869,Streamer_6869,Gaming,47103.0,7.6
4660,Streamer_3660,Arte,1851.0,3.9
9636,Streamer_8636,Esports,43151.0,10.5
14992,Streamer_13992,,39696.0,3.8
6122,Streamer_5122,Musica,6771.0,4.3
6001,Streamer_5001,Arte,11662.0,8.9
16849,Streamer_15849,Arte,19856.0,1.0
9462,Streamer_8462,Just Chatting,39987.0,7.3
13325,Streamer_12325,,5649.0,7.7
4864,Streamer_3864,Esports,5820.0,8.6
7507,Streamer_6507,Esports,38822.0,5.8
14544,Streamer_13544,Esports,14662.0,7.7
15042,Streamer_14042,Musica,2812.0,6.9
18636,Streamer_17636,Esports,14615.0,7.3
15452,Streamer_14452,Gaming,27087.0,7.8
19036,Streamer_18036,Just Chatting,15293.0,6.7
1025,Streamer_25,Esports,1427.0,2.6
15139,Streamer_14139,Esports,30513.0,11.6
16890,Streamer_15890,Gaming,33451.0,10.1
4278,Streamer_3278,Just Chatting,35240.0,2.1
13516,Streamer_12516,Just Chatting,40018.0,8.0
13209,Streamer_12209,Esports,40170.0,6.4
9028,Streamer_8028,Esports,34152.0,8.4
6211,Streamer_5211,Arte,5964.0,9.0
15484,Streamer_14484,Esports,25774.0,2.8
5044,Streamer_4044,Gaming,4931.0,9.6
17650,Streamer_16650,Arte,8063.0,9.5
16454,Streamer_15454,Arte,5173.0,9.0
17375,Streamer_16375,Just Chatting,10460.0,9.4
13521,Streamer_12521,Just Chatting,8002.0,6.0
18902,Streamer_17902,Musica,463.0,10.6
20240,Streamer_19240,Gaming,24056.0,7.7
16324,Streamer_15324,Musica,32538.0,8.4
19258,Streamer_18258,Esports,30244.0,7.5
14126,Streamer_13126,Musica,30705.0,1.9
18671,Streamer_17671,Just Chatting,34701.0,8.3
16475,Streamer_15475,Esports,44915.0,4.6
20427,Streamer_19427,Musica,11769.0,11.2
16164,Streamer_15164,Gaming,28277.0,10.1
9573,Streamer_8573,Esports,12814.0,11.7
19704,Streamer_18704,Musica,19536.0,8.1
11543,Streamer_10543,Esports,42770.0,2.7
9841,Streamer_8841,Esports,31514.0,7.1
5611,Streamer_4611,Esports,14771.0,5.7
16029,Streamer_15029,Arte,46558.0,8.0
11648,Streamer_10648,Esports,7407.0,1.5
10464,Streamer_9464,Arte,,3.0
14478,Streamer_13478,Just Chatting,47182.0,7.2
5876,Streamer_4876,Arte,29243.0,3.5
8240,Streamer_7240,Musica,49059.0,8.4
15881,Streamer_14881,Gaming,12686.0,10.1
8466,Streamer_7466,Musica,28000.0,5.0
11930,Streamer_10930,Musica,10627.0,5.2
8148,Streamer_7148,Just Chatting,21081.0,10.2
4198,,Gaming,36912.0,3.8
8551,Streamer_7551,Arte,44529.0,4.2
6490,Streamer_5490,Gaming,46297.0,4.6
10747,Streamer_9747,Arte,941.0,2.1
3293,Streamer_2293,Musica,23864.0,7.1
9366,Streamer_8366,Arte,41976.0,10.7
6504,Streamer_5504,Gaming,16392.0,8.2
20095,Streamer_19095,Gaming,19728.0,5.2
18062,Streamer_17062,Gaming,2521.0,4.8
14115,Streamer_13115,Arte,43661.0,2.5
2615,Streamer_1615,Esports,4002.0,6.0
3136,Streamer_2136,Gaming,27713.0,10.2
15134,Streamer_14134,Musica,8706.0,11.5
18835,Streamer_17835,Esports,36998.0,9.8
16061,Streamer_15061,Gaming,9778.0,4.3
11553,Streamer_10553,Arte,35148.0,10.0
7515,Streamer_6515,Arte,29414.0,3.7
16861,Streamer_15861,Just Chatting,40954.0,8.0
7435,Streamer_6435,Esports,7074.0,10.1
14528,Streamer_13528,Esports,33104.0,1.7
16310,Streamer_15310,Musica,39190.0,4.0
17982,Streamer_16982,Just Chatting,22796.0,3.9
19098,Streamer_18098,Just Chatting,8046.0,9.6
9449,Streamer_8449,Esports,618.0,6.9
7611,Streamer_6611,Gaming,13168.0,1.1
14335,Streamer_13335,Esports,48261.0,11.8
20032,Streamer_19032,Gaming,7633.0,4.3
1616,Streamer_616,Arte,6018.0,11.2
6896,Streamer_5896,Arte,43075.0,6.0
11906,Streamer_10906,Musica,5735.0,11.2
9806,Streamer_8806,Musica,18354.0,8.1
19484,Streamer_18484,Musica,6045.0,2.7
15385,Streamer_14385,Esports,34432.0,1.0
15873,Streamer_14873,Gaming,36439.0,11.8
17052,Streamer_16052,Arte,43375.0,1.8
9694,Streamer_8694,Just Chatting,6324.0,7.6
13821,Streamer_12821,Musica,49861.0,1.1
15344,Streamer_14344,Musica,24129.0,3.0
11453,Streamer_10453,Esports,42900.0,2.3
9704,Streamer_8704,Arte,14221.0,5.1
9142,Streamer_8142,Musica,6644.0,2.7
7116,Streamer_6116,Gaming,1565.0,7.4
16211,Streamer_15211,Just Chatting,75.0,8.3
12485,Streamer_11485,Esports,45268.0,10.7
17769,Streamer_16769,Gaming,45431.0,3.7
7542,Streamer_6542,Musica,46021.0,7.7
11691,Streamer_10691,Musica,42746.0,7.9
16088,Streamer_15088,Esports,5236.0,6.1
20981,Streamer_19981,Arte,10323.0,2.6
9045,Streamer_8045,Musica,37901.0,11.1
5816,Streamer_4816,Esports,11934.0,5.8
8945,Streamer_7945,Musica,6916.0,11.4
7354,Streamer_6354,Gaming,41069.0,4.6
18775,Streamer_17775,Just Chatting,12326.0,2.5
5334,Streamer_4334,Arte,1474.0,2.2
16431,Streamer_15431,Gaming,18103.0,8.0
15376,Streamer_14376,Musica,20409.0,4.6
1148,Streamer_148,Arte,29740.0,4.8
20518,Streamer_19518,Musica,32995.0,8.7
16602,Streamer_15602,Arte,39926.0,12.0
18350,Streamer_17350,Musica,13028.0,7.8
1783,Streamer_783,Gaming,12265.0,11.8
13385,Streamer_12385,Arte,3515.0,4.2
5551,Streamer_4551,Esports,20405.0,6.5
10344,Streamer_9344,Esports,8267.0,9.1
1118,Streamer_118,Esports,17536.0,3.8
19369,Streamer_18369,Esports,25364.0,6.2
2403,Streamer_1403,Arte,11833.0,6.4
9939,Streamer_8939,Musica,34468.0,3.5
16693,Streamer_15693,Musica,48861.0,4.8
16076,Streamer_15076,Esports,28003.0,4.1
18234,Streamer_17234,Gaming,43822.0,3.0
15039,Streamer_14039,Gaming,38619.0,10.7
2004,Streamer_1004,Arte,7028.0,2.1
11679,Streamer_10679,Just Chatting,24188.0,4.1
14191,Streamer_13191,Musica,21004.0,5.9
2479,Streamer_1479,,42555.0,5.6
20361,Streamer_19361,Just Chatting,29636.0,11.7
5035,Streamer_4035,Arte,35056.0,8.8
16284,Streamer_15284,Esports,48515.0,9.2
17656,Streamer_16656,Musica,6217.0,4.7
12107,Streamer_11107,Musica,45805.0,10.9
18075,Streamer_17075,Arte,3106.0,7.3
14096,Streamer_13096,Gaming,2331.0,2.7
9785,Streamer_8785,Just Chatting,32667.0,8.1
12065,Streamer_11065,,11141.0,11.4
13692,Streamer_12692,Arte,35335.0,7.8
14486,Streamer_13486,Just Chatting,36502.0,3.6
6702,Streamer_5702,Arte,31025.0,5.5
4676,Streamer_3676,Just Chatting,29195.0,8.7
8004,Streamer_7004,Just Chatting,258.0,10.4
17378,Streamer_16378,,30962.0,9.5
7667,Streamer_6667,Musica,13727.0,5.6
17628,Streamer_16628,Musica,8701.0,3.7
5256,Streamer_4256,Esports,23271.0,1.8
2488,Streamer_1488,Esports,1435.0,4.2
12400,Streamer_11400,Just Chatting,32534.0,4.0
11502,Streamer_10502,Esports,35140.0,6.9
3499,Streamer_2499,Musica,28741.0,2.6
12316,Streamer_11316,Musica,25357.0,6.9
12432,Streamer_11432,Arte,42574.0,12.0
16498,Streamer_15498,Just Chatting,15723.0,4.8
11247,Streamer_10247,Esports,11119.0,1.5
17294,Streamer_16294,Esports,19464.0,6.6
16529,Streamer_15529,Arte,11227.0,5.0
12377,Streamer_11377,,10505.0,7.6
1930,Streamer_930,Just Chatting,19271.0,10.5
15052,Streamer_14052,Just Chatting,2711.0,8.7
12093,Streamer_11093,Just Chatting,581.0,2.9
14492,Streamer_13492,Esports,41194.0,9.6
1020,Streamer_20,Gaming,32729.0,6.2
13152,Streamer_12152,Musica,30983.0,2.8
1881,Streamer_881,Musica,48325.0,4.6
10656,Streamer_9656,Esports,77.0,10.2
9376,Streamer_8376,Arte,3475.0,7.3
6758,Streamer_5758,Arte,4468.0,9.9
2397,Streamer_1397,Arte,14608.0,2.3
19423,Streamer_18423,Gaming,27255.0,4.1
1355,Streamer_355,Esports,13851.0,6.1
14077,Streamer_13077,Just Chatting,8636.0,5.6
7807,Streamer_6807,Arte,45841.0,7.1
2892,Streamer_1892,Gaming,35248.0,3.2
11563,Streamer_10563,Just Chatting,31164.0,2.7
1157,Streamer_157,Gaming,27027.0,9.2
8742,Streamer_7742,Esports,39521.0,10.7
13124,Streamer_12124,Esports,17714.0,8.5
9584,Streamer_8584,Esports,6745.0,9.2
13240,Streamer_12240,Esports,19263.0,9.3
2580,Streamer_1580,Gaming,45825.0,2.1
7858,Streamer_6858,Musica,598.0,9.3
18837,Streamer_17837,Gaming,40533.0,2.3
4343,Streamer_3343,Arte,,9.6
16520,Streamer_15520,Esports,21551.0,8.6
8389,Streamer_7389,Arte,48824.0,4.1
6438,Streamer_5438,Esports,33589.0,8.4
3570,Streamer_2570,Esports,44728.0,4.7
18096,Streamer_17096,Arte,48148.0,10.6
5608,Streamer_4608,Gaming,29767.0,3.4
14454,Streamer_13454,Just Chatting,45442.0,3.6
7728,Streamer_6728,Just Chatting,41978.0,4.8
15069,Streamer_14069,Esports,31353.0,7.0
11168,Streamer_10168,Musica,787.0,12.0
8269,Streamer_7269,Musica,37636.0,11.4
12916,Streamer_11916,Musica,33648.0,9.2
8793,Streamer_7793,Gaming,7120.0,4.7
5925,Streamer_4925,Gaming,32434.0,10.1
1650,Streamer_650,Arte,11188.0,11.5
4625,Streamer_3625,Arte,33307.0,2.2
1523,Streamer_523,Arte,40616.0,3.4
8955,Streamer_7955,Just Chatting,2404.0,2.0
10989,Streamer_9989,Musica,18526.0,1.9
2680,Streamer_1680,Gaming,1918.0,6.7
20831,Streamer_19831,Arte,36716.0,7.2
4821,Streamer_3821,Just Chatting,45590.0,2.3
19777,Streamer_18777,Just Chatting,42317.0,2.0
6346,Streamer_5346,Musica,38335.0,5.7
12227,Streamer_11227,Musica,6968.0,6.5
7813,Streamer_6813,Arte,29382.0,8.2
3550,Streamer_2550,Arte,19606.0,1.2
7992,Streamer_6992,Arte,1096.0,3.2
18698,Streamer_17698,Just Chatting,17006.0,1.6
4734,Streamer_3734,Gaming,33800.0,3.8
15509,Streamer_14509,Gaming,48235.0,2.9
20190,Streamer_19190,Gaming,17947.0,6.9
17635,Streamer_16635,Musica,32285.0,1.6
20539,Streamer_19539,Arte,8437.0,5.1
17224,Streamer_16224,Esports,44494.0,4.0
17116,Streamer_16116,Just Chatting,40364.0,1.7
6952,Streamer_5952,Arte,7308.0,7.9
2346,Streamer_1346,Esports,38872.0,9.1
13033,Streamer_12033,Just Chatting,33541.0,4.9
14950,Streamer_13950,Esports,35917.0,5.5
7549,Streamer_6549,Musica,29158.0,5.3
11849,Streamer_10849,Esports,25372.0,9.2
7258,Streamer_6258,Musica,44867.0,5.4
16279,Streamer_15279,Gaming,33944.0,4.1
18080,Streamer_17080,Esports,37568.0,3.3
5088,Streamer_4088,Arte,32607.0,5.1
9663,Streamer_8663,Musica,26432.0,8.9
5391,Streamer_4391,Arte,13207.0,3.6
1096,Streamer_96,Gaming,14793.0,10.2
9283,Streamer_8283,Esports,49276.0,8.0
17436,Streamer_16436,Just Chatting,7262.0,3.8
10023,Streamer_9023,Arte,11576.0,5.9
17905,Streamer_16905,Arte,17158.0,8.7
19192,Streamer_18192,Gaming,9869.0,8.6
6055,Streamer_5055,Arte,4482.0,8.3
2586,Streamer_1586,Just Chatting,9612.0,4.4
10515,Streamer_9515,Esports,6619.0,3.8
1386,Streamer_386,Musica,36714.0,10.6
14175,Streamer_13175,Just Chatting,22927.0,9.9
20902,Streamer_19902,,3992.0,11.5
7115,Streamer_6115,Gaming,16935.0,5.3
6920,Streamer_5920,Esports,7247.0,10.4
14800,Streamer_13800,Arte,20195.0,4.1
20203,Streamer_19203,Esports,26244.0,1.5
18578,Streamer_17578,Esports,48136.0,9.0
8399,Streamer_7399,Musica,,3.6
3139,Streamer_2139,Esports,47723.0,4.2
1497,Streamer_497,Gaming,48195.0,7.4
18704,Streamer_17704,Musica,9484.0,4.1
7510,Streamer_6510,Gaming,33573.0,2.6
15154,Streamer_14154,Just Chatting,20149.0,3.1
17405,Streamer_16405,Just Chatting,47735.0,9.3
4331,Streamer_3331,Gaming,29270.0,5.5
6048,Streamer_5048,Musica,14817.0,8.2
2746,Streamer_1746,Arte,23738.0,11.6
3492,Streamer_2492,Arte,34480.0,5.9
14253,Streamer_13253,Esports,6621.0,4.8
19594,Streamer_18594,Musica,2216.0,7.2
14450,Streamer_13450,Arte,17255.0,5.9
8995,Streamer_7995,Just Chatting,10263.0,6.8
8082,Streamer_7082,Arte,32951.0,4.2
11272,Streamer_10272,Musica,25514.0,6.8
14168,Streamer_13168,Esports,49262.0,5.6
15467,Streamer_14467,Just Chatting,46276.0,11.5
3176,,Gaming,2250.0,5.0
11525,Streamer_10525,Esports,26918.0,1.0
5705,Streamer_4705,Just Chatting,5954.0,6.7
11724,Streamer_10724,Esports,28791.0,4.7
7370,Streamer_6370,Just Chatting,3734.0,11.7
5858,Streamer_4858,Arte,213.0,9.5
3343,Streamer_2343,Musica,36371.0,6.9
20184,Streamer_19184,Musica,16737.0,11.8
9124,Streamer_8124,Arte,22159.0,5.9
17449,Streamer_16449,Just Chatting,42622.0,11.1
1238,Streamer_238,Musica,1128.0,9.0
6408,Streamer_5408,Just Chatting,47165.0,10.4
10503,Streamer_9503,Musica,2164.0,5.0
12351,Streamer_11351,Arte,26905.0,6.0
9679,Streamer_8679,Just Chatting,18133.0,6.0
6349,Streamer_5349,Just Chatting,38156.0,10.3
8098,Streamer_7098,Musica,36298.0,7.2
18675,Streamer_17675,Musica,44712.0,2.2
4260,Streamer_3260,Esports,35170.0,6.0
17101,Streamer_16101,Esports,35276.0,5.5
13159,Streamer_12159,Arte,3152.0,6.4
18082,Streamer_17082,Esports,8951.0,5.4
4849,Streamer_3849,Just Chatting,46460.0,7.7
1201,Streamer_201,Musica,5601.0,6.1
7206,Streamer_6206,Gaming,1137.0,8.4
18242,Streamer_17242,Musica,35228.0,11.7
7067,Streamer_6067,Gaming,9222.0,3.6
9195,Streamer_8195,Gaming,25363.0,9.3
9774,Streamer_8774,Arte,,9.9
1623,Streamer_623,Musica,46716.0,4.1
19280,Streamer_18280,Gaming,25715.0,3.1
2283,Streamer_1283,Arte,17905.0,2.0
16116,Streamer_15116,Just Chatting,7282.0,2.2
9705,Streamer_8705,Arte,,6.2
8859,Streamer_7859,Arte,24431.0,11.5
9998,Streamer_8998,Gaming,25416.0,9.4
15264,Streamer_14264,Musica,18573.0,4.7
12951,Streamer_11951,Esports,22477.0,7.0
12243,Streamer_11243,Gaming,298.0,1.6
18038,Streamer_17038,Arte,27764.0,10.8
19641,Streamer_18641,Esports,11946.0,9.5
4452,Streamer_3452,Arte,38170.0,7.6
15786,Streamer_14786,Arte,6915.0,1.9
11263,Streamer_10263,Esports,27076.0,1.0
8291,Streamer_7291,Esports,30757.0,2.1
15532,Streamer_14532,Arte,34435.0,3.0
10488,Streamer_9488,Musica,40676.0,4.0
18646,Streamer_17646,Gaming,35773.0,10.6
16884,Streamer_15884,Just Chatting,31795.0,11.7
4438,Streamer_3438,Esports,22689.0,7.5
12328,Streamer_11328,Arte,24815.0,11.8
7504,Streamer_6504,Gaming,17084.0,8.8
18908,Streamer_17908,Just Chatting,34351.0,6.4
15468,Streamer_14468,Esports,1142.0,12.0
10567,Streamer_9567,Musica,18883.0,5.5
16224,Streamer_15224,Musica,,10.1
17574,Streamer_16574,Arte,25272.0,5.2
10869,Streamer_9869,Just Chatting,31888.0,3.3
13978,Streamer_12978,Just Chatting,241.0,11.5
12780,Streamer_11780,Just Chatting,24618.0,8.3
2353,Streamer_1353,Arte,44959.0,7.1
9307,Streamer_8307,Just Chatting,48275.0,6.7
17114,Streamer_16114,Esports,33435.0,5.1
13779,Streamer_12779,Arte,47817.0,9.8
8909,Streamer_7909,Musica,18999.0,2.1
9793,Streamer_8793,Musica,29664.0,11.3
10702,Streamer_9702,Esports,44064.0,6.7
16986,Streamer_15986,Just Chatting,27234.0,7.5
1252,Streamer_252,Esports,6065.0,5.3
17442,Streamer_16442,Arte,44590.0,4.3
1320,Streamer_320,Just Chatting,46099.0,4.9
12592,Streamer_11592,Musica,18968.0,9.7
10431,Streamer_9431,Just Chatting,44790.0,6.3
20269,Streamer_19269,Esports,,6.6
14495,Streamer_13495,Arte,41064.0,10.8
5094,Streamer_4094,Arte,28754.0,11.1
12427,Streamer_11427,Just Chatting,11324.0,10.3
5612,Streamer_4612,Musica,5009.0,10.0
11251,Streamer_10251,Arte,13158.0,6.2
5103,Streamer_4103,Just Chatting,38160.0,9.9
7305,Streamer_6305,Arte,23316.0,6.6
19079,Streamer_18079,Gaming,6908.0,2.3
5590,Streamer_4590,Esports,45463.0,3.4
12458,Streamer_11458,Musica,49436.0,5.3
16466,Streamer_15466,Arte,19675.0,9.9
6938,Streamer_5938,Musica,34609.0,2.3
8106,Streamer_7106,Esports,,10.3
5180,Streamer_4180,Arte,5879.0,3.8
10432,Streamer_9432,Just Chatting,6348.0,6.7
13122,Streamer_12122,Esports,36609.0,9.5
1898,Streamer_898,Musica,22263.0,8.3
14764,Streamer_13764,Esports,33798.0,11.8
3977,Streamer_2977,Arte,18855.0,5.3
9590,Streamer_8590,Gaming,28482.0,9.1
20934,Streamer_19934,Gaming,20848.0,7.3
8747,Streamer_7747,Gaming,28413.0,11.1
4950,Streamer_3950,Arte,17765.0,2.3
4048,Streamer_3048,Gaming,48286.0,3.8
5395,Streamer_4395,Arte,4429.0,5.1
3705,Streamer_2705,Just Chatting,3379.0,3.0
9592,Streamer_8592,Gaming,40434.0,5.7
10843,Streamer_9843,Musica,13784.0,1.6
11972,Streamer_10972,Gaming,26150.0,10.3
10785,Streamer_9785,Just Chatting,12556.0,3.6
6502,Streamer_5502,Just Chatting,22607.0,7.5
9700,Streamer_8700,Gaming,44401.0,4.7
15333,Streamer_14333,Arte,49501.0,3.9
16442,Streamer_15442,Just Chatting,41284.0,10.4
6587,Streamer_5587,Gaming,23909.0,5.8
11959,Streamer_10959,Just Chatting,46343.0,10.9
2257,Streamer_1257,Musica,13054.0,2.9
19045,Streamer_18045,Just Chatting,47989.0,9.7
14104,Streamer_13104,Gaming,26434.0,3.7
1546,Streamer_546,Esports,34676.0,2.4
4001,Streamer_3001,Musica,12595.0,3.8
8321,Streamer_7321,Arte,33076.0,10.7
6752,Streamer_5752,Arte,40497.0,1.7
5795,Streamer_4795,Gaming,38530.0,7.8
15582,Streamer_14582,Gaming,39245.0,4.5
16422,Streamer_15422,Esports,43519.0,7.6
8312,Streamer_7312,Esports,35386.0,2.2
10645,Streamer_9645,Just Chatting,33311.0,11.4
10675,Streamer_9675,Musica,38839.0,1.6
6332,Streamer_5332,Just Chatting,30950.0,7.3
14899,Streamer_13899,Musica,19369.0,7.6
3206,Streamer_2206,Arte,28079.0,1.5
10878,Streamer_9878,Musica,7850.0,1.5
8990,Streamer_7990,Just Chatting,23841.0,5.9
14743,Streamer_13743,Gaming,23472.0,2.2
8359,Streamer_7359,Gaming,12652.0,9.9
5632,Streamer_4632,Esports,41380.0,2.4
19723,Streamer_18723,Arte,23217.0,6.5
9365,Streamer_8365,Esports,36530.0,1.5
6173,Streamer_5173,Gaming,45975.0,7.1
1322,Streamer_322,Arte,18525.0,7.8
9684,Streamer_8684,Esports,32078.0,9.7
10409,Streamer_9409,Arte,38617.0,3.3
6107,Streamer_5107,Esports,3386.0,1.2
18549,Streamer_17549,Esports,40996.0,7.2
6950,Streamer_5950,Gaming,38480.0,10.7
14520,Streamer_13520,Gaming,21467.0,9.3
11070,Streamer_10070,Musica,30968.0,6.0
7255,Streamer_6255,,39552.0,10.9
11546,Streamer_10546,Musica,21802.0,11.2
11879,Streamer_10879,Arte,17635.0,5.9
3517,Streamer_2517,Arte,36323.0,4.2
16146,Streamer_15146,Esports,7343.0,7.2
20594,Streamer_19594,Gaming,9453.0,12.0
14670,Streamer_13670,Just Chatting,46293.0,9.9
5116,Streamer_4116,Musica,27679.0,5.7
2698,Streamer_1698,Arte,26764.0,4.7
2839,Streamer_1839,Just Chatting,4505.0,7.0
6656,Streamer_5656,Gaming,38095.0,2.6
2607,Streamer_1607,Arte,41094.0,5.2
18055,Streamer_17055,Just Chatting,41979.0,9.7
15162,Streamer_14162,Just Chatting,48906.0,10.4
16316,Streamer_15316,Esports,10013.0,2.5
18949,Streamer_17949,Esports,45464.0,1.4
20935,Streamer_19935,Arte,25380.0,3.8
4031,Streamer_3031,Gaming,34559.0,6.5
4267,Streamer_3267,Musica,21594.0,9.1
11295,Streamer_10295,Gaming,10944.0,11.6
6404,Streamer_5404,Arte,37080.0,6.1
1865,Streamer_865,Esports,29959.0,8.5
8790,Streamer_7790,Musica,41343.0,2.9
14905,Streamer_13905,Musica,9013.0,1.2
18638,Streamer_17638,Arte,6526.0,9.5
1525,Streamer_525,Arte,14554.0,8.5
1746,Streamer_746,Gaming,4375.0,9.1
3324,Streamer_2324,Musica,48963.0,11.9
5742,Streamer_4742,Musica,32436.0,2.4
6465,Streamer_5465,Gaming,25163.0,10.3
6476,Streamer_5476,Arte,22465.0,6.2
17073,Streamer_16073,,22999.0,5.7
19605,Streamer_18605,Musica,19630.0,8.2
11677,Streamer_10677,Musica,19730.0,3.9
13421,Streamer_12421,Arte,28320.0,6.5
5583,Streamer_4583,Esports,49171.0,5.4
6247,Streamer_5247,Musica,21250.0,6.2
16814,Streamer_15814,,7806.0,3.7
10020,Streamer_9020,Arte,10991.0,4.3
18556,Streamer_17556,Just Chatting,33878.0,6.4
4296,Streamer_3296,Esports,9853.0,7.6
16098,Streamer_15098,Arte,49050.0,1.5
20723,Streamer_19723,Just Chatting,20175.0,4.6
10077,Streamer_9077,Esports,48511.0,7.8
19559,Streamer_18559,Musica,875.0,3.8
17599,Streamer_16599,Esports,42281.0,4.9
9703,Streamer_8703,Gaming,44225.0,8.0
13701,Streamer_12701,,1073.0,10.6
19067,Streamer_18067,Musica,39838.0,3.4
14787,Streamer_13787,Arte,23716.0,5.0
7520,Streamer_6520,Musica,17060.0,8.1
20230,Streamer_19230,Esports,37735.0,9.3
14044,Streamer_13044,Just Chatting,35960.0,2.2
8892,Streamer_7892,Gaming,32965.0,8.8
1885,Streamer_885,Musica,45719.0,5.4
13281,Streamer_12281,Esports,24197.0,10.5
8332,Streamer_7332,Musica,6447.0,3.8
1586,Streamer_586,Esports,43941.0,8.5
10642,Streamer_9642,Gaming,44020.0,10.4
4202,Streamer_3202,Musica,10727.0,7.0
9408,Streamer_8408,Gaming,38599.0,6.2
3241,Streamer_2241,Arte,38745.0,10.2
16691,,Just Chatting,21949.0,10.8
13093,Streamer_12093,Just Chatting,7675.0,11.4
14348,Streamer_13348,Arte,36348.0,8.6
17243,Streamer_16243,Just Chatting,1770.0,5.7
18777,Streamer_17777,Gaming,28364.0,6.7
19909,Streamer_18909,Gaming,11191.0,2.6
8205,Streamer_7205,Just Chatting,20600.0,4.8
12052,Streamer_11052,Musica,17862.0,6.0
10094,Streamer_9094,Musica,48987.0,11.5
6095,Streamer_5095,Esports,41870.0,9.2
18025,Streamer_17025,Musica,43495.0,9.2
19165,Streamer_18165,Esports,6715.0,8.4
12895,Streamer_11895,Gaming,42636.0,2.2
7186,Streamer_6186,Just Chatting,10917.0,11.7
20953,Streamer_19953,Gaming,20639.0,4.8
9361,Streamer_8361,Just Chatting,7906.0,7.3
13925,Streamer_12925,Arte,41127.0,6.0
7777,Streamer_6777,Musica,,6.8
18239,Streamer_17239,Just Chatting,9098.0,7.2
3695,Streamer_2695,Just Chatting,43311.0,5.0
18293,Streamer_17293,Musica,13795.0,6.7
11344,Streamer_10344,Esports,39254.0,7.2
15668,Streamer_14668,Esports,35884.0,11.9
7587,Streamer_6587,Esports,2522.0,10.0
9482,Streamer_8482,Musica,12172.0,2.8
11734,Streamer_10734,Musica,47982.0,10.7
15328,Streamer_14328,Just Chatting,23360.0,9.7
20545,Streamer_19545,Arte,17801.0,9.8
10377,Streamer_9377,Esports,3103.0,2.1
9649,Streamer_8649,Arte,26016.0,5.9
5047,Streamer_4047,Musica,35997.0,11.2
20893,Streamer_19893,Just Chatting,39576.0,2.4
16057,Streamer_15057,Esports,20188.0,6.6
5796,Streamer_4796,Musica,25997.0,1.9
2907,Streamer_1907,Gaming,35149.0,7.9
3773,Streamer_2773,Arte,4923.0,7.3
12720,Streamer_11720,Arte,6849.0,6.9
19469,Streamer_18469,Arte,49429.0,5.9
4929,Streamer_3929,Just Chatting,11470.0,9.1
20414,Streamer_19414,Gaming,17720.0,8.9
7110,Streamer_6110,Musica,16898.0,2.4
12844,Streamer_11844,Just Chatting,23685.0,2.8
19919,Streamer_18919,Musica,30811.0,6.0
1469,Streamer_469,Arte,44824.0,2.8
10448,Streamer_9448,Musica,4352.0,8.7
9310,Streamer_8310,Gaming,2755.0,7.7
17691,Streamer_16691,Just Chatting,42523.0,10.7
11652,,Musica,45696.0,1.3
10928,Streamer_9928,Musica,10536.0,2.6
2866,Streamer_1866,Esports,20947.0,9.7
20357,Streamer_19357,Just Chatting,31620.0,8.3
6579,Streamer_5579,Musica,37786.0,9.1
20256,Streamer_19256,Just Chatting,46911.0,2.6
9586,Streamer_8586,Just Chatting,16910.0,6.6
3850,Streamer_2850,Arte,26342.0,7.0
18204,Streamer_17204,Gaming,18686.0,2.8
4887,Streamer_3887,Just Chatting,47900.0,3.4
6877,Streamer_5877,Musica,30674.0,11.8
17409,Streamer_16409,,36656.0,3.5
12156,Streamer_11156,Esports,12452.0,7.1
10225,Streamer_9225,Arte,17788.0,4.2
11398,Streamer_10398,Esports,10190.0,9.3
12438,Streamer_11438,Esports,43389.0,8.4
18641,Streamer_17641,Gaming,22041.0,2.1
12713,Streamer_11713,Esports,8571.0,4.8
10102,Streamer_9102,Gaming,38038.0,11.8
19065,Streamer_18065,Arte,46699.0,11.0
1868,Streamer_868,Musica,13017.0,5.8
12581,Streamer_11581,Esports,30464.0,10.3
20337,Streamer_19337,Esports,930.0,1.6
15822,Streamer_14822,Just Chatting,15218.0,9.0
19410,Streamer_18410,Just Chatting,4047.0,6.5
20483,Streamer_19483,Esports,21011.0,11.3
13383,Streamer_12383,Arte,7822.0,2.8
3409,Streamer_2409,Esports,41984.0,1.9
1701,Streamer_701,Arte,39607.0,9.7
4361,Streamer_3361,Gaming,32566.0,7.4
17186,Streamer_16186,Musica,37024.0,4.6
1195,Streamer_195,Arte,6417.0,6.8
11106,Streamer_10106,Esports,12850.0,8.6
10950,Streamer_9950,Just Chatting,45402.0,3.6
5905,Streamer_4905,Gaming,,2.4
20192,,Arte,11892.0,2.4
14519,Streamer_13519,Musica,26318.0,8.5
9709,Streamer_8709,Musica,31783.0,10.4
6949,Streamer_5949,Musica,,4.2
1832,Streamer_832,Musica,30410.0,9.5
13095,Streamer_12095,Musica,32008.0,4.3
2510,Streamer_1510,Arte,19338.0,4.6
3527,Streamer_2527,Gaming,12608.0,3.8
9538,Streamer_8538,Just Chatting,49617.0,7.3
12778,Streamer_11778,Arte,27467.0,3.9
12110,Streamer_11110,Just Chatting,20070.0,10.6
18343,Streamer_17343,Arte,8679.0,5.3
3436,Streamer_2436,Just Chatting,3805.0,4.7
8201,Streamer_7201,Gaming,22847.0,8.9
14542,Streamer_13542,Esports,5807.0,5.7
20752,Streamer_19752,Just Chatting,37924.0,2.9
15716,Streamer_14716,Just Chatting,39575.0,9.8
3487,Streamer_2487,Just Chatting,31638.0,9.5
3529,Streamer_2529,Arte,27143.0,10.8
13338,Streamer_12338,Gaming,33690.0,5.4
17099,Streamer_16099,Arte,46846.0,6.3
10559,Streamer_9559,Musica,14765.0,11.4
8853,Streamer_7853,Just Chatting,44230.0,2.1
2131,Streamer_1131,Just Chatting,32221.0,11.9
10862,Streamer_9862,Just Chatting,14.0,4.3
8157,Streamer_7157,Arte,5324.0,10.0
7480,Streamer_6480,Gaming,5772.0,8.4
8666,Streamer_7666,Gaming,36224.0,9.3
14998,Streamer_13998,Gaming,32208.0,5.6
19204,Streamer_18204,Musica,2260.0,11.3
2588,Streamer_1588,Esports,41450.0,1.3
12044,Streamer_11044,Musica,23856.0,6.9
3955,Streamer_2955,Esports,5566.0,7.1
2652,Streamer_1652,Esports,6596.0,2.9
17614,Streamer_16614,Arte,12135.0,8.4
5516,Streamer_4516,Gaming,11145.0,8.8
10334,Streamer_9334,Musica,33974.0,7.3
18127,Streamer_17127,Musica,8126.0,9.2
9010,Streamer_8010,Arte,23404.0,2.5
10216,Streamer_9216,Gaming,43484.0,5.7
4095,Streamer_3095,Musica,31606.0,9.5
5881,Streamer_4881,Gaming,33331.0,9.6
16744,Streamer_15744,Just Chatting,28730.0,11.0
18867,Streamer_17867,Arte,2937.0,5.2
17904,Streamer_16904,Just Chatting,34117.0,3.7
16713,Streamer_15713,Gaming,40424.0,8.3
19900,Streamer_18900,Gaming,17374.0,4.7
3802,Streamer_2802,Gaming,37656.0,5.4
6655,Streamer_5655,Arte,30812.0,10.2
17524,Streamer_16524,Just Chatting,36117.0,3.0
18418,Streamer_17418,Esports,2029.0,9.5
5646,Streamer_4646,Gaming,31241.0,2.7
15644,Streamer_14644,Just Chatting,21878.0,2.9
20618,Streamer_19618,Arte,49244.0,4.3
12074,Streamer_11074,Musica,5245.0,8.2
15952,Streamer_14952,Just Chatting,16260.0,7.3
4035,Streamer_3035,Esports,7098.0,11.9
10728,Streamer_9728,Musica,28489.0,1.9
13022,Streamer_12022,Esports,20290.0,8.6
5258,Streamer_4258,Musica,16787.0,11.7
5000,Streamer_4000,Esports,29785.0,3.0
10101,Streamer_9101,Just Chatting,38562.0,1.9
7201,Streamer_6201,Arte,36500.0,5.9
17739,Streamer_16739,Esports,21259.0,5.9
2196,Streamer_1196,Gaming,13981.0,3.0
2178,Streamer_1178,Arte,2614.0,2.4
17529,Streamer_16529,Arte,13709.0,9.0
5042,Streamer_4042,Gaming,1798.0,11.4
12723,Streamer_11723,Musica,8384.0,5.4
13797,Streamer_12797,Esports,,7.4
17166,Streamer_16166,Arte,,3.4
6175,Streamer_5175,Gaming,6036.0,8.2
6837,Streamer_5837,Just Chatting,36808.0,9.1
1280,Streamer_280,Esports,48446.0,9.4
5523,Streamer_4523,Musica,11672.0,7.2
14948,Streamer_13948,Musica,34473.0,7.6
15117,Streamer_14117,Esports,40838.0,10.1
16419,Streamer_15419,Esports,12982.0,4.7
3247,Streamer_2247,Musica,45000.0,9.6
6313,Streamer_5313,Gaming,7708.0,10.4
15633,Streamer_14633,Musica,24922.0,6.1
5140,Streamer_4140,Just Chatting,47881.0,8.7
5241,Streamer_4241,Esports,26754.0,3.9
10116,Streamer_9116,Gaming,17255.0,8.6
1508,Streamer_508,Just Chatting,37721.0,8.3
6002,Streamer_5002,Gaming,45306.0,1.0
3968,Streamer_2968,Arte,37147.0,5.0
16526,Streamer_15526,Musica,40651.0,10.6
4653,Streamer_3653,Esports,6659.0,7.9
4732,Streamer_3732,Gaming,43044.0,9.0
5541,Streamer_4541,Gaming,35627.0,6.2
10117,Streamer_9117,Arte,32688.0,10.6
19556,Streamer_18556,Esports,33535.0,5.5
9071,Streamer_8071,Musica,15084.0,8.7
4306,Streamer_3306,Arte,7868.0,8.7
14761,Streamer_13761,Arte,43226.0,8.3
6913,Streamer_5913,Just Chatting,32673.0,8.7
8096,Streamer_7096,Gaming,33368.0,6.0
14048,Streamer_13048,Musica,11802.0,10.2
4626,Streamer_3626,Gaming,28379.0,4.5
18694,Streamer_17694,Musica,12228.0,2.6
5002,Streamer_4002,Arte,33061.0,6.4
9237,Streamer_8237,Gaming,39167.0,3.5
6792,Streamer_5792,Musica,34592.0,3.7
13229,Streamer_12229,Gaming,8490.0,10.9
6721,Streamer_5721,Gaming,41172.0,11.0
8557,Streamer_7557,Esports,8599.0,4.1
8254,Streamer_7254,Arte,18819.0,2.7
9600,Streamer_8600,Esports,31554.0,4.1
14817,Streamer_13817,,11649.0,2.8
19418,Streamer_18418,Just Chatting,41768.0,9.8
4155,Streamer_3155,Arte,21804.0,7.6
15503,Streamer_14503,Musica,4873.0,4.4
5333,Streamer_4333,Esports,4853.0,2.0
6011,Streamer_5011,Gaming,38913.0,9.1
16731,Streamer_15731,Musica,21802.0,3.2
12249,Streamer_11249,Esports,27260.0,11.6
16710,Streamer_15710,Arte,14281.0,9.5
9851,Streamer_8851,Just Chatting,29801.0,1.6
7353,Streamer_6353,Gaming,14687.0,5.6
13799,Streamer_12799,Musica,35031.0,10.1
1470,Streamer_470,Gaming,6475.0,4.6
13144,Streamer_12144,Just Chatting,18975.0,3.3
5617,Streamer_4617,Gaming,10619.0,7.9
16983,Streamer_15983,Esports,32621.0,10.9
7140,Streamer_6140,Arte,24923.0,1.4
18607,Streamer_17607,Gaming,17167.0,2.7
19574,Streamer_18574,Musica,3276.0,8.1
14174,Streamer_13174,Arte,8690.0,5.8
16333,Streamer_15333,Gaming,35173.0,6.8
6759,Streamer_5759,Just Chatting,6143.0,8.1
19906,Streamer_18906,,43208.0,2.4
18576,Streamer_17576,Gaming,18602.0,4.8
2958,Streamer_1958,Gaming,5846.0,7.4
1300,Streamer_300,Musica,27315.0,3.1
3416,Streamer_2416,Esports,35539.0,1.6
1401,Streamer_401,Musica,1981.0,10.7
12430,Streamer_11430,Arte,2764.0,3.2
17010,Streamer_16010,Arte,4536.0,5.4
16830,Streamer_15830,Gaming,22853.0,11.2
19068,Streamer_18068,Esports,657.0,5.0
8680,Streamer_7680,Just Chatting,30291.0,3.5
4204,Streamer_3204,Esports,8181.0,1.4
8031,Streamer_7031,Gaming,47529.0,9.4
4022,Streamer_3022,Gaming,31982.0,1.9
9654,Streamer_8654,Esports,13477.0,1.9
20933,Streamer_19933,Arte,10202.0,1.1
19243,Streamer_18243,Just Chatting,36555.0,3.9
7776,Streamer_6776,Esports,27799.0,11.6
2363,Streamer_1363,Gaming,33890.0,11.9
14120,Streamer_13120,Just Chatting,7185.0,3.0
5187,Streamer_4187,Gaming,1327.0,10.0
11773,Streamer_10773,Just Chatting,13002.0,10.0
11641,Streamer_10641,Gaming,21192.0,11.1
18933,Streamer_17933,Esports,14444.0,3.2
16892,Streamer_15892,Esports,48848.0,10.0
13005,Streamer_12005,Just Chatting,39426.0,6.2
20210,Streamer_19210,Just Chatting,40411.0,7.9
4528,Streamer_3528,Musica,39528.0,5.0
15737,Streamer_14737,Arte,19032.0,4.0
12477,Streamer_11477,Esports,27136.0,3.6
16998,Streamer_15998,Gaming,44648.0,3.6
20326,Streamer_19326,Just Chatting,14130.0,4.2
11093,Streamer_10093,Musica,33599.0,7.9
4180,Streamer_3180,Musica,47777.0,9.2
16052,Streamer_15052,Arte,3936.0,1.5
3229,Streamer_2229,Gaming,40004.0,8.1
18722,Streamer_17722,Musica,34764.0,7.5
14806,Streamer_13806,Musica,48148.0,10.7
13848,Streamer_12848,Gaming,9399.0,2.9
20722,Streamer_19722,Musica,25788.0,1.5
18209,Streamer_17209,Esports,28425.0,7.7
20258,Streamer_19258,Just Chatting,2521.0,5.9
11320,Streamer_10320,Musica,10340.0,10.1
3192,Streamer_2192,Gaming,16976.0,9.4
11997,Streamer_10997,Musica,48915.0,8.2
13410,Streamer_12410,Gaming,27155.0,9.2
3952,Streamer_2952,Just Chatting,13406.0,2.5
13085,Streamer_12085,Just Chatting,20686.0,9.9
15868,Streamer_14868,Musica,8082.0,6.4
7786,Streamer_6786,Musica,5392.0,3.8
15607,Streamer_14607,Gaming,47889.0,4.4
2619,Streamer_1619,Esports,3448.0,2.6
13258,Streamer_12258,Arte,12689.0,4.1
9726,Streamer_8726,Musica,26156.0,9.2
17255,Streamer_16255,Arte,36523.0,6.2
4773,Streamer_3773,Just Chatting,35118.0,5.1
5282,Streamer_4282,Arte,24826.0,11.4
18793,Streamer_17793,Arte,10864.0,4.2
5573,Streamer_4573,Gaming,31245.0,7.0
1785,Streamer_785,Gaming,47147.0,2.9
2643,Streamer_1643,Arte,221.0,10.0
2609,Streamer_1609,Just Chatting,37840.0,9.0
15924,Streamer_14924,Arte,9122.0,7.7
6773,Streamer_5773,Just Chatting,11133.0,6.8
13001,Streamer_12001,Gaming,7280.0,10.7
11167,Streamer_10167,Esports,27871.0,3.7
5769,Streamer_4769,Esports,41013.0,5.8
16625,Streamer_15625,Musica,10111.0,7.0
6751,Streamer_5751,Gaming,45184.0,5.9
14275,Streamer_13275,Gaming,22692.0,4.3
5173,Streamer_4173,Gaming,10954.0,4.6
12439,Streamer_11439,Just Chatting,8237.0,5.7
12075,Streamer_11075,Esports,45928.0,11.9
12899,Streamer_11899,Gaming,20625.0,11.5
18398,Streamer_17398,Musica,45074.0,10.2
5251,Streamer_4251,Gaming,32572.0,2.2
10247,Streamer_9247,Gaming,48316.0,9.7
11243,Streamer_10243,Just Chatting,42916.0,8.1
18961,Streamer_17961,Musica,26845.0,2.2
15616,Streamer_14616,Musica,2515.0,4.2
12560,Streamer_11560,Gaming,47992.0,10.7
8696,Streamer_7696,Esports,17888.0,6.1
19967,Streamer_18967,,37780.0,7.5
15904,Streamer_14904,Musica,5451.0,3.5
9136,Streamer_8136,Arte,9287.0,2.2
19736,Streamer_18736,Arte,23964.0,8.6
9996,Streamer_8996,Just Chatting,24341.0,1.2
8259,Streamer_7259,Arte,24522.0,8.3
4285,Streamer_3285,Esports,,7.6
19872,Streamer_18872,Esports,48148.0,6.1
2883,Streamer_1883,Gaming,1034.0,8.0
14963,Streamer_13963,Esports,23885.0,6.3
8210,Streamer_7210,Just Chatting,27151.0,2.8
4738,Streamer_3738,Gaming,11530.0,5.4
5150,Streamer_4150,,5501.0,2.6
4616,Streamer_3616,Gaming,48717.0,6.0
13448,Streamer_12448,Musica,14513.0,3.6
17079,Streamer_16079,Esports,30635.0,8.4
10835,Streamer_9835,Arte,21607.0,10.6
2364,Streamer_1364,Musica,8708.0,1.9
14304,Streamer_13304,Just Chatting,24059.0,9.2
5584,Streamer_4584,Arte,33368.0,2.1
19286,Streamer_18286,Arte,18822.0,6.7
3863,Streamer_2863,Esports,17963.0,3.7
11626,Streamer_10626,Just Chatting,13074.0,1.4
11762,Streamer_10762,Gaming,28078.0,2.6
1603,Streamer_603,Just Chatting,45298.0,10.0
13574,Streamer_12574,Arte,19505.0,6.6
18885,Streamer_17885,Esports,27891.0,4.9
4737,Streamer_3737,Just Chatting,38085.0,9.5
19564,Streamer_18564,Just Chatting,12471.0,11.9
20116,Streamer_19116,Arte,42379.0,3.4
6697,Streamer_5697,Just Chatting,41364.0,1.8
2879,Streamer_1879,Esports,36880.0,5.0
4121,Streamer_3121,Gaming,7022.0,1.2
2258,Streamer_1258,Gaming,6298.0,11.9
16805,Streamer_15805,Just Chatting,18832.0,5.5
17145,Streamer_16145,Musica,44576.0,6.4
6709,Streamer_5709,Musica,23907.0,7.3
4822,Streamer_3822,Musica,33577.0,10.5
18523,Streamer_17523,Gaming,33862.0,10.1
20964,Streamer_19964,Musica,34854.0,3.8
7624,Streamer_6624,Gaming,1637.0,10.5
20597,Streamer_19597,Gaming,12382.0,7.3
9261,Streamer_8261,Esports,26962.0,10.4
7848,Streamer_6848,Esports,27402.0,4.5
6149,Streamer_5149,Just Chatting,46002.0,11.7
18649,Streamer_17649,Just Chatting,2223.0,4.9
1093,Streamer_93,Arte,1242.0,6.3
12277,Streamer_11277,Just Chatting,19024.0,8.3
13933,Streamer_12933,Arte,34146.0,10.5
20700,Streamer_19700,Arte,5024.0,10.1
16528,Streamer_15528,Arte,35451.0,5.6
18552,Streamer_17552,Arte,48352.0,9.5
1167,Streamer_167,Gaming,,5.7
20025,Streamer_19025,Musica,20346.0,11.7
18070,Streamer_17070,Just Chatting,21864.0,3.7
9219,Streamer_8219,Just Chatting,7692.0,11.4
7669,Streamer_6669,Musica,47072.0,2.1
6372,Streamer_5372,Esports,49494.0,10.1
7374,Streamer_6374,Just Chatting,48489.0,9.7
16741,Streamer_15741,Musica,30319.0,4.1
4356,Streamer_3356,Musica,46603.0,4.1
9567,Streamer_8567,Musica,20527.0,4.6
13015,Streamer_12015,Just Chatting,15597.0,10.9
6418,Streamer_5418,Musica,27954.0,8.7
18507,Streamer_17507,Gaming,6819.0,8.9
12923,Streamer_11923,Musica,39038.0,1.6
19102,Streamer_18102,Musica,27439.0,3.1
15300,Streamer_14300,Arte,30723.0,5.5
18065,Streamer_17065,Arte,35056.0,2.5
4875,Streamer_3875,Esports,35146.0,9.7
13686,Streamer_12686,Gaming,44874.0,3.9
16688,Streamer_15688,Musica,13316.0,7.5
8916,Streamer_7916,Esports,38435.0,1.3
12265,Streamer_11265,Just Chatting,41862.0,2.1
19622,Streamer_18622,Arte,36411.0,8.7
11478,Streamer_10478,Arte,6873.0,2.0
20762,Streamer_19762,Musica,11408.0,6.3
14661,Streamer_13661,Just Chatting,22870.0,1.4
5833,Streamer_4833,Gaming,4918.0,8.8
9375,Streamer_8375,Gaming,2384.0,5.6
14902,Streamer_13902,Just Chatting,10603.0,1.2
17014,Streamer_16014,Esports,4957.0,9.8
15050,Streamer_14050,Musica,44551.0,1.8
16666,Streamer_15666,Arte,31317.0,5.2
2114,Streamer_1114,Musica,4357.0,9.4
19740,Streamer_18740,Arte,47711.0,3.2
4495,Streamer_3495,Gaming,3906.0,6.0
14571,Streamer_13571,Just Chatting,38979.0,8.1
4863,Streamer_3863,Musica,16741.0,4.1
3272,Streamer_2272,Gaming,23828.0,7.1
5597,Streamer_4597,Gaming,21114.0,4.4
6954,Streamer_5954,Gaming,6900.0,7.4
9208,Streamer_8208,Musica,49342.0,2.4
11081,Streamer_10081,Gaming,5040.0,3.0
1773,Streamer_773,Esports,31658.0,4.2
16334,Streamer_15334,Gaming,24828.0,4.9
20396,Streamer_19396,Arte,6447.0,3.0
10006,Streamer_9006,Just Chatting,10994.0,1.2
13369,Streamer_12369,Just Chatting,19819.0,10.8
8735,Streamer_7735,Just Chatting,34788.0,9.4
18486,Streamer_17486,Just Chatting,9570.0,9.8
11740,Streamer_10740,Esports,32967.0,9.5
8229,Streamer_7229,Gaming,35063.0,4.7
14539,Streamer_13539,Gaming,17950.0,5.5
18170,Streamer_17170,Just Chatting,421.0,6.4
19456,Streamer_18456,Musica,7031.0,1.1
16083,Streamer_15083,Just Chatting,1899.0,5.9
14855,Streamer_13855,Arte,10733.0,3.9
1318,Streamer_318,Just Chatting,27736.0,9.3
11671,Streamer_10671,Musica,35369.0,2.5
19021,Streamer_18021,Esports,25607.0,9.7
1291,Streamer_291,Arte,7125.0,3.9
17947,Streamer_16947,Just Chatting,35859.0,5.3
9598,Streamer_8598,Gaming,41349.0,4.7
1074,Streamer_74,Gaming,20029.0,4.3
4379,Streamer_3379,Gaming,13948.0,1.2
14587,Streamer_13587,Esports,551.0,3.6
11136,Streamer_10136,Esports,22960.0,6.3
4225,Streamer_3225,Esports,26612.0,2.2
7816,Streamer_6816,Just Chatting,20544.0,6.9
3519,Streamer_2519,Gaming,19650.0,4.3
8065,Streamer_7065,Esports,35615.0,3.7
20502,Streamer_19502,Arte,1287.0,3.4
16948,Streamer_15948,Gaming,29970.0,8.2
10246,Streamer_9246,Just Chatting,11768.0,8.8
14526,Streamer_13526,Just Chatting,47713.0,1.2
5652,Streamer_4652,Esports,34018.0,6.9
9690,Streamer_8690,Musica,24514.0,1.3
19379,Streamer_18379,Musica,42304.0,1.7
11455,Streamer_10455,Arte,360.0,1.7
9139,Streamer_8139,Esports,21177.0,11.3
16104,Streamer_15104,Just Chatting,11354.0,11.2
9547,Streamer_8547,Arte,25834.0,1.3
11447,Streamer_10447,Arte,10081.0,11.3
10471,Streamer_9471,Arte,40014.0,8.1
1719,Streamer_719,Just Chatting,14886.0,10.3
11750,Streamer_10750,Musica,789.0,1.1
17429,Streamer_16429,Arte,28217.0,2.9
2928,Streamer_1928,Gaming,44029.0,11.0
9039,Streamer_8039,Musica,43433.0,8.6
15167,Streamer_14167,Esports,9330.0,5.5
14413,Streamer_13413,Esports,18636.0,4.2
7774,,Gaming,5308.0,1.7
19024,Streamer_18024,Arte,26211.0,9.0
15361,Streamer_14361,Arte,8841.0,5.4
8744,Streamer_7744,Musica,2643.0,10.1
6268,Streamer_5268,Musica,10470.0,5.6
3314,Streamer_2314,Gaming,40179.0,8.9
4090,Streamer_3090,Arte,7661.0,7.9
1258,Streamer_258,Musica,8433.0,2.5
2997,Streamer_1997,Just Chatting,25849.0,10.9
20942,Streamer_19942,Gaming,29616.0,11.3
19449,Streamer_18449,,19267.0,5.3
17521,Streamer_16521,Gaming,41428.0,9.0
13671,Streamer_12671,Arte,34629.0,2.3
11008,Streamer_10008,Gaming,40666.0,10.4
9585,Streamer_8585,Just Chatting,1733.0,11.6
17020,Streamer_16020,Just Chatting,25239.0,8.0
15600,Streamer_14600,Arte,44390.0,10.2
19806,Streamer_18806,Arte,43420.0,6.8
18706,Streamer_17706,Gaming,45837.0,1.1
11329,Streamer_10329,Gaming,47760.0,1.1
1463,Streamer_463,Musica,23222.0,2.7
14861,Streamer_13861,Arte,38467.0,7.3
19940,Streamer_18940,Esports,28479.0,6.8
1940,Streamer_940,Musica,12658.0,8.3
11268,Streamer_10268,Arte,25227.0,1.4
10302,Streamer_9302,Just Chatting,11322.0,6.4
17770,Streamer_16770,Musica,32134.0,8.3
16285,Streamer_15285,Musica,22364.0,1.7
12739,Streamer_11739,Musica,38238.0,1.8
15056,Streamer_14056,Musica,40659.0,9.2
16101,Streamer_15101,Musica,34262.0,1.3
20394,Streamer_19394,Esports,1695.0,3.3
12389,Streamer_11389,Just Chatting,45171.0,11.9
17088,Streamer_16088,Just Chatting,26780.0,9.6
5253,Streamer_4253,Musica,42528.0,1.0
20150,Streamer_19150,Gaming,13398.0,3.7
1450,Streamer_450,Arte,11192.0,6.4
9090,Streamer_8090,Musica,730.0,3.5
4108,Streamer_3108,Just Chatting,24978.0,11.0
8444,Streamer_7444,Just Chatting,20479.0,3.2
13135,Streamer_12135,Just Chatting,1095.0,1.6
1090,Streamer_90,Musica,38642.0,10.2
16188,Streamer_15188,Gaming,22394.0,11.7
15029,Streamer_14029,Gaming,2182.0,1.7
2946,Streamer_1946,Musica,45470.0,6.8
3132,Streamer_2132,Arte,47126.0,7.5
19002,Streamer_18002,Arte,2153.0,5.3
2244,Streamer_1244,Gaming,15008.0,8.4
2354,Streamer_1354,Arte,38715.0,5.6
7688,Streamer_6688,Esports,45387.0,1.2
16483,Streamer_15483,Esports,1309.0,1.3
13858,Streamer_12858,Esports,25866.0,10.4
12384,Streamer_11384,Musica,17482.0,1.9
5025,Streamer_4025,Esports,27069.0,10.7
3561,Streamer_2561,Esports,16779.0,3.1
17607,Streamer_16607,Gaming,28748.0,8.8
2856,Streamer_1856,Esports,22389.0,5.8
6022,Streamer_5022,Esports,43369.0,6.8
8626,Streamer_7626,Gaming,38905.0,5.3
18011,Streamer_17011,Musica,20301.0,8.9
9930,Streamer_8930,Musica,39883.0,1.2
10933,Streamer_9933,Musica,20673.0,7.8
4010,Streamer_3010,Gaming,1475.0,11.3
7788,Streamer_6788,Just Chatting,4557.0,8.4
17681,Streamer_16681,Esports,37132.0,10.5
10018,Streamer_9018,Gaming,7629.0,2.9
12972,Streamer_11972,Musica,2960.0,2.6
18480,Streamer_17480,Esports,28520.0,10.1
11396,Streamer_10396,Esports,1264.0,6.2
9111,Streamer_8111,Esports,23757.0,1.9
16843,Streamer_15843,Just Chatting,28246.0,11.9
9363,Streamer_8363,Musica,46059.0,3.5
13334,Streamer_12334,Gaming,7796.0,4.0
9442,Streamer_8442,Arte,11090.0,6.2
19356,Streamer_18356,Esports,20122.0,6.3
17920,Streamer_16920,Gaming,35030.0,4.2
17452,Streamer_16452,Just Chatting,2914.0,6.7
10939,Streamer_9939,Esports,38756.0,10.8
13056,Streamer_12056,Musica,30848.0,9.7
13491,Streamer_12491,Musica,6303.0,10.9
18899,Streamer_17899,Esports,17987.0,9.5
5390,Streamer_4390,Esports,9355.0,6.9
8523,Streamer_7523,Esports,,4.6
12878,Streamer_11878,Esports,32648.0,2.6
15108,Streamer_14108,Arte,44272.0,10.4
13157,Streamer_12157,Arte,22519.0,3.9
5317,Streamer_4317,Just Chatting,31149.0,4.1
12064,Streamer_11064,Musica,28213.0,2.6
9923,Streamer_8923,Esports,38997.0,7.8
7673,Streamer_6673,Esports,18917.0,1.2
10402,Streamer_9402,Esports,30386.0,5.2
19965,Streamer_18965,Arte,10725.0,4.1
18092,Streamer_17092,Gaming,,7.0
8963,Streamer_7963,Musica,20831.0,7.5
18812,Streamer_17812,Gaming,31949.0,1.9
2413,Streamer_1413,Arte,26454.0,1.6
14755,Streamer_13755,Musica,19894.0,2.2
8598,Streamer_7598,Musica,12505.0,5.0
13855,Streamer_12855,Esports,34445.0,8.5
17679,Streamer_16679,Esports,26886.0,7.8
11307,Streamer_10307,Arte,46757.0,3.0
9267,Streamer_8267,Arte,94.0,8.0
13703,Streamer_12703,Esports,14307.0,11.5
6005,Streamer_5005,Arte,19816.0,3.4
17206,Streamer_16206,Musica,3815.0,4.2
11452,Streamer_10452,Musica,18797.0,5.8
12056,Streamer_11056,Esports,19458.0,1.0
14497,Streamer_13497,Gaming,47623.0,4.7
3932,Streamer_2932,Arte,34972.0,3.4
14285,Streamer_13285,Gaming,478.0,8.5
10389,Streamer_9389,Just Chatting,5019.0,9.0
3970,Streamer_2970,Esports,28977.0,8.4
16734,Streamer_15734,Musica,49558.0,11.2
12681,Streamer_11681,Musica,32609.0,4.1
19132,Streamer_18132,Just Chatting,1254.0,3.0
3658,Streamer_2658,Just Chatting,20337.0,9.3
2484,Streamer_1484,Esports,2378.0,6.5
7078,Streamer_6078,Musica,37137.0,1.4
3982,Streamer_2982,Gaming,17638.0,5.8
13158,Streamer_12158,Gaming,34864.0,10.0
4193,Streamer_3193,Just Chatting,39027.0,8.0
1455,Streamer_455,Arte,,2.8
14829,Streamer_13829,Arte,19407.0,6.1
9720,Streamer_8720,Musica,21488.0,2.8
15253,Streamer_14253,Just Chatting,26006.0,7.1
2853,Streamer_1853,Musica,,5.3
17118,Streamer_16118,Esports,42256.0,7.3
13578,Streamer_12578,Esports,40363.0,8.7
7616,Streamer_6616,Arte,33048.0,8.5
8705,Streamer_7705,Musica,39106.0,7.3
12055,Streamer_11055,Esports,13438.0,3.9
17858,Streamer_16858,Gaming,5140.0,1.5
16399,Streamer_15399,Musica,48144.0,5.4
13551,Streamer_12551,Musica,38845.0,8.8
8870,Streamer_7870,Esports,44914.0,3.5
4146,Streamer_3146,Esports,49605.0,3.7
1622,Streamer_622,Just Chatting,15693.0,9.1
3644,Streamer_2644,Just Chatting,48999.0,8.4
11085,Streamer_10085,Gaming,34731.0,12.0
13976,Streamer_12976,Just Chatting,4211.0,10.4
13479,Streamer_12479,Just Chatting,29829.0,11.0
8167,Streamer_7167,Gaming,34985.0,8.8
16064,Streamer_15064,Esports,17144.0,7.0
18981,Streamer_17981,Musica,35474.0,1.8
3764,Streamer_2764,Arte,39519.0,10.3
6662,Streamer_5662,Arte,18958.0,6.1
16970,Streamer_15970,Arte,42053.0,8.0
2393,Streamer_1393,Arte,5632.0,6.4
20475,Streamer_19475,Arte,2519.0,11.6
4450,Streamer_3450,Musica,24923.0,9.0
7345,Streamer_6345,Gaming,48772.0,7.6
19472,Streamer_18472,Gaming,13842.0,6.4
10499,Streamer_9499,Arte,44806.0,11.5
3034,Streamer_2034,Esports,10.0,5.8
12229,Streamer_11229,Esports,29423.0,9.4
15492,Streamer_14492,Esports,186.0,11.1
4605,Streamer_3605,Just Chatting,,5.2
2631,Streamer_1631,Just Chatting,2095.0,11.9
20122,Streamer_19122,Arte,49546.0,5.8
12822,Streamer_11822,Gaming,2042.0,5.8
5506,Streamer_4506,Musica,39090.0,10.3
1075,Streamer_75,Musica,13402.0,11.9
1854,Streamer_854,Musica,22533.0,9.7
17263,Streamer_16263,Gaming,44374.0,11.5
20622,Streamer_19622,Esports,45364.0,1.5
5132,Streamer_4132,Gaming,39804.0,2.1
10273,Streamer_9273,Gaming,23665.0,2.7
6568,Streamer_5568,Esports,24095.0,1.5
2990,Streamer_1990,Just Chatting,10334.0,11.9
12073,Streamer_11073,Arte,4120.0,9.2
17205,Streamer_16205,Just Chatting,21755.0,5.2
13247,Streamer_12247,Musica,47991.0,3.2
3890,Streamer_2890,Just Chatting,22338.0,4.0
5614,Streamer_4614,Gaming,35397.0,1.7
8324,Streamer_7324,Gaming,40057.0,6.6
1712,Streamer_712,Esports,45446.0,2.9
4319,Streamer_3319,Arte,12237.0,3.2
5249,Streamer_4249,Gaming,18498.0,10.8
8445,Streamer_7445,Arte,35915.0,9.0
6073,Streamer_5073,Esports,5937.0,6.4
3857,Streamer_2857,Musica,15240.0,10.3
13246,Streamer_12246,Arte,12492.0,11.3
13216,Streamer_12216,Just Chatting,35150.0,6.5
6060,Streamer_5060,Gaming,28477.0,6.8
11190,Streamer_10190,Just Chatting,6234.0,8.2
11223,Streamer_10223,Esports,45187.0,10.1
5580,Streamer_4580,Arte,38795.0,10.5
10221,Streamer_9221,Arte,26801.0,9.3
18695,Streamer_17695,Just Chatting,43309.0,11.7
15388,Streamer_14388,Arte,9915.0,11.2
4876,Streamer_3876,Esports,35832.0,1.8
12564,Streamer_11564,Musica,41119.0,2.5
16024,Streamer_15024,Gaming,27071.0,8.6
8519,Streamer_7519,Esports,43215.0,8.6
10261,Streamer_9261,Esports,44379.0,3.1
12910,Streamer_11910,Arte,43668.0,5.7
3072,Streamer_2072,Musica,33683.0,9.8
7359,Streamer_6359,Musica,6215.0,9.0
1761,Streamer_761,Arte,29722.0,3.0
5023,Streamer_4023,Esports,36858.0,9.0
15174,Streamer_14174,Arte,36458.0,7.3
20171,Streamer_19171,Just Chatting,24686.0,4.3
16960,Streamer_15960,Just Chatting,27075.0,5.9
10849,Streamer_9849,Gaming,34920.0,11.6
14840,,Esports,5666.0,10.4
17473,Streamer_16473,Gaming,30288.0,2.0
5695,Streamer_4695,Musica,30994.0,9.2
4824,Streamer_3824,Arte,21726.0,2.2
12693,Streamer_11693,Musica,7089.0,1.9
15793,Streamer_14793,Musica,28741.0,8.7
1316,Streamer_316,Gaming,30214.0,3.0
12606,Streamer_11606,Gaming,48932.0,2.6
6941,Streamer_5941,Musica,26172.0,3.3
9175,Streamer_8175,Arte,49919.0,10.4
1505,Streamer_505,Just Chatting,46070.0,1.8
14378,Streamer_13378,Just Chatting,41457.0,11.2
13302,Streamer_12302,Musica,44369.0,3.8
13571,Streamer_12571,Musica,19555.0,9.5
15669,Streamer_14669,Arte,42991.0,2.6
5635,Streamer_4635,Musica,10126.0,1.5
11694,Streamer_10694,Gaming,42763.0,11.6
7322,Streamer_6322,Esports,14772.0,10.5
7008,Streamer_6008,Gaming,48373.0,7.4
8815,Streamer_7815,Arte,25780.0,3.0
13260,Streamer_12260,Arte,19728.0,8.1
5771,Streamer_4771,Musica,38577.0,2.8
12586,Streamer_11586,Musica,40921.0,3.8
12170,Streamer_11170,Esports,21349.0,8.4
14210,Streamer_13210,Gaming,40514.0,7.8
7532,Streamer_6532,Just Chatting,11729.0,11.8
9500,Streamer_8500,Arte,41992.0,9.2
11891,Streamer_10891,Musica,10043.0,1.9
19046,Streamer_18046,Esports,28188.0,3.6
6730,Streamer_5730,Gaming,24537.0,11.4
4754,Streamer_3754,Arte,42891.0,5.6
1315,Streamer_315,Just Chatting,24891.0,10.2
15326,Streamer_14326,Arte,6515.0,6.7
1351,Streamer_351,Esports,48932.0,7.5
2674,Streamer_1674,Arte,32318.0,9.1
9913,Streamer_8913,Arte,9134.0,1.1
10938,Streamer_9938,Musica,21363.0,2.4
17272,Streamer_16272,Just Chatting,48725.0,11.4
18920,Streamer_17920,Esports,17743.0,1.3
20516,Streamer_19516,Musica,12005.0,9.6
20817,Streamer_19817,Esports,9269.0,6.7
2250,Streamer_1250,Musica,29777.0,3.5
11061,Streamer_10061,Gaming,36299.0,4.7
10860,Streamer_9860,Arte,10508.0,2.6
16916,Streamer_15916,Gaming,14682.0,10.1
17878,Streamer_16878,,47799.0,2.8
11275,Streamer_10275,Gaming,44480.0,2.5
20447,Streamer_19447,Just Chatting,15988.0,2.5
2571,Streamer_1571,Just Chatting,4472.0,1.4
13084,Streamer_12084,Just Chatting,6489.0,6.7
2724,Streamer_1724,Musica,,3.8
10288,Streamer_9288,Just Chatting,28959.0,10.8
14060,Streamer_13060,Esports,17077.0,10.3
3525,Streamer_2525,Just Chatting,12719.0,9.1
2305,Streamer_1305,Gaming,14488.0,3.6
18484,Streamer_17484,Arte,32752.0,8.5
13713,Streamer_12713,Arte,44298.0,6.1
18994,Streamer_17994,Esports,41085.0,8.8
13983,Streamer_12983,,34150.0,7.7
9526,Streamer_8526,Just Chatting,48895.0,7.5
11141,Streamer_10141,Just Chatting,2610.0,10.4
4564,Streamer_3564,Gaming,30090.0,9.5
12435,Streamer_11435,Arte,34178.0,1.1
4099,Streamer_3099,Gaming,37991.0,3.8
2799,Streamer_1799,Gaming,42421.0,5.1
4621,Streamer_3621,Arte,30794.0,11.8
4522,Streamer_3522,Esports,8651.0,1.5
7689,Streamer_6689,Arte,15882.0,7.6
1856,Streamer_856,Musica,46937.0,8.6
18261,Streamer_17261,Esports,30392.0,8.0
7726,Streamer_6726,Gaming,38039.0,1.5
8415,Streamer_7415,Just Chatting,46035.0,4.4
6458,Streamer_5458,Arte,4061.0,6.0
13862,Streamer_12862,Arte,42110.0,2.7
19842,Streamer_18842,Gaming,27043.0,9.2
15778,Streamer_14778,Arte,1163.0,11.5
7903,Streamer_6903,Just Chatting,24261.0,9.1
7294,Streamer_6294,Arte,546.0,8.7
15186,Streamer_14186,Just Chatting,33828.0,7.2
1673,,Just Chatting,15329.0,8.8
11467,Streamer_10467,Gaming,6252.0,11.4
6972,Streamer_5972,,7444.0,1.4
11205,Streamer_10205,Gaming,22520.0,9.6
8360,Streamer_7360,Arte,19728.0,10.4
15365,Streamer_14365,Arte,47001.0,5.8
9001,Streamer_8001,Esports,36208.0,2.5
18256,Streamer_17256,Gaming,15403.0,5.7
18149,Streamer_17149,Arte,3779.0,6.9
2052,Streamer_1052,Arte,21486.0,2.3
4174,Streamer_3174,Gaming,19355.0,8.3
8559,Streamer_7559,Musica,22988.0,4.3
20740,Streamer_19740,Gaming,18687.0,10.2
17160,Streamer_16160,Esports,40711.0,8.3
7210,Streamer_6210,Arte,3320.0,1.3
14160,Streamer_13160,Gaming,20244.0,2.8
10824,Streamer_9824,Esports,14331.0,3.5
11562,Streamer_10562,Musica,28635.0,1.3
10093,Streamer_9093,Just Chatting,553.0,10.3
3109,Streamer_2109,Musica,39296.0,9.7
14565,Streamer_13565,Just Chatting,25218.0,8.2
4372,Streamer_3372,Arte,5869.0,4.0
7571,Streamer_6571,Esports,27676.0,9.4
10923,Streamer_9923,Arte,37198.0,7.0
19415,Streamer_18415,Musica,42806.0,2.5
15890,Streamer_14890,Musica,27817.0,8.5
20797,Streamer_19797,Just Chatting,26809.0,7.1
8697,Streamer_7697,Gaming,26249.0,8.9
8855,Streamer_7855,Just Chatting,3162.0,10.5
8137,Streamer_7137,Esports,21447.0,8.3
2385,Streamer_1385,Just Chatting,1829.0,4.8
14085,Streamer_13085,Esports,37737.0,11.8
5093,Streamer_4093,Musica,15586.0,5.5
12797,Streamer_11797,Esports,14618.0,1.0
20794,Streamer_19794,Musica,8390.0,8.4
7820,Streamer_6820,Esports,21862.0,6.6
15087,Streamer_14087,Esports,5760.0,3.6
14738,Streamer_13738,Just Chatting,5984.0,7.2
3235,Streamer_2235,Esports,27051.0,10.7
11443,Streamer_10443,Gaming,,10.3
20304,Streamer_19304,Esports,17404.0,11.6
18199,Streamer_17199,Musica,26380.0,7.7
10844,Streamer_9844,Esports,28776.0,2.5
2971,Streamer_1971,Esports,23211.0,9.0
19076,Streamer_18076,Esports,17770.0,5.9
4389,Streamer_3389,Arte,8683.0,1.6
5815,Streamer_4815,Musica,37780.0,6.8
10648,Streamer_9648,Arte,22823.0,4.9
6338,Streamer_5338,Esports,23636.0,9.4
2566,Streamer_1566,Arte,22813.0,10.7
10997,Streamer_9997,Arte,6247.0,1.5
13396,Streamer_12396,Gaming,28630.0,1.6
5041,Streamer_4041,Esports,46207.0,9.7
3195,Streamer_2195,,20532.0,5.7
18534,Streamer_17534,Gaming,12715.0,6.6
18466,Streamer_17466,Musica,47405.0,2.0
9046,Streamer_8046,Musica,24246.0,8.5
11725,Streamer_10725,Musica,6483.0,7.4
3837,Streamer_2837,Musica,48564.0,3.7
5669,Streamer_4669,Gaming,631.0,4.6
8863,Streamer_7863,Musica,11957.0,5.5
2647,Streamer_1647,Esports,13270.0,11.0
17198,Streamer_16198,Esports,46545.0,7.7
17644,Streamer_16644,Just Chatting,44319.0,4.9
7629,Streamer_6629,Esports,18013.0,6.0
20541,Streamer_19541,Musica,25108.0,2.7
3685,Streamer_2685,Gaming,416.0,10.9
7044,Streamer_6044,Esports,33917.0,9.5
1720,Streamer_720,Esports,26728.0,10.6
8107,Streamer_7107,Arte,25044.0,7.2
9929,Streamer_8929,Esports,29449.0,7.4
2882,Streamer_1882,Just Chatting,40833.0,8.7
11032,Streamer_10032,Gaming,22702.0,3.9
17196,Streamer_16196,Just Chatting,45349.0,3.5
4590,Streamer_3590,Esports,6244.0,7.5
15373,Streamer_14373,Arte,38597.0,2.9
17980,Streamer_16980,Just Chatting,23605.0,11.8
13176,Streamer_12176,Arte,2730.0,7.1
16973,Streamer_15973,Gaming,34010.0,4.9
10441,Streamer_9441,Gaming,47012.0,9.4
11483,Streamer_10483,Musica,13613.0,9.4
10430,Streamer_9430,Just Chatting,13036.0,1.4
16732,Streamer_15732,Arte,35688.0,8.2
3935,Streamer_2935,Just Chatting,2535.0,6.8
7779,Streamer_6779,Arte,17706.0,8.6
15824,Streamer_14824,Musica,35694.0,10.7
17026,Streamer_16026,Just Chatting,49557.0,5.4
12223,Streamer_11223,Esports,24147.0,2.3
13742,Streamer_12742,Gaming,6029.0,10.0
4703,Streamer_3703,Gaming,49974.0,3.2
3909,Streamer_2909,Arte,35690.0,11.2
3312,Streamer_2312,Just Chatting,9410.0,9.3
11296,Streamer_10296,Esports,19677.0,4.1
5805,Streamer_4805,Musica,36524.0,8.6
19064,Streamer_18064,Esports,17147.0,6.5
14954,Streamer_13954,Arte,4229.0,8.7
11624,Streamer_10624,Musica,34940.0,2.6
15080,Streamer_14080,,26422.0,6.7
6790,Streamer_5790,Arte,726.0,3.2
9514,Streamer_8514,Musica,24802.0,5.1
9080,Streamer_8080,Musica,22801.0,6.1
15416,Streamer_14416,Just Chatting,16560.0,6.4
16824,Streamer_15824,Gaming,33611.0,2.2
6593,Streamer_5593,Musica,31551.0,7.7
4159,Streamer_3159,Just Chatting,40689.0,5.5
7129,Streamer_6129,Arte,27481.0,11.0
5994,Streamer_4994,Musica,48656.0,7.5
16016,Streamer_15016,Gaming,39558.0,2.3
1863,Streamer_863,Esports,40095.0,9.9
15298,Streamer_14298,Gaming,1224.0,10.1
11835,Streamer_10835,Esports,28008.0,5.1
5505,Streamer_4505,Just Chatting,39728.0,1.2
16129,Streamer_15129,Esports,41368.0,5.7
1338,Streamer_338,Arte,47921.0,10.8
1961,Streamer_961,Esports,23149.0,6.1
6273,Streamer_5273,Musica,42214.0,1.5
14203,Streamer_13203,Gaming,4876.0,2.3
15398,Streamer_14398,Just Chatting,,1.1
20219,Streamer_19219,Gaming,9363.0,9.0
1714,Streamer_714,Musica,21909.0,1.6
9894,Streamer_8894,Esports,31715.0,9.0
9637,Streamer_8637,Just Chatting,16566.0,7.4
6466,Streamer_5466,Just Chatting,19347.0,4.6
2676,Streamer_1676,Arte,6179.0,2.7
7434,Streamer_6434,Arte,34328.0,10.4
18998,Streamer_17998,Esports,46679.0,10.4
20412,Streamer_19412,Musica,20834.0,8.6
15340,Streamer_14340,Gaming,21052.0,6.7
1250,Streamer_250,Musica,41819.0,11.9
19644,Streamer_18644,Arte,13829.0,3.5
14976,Streamer_13976,Arte,44127.0,10.1
19378,Streamer_18378,Gaming,29571.0,9.8
12572,Streamer_11572,Just Chatting,10809.0,5.8
19692,Streamer_18692,Gaming,34356.0,1.8
16074,Streamer_15074,Esports,39168.0,4.1
19728,Streamer_18728,Just Chatting,44652.0,7.9
5921,Streamer_4921,Arte,9074.0,8.7
19716,Streamer_18716,Musica,7766.0,3.7
8396,Streamer_7396,Gaming,42832.0,1.8
17512,Streamer_16512,Gaming,23471.0,7.5
12366,Streamer_11366,Musica,7861.0,10.3
5493,Streamer_4493,Gaming,18110.0,10.0
11427,Streamer_10427,Gaming,48451.0,1.3
13971,Streamer_12971,Gaming,2419.0,6.7
13057,Streamer_12057,Arte,11289.0,2.4
4219,Streamer_3219,Just Chatting,30177.0,10.3
19398,Streamer_18398,Arte,9598.0,1.3
13927,Streamer_12927,Gaming,20291.0,6.1
17369,Streamer_16369,Arte,35686.0,9.1
14416,Streamer_13416,Musica,32227.0,5.9
18858,Streamer_17858,Just Chatting,15870.0,8.0
2642,Streamer_1642,Just Chatting,44647.0,10.6
9456,Streamer_8456,Just Chatting,10443.0,4.1
5200,Streamer_4200,Arte,39667.0,8.0
14566,Streamer_13566,Musica,20814.0,7.9
14740,Streamer_13740,Gaming,33486.0,10.4
1425,Streamer_425,Musica,27246.0,5.2
1941,Streamer_941,,20069.0,3.6
19695,Streamer_18695,Musica,1990.0,12.0
16506,Streamer_15506,Just Chatting,30385.0,3.2
3962,Streamer_2962,Just Chatting,25032.0,2.1
8899,Streamer_7899,Esports,15227.0,5.3
17876,Streamer_16876,Just Chatting,10116.0,3.6
13746,Streamer_12746,Arte,6076.0,7.9
10455,Streamer_9455,Gaming,33998.0,6.3
1126,Streamer_126,Esports,20669.0,7.6
19172,Streamer_18172,Just Chatting,9148.0,2.1
20007,,Gaming,42829.0,9.4
14106,Streamer_13106,Just Chatting,25506.0,4.6
17147,Streamer_16147,Just Chatting,37181.0,7.9
8274,Streamer_7274,Arte,2752.0,4.8
1464,Streamer_464,Arte,,3.9
20606,Streamer_19606,Just Chatting,47705.0,6.7
2792,Streamer_1792,Just Chatting,40655.0,10.9
12059,Streamer_11059,Just Chatting,48710.0,9.1
15151,Streamer_14151,Gaming,37609.0,9.5
9675,Streamer_8675,Musica,11687.0,9.0
18633,Streamer_17633,Esports,3447.0,4.5
16530,Streamer_15530,Esports,18774.0,5.9
16937,Streamer_15937,Gaming,1114.0,6.9
19389,Streamer_18389,Gaming,21828.0,7.0
10546,Streamer_9546,Arte,48319.0,8.6
10205,Streamer_9205,Esports,13955.0,5.0
20918,Streamer_19918,Esports,39205.0,5.5
9412,Streamer_8412,Gaming,8242.0,10.5
16148,Streamer_15148,Gaming,41938.0,11.7
5403,Streamer_4403,Musica,8401.0,10.2
6289,Streamer_5289,Musica,10806.0,1.8
15329,Streamer_14329,Just Chatting,31125.0,8.2
14534,Streamer_13534,Musica,11043.0,6.5
8000,Streamer_7000,Just Chatting,7118.0,8.0
12563,Streamer_11563,Gaming,27801.0,5.7
5598,Streamer_4598,Esports,9980.0,8.2
6464,Streamer_5464,Gaming,23136.0,10.0
11991,Streamer_10991,Musica,29736.0,10.0
8013,Streamer_7013,Musica,34565.0,1.1
5418,Streamer_4418,Esports,46485.0,9.9
9765,Streamer_8765,Gaming,35593.0,3.2
12670,Streamer_11670,Just Chatting,5841.0,5.7
10378,Streamer_9378,Arte,25093.0,7.4
15726,Streamer_14726,Arte,25823.0,7.0
18542,Streamer_17542,Arte,18567.0,3.0
8885,Streamer_7885,Gaming,24482.0,10.7
19151,Streamer_18151,Just Chatting,,3.1
6474,Streamer_5474,Musica,6869.0,2.7
18579,Streamer_17579,Arte,19929.0,11.8
16145,Streamer_15145,Musica,,5.4
15073,Streamer_14073,Musica,14421.0,11.9
11790,Streamer_10790,Just Chatting,15333.0,2.3
2064,Streamer_1064,Just Chatting,46757.0,6.8
1188,Streamer_188,Just Chatting,11535.0,8.8
17974,Streamer_16974,Musica,22909.0,4.3
2793,Streamer_1793,Esports,1768.0,9.0
1587,Streamer_587,Musica,24067.0,5.3
13368,Streamer_12368,Just Chatting,13543.0,2.9
20808,Streamer_19808,Gaming,21988.0,9.4
7491,Streamer_6491,Musica,6388.0,8.3
19778,Streamer_18778,Just Chatting,33860.0,6.0
9113,Streamer_8113,Esports,11228.0,11.2
2758,Streamer_1758,Just Chatting,43391.0,5.6
8690,Streamer_7690,Musica,14990.0,3.8
18443,Streamer_17443,Gaming,40008.0,3.0
20589,Streamer_19589,Gaming,20249.0,6.9
2540,Streamer_1540,Gaming,32702.0,3.7
15030,Streamer_14030,Arte,38747.0,1.2
3615,Streamer_2615,Gaming,39570.0,8.6
1965,Streamer_965,Musica,16505.0,9.8
15362,Streamer_14362,Musica,22962.0,4.7
16508,Streamer_15508,Arte,21039.0,10.6
13472,Streamer_12472,Musica,8654.0,1.2
12115,Streamer_11115,Gaming,41405.0,1.1
14960,Streamer_13960,Arte,3840.0,1.4
3711,Streamer_2711,,39344.0,8.8
4994,Streamer_3994,Gaming,26604.0,7.9
13944,Streamer_12944,Musica,44082.0,9.9
18356,Streamer_17356,Just Chatting,19212.0,10.2
3071,Streamer_2071,Just Chatting,6583.0,9.5
14493,Streamer_13493,Gaming,35620.0,7.8
2871,Streamer_1871,Musica,3119.0,8.7
1553,Streamer_553,Esports,27332.0,8.6
3357,Streamer_2357,Musica,33122.0,2.3
13904,Streamer_12904,Musica,20064.0,5.1
13340,Streamer_12340,Just Chatting,37927.0,6.3
4543,Streamer_3543,Musica,30960.0,8.7
20079,Streamer_19079,Just Chatting,49699.0,3.4
6727,Streamer_5727,Gaming,35409.0,6.0
3290,Streamer_2290,Arte,30490.0,3.3
10680,Streamer_9680,Gaming,13626.0,3.6
9238,Streamer_8238,Musica,37113.0,8.9
15210,Streamer_14210,Arte,31539.0,3.2
18844,Streamer_17844,Gaming,3466.0,6.4
2148,Streamer_1148,Arte,34176.0,7.9
6992,Streamer_5992,Arte,32447.0,11.4
20496,Streamer_19496,Arte,17418.0,4.1
9162,Streamer_8162,Esports,23238.0,3.9
8234,Streamer_7234,Arte,22296.0,3.3
17233,Streamer_16233,Arte,37336.0,2.4
19232,Streamer_18232,Just Chatting,,10.0
1217,Streamer_217,Just Chatting,35161.0,1.1
16649,Streamer_15649,Gaming,36486.0,3.7
17608,Streamer_16608,Esports,24529.0,6.3
11053,Streamer_10053,Arte,30890.0,8.0
18043,Streamer_17043,Musica,11639.0,11.8
3758,Streamer_2758,Musica,26571.0,4.8
18634,Streamer_17634,Gaming,9553.0,4.3
11741,Streamer_10741,Arte,36404.0,5.5
3374,Streamer_2374,Just Chatting,16941.0,6.0
8063,Streamer_7063,Arte,31510.0,1.2
14720,,Arte,49843.0,10.3
8795,Streamer_7795,Esports,9774.0,3.9
6578,Streamer_5578,Esports,40697.0,10.4
6911,Streamer_5911,Musica,20785.0,11.1
19831,Streamer_18831,Esports,46473.0,8.6
14091,Streamer_13091,Just Chatting,8524.0,11.7
2043,Streamer_1043,Arte,28688.0,4.4
15707,Streamer_14707,Musica,924.0,5.5
6165,Streamer_5165,Arte,38931.0,5.1
14645,Streamer_13645,Gaming,38597.0,6.2
16608,Streamer_15608,Musica,9470.0,4.9
5895,Streamer_4895,Esports,37314.0,9.7
18058,Streamer_17058,Just Chatting,9093.0,1.6
16760,Streamer_15760,Just Chatting,38799.0,9.9
18724,Streamer_17724,Arte,42435.0,3.7
16299,Streamer_15299,Gaming,40015.0,2.6
16344,Streamer_15344,Gaming,17763.0,6.4
15177,Streamer_14177,Gaming,26868.0,5.6
15790,Streamer_14790,Esports,9300.0,6.9
6551,Streamer_5551,,23890.0,10.6
14834,Streamer_13834,Musica,5214.0,4.3
5460,Streamer_4460,Gaming,19572.0,8.8
11416,Streamer_10416,Esports,12707.0,4.8
15710,Streamer_14710,Just Chatting,48618.0,2.3
17031,Streamer_16031,Arte,13954.0,9.5
10953,Streamer_9953,Esports,44584.0,3.2
7394,Streamer_6394,Esports,47313.0,4.3
7457,Streamer_6457,Gaming,7014.0,5.4
18728,Streamer_17728,Gaming,35673.0,7.8
14305,Streamer_13305,Gaming,45612.0,7.5
17735,Streamer_16735,Esports,26343.0,9.3
17668,Streamer_16668,Esports,30596.0,9.6
17560,Streamer_16560,Musica,47513.0,11.2
14729,Streamer_13729,Gaming,13099.0,8.2
16019,Streamer_15019,Just Chatting,7549.0,4.1
1839,Streamer_839,Esports,15552.0,7.1
8378,Streamer_7378,Gaming,41999.0,11.1
17576,Streamer_16576,Musica,13566.0,10.2
19160,Streamer_18160,Musica,43605.0,1.3
16694,Streamer_15694,Esports,24100.0,9.0
3015,Streamer_2015,Musica,41041.0,6.8
4182,Streamer_3182,Gaming,44390.0,3.7
1514,Streamer_514,Just Chatting,20480.0,2.9
14688,Streamer_13688,Just Chatting,7307.0,11.1
8099,Streamer_7099,Musica,25901.0,1.3
14033,Streamer_13033,Esports,45307.0,9.7
11953,Streamer_10953,Gaming,25986.0,3.4
5119,Streamer_4119,Arte,44242.0,8.8
10369,Streamer_9369,Just Chatting,3309.0,10.3
2589,Streamer_1589,Esports,32800.0,11.3
7367,Streamer_6367,Arte,45929.0,5.5
11200,Streamer_10200,Just Chatting,6493.0,6.7
19131,Streamer_18131,Just Chatting,13191.0,4.3
1426,Streamer_426,Just Chatting,6954.0,3.8
20717,Streamer_19717,Gaming,47648.0,2.5
7440,Streamer_6440,Just Chatting,25411.0,4.5
11393,Streamer_10393,Arte,46523.0,8.0
9242,Streamer_8242,Arte,6640.0,4.1
10317,Streamer_9317,Musica,16501.0,2.5
7989,Streamer_6989,Just Chatting,20284.0,7.8
1037,Streamer_37,Esports,31936.0,8.2
11098,Streamer_10098,Arte,29291.0,1.9
5184,Streamer_4184,Arte,23856.0,6.0
4666,Streamer_3666,Just Chatting,44678.0,5.0
13695,Streamer_12695,Esports,10521.0,8.7
11302,Streamer_10302,Musica,21699.0,9.4
18367,Streamer_17367,Arte,18776.0,4.6
13178,Streamer_12178,Musica,16508.0,1.7
7064,Streamer_6064,Musica,,2.3
14656,Streamer_13656,Arte,31138.0,11.1
12646,Streamer_11646,Musica,18928.0,4.3
1223,Streamer_223,Esports,45249.0,4.4
8343,Streamer_7343,Esports,47635.0,7.7
19852,Streamer_18852,Arte,18560.0,2.9
18423,Streamer_17423,Arte,22172.0,9.8
4365,Streamer_3365,Arte,8795.0,6.9
6743,Streamer_5743,Gaming,20057.0,11.1
17356,Streamer_16356,Musica,46809.0,8.9
3819,Streamer_2819,Arte,28241.0,2.6
9967,Streamer_8967,Musica,23432.0,4.1
19819,Streamer_18819,Musica,8613.0,4.0
13039,Streamer_12039,Just Chatting,37700.0,7.0
4540,Streamer_3540,Musica,14578.0,9.9
1658,Streamer_658,Arte,31252.0,10.8
3275,Streamer_2275,Arte,21463.0,7.0
16817,Streamer_15817,Musica,3013.0,7.1
9698,Streamer_8698,Gaming,11556.0,11.5
4691,Streamer_3691,,15167.0,10.7
4836,Streamer_3836,Just Chatting,5435.0,4.8
15773,Streamer_14773,Arte,40592.0,5.3
4065,Streamer_3065,Just Chatting,20041.0,10.3
15081,Streamer_14081,Gaming,27928.0,3.2
16173,Streamer_15173,Esports,3032.0,4.2
17053,Streamer_16053,Musica,45729.0,10.9
9574,Streamer_8574,Esports,38618.0,4.5
16330,Streamer_15330,Just Chatting,26840.0,8.0
19978,Streamer_18978,Musica,18633.0,1.7
20148,Streamer_19148,Gaming,14327.0,8.7
6819,Streamer_5819,Arte,33525.0,1.2
11596,Streamer_10596,Esports,12590.0,9.3
3566,Streamer_2566,Esports,40546.0,7.7
5585,Streamer_4585,Esports,40124.0,9.4
5171,Streamer_4171,Esports,41936.0,8.5
11622,Streamer_10622,Esports,6636.0,8.7
11909,Streamer_10909,Just Chatting,27067.0,8.6
15656,Streamer_14656,Just Chatting,29230.0,4.0
14225,Streamer_13225,Just Chatting,29176.0,6.0
2471,Streamer_1471,Arte,26325.0,7.3
10731,Streamer_9731,Just Chatting,9517.0,9.7
10045,Streamer_9045,Esports,6917.0,6.3
15696,Streamer_14696,Just Chatting,24398.0,8.1
18191,Streamer_17191,Just Chatting,1998.0,9.5
13558,Streamer_12558,Gaming,26722.0,1.6
15753,Streamer_14753,Gaming,25632.0,2.3
2628,Streamer_1628,Just Chatting,48543.0,11.8
1874,Streamer_874,Arte,30782.0,6.7
17483,Streamer_16483,Esports,27551.0,10.1
14663,Streamer_13663,Gaming,39486.0,7.4
11431,Streamer_10431,Arte,6833.0,6.6
12043,Streamer_11043,Musica,29080.0,10.5
7438,Streamer_6438,Gaming,29530.0,8.4
6032,Streamer_5032,Esports,35178.0,8.9
15605,Streamer_14605,Just Chatting,31905.0,3.3
15920,Streamer_14920,Esports,43655.0,3.9
13083,Streamer_12083,Gaming,33307.0,1.0
18384,Streamer_17384,Arte,34182.0,9.0
16562,Streamer_15562,Just Chatting,21866.0,3.1
2713,Streamer_1713,Just Chatting,25565.0,7.1
2798,Streamer_1798,Arte,45554.0,9.0
7101,Streamer_6101,Gaming,8538.0,5.8
13816,Streamer_12816,Musica,34431.0,5.9
4345,Streamer_3345,Gaming,10080.0,9.4
5475,Streamer_4475,Just Chatting,25545.0,10.8
12040,Streamer_11040,Musica,4990.0,6.6
1496,Streamer_496,Musica,27136.0,4.7
11690,Streamer_10690,Just Chatting,34907.0,6.3
1842,Streamer_842,Gaming,9058.0,12.0
5996,Streamer_4996,Musica,2179.0,3.9
4172,Streamer_3172,Gaming,27050.0,4.8
11304,Streamer_10304,Esports,3097.0,11.0
9132,Streamer_8132,Just Chatting,44607.0,6.2
1167,Streamer_167,Gaming,48653.0,5.7
12267,Streamer_11267,Arte,36781.0,4.0
19138,Streamer_18138,Gaming,4984.0,9.8
19686,Streamer_18686,Just Chatting,2588.0,5.6
15061,Streamer_14061,Gaming,38341.0,1.4
9475,Streamer_8475,Musica,43849.0,2.2
20038,Streamer_19038,Musica,20234.0,1.5
6995,Streamer_5995,Just Chatting,38345.0,11.1
5476,Streamer_4476,Just Chatting,21476.0,1.7
1643,Streamer_643,Musica,37919.0,1.6
16584,Streamer_15584,Esports,39171.0,11.0
10042,Streamer_9042,Gaming,2030.0,3.7
14371,Streamer_13371,Gaming,39802.0,1.4
7665,Streamer_6665,Musica,44333.0,9.8
14417,Streamer_13417,Esports,22301.0,3.6
17934,Streamer_16934,Gaming,6109.0,1.9
4944,Streamer_3944,Musica,557.0,8.9
10823,Streamer_9823,Musica,46156.0,2.0
6449,Streamer_5449,Just Chatting,40470.0,1.6
9748,Streamer_8748,Gaming,15134.0,5.1
13386,Streamer_12386,Musica,9325.0,1.1
20488,Streamer_19488,Esports,23630.0,4.5
18301,Streamer_17301,Gaming,39790.0,6.8
19853,Streamer_18853,Musica,29243.0,4.4
10971,Streamer_9971,Gaming,44334.0,11.2
3990,Streamer_2990,Esports,11084.0,11.2
3167,Streamer_2167,Esports,37265.0,6.2
18519,Streamer_17519,Arte,25966.0,11.1
5056,Streamer_4056,Esports,27321.0,4.9
2952,Streamer_1952,Gaming,27912.0,10.6
7851,Streamer_6851,Esports,40678.0,9.1
8307,Streamer_7307,Gaming,16705.0,6.2
17386,Streamer_16386,Arte,19573.0,7.4
12354,Streamer_11354,Arte,7919.0,4.9
17042,Streamer_16042,Arte,,5.0
13708,Streamer_12708,Musica,18452.0,11.3
12915,Streamer_11915,Just Chatting,7104.0,1.6
20718,Streamer_19718,Musica,40225.0,11.5
20059,Streamer_19059,Arte,42377.0,3.5
20674,Streamer_19674,Musica,13703.0,5.8
1371,Streamer_371,Just Chatting,13097.0,9.4
19886,Streamer_18886,Esports,20813.0,3.6
5214,Streamer_4214,Esports,46518.0,11.6
10544,Streamer_9544,Arte,16788.0,9.7
15417,Streamer_14417,Just Chatting,24394.0,8.2
4440,Streamer_3440,Arte,46786.0,2.3
17333,Streamer_16333,Esports,44049.0,10.2
17034,Streamer_16034,Just Chatting,34600.0,10.7
17471,Streamer_16471,Just Chatting,48545.0,4.7
2387,Streamer_1387,Gaming,26369.0,5.8
2850,Streamer_1850,Just Chatting,18868.0,10.1
18668,Streamer_17668,Gaming,22384.0,1.1
8550,Streamer_7550,Esports,34386.0,6.0
18485,Streamer_17485,Musica,16045.0,10.6
18755,Streamer_17755,Arte,33699.0,7.5
6538,Streamer_5538,Esports,1769.0,5.7
12552,Streamer_11552,Musica,31123.0,5.0
19496,Streamer_18496,Musica,49106.0,1.4
7190,Streamer_6190,Musica,17691.0,5.2
3157,Streamer_2157,Musica,35239.0,10.0
11306,Streamer_10306,Gaming,16346.0,5.7
5518,Streamer_4518,Musica,24668.0,5.4
12499,Streamer_11499,Musica,43332.0,8.4
13461,Streamer_12461,Just Chatting,34988.0,5.9
11728,Streamer_10728,Musica,9845.0,4.3
5963,Streamer_4963,Gaming,14011.0,6.5
4164,Streamer_3164,Musica,8169.0,12.0
20626,Streamer_19626,Just Chatting,38921.0,6.7
11669,Streamer_10669,Gaming,44812.0,4.3
17189,Streamer_16189,Musica,10297.0,10.4
17562,Streamer_16562,Just Chatting,16674.0,7.2
17331,Streamer_16331,Just Chatting,12595.0,1.0
16979,Streamer_15979,Esports,27945.0,11.2
8721,Streamer_7721,,23353.0,5.3
10405,Streamer_9405,Arte,30251.0,7.7
10937,Streamer_9937,Esports,40806.0,5.6
1649,Streamer_649,Gaming,37281.0,10.9
20455,Streamer_19455,Musica,1580.0,7.8
16385,Streamer_15385,Esports,25002.0,6.3
6512,Streamer_5512,Gaming,14025.0,2.4
17525,,Esports,24456.0,6.3
7872,Streamer_6872,Musica,40059.0,8.6
14229,Streamer_13229,Just Chatting,38211.0,2.4
17240,Streamer_16240,Musica,14211.0,9.9
14518,Streamer_13518,Musica,39954.0,4.2
18347,Streamer_17347,Gaming,25098.0,3.9
12371,Streamer_11371,Gaming,29297.0,8.1
6560,Streamer_5560,Musica,43256.0,7.0
16733,Streamer_15733,Gaming,46181.0,8.0
5309,Streamer_4309,Just Chatting,10653.0,6.4
1277,Streamer_277,Just Chatting,1124.0,5.5
15017,Streamer_14017,Gaming,42867.0,8.3
1164,Streamer_164,Esports,49824.0,6.9
10243,Streamer_9243,Esports,36485.0,2.3
10406,Streamer_9406,Gaming,20577.0,11.3
18784,Streamer_17784,Gaming,30444.0,8.9
20639,Streamer_19639,Esports,45130.0,9.2
15190,Streamer_14190,Just Chatting,16751.0,1.3
18839,Streamer_17839,Gaming,48260.0,8.2
17225,Streamer_16225,Gaming,16759.0,10.1
8522,Streamer_7522,Esports,27309.0,8.5
18316,Streamer_17316,Esports,3006.0,5.5
20846,Streamer_19846,Musica,46359.0,1.5
1335,Streamer_335,Musica,26794.0,8.3
20222,Streamer_19222,Just Chatting,2558.0,4.7
18079,Streamer_17079,Gaming,26008.0,6.3
12241,Streamer_11241,Gaming,45228.0,3.8
16203,Streamer_15203,Arte,28265.0,6.0
19775,Streamer_18775,Esports,1604.0,11.7
18416,Streamer_17416,Gaming,41334.0,8.4
19428,Streamer_18428,Musica,17665.0,1.5
20557,Streamer_19557,Gaming,33674.0,7.9
14994,Streamer_13994,Just Chatting,4103.0,11.6
20641,Streamer_19641,Gaming,27787.0,3.8
8758,Streamer_7758,Musica,21712.0,11.2
6806,Streamer_5806,Esports,42569.0,3.3
10766,Streamer_9766,Gaming,30271.0,5.3
7846,Streamer_6846,Arte,39069.0,11.4
8528,Streamer_7528,Arte,33583.0,3.1
2190,Streamer_1190,Musica,22124.0,7.4
3521,Streamer_2521,Just Chatting,126.0,10.4
9746,Streamer_8746,Esports,21637.0,7.9
16269,Streamer_15269,Arte,27234.0,1.9
10332,Streamer_9332,Gaming,4714.0,8.5
11927,Streamer_10927,Esports,5682.0,9.6
19527,Streamer_18527,Arte,7897.0,6.7
12992,Streamer_11992,Just Chatting,26251.0,11.4
3089,Streamer_2089,Esports,6097.0,4.0
5349,Streamer_4349,Arte,21231.0,7.9
3662,Streamer_2662,Arte,15853.0,5.0
19952,Streamer_18952,Just Chatting,21343.0,5.5
13143,Streamer_12143,Gaming,36635.0,10.0
10239,Streamer_9239,Musica,7868.0,2.2
3860,Streamer_2860,Musica,5805.0,9.0
2590,Streamer_1590,Musica,17244.0,7.4
7847,Streamer_6847,Musica,31616.0,10.9
9680,Streamer_8680,Arte,34180.0,6.2
20200,Streamer_19200,Just Chatting,10880.0,7.8
13026,Streamer_12026,Esports,18916.0,6.9
17309,Streamer_16309,Arte,12355.0,9.9
6041,Streamer_5041,Just Chatting,,10.9
9669,Streamer_8669,Just Chatting,24016.0,6.7
8432,Streamer_7432,Arte,34860.0,5.9
9201,Streamer_8201,,866.0,6.2
14366,Streamer_13366,Gaming,14085.0,2.3
5956,Streamer_4956,Just Chatting,48405.0,7.6
17230,Streamer_16230,Esports,46300.0,10.8
16096,Streamer_15096,Arte,33948.0,3.1
4457,Streamer_3457,Esports,6798.0,4.3
11353,Streamer_10353,Musica,30101.0,4.9
18831,Streamer_17831,Musica,25952.0,5.8
9912,Streamer_8912,Just Chatting,36467.0,1.9
18840,Streamer_17840,Esports,44002.0,5.6
11349,Streamer_10349,Gaming,14456.0,3.7
2534,Streamer_1534,Gaming,29281.0,1.9
5439,Streamer_4439,Gaming,1319.0,1.2
9051,Streamer_8051,Gaming,864.0,7.5
19745,Streamer_18745,Gaming,29903.0,9.5
13163,Streamer_12163,Just Chatting,17029.0,4.6
14811,Streamer_13811,Arte,48067.0,2.3
12605,Streamer_11605,Arte,18872.0,8.8
20142,Streamer_19142,Just Chatting,26467.0,12.0
9089,Streamer_8089,Esports,27166.0,4.8
15286,Streamer_14286,Gaming,15830.0,6.1
3159,Streamer_2159,Arte,1489.0,9.7
15040,Streamer_14040,Gaming,36515.0,10.5
20315,Streamer_19315,Arte,21987.0,3.6
18941,Streamer_17941,Esports,13357.0,9.1
8591,Streamer_7591,Musica,19684.0,11.6
20448,Streamer_19448,Gaming,6649.0,1.4
8405,Streamer_7405,Gaming,32783.0,5.4
7584,Streamer_6584,Gaming,27456.0,7.1
2013,Streamer_1013,Just Chatting,41818.0,10.7
11440,Streamer_10440,Gaming,38596.0,2.2
11195,Streamer_10195,Just Chatting,1483.0,6.3
1959,Streamer_959,Esports,16680.0,7.0
3137,Streamer_2137,Just Chatting,17923.0,8.4
10452,Streamer_9452,Esports,15315.0,8.4
8949,Streamer_7949,Esports,27164.0,6.1
7269,Streamer_6269,Just Chatting,12178.0,6.3
9642,Streamer_8642,Musica,8915.0,11.5
11217,Streamer_10217,Just Chatting,24676.0,3.6
7291,Streamer_6291,Esports,26928.0,6.5
8722,Streamer_7722,Esports,37470.0,4.6
5441,Streamer_4441,Esports,32398.0,10.6
14617,Streamer_13617,Esports,39212.0,8.9
2106,Streamer_1106,Gaming,3351.0,1.9
7125,Streamer_6125,Esports,44812.0,11.0
18154,Streamer_17154,Gaming,3386.0,11.5
18751,Streamer_17751,Arte,16314.0,1.7
17260,Streamer_16260,Musica,39426.0,7.0
19767,Streamer_18767,Just Chatting,6266.0,8.1
10058,Streamer_9058,Esports,45567.0,1.2
12538,Streamer_11538,Esports,20217.0,5.2
20056,Streamer_19056,Just Chatting,47456.0,6.5
10146,Streamer_9146,Arte,22876.0,7.6
9351,Streamer_8351,,46454.0,8.9
19673,Streamer_18673,Gaming,24195.0,3.9
16292,Streamer_15292,Just Chatting,40954.0,8.0
12386,Streamer_11386,Arte,40855.0,4.6
8710,Streamer_7710,Gaming,,6.8
20880,Streamer_19880,Gaming,43011.0,4.5
16013,Streamer_15013,Musica,28021.0,4.5
20920,Streamer_19920,Gaming,20944.0,6.3
12816,Streamer_11816,Arte,10900.0,4.1
13177,Streamer_12177,Gaming,3170.0,1.0
20577,Streamer_19577,Musica,17092.0,7.8
7228,Streamer_6228,Musica,24454.0,7.9
18878,Streamer_17878,Gaming,12267.0,3.4
16534,Streamer_15534,Esports,13797.0,2.6
8344,Streamer_7344,Esports,28895.0,10.7
7472,Streamer_6472,Esports,30099.0,8.3
7505,Streamer_6505,Gaming,14667.0,5.7
16347,Streamer_15347,Musica,29486.0,10.3
18917,Streamer_17917,Esports,17389.0,1.4
12978,Streamer_11978,Just Chatting,49621.0,8.0
19743,Streamer_18743,Gaming,21003.0,8.3
11359,Streamer_10359,Musica,19884.0,7.6
3591,Streamer_2591,Arte,15478.0,7.4
14795,Streamer_13795,Just Chatting,47507.0,9.9
16962,Streamer_15962,Gaming,23397.0,3.4
14548,Streamer_13548,Just Chatting,48047.0,10.0
4147,Streamer_3147,Esports,29448.0,5.0
9478,Streamer_8478,Just Chatting,4604.0,2.6
13620,Streamer_12620,Arte,11150.0,10.9
2356,Streamer_1356,Just Chatting,33880.0,9.0
19709,Streamer_18709,Gaming,43119.0,2.7
10598,Streamer_9598,Arte,18186.0,3.4
13790,Streamer_12790,Just Chatting,3051.0,2.6
18167,Streamer_17167,Arte,43243.0,11.8
7099,Streamer_6099,Gaming,5050.0,1.5
13115,Streamer_12115,Musica,36139.0,8.3
11244,Streamer_10244,Just Chatting,42046.0,2.9
16552,Streamer_15552,Gaming,9178.0,11.6
19621,Streamer_18621,Arte,31656.0,7.8
15343,Streamer_14343,Musica,35438.0,4.8
17362,Streamer_16362,Arte,26174.0,8.7
10060,Streamer_9060,Gaming,36247.0,8.4
11230,Streamer_10230,Just Chatting,9954.0,1.4
6397,Streamer_5397,Gaming,20119.0,8.9
14896,Streamer_13896,Esports,42512.0,1.7
17835,Streamer_16835,,34173.0,2.7
12181,Streamer_11181,Musica,41756.0,10.3
20002,Streamer_19002,Just Chatting,3592.0,7.8
3964,Streamer_2964,Arte,25009.0,10.3
1492,Streamer_492,Arte,18469.0,8.7
18501,Streamer_17501,Musica,16081.0,2.6
4903,Streamer_3903,Esports,19047.0,2.6
5766,Streamer_4766,Gaming,45614.0,3.7
3957,Streamer_2957,Esports,37906.0,4.5
7501,Streamer_6501,Gaming,10617.0,7.2
13605,Streamer_12605,Gaming,33207.0,1.5
5707,Streamer_4707,,19361.0,2.0
3597,Streamer_2597,Gaming,9100.0,5.7
10462,Streamer_9462,Arte,46669.0,6.4
16486,Streamer_15486,Gaming,36358.0,2.5
14240,Streamer_13240,Just Chatting,23910.0,10.4
5813,Streamer_4813,Just Chatting,39497.0,9.1
3205,Streamer_2205,Musica,48567.0,6.7
5883,Streamer_4883,Musica,8264.0,2.3
9331,Streamer_8331,Musica,10649.0,11.8
15485,Streamer_14485,Musica,32556.0,7.1
10231,Streamer_9231,Esports,35897.0,1.4
5903,Streamer_4903,Just Chatting,34923.0,2.7
10290,Streamer_9290,Gaming,33374.0,6.5
17884,Streamer_16884,Musica,40707.0,6.5
15608,Streamer_14608,Esports,44437.0,1.3
11733,Streamer_10733,Arte,42442.0,7.6
17223,Streamer_16223,Arte,17344.0,2.3
4247,Streamer_3247,Just Chatting,4424.0,4.4
15049,Streamer_14049,Gaming,11540.0,2.5
2273,Streamer_1273,Just Chatting,11303.0,1.4
3227,Streamer_2227,Gaming,422.0,2.0
15853,Streamer_14853,Gaming,20357.0,3.0
5446,Streamer_4446,Esports,8771.0,4.4
6119,Streamer_5119,Arte,39761.0,2.7
12795,Streamer_11795,Esports,39181.0,4.7
10346,Streamer_9346,Just Chatting,18881.0,9.2
1115,Streamer_115,Esports,45792.0,4.3
7343,Streamer_6343,Arte,39197.0,10.4
4845,Streamer_3845,Just Chatting,42199.0,1.8
20553,Streamer_19553,,5396.0,10.3
9048,Streamer_8048,Gaming,2812.0,5.0
4492,Streamer_3492,Arte,18066.0,2.3
13951,Streamer_12951,Gaming,6327.0,7.2
7946,Streamer_6946,Arte,16765.0,11.4
11048,Streamer_10048,Arte,14722.0,6.0
9976,Streamer_8976,Gaming,23711.0,10.8
12508,Streamer_11508,Arte,45768.0,6.6
3183,Streamer_2183,Esports,45196.0,1.9
15486,Streamer_14486,Arte,4103.0,5.0
18882,Streamer_17882,Gaming,,4.8
12589,Streamer_11589,Esports,3494.0,11.9
20505,Streamer_19505,Just Chatting,,10.5
9481,Streamer_8481,Arte,47313.0,9.8
2875,Streamer_1875,Esports,42855.0,10.1
8947,Streamer_7947,Gaming,32188.0,5.8
10217,Streamer_9217,Musica,3036.0,4.3
12178,Streamer_11178,Esports,13617.0,6.3
6886,Streamer_5886,,41759.0,2.5
15792,Streamer_14792,Gaming,30270.0,3.2
17923,Streamer_16923,Musica,30297.0,5.3
8587,Streamer_7587,Just Chatting,13010.0,8.0
1290,Streamer_290,Arte,14242.0,9.0
11912,Streamer_10912,Esports,22223.0,11.5
8917,Streamer_7917,Arte,19474.0,11.6
15576,Streamer_14576,Arte,24474.0,8.5
9780,Streamer_8780,Esports,19572.0,3.3
9168,Streamer_8168,Just Chatting,43302.0,7.0
2226,Streamer_1226,Esports,28433.0,11.3
19883,Streamer_18883,Musica,9156.0,4.4
8305,Streamer_7305,Musica,35427.0,8.0
14981,Streamer_13981,Gaming,4343.0,8.9
20354,Streamer_19354,Just Chatting,1990.0,3.1
5657,Streamer_4657,Musica,9321.0,8.9
2342,Streamer_1342,Just Chatting,3898.0,11.4
16303,Streamer_15303,Just Chatting,30298.0,2.2
17826,Streamer_16826,Gaming,3975.0,8.8
10594,Streamer_9594,Esports,27963.0,2.9
7300,Streamer_6300,Musica,45427.0,3.8
14943,Streamer_13943,Esports,35343.0,6.0
19506,Streamer_18506,Esports,16590.0,3.1
3759,Streamer_2759,Musica,32566.0,9.9
13411,Streamer_12411,Just Chatting,49365.0,10.2
4527,Streamer_3527,Esports,5952.0,8.1
16829,Streamer_15829,Musica,39503.0,1.8
3238,Streamer_2238,Esports,48953.0,8.6
11541,Streamer_10541,Musica,1993.0,1.7
14514,Streamer_13514,Gaming,25759.0,9.8
8897,Streamer_7897,Arte,19150.0,6.9
9083,Streamer_8083,Arte,21603.0,10.1
10048,Streamer_9048,Musica,37117.0,6.6
19407,Streamer_18407,Esports,41777.0,3.2
20380,,Arte,3894.0,2.8
6829,Streamer_5829,Esports,26757.0,2.0
14693,Streamer_13693,Esports,13086.0,8.6
8575,Streamer_7575,Musica,20736.0,1.6
7371,Streamer_6371,Musica,41250.0,4.6
15782,Streamer_14782,Gaming,3741.0,9.3
12689,Streamer_11689,Musica,13481.0,10.4
11317,Streamer_10317,Just Chatting,45510.0,3.3
12894,Streamer_11894,Musica,36154.0,8.6
14749,Streamer_13749,Just Chatting,25259.0,10.8
13096,Streamer_12096,Just Chatting,20912.0,3.6
18327,Streamer_17327,Musica,45387.0,5.3
17916,,Arte,6674.0,3.1
2142,Streamer_1142,Musica,5691.0,5.9
7969,Streamer_6969,Esports,49451.0,7.8
13402,Streamer_12402,Esports,34804.0,6.2
10846,Streamer_9846,Esports,45144.0,9.5
1428,Streamer_428,Musica,49118.0,6.5
1923,Streamer_923,Just Chatting,22791.0,7.6
3878,Streamer_2878,Gaming,6409.0,10.7
5955,Streamer_4955,Gaming,17908.0,4.2
10885,Streamer_9885,Esports,7386.0,3.4
17406,Streamer_16406,Just Chatting,4804.0,1.8
5190,Streamer_4190,Just Chatting,16113.0,5.5
10185,Streamer_9185,Esports,31720.0,1.1
4964,Streamer_3964,Just Chatting,34737.0,2.6
11466,Streamer_10466,Gaming,655.0,2.8
10603,Streamer_9603,Musica,9263.0,10.0
15962,Streamer_14962,,39717.0,8.9
19027,Streamer_18027,Musica,45868.0,2.8
12821,Streamer_11821,Gaming,39160.0,6.8
15495,Streamer_14495,Musica,45174.0,10.1
13856,Streamer_12856,Just Chatting,14077.0,7.3
14504,Streamer_13504,,1479.0,11.4
5083,,Esports,14787.0,2.7
1833,Streamer_833,Esports,16256.0,10.5
13485,Streamer_12485,Just Chatting,24201.0,4.7
3076,Streamer_2076,Arte,47357.0,11.3
4430,Streamer_3430,Gaming,38536.0,5.6
17761,Streamer_16761,Arte,48365.0,11.4
4721,Streamer_3721,Musica,35122.0,11.6
3074,Streamer_2074,Gaming,2513.0,1.7
12984,Streamer_11984,Musica,13256.0,9.6
12523,Streamer_11523,Musica,3957.0,9.4
19818,Streamer_18818,Arte,6241.0,11.8
7567,Streamer_6567,Arte,31640.0,5.8
18213,Streamer_17213,Musica,29803.0,1.9
18333,Streamer_17333,Musica,23468.0,8.8
12072,Streamer_11072,Just Chatting,42022.0,10.4
2014,Streamer_1014,Gaming,33119.0,3.4
15233,Streamer_14233,Just Chatting,13618.0,11.0
20710,Streamer_19710,Just Chatting,28448.0,9.0
19417,Streamer_18417,Esports,21337.0,5.1
3490,Streamer_2490,Musica,11806.0,6.0
16907,Streamer_15907,Arte,28277.0,9.7
8547,Streamer_7547,Gaming,36991.0,4.6
2804,Streamer_1804,Musica,5708.0,5.8
14338,Streamer_13338,Musica,9345.0,4.7
8562,Streamer_7562,Just Chatting,37587.0,4.8
4468,Streamer_3468,Musica,43418.0,9.9
7559,Streamer_6559,Musica,36435.0,5.3
5774,Streamer_4774,Arte,2912.0,2.1
15628,Streamer_14628,Esports,14231.0,9.6
19610,Streamer_18610,Just Chatting,44090.0,1.8
3265,Streamer_2265,Arte,19525.0,1.3
6471,Streamer_5471,Esports,47575.0,7.1
16885,Streamer_15885,Musica,24264.0,8.6
12449,Streamer_11449,Musica,16000.0,2.6
10170,Streamer_9170,Gaming,34815.0,6.9
4478,Streamer_3478,Esports,26458.0,10.1
2227,Streamer_1227,Esports,49686.0,2.8
4697,Streamer_3697,Gaming,43241.0,7.4
11735,Streamer_10735,Esports,47024.0,6.0
4585,Streamer_3585,Gaming,24766.0,11.3
8336,Streamer_7336,Esports,42930.0,3.4
18111,Streamer_17111,Esports,8748.0,2.6
4775,Streamer_3775,Arte,28969.0,10.0
17581,Streamer_16581,Just Chatting,38180.0,11.4
6259,Streamer_5259,Gaming,21493.0,5.4
13213,Streamer_12213,Gaming,24885.0,4.3
4885,Streamer_3885,,43786.0,10.6
12610,Streamer_11610,Gaming,27621.0,6.1
5666,Streamer_4666,Esports,37185.0,4.4
10251,Streamer_9251,Arte,16208.0,3.2
4937,Streamer_3937,Esports,43481.0,3.9
2429,Streamer_1429,Esports,16017.0,2.8
17700,Streamer_16700,Esports,12977.0,3.0
6933,Streamer_5933,Just Chatting,20004.0,6.2
13161,Streamer_12161,Gaming,24554.0,4.2
6192,Streamer_5192,Esports,24426.0,2.3
8584,Streamer_7584,Gaming,40367.0,11.9
12049,Streamer_11049,Esports,1030.0,2.7
13344,Streamer_12344,Just Chatting,39113.0,3.6
18526,Streamer_17526,Musica,18469.0,9.0
6724,Streamer_5724,Esports,32073.0,2.0
4224,Streamer_3224,Esports,19364.0,10.1
19598,Streamer_18598,Just Chatting,33990.0,4.7
17162,Streamer_16162,Just Chatting,6441.0,2.1
14125,Streamer_13125,Esports,17446.0,9.7
15336,Streamer_14336,Just Chatting,35594.0,10.5
8243,Streamer_7243,Gaming,34483.0,6.6
14937,Streamer_13937,Arte,20686.0,8.8
7164,Streamer_6164,Esports,35208.0,4.3
8836,Streamer_7836,Arte,41344.0,2.6
17478,Streamer_16478,,9902.0,2.0
8746,Streamer_7746,Gaming,5917.0,8.7
13296,Streamer_12296,Gaming,22082.0,5.4
14137,Streamer_13137,Arte,41069.0,10.7
16286,,Esports,38727.0,3.9
4988,Streamer_3988,Arte,37596.0,7.4
14270,Streamer_13270,Just Chatting,35458.0,9.3
19482,Streamer_18482,Just Chatting,41427.0,3.5
13870,Streamer_12870,Esports,49342.0,8.5
9843,Streamer_8843,Just Chatting,40730.0,8.4
17665,Streamer_16665,Esports,13913.0,7.1
2618,Streamer_1618,Esports,12417.0,3.7
12536,Streamer_11536,Esports,39815.0,8.7
4537,Streamer_3537,Gaming,15488.0,8.6
15007,Streamer_14007,Arte,17823.0,5.4
10386,Streamer_9386,Esports,18937.0,9.5
17142,Streamer_16142,Gaming,26423.0,11.4
11401,Streamer_10401,Arte,43337.0,10.9
15648,Streamer_14648,Just Chatting,5021.0,8.5
10181,Streamer_9181,Musica,32021.0,5.3
13776,Streamer_12776,Just Chatting,23201.0,6.2
19671,Streamer_18671,Just Chatting,48399.0,10.6
11514,Streamer_10514,Musica,27182.0,6.3
1550,Streamer_550,Musica,10508.0,3.6
17871,Streamer_16871,Musica,3307.0,2.2
9091,Streamer_8091,Musica,2952.0,11.4
3771,,Arte,42194.0,9.3
11931,Streamer_10931,Arte,30213.0,1.0
9285,Streamer_8285,Arte,35153.0,7.9
18950,Streamer_17950,Musica,47224.0,6.2
12242,Streamer_11242,Gaming,47047.0,4.7
1642,Streamer_642,Gaming,41027.0,11.5
11834,Streamer_10834,Musica,30069.0,1.5
17834,Streamer_16834,Arte,46060.0,3.9
10685,Streamer_9685,Gaming,6267.0,9.3
4362,Streamer_3362,Arte,43002.0,1.8
15593,Streamer_14593,Musica,3017.0,2.5
1715,Streamer_715,Arte,45911.0,9.5
18690,Streamer_17690,Arte,31532.0,3.0
9907,Streamer_8907,Just Chatting,33395.0,3.1
20926,Streamer_19926,Arte,24730.0,7.5
14205,Streamer_13205,Esports,36644.0,4.0
3552,Streamer_2552,Musica,8032.0,10.7
1795,Streamer_795,Just Chatting,2277.0,9.5
4848,Streamer_3848,Gaming,19948.0,10.0
11068,Streamer_10068,Gaming,22206.0,5.2
14279,Streamer_13279,Esports,19438.0,8.1
17836,Streamer_16836,Gaming,46481.0,9.2
3836,Streamer_2836,Musica,23703.0,10.6
17246,Streamer_16246,Gaming,13120.0,3.5
12823,Streamer_11823,Just Chatting,42357.0,9.0
7032,Streamer_6032,Arte,35781.0,4.5
19244,Streamer_18244,Just Chatting,15232.0,9.8
7718,Streamer_6718,Just Chatting,13783.0,1.5
15540,Streamer_14540,Just Chatting,33658.0,6.9
11459,Streamer_10459,Gaming,3908.0,3.7
1518,Streamer_518,Just Chatting,15517.0,10.9
4064,Streamer_3064,Arte,13061.0,11.8
9053,Streamer_8053,Gaming,17009.0,2.6
17481,Streamer_16481,Musica,12655.0,7.8
15105,Streamer_14105,Musica,19472.0,1.7
1273,Streamer_273,Just Chatting,36672.0,2.1
11391,Streamer_10391,Just Chatting,18928.0,5.8
14978,Streamer_13978,Just Chatting,10059.0,7.5
8976,Streamer_7976,Musica,46386.0,9.3
6572,Streamer_5572,Gaming,18079.0,8.6
2123,Streamer_1123,Just Chatting,43964.0,9.4
17021,Streamer_16021,Esports,20252.0,3.8
11962,Streamer_10962,Arte,12189.0,11.6
19636,Streamer_18636,Arte,19040.0,1.5
16667,Streamer_15667,Arte,31353.0,10.7
12005,Streamer_11005,Just Chatting,21700.0,2.2
1168,Streamer_168,Gaming,9125.0,5.2
13473,Streamer_12473,Just Chatting,34156.0,7.3
5564,Streamer_4564,Musica,47331.0,4.4
3868,Streamer_2868,Esports,36077.0,10.3
19837,Streamer_18837,Arte,1503.0,1.1
14596,Streamer_13596,Musica,26272.0,8.3
3065,Streamer_2065,Just Chatting,25917.0,7.6
13687,Streamer_12687,Just Chatting,33878.0,2.9
13172,Streamer_12172,Musica,28084.0,6.1
4057,Streamer_3057,Just Chatting,26631.0,10.6
10178,Streamer_9178,Just Chatting,31580.0,6.0
20638,Streamer_19638,Esports,28560.0,9.3
13167,Streamer_12167,Esports,13795.0,5.0
6912,Streamer_5912,Gaming,32404.0,8.3
4795,Streamer_3795,Esports,12717.0,1.8
14760,Streamer_13760,Esports,36087.0,5.7
11094,Streamer_10094,Arte,25643.0,2.1
10360,Streamer_9360,Gaming,210.0,10.0
2174,Streamer_1174,Just Chatting,18934.0,3.0
13603,Streamer_12603,Musica,12356.0,9.9
5653,Streamer_4653,Esports,2653.0,8.6
11718,Streamer_10718,Gaming,44103.0,3.3
8810,Streamer_7810,Just Chatting,20424.0,8.5
16766,Streamer_15766,Esports,33328.0,5.1
11257,Streamer_10257,Musica,10434.0,9.9
7817,Streamer_6817,,30580.0,3.0
19571,Streamer_18571,Musica,41018.0,11.4
1735,Streamer_735,Arte,35071.0,3.9
6027,Streamer_5027,Just Chatting,13408.0,9.1
6978,Streamer_5978,Musica,1598.0,9.4
15095,Streamer_14095,Esports,41158.0,7.0
5311,Streamer_4311,Esports,41528.0,3.8
5394,Streamer_4394,Musica,19326.0,9.0
12003,Streamer_11003,Arte,27327.0,6.4
2006,Streamer_1006,Esports,,6.1
16255,Streamer_15255,Esports,48726.0,5.8
11132,Streamer_10132,Arte,961.0,9.8
3712,Streamer_2712,Esports,40741.0,9.5
20469,Streamer_19469,Musica,23063.0,11.4
15847,Streamer_14847,Just Chatting,26531.0,1.1
19139,Streamer_18139,Esports,12801.0,9.1
1430,Streamer_430,Esports,,10.3
2170,Streamer_1170,Arte,38846.0,10.6
17139,Streamer_16139,Arte,25916.0,6.4
15214,Streamer_14214,Gaming,14307.0,11.3
6784,Streamer_5784,Gaming,7234.0,3.9
2613,Streamer_1613,Arte,22572.0,6.1
20787,Streamer_19787,Musica,6597.0,4.0
3619,Streamer_2619,Esports,34189.0,6.4
3218,Streamer_2218,Esports,837.0,9.1
7928,Streamer_6928,Esports,12322.0,4.2
13188,Streamer_12188,Musica,33765.0,9.3
5976,Streamer_4976,Esports,35291.0,11.4
1993,Streamer_993,Gaming,,7.0
13089,Streamer_12089,Gaming,11378.0,2.9
8168,Streamer_7168,Arte,48628.0,3.9
16434,Streamer_15434,Just Chatting,37211.0,8.4
1951,Streamer_951,Gaming,25886.0,4.9
3037,Streamer_2037,Gaming,5637.0,10.0
9387,Streamer_8387,Arte,43033.0,6.7
2285,Streamer_1285,Musica,23445.0,12.0
11627,Streamer_10627,Musica,30624.0,3.5
9908,Streamer_8908,,29422.0,1.5
11882,Streamer_10882,Arte,28567.0,3.1
12864,Streamer_11864,Gaming,40016.0,4.5
17313,Streamer_16313,Esports,21731.0,6.3
5060,Streamer_4060,Arte,7303.0,6.0
19246,Streamer_18246,Just Chatting,15248.0,3.8
20339,Streamer_19339,Gaming,49606.0,1.0
5964,Streamer_4964,Arte,49030.0,11.7
19804,Streamer_18804,Arte,44867.0,3.3
15489,Streamer_14489,Arte,48455.0,4.2
18066,Streamer_17066,Arte,40660.0,4.5
3576,Streamer_2576,Esports,6759.0,6.4
2243,Streamer_1243,Esports,17418.0,7.5
5841,Streamer_4841,Esports,35520.0,4.6
5345,Streamer_4345,Arte,7960.0,8.1
8434,Streamer_7434,Just Chatting,26343.0,4.8
6889,Streamer_5889,Esports,39108.0,7.7
4288,Streamer_3288,Musica,43742.0,8.7
14036,Streamer_13036,Musica,39882.0,8.6
13885,Streamer_12885,Gaming,40544.0,10.2
16934,Streamer_15934,Esports,30632.0,6.3
19103,Streamer_18103,Just Chatting,35460.0,10.9
7177,Streamer_6177,Esports,9536.0,1.4
10636,Streamer_9636,Gaming,45320.0,8.9
14482,Streamer_13482,Esports,41612.0,5.0
9581,Streamer_8581,Gaming,15660.0,8.2
17430,Streamer_16430,Arte,34750.0,9.2
14577,Streamer_13577,Musica,42507.0,11.8
9342,Streamer_8342,Musica,16457.0,2.2
18400,Streamer_17400,Arte,9699.0,5.7
20562,Streamer_19562,Musica,41674.0,10.4
17749,Streamer_16749,Gaming,14828.0,7.9
15833,Streamer_14833,Musica,32777.0,10.6
7917,Streamer_6917,Just Chatting,898.0,8.6
1889,Streamer_889,Musica,6599.0,8.1
17372,Streamer_16372,Esports,38329.0,11.9
11976,Streamer_10976,Esports,27727.0,5.7
10621,Streamer_9621,Musica,49556.0,3.4
7444,Streamer_6444,Gaming,25282.0,11.6
2380,Streamer_1380,Esports,2637.0,8.3
12206,Streamer_11206,Musica,26596.0,10.9
1248,Streamer_248,Musica,24938.0,10.8
8928,Streamer_7928,Arte,19511.0,4.7
3565,Streamer_2565,Musica,23143.0,6.8
18503,Streamer_17503,Musica,34440.0,4.6
10769,Streamer_9769,Just Chatting,47370.0,4.2
19577,Streamer_18577,Esports,43605.0,11.8
15662,Streamer_14662,Esports,23578.0,9.3
15332,Streamer_14332,Just Chatting,476.0,11.7
9193,Streamer_8193,Musica,16796.0,5.1
1404,Streamer_404,Musica,19197.0,7.1
16045,Streamer_15045,Arte,47372.0,4.5
19224,Streamer_18224,Arte,42462.0,3.6
8329,Streamer_7329,Just Chatting,5855.0,4.9
14066,Streamer_13066,Gaming,10182.0,1.1
12125,Streamer_11125,Esports,23342.0,3.5
8645,Streamer_7645,Gaming,36252.0,11.2
8738,Streamer_7738,Esports,45923.0,2.7
5067,Streamer_4067,Gaming,36932.0,10.8
9445,Streamer_8445,Gaming,13644.0,4.7
15269,Streamer_14269,Arte,8854.0,4.0
4784,Streamer_3784,Gaming,20209.0,3.7
18660,Streamer_17660,Gaming,19817.0,2.8
20045,Streamer_19045,Just Chatting,12758.0,1.8
13963,Streamer_12963,Musica,29867.0,8.9
2920,Streamer_1920,Esports,37459.0,5.3
15037,Streamer_14037,Gaming,24391.0,4.6
4737,Streamer_3737,Just Chatting,38085.0,9.5
3641,Streamer_2641,Just Chatting,26078.0,10.6
9222,Streamer_8222,Just Chatting,41112.0,2.6
6680,Streamer_5680,Musica,45724.0,3.6
14784,Streamer_13784,Gaming,24778.0,10.0
17078,Streamer_16078,,34468.0,9.6
19190,Streamer_18190,Gaming,32014.0,3.5
7484,Streamer_6484,Just Chatting,28148.0,2.4
15731,Streamer_14731,Gaming,35728.0,1.8
9727,Streamer_8727,Musica,35518.0,4.7
1340,Streamer_340,Esports,44519.0,3.8
15911,Streamer_14911,Musica,18674.0,11.3
4558,Streamer_3558,Musica,3597.0,2.9
14957,Streamer_13957,Just Chatting,7298.0,6.9
10165,Streamer_9165,Just Chatting,45701.0,3.1
1239,Streamer_239,Esports,5039.0,10.4
14508,Streamer_13508,Arte,41634.0,8.6
15345,Streamer_14345,Gaming,22159.0,7.6
13431,Streamer_12431,Musica,38671.0,7.5
20773,Streamer_19773,Esports,24446.0,8.7
12027,Streamer_11027,Arte,37187.0,8.2
8055,Streamer_7055,Musica,48909.0,3.2
8902,Streamer_7902,Esports,6204.0,11.5
17108,Streamer_16108,Esports,22489.0,3.2
20540,Streamer_19540,Gaming,6615.0,2.9
5028,Streamer_4028,Gaming,20692.0,5.3
4325,Streamer_3325,Esports,32112.0,7.4
10169,Streamer_9169,,45731.0,2.2
4597,Streamer_3597,Musica,13088.0,10.8
19609,Streamer_18609,Just Chatting,17324.0,3.6
14184,Streamer_13184,Just Chatting,18738.0,4.1
20719,Streamer_19719,Esports,9424.0,1.6
18955,Streamer_17955,Esports,21006.0,3.5
1493,Streamer_493,Just Chatting,27737.0,6.5
4575,Streamer_3575,Just Chatting,49247.0,2.2
10815,Streamer_9815,Arte,17709.0,3.8
12114,Streamer_11114,Gaming,1331.0,2.7
19451,Streamer_18451,Arte,287.0,3.1
20272,Streamer_19272,Just Chatting,16659.0,6.6
16504,Streamer_15504,Arte,3597.0,3.0
10606,Streamer_9606,Gaming,34727.0,8.1
19675,Streamer_18675,Musica,19171.0,1.6
13245,Streamer_12245,Arte,32132.0,7.4
7242,Streamer_6242,Esports,38186.0,8.3
10921,Streamer_9921,Arte,32058.0,3.4
17877,Streamer_16877,Esports,31537.0,7.2
11011,Streamer_10011,Arte,41901.0,1.7
19569,Streamer_18569,Arte,15784.0,6.7
10746,Streamer_9746,Esports,28954.0,4.2
16370,Streamer_15370,Gaming,46080.0,11.6
12431,Streamer_11431,Just Chatting,15927.0,6.5
17575,Streamer_16575,Gaming,31243.0,10.2
11004,Streamer_10004,Just Chatting,33702.0,4.2
16002,Streamer_15002,Esports,27119.0,7.6
5822,Streamer_4822,Just Chatting,34125.0,9.9
3294,Streamer_2294,Just Chatting,2143.0,4.9
19352,Streamer_18352,Musica,23573.0,8.5
11125,Streamer_10125,Gaming,3935.0,9.9
20854,Streamer_19854,Arte,44885.0,4.8
16804,Streamer_15804,Musica,48421.0,6.8
13308,Streamer_12308,Esports,4908.0,5.6
16022,Streamer_15022,Esports,40628.0,2.6
7621,Streamer_6621,Gaming,48737.0,8.6
20262,Streamer_19262,Arte,24028.0,3.5
16537,Streamer_15537,Gaming,43215.0,8.5
9092,Streamer_8092,Esports,2587.0,7.2
4179,Streamer_3179,Gaming,17754.0,9.1
15717,Streamer_14717,Musica,27559.0,7.4
7735,Streamer_6735,Gaming,44557.0,6.9
6050,,Musica,2197.0,2.4
17185,Streamer_16185,Esports,28490.0,11.8
8749,Streamer_7749,Arte,40709.0,1.5
9154,Streamer_8154,Esports,13601.0,3.6
10220,Streamer_9220,Just Chatting,11088.0,1.2
19953,Streamer_18953,Arte,17794.0,6.8
10283,Streamer_9283,Musica,3682.0,11.4
4742,Streamer_3742,Esports,1823.0,5.9
10573,Streamer_9573,Musica,40939.0,1.8
3905,Streamer_2905,Arte,7103.0,7.1
2450,Streamer_1450,Musica,33604.0,4.7
10340,Streamer_9340,Esports,42105.0,11.0
3018,Streamer_2018,Just Chatting,17473.0,10.5
9633,Streamer_8633,Gaming,26183.0,9.6
7834,Streamer_6834,Arte,13421.0,1.2
3746,Streamer_2746,Musica,18585.0,9.9
7107,Streamer_6107,Musica,43284.0,10.8
2383,Streamer_1383,Just Chatting,34390.0,11.5
16014,Streamer_15014,Musica,15111.0,1.2
3573,Streamer_2573,Just Chatting,43575.0,6.3
7469,Streamer_6469,Arte,,1.7
18553,Streamer_17553,Arte,23133.0,6.3
3016,Streamer_2016,Arte,42272.0,4.4
3636,Streamer_2636,Arte,43053.0,6.2
16445,Streamer_15445,Arte,37101.0,2.4
16384,Streamer_15384,Just Chatting,41705.0,7.9
2927,Streamer_1927,Musica,32730.0,1.1
13674,Streamer_12674,Arte,43185.0,11.2
12333,Streamer_11333,Esports,38557.0,4.5
18430,Streamer_17430,Musica,38132.0,9.9
6047,Streamer_5047,Arte,13688.0,1.2
19022,Streamer_18022,Gaming,43672.0,2.9
3284,Streamer_2284,Musica,15634.0,10.3
5511,Streamer_4511,Arte,36447.0,3.1
9606,Streamer_8606,Arte,,11.5
9849,Streamer_8849,Esports,19049.0,8.5
6186,Streamer_5186,Just Chatting,2316.0,6.1
16163,Streamer_15163,Musica,8024.0,1.8
18181,Streamer_17181,Esports,178.0,7.2
2950,Streamer_1950,Arte,31561.0,2.5
2121,Streamer_1121,Esports,22536.0,8.2
14107,Streamer_13107,Just Chatting,12320.0,4.2
20914,Streamer_19914,Musica,28739.0,7.8
11845,Streamer_10845,Just Chatting,6925.0,9.7
20756,Streamer_19756,Arte,42179.0,4.5
16383,Streamer_15383,Esports,11459.0,4.2
20605,Streamer_19605,Arte,26301.0,2.1
5893,Streamer_4893,Arte,38750.0,8.0
13225,Streamer_12225,Arte,22361.0,1.5
8716,Streamer_7716,Just Chatting,34519.0,8.0
12288,Streamer_11288,Just Chatting,16741.0,8.8
13255,Streamer_12255,Esports,18816.0,1.7
11334,Streamer_10334,Esports,17790.0,7.7
19752,Streamer_18752,Just Chatting,13008.0,4.9
11634,Streamer_10634,Gaming,38409.0,1.7
8043,Streamer_7043,Arte,4226.0,11.3
1846,Streamer_846,Gaming,361.0,4.6
13493,Streamer_12493,Just Chatting,42685.0,1.4
1748,Streamer_748,Gaming,39772.0,9.4
10689,Streamer_9689,Esports,11361.0,9.8
12977,Streamer_11977,Just Chatting,45815.0,11.3
17687,Streamer_16687,Arte,21712.0,2.2
9521,Streamer_8521,,28057.0,4.1
3236,Streamer_2236,Just Chatting,12998.0,9.3
7733,Streamer_6733,Arte,,6.3
9172,Streamer_8172,Gaming,2961.0,11.1
6480,Streamer_5480,Arte,36242.0,5.4
10579,Streamer_9579,Musica,22562.0,7.5
11051,Streamer_10051,Just Chatting,4238.0,9.1
10323,Streamer_9323,Gaming,19011.0,10.6
7782,Streamer_6782,Just Chatting,4754.0,1.0
15749,Streamer_14749,Gaming,46901.0,8.6
4930,Streamer_3930,Arte,28695.0,7.0
18853,Streamer_17853,Gaming,601.0,8.7
13524,Streamer_12524,Arte,28704.0,5.0
17829,Streamer_16829,Just Chatting,8734.0,10.2
19115,Streamer_18115,Esports,26098.0,7.9
7648,Streamer_6648,Musica,21842.0,9.7
13358,Streamer_12358,Just Chatting,17014.0,8.8
18709,Streamer_17709,Just Chatting,28922.0,1.4
2040,Streamer_1040,Just Chatting,1582.0,1.2
12082,Streamer_11082,Esports,48272.0,1.0
16594,Streamer_15594,Esports,38721.0,1.8
9381,Streamer_8381,Arte,13327.0,2.7
2537,Streamer_1537,Musica,35365.0,3.2
18130,Streamer_17130,Gaming,28105.0,4.9
15232,Streamer_14232,,9606.0,10.8
1212,Streamer_212,Just Chatting,48780.0,10.8
2830,Streamer_1830,Arte,32837.0,5.2
9078,Streamer_8078,Esports,10300.0,8.2
2983,Streamer_1983,Arte,25087.0,9.8
6986,Streamer_5986,Gaming,47624.0,8.8
1220,Streamer_220,Arte,16242.0,9.8
18976,Streamer_17976,Musica,16703.0,2.9
16444,Streamer_15444,Esports,14903.0,7.5
2790,Streamer_1790,Just Chatting,26414.0,9.5
2987,Streamer_1987,Gaming,48046.0,9.8
11639,Streamer_10639,Gaming,9796.0,11.0
16186,Streamer_15186,Arte,6388.0,11.6
12533,Streamer_11533,Esports,30915.0,2.1
14034,Streamer_13034,Just Chatting,263.0,11.9
1777,Streamer_777,Esports,42351.0,2.0
8272,Streamer_7272,Just Chatting,14145.0,3.0
20872,Streamer_19872,Esports,3971.0,11.7
3211,Streamer_2211,Arte,3356.0,6.0
7901,Streamer_6901,Musica,35573.0,1.0
12963,Streamer_11963,Gaming,32399.0,9.9
19510,Streamer_18510,Arte,21958.0,4.4
7341,Streamer_6341,Esports,11337.0,3.8
17132,Streamer_16132,Musica,42749.0,4.2
9451,Streamer_8451,Esports,20184.0,4.4
18712,Streamer_17712,Musica,37846.0,1.3
5428,Streamer_4428,Just Chatting,18036.0,1.9
6019,Streamer_5019,Musica,8159.0,3.5
16556,Streamer_15556,Musica,35432.0,2.0
17377,Streamer_16377,Esports,15870.0,11.9
1648,Streamer_648,Just Chatting,17552.0,4.1
3996,Streamer_2996,Musica,28983.0,7.4
2298,Streamer_1298,Gaming,47495.0,6.5
5337,Streamer_4337,Musica,15988.0,1.5
3809,Streamer_2809,Esports,42249.0,4.8
7183,Streamer_6183,Esports,42342.0,5.4
11824,Streamer_10824,Just Chatting,31934.0,2.0
16541,Streamer_15541,Gaming,30203.0,6.2
15686,Streamer_14686,Gaming,1515.0,8.4
8771,Streamer_7771,Just Chatting,30456.0,2.7
20053,Streamer_19053,Musica,29190.0,2.0
20049,Streamer_19049,Esports,37793.0,11.3
20932,Streamer_19932,Musica,20217.0,9.0
13576,Streamer_12576,Musica,31631.0,9.7
9737,Streamer_8737,Musica,10913.0,8.3
15045,,Gaming,14533.0,7.3
3856,Streamer_2856,Musica,25073.0,11.6
8278,Streamer_7278,Just Chatting,3200.0,6.8
8152,Streamer_7152,Musica,19020.0,5.5
17707,Streamer_16707,Arte,43174.0,8.8
14401,Streamer_13401,Arte,19545.0,9.0
5539,Streamer_4539,Gaming,44882.0,4.3
2874,Streamer_1874,Musica,30327.0,8.3
12709,Streamer_11709,Esports,3857.0,6.5
8088,Streamer_7088,Esports,46724.0,4.8
1769,Streamer_769,Esports,1945.0,4.9
1354,Streamer_354,Just Chatting,49475.0,2.0
14847,Streamer_13847,Musica,47748.0,3.1
8553,Streamer_7553,Arte,32194.0,7.9
5529,Streamer_4529,Musica,10534.0,4.0
15185,Streamer_14185,Just Chatting,28307.0,3.8
8900,Streamer_7900,Esports,13419.0,5.1
3526,Streamer_2526,Just Chatting,36769.0,2.8
9306,Streamer_8306,Arte,1508.0,4.0
2336,Streamer_1336,Just Chatting,30525.0,9.8
12535,Streamer_11535,Just Chatting,142.0,9.0
2541,Streamer_1541,Musica,16424.0,7.7
7189,Streamer_6189,Arte,24159.0,6.4
20486,Streamer_19486,Esports,16627.0,2.3
10361,Streamer_9361,Arte,31242.0,1.8
1883,Streamer_883,Musica,6735.0,7.0
12472,Streamer_11472,Gaming,,8.2
19524,Streamer_18524,Arte,10560.0,3.6
1440,Streamer_440,Musica,26903.0,4.5
2849,Streamer_1849,Arte,35320.0,10.0
1257,Streamer_257,Gaming,45864.0,11.3
13973,Streamer_12973,Musica,15051.0,11.0
4823,Streamer_3823,Gaming,1436.0,3.2
4840,Streamer_3840,Arte,45193.0,3.0
2157,Streamer_1157,Esports,16251.0,5.6
20369,Streamer_19369,Arte,8293.0,5.5
10275,Streamer_9275,Just Chatting,3728.0,4.9
16474,Streamer_15474,Arte,26913.0,2.0
6892,Streamer_5892,Musica,31980.0,3.1
17660,Streamer_16660,Just Chatting,43685.0,3.0
20392,Streamer_19392,Esports,29913.0,6.5
4151,Streamer_3151,Esports,31719.0,1.5
5133,Streamer_4133,Gaming,7083.0,8.6
18183,Streamer_17183,Musica,46595.0,5.4
12202,Streamer_11202,Esports,32034.0,10.0
11739,Streamer_10739,Musica,13091.0,5.5
2293,Streamer_1293,Esports,,11.6
19615,Streamer_18615,Esports,43242.0,6.4
20666,Streamer_19666,Musica,38391.0,7.5
12551,Streamer_11551,Just Chatting,30330.0,2.0
4606,Streamer_3606,Gaming,647.0,7.8
2128,Streamer_1128,Gaming,30985.0,8.3
17736,Streamer_16736,Gaming,2426.0,1.6
6515,Streamer_5515,Musica,12435.0,11.8
4254,Streamer_3254,Musica,18136.0,2.8
19127,Streamer_18127,Gaming,37535.0,1.4
20904,Streamer_19904,Esports,27112.0,11.8
4967,Streamer_3967,Esports,24622.0,7.9
20608,Streamer_19608,Esports,30281.0,2.9
20298,Streamer_19298,Arte,46289.0,7.8
15772,Streamer_14772,Arte,9904.0,10.2
3965,Streamer_2965,Arte,19381.0,2.6
12684,Streamer_11684,Musica,42660.0,9.1
1482,Streamer_482,Arte,28500.0,5.1
12007,Streamer_11007,Esports,45481.0,11.3
16273,Streamer_15273,Just Chatting,9850.0,10.5
6652,Streamer_5652,Esports,30973.0,5.7
9835,Streamer_8835,Musica,7390.0,10.9
19783,Streamer_18783,Esports,27690.0,8.4
11577,Streamer_10577,Musica,9342.0,5.4
6214,,Musica,705.0,4.1
18386,,Musica,20751.0,8.7
16596,Streamer_15596,Esports,42229.0,4.6
7181,Streamer_6181,Gaming,45286.0,8.5
7041,Streamer_6041,Musica,,4.7
5431,Streamer_4431,Just Chatting,45320.0,4.1
6645,Streamer_5645,Arte,10981.0,10.5
19462,Streamer_18462,Arte,26028.0,5.5
13763,Streamer_12763,Gaming,47275.0,5.7
13946,Streamer_12946,Gaming,7004.0,3.0
4874,Streamer_3874,Esports,17699.0,2.4
6715,Streamer_5715,Gaming,36098.0,11.2
3319,Streamer_2319,Musica,10419.0,3.5
9430,Streamer_8430,,37413.0,7.3
3956,Streamer_2956,Arte,25075.0,9.4
13631,Streamer_12631,Arte,24697.0,1.3
5408,Streamer_4408,Gaming,14789.0,3.2
6428,Streamer_5428,Just Chatting,42675.0,4.1
4706,Streamer_3706,Esports,25763.0,3.5
17917,Streamer_16917,Arte,42215.0,2.2
4387,Streamer_3387,Just Chatting,41695.0,11.6
6665,Streamer_5665,Just Chatting,9108.0,1.5
16080,Streamer_15080,Just Chatting,25875.0,6.0
7731,Streamer_6731,Arte,7085.0,9.7
18467,Streamer_17467,Gaming,11488.0,6.0
6910,Streamer_5910,Esports,16172.0,9.1
7991,Streamer_6991,Gaming,22486.0,10.9
3228,Streamer_2228,Esports,29648.0,7.9
19784,Streamer_18784,Esports,41015.0,6.9
18916,Streamer_17916,Esports,34157.0,11.8
16845,Streamer_15845,Esports,40817.0,7.7
19816,Streamer_18816,Just Chatting,49873.0,11.8
5744,Streamer_4744,Just Chatting,18762.0,11.5
12301,Streamer_11301,Just Chatting,10442.0,10.7
3083,Streamer_2083,Arte,20725.0,3.1
5447,Streamer_4447,Esports,19583.0,10.7
12035,Streamer_11035,Gaming,1658.0,6.5
17782,Streamer_16782,Just Chatting,23912.0,9.6
17128,Streamer_16128,Arte,41980.0,1.9
10478,Streamer_9478,Gaming,42897.0,8.8
20864,Streamer_19864,,35104.0,5.5
5055,Streamer_4055,Just Chatting,37274.0,3.7
20463,Streamer_19463,Arte,15120.0,8.7
11579,Streamer_10579,Gaming,30482.0,5.8
16421,Streamer_15421,Just Chatting,36900.0,1.4
6764,Streamer_5764,Gaming,1654.0,9.7
9036,Streamer_8036,Gaming,48137.0,2.4
12329,Streamer_11329,Arte,34726.0,6.8
16268,Streamer_15268,Musica,25064.0,2.2
14879,Streamer_13879,Musica,17551.0,4.0
11654,Streamer_10654,Just Chatting,9229.0,3.9
10010,Streamer_9010,Just Chatting,39646.0,10.5
12517,Streamer_11517,Gaming,25442.0,9.3
18693,Streamer_17693,Gaming,2238.0,8.5
18220,Streamer_17220,Gaming,5260.0,11.7
20406,Streamer_19406,Gaming,37714.0,8.7
20329,Streamer_19329,Gaming,13071.0,7.7
2791,,Just Chatting,30482.0,11.1
8114,Streamer_7114,Musica,16690.0,6.0
15450,Streamer_14450,Musica,1667.0,7.4
14298,Streamer_13298,Just Chatting,3711.0,10.6
18995,Streamer_17995,Just Chatting,15575.0,3.4
1872,Streamer_872,Gaming,39910.0,3.1
15507,Streamer_14507,Esports,2392.0,7.6
8671,Streamer_7671,Gaming,45719.0,3.5
1819,Streamer_819,Musica,18808.0,11.4
13573,Streamer_12573,Musica,36210.0,6.8
17209,Streamer_16209,Arte,1675.0,10.0
7783,Streamer_6783,Musica,28960.0,5.3
7317,,Esports,18569.0,9.3
2633,Streamer_1633,Just Chatting,16157.0,7.6
11015,Streamer_10015,Gaming,49997.0,7.2
20126,Streamer_19126,Arte,29526.0,1.3
19838,Streamer_18838,Gaming,39462.0,4.8
14561,Streamer_13561,Arte,20500.0,11.9
5162,Streamer_4162,Esports,3852.0,5.3
20292,Streamer_19292,Esports,9825.0,2.5
8222,Streamer_7222,Arte,19315.0,6.2
18938,Streamer_17938,Arte,30309.0,10.4
20421,Streamer_19421,Arte,45926.0,6.0
2281,Streamer_1281,Musica,13086.0,9.7
12445,Streamer_11445,Arte,45998.0,2.3
17752,Streamer_16752,Arte,29911.0,9.6
12625,Streamer_11625,Musica,49421.0,4.7
2803,Streamer_1803,Esports,27448.0,4.3
5343,Streamer_4343,Arte,38139.0,1.4
5357,Streamer_4357,Gaming,19943.0,6.7
20418,Streamer_19418,Just Chatting,7988.0,3.4
14726,Streamer_13726,Esports,28306.0,11.0
6803,Streamer_5803,Just Chatting,48754.0,11.2
10467,Streamer_9467,Just Chatting,16466.0,7.9
8351,Streamer_7351,Musica,28522.0,9.3
20782,Streamer_19782,Gaming,17817.0,10.9
9563,Streamer_8563,Musica,9532.0,4.3
16985,Streamer_15985,Arte,3976.0,2.5
8051,Streamer_7051,Gaming,49870.0,10.9
1184,Streamer_184,Musica,6709.0,4.6
10863,Streamer_9863,Gaming,41441.0,9.8
16905,Streamer_15905,Musica,3816.0,6.5
2229,Streamer_1229,Just Chatting,15005.0,5.4
13740,Streamer_12740,Musica,35555.0,6.2
11993,Streamer_10993,Arte,7031.0,4.6
10373,Streamer_9373,Musica,22641.0,7.3
7155,Streamer_6155,Musica,11018.0,4.4
8762,Streamer_7762,Esports,29148.0,10.7
6283,Streamer_5283,Esports,42461.0,4.3
8319,Streamer_7319,Gaming,16989.0,2.5
3221,Streamer_2221,Just Chatting,45671.0,11.7
5353,Streamer_4353,Musica,45871.0,9.7
15746,Streamer_14746,Arte,6590.0,10.7
7162,Streamer_6162,Gaming,25966.0,11.8
6016,Streamer_5016,Gaming,6674.0,8.8
7199,Streamer_6199,Musica,31749.0,11.2
18158,Streamer_17158,Arte,30744.0,6.8
7606,Streamer_6606,Esports,34783.0,3.0
14453,Streamer_13453,Arte,31396.0,3.0
15112,Streamer_14112,Musica,17415.0,1.7
15405,Streamer_14405,Esports,44925.0,11.8
12701,Streamer_11701,Esports,22646.0,9.0
1945,Streamer_945,Musica,45026.0,6.7
3277,Streamer_2277,Gaming,14385.0,6.4
17541,Streamer_16541,Gaming,41385.0,3.5
4273,Streamer_3273,Arte,18984.0,9.7
20388,Streamer_19388,Musica,31821.0,2.2
10711,Streamer_9711,Gaming,39085.0,10.0
15612,Streamer_14612,Musica,38902.0,2.0
1244,Streamer_244,Musica,33772.0,3.5
13046,Streamer_12046,Just Chatting,14386.0,9.4
9757,Streamer_8757,Just Chatting,8270.0,1.4
2021,Streamer_1021,Just Chatting,24835.0,2.6
15677,Streamer_14677,Gaming,25288.0,5.8
11551,Streamer_10551,Just Chatting,25216.0,8.1
9255,Streamer_8255,Musica,12172.0,11.7
8127,Streamer_7127,Arte,30843.0,8.1
11948,Streamer_10948,Arte,1621.0,11.3
3046,Streamer_2046,Esports,2122.0,11.6
14051,Streamer_13051,,9828.0,1.6
3642,Streamer_2642,Arte,25287.0,3.1
3407,Streamer_2407,Musica,2842.0,4.7
19477,Streamer_18477,Esports,37855.0,11.6
2369,Streamer_1369,Musica,35447.0,4.3
16510,Streamer_15510,Esports,12412.0,4.5
15513,Streamer_14513,Arte,288.0,4.1
1040,Streamer_40,Gaming,39952.0,3.0
2896,Streamer_1896,Esports,44112.0,6.4
4054,Streamer_3054,Musica,19159.0,8.8
8973,Streamer_7973,Esports,2710.0,10.8
20170,Streamer_19170,Just Chatting,44771.0,6.4
16206,Streamer_15206,Just Chatting,48734.0,4.1
7298,Streamer_6298,Musica,14396.0,2.7
7791,Streamer_6791,Musica,31772.0,1.5
10730,Streamer_9730,Esports,41630.0,9.3
13953,Streamer_12953,Musica,22114.0,6.9
6166,Streamer_5166,Just Chatting,44833.0,6.6
5298,Streamer_4298,Esports,35453.0,10.8
7763,Streamer_6763,Just Chatting,40250.0,9.8
10551,Streamer_9551,Arte,1537.0,2.9
4032,Streamer_3032,Arte,20063.0,8.6
9868,Streamer_8868,Arte,16802.0,9.8
3147,Streamer_2147,Esports,41801.0,10.9
6230,Streamer_5230,Musica,14287.0,10.7
17814,Streamer_16814,Gaming,29920.0,4.9
14733,Streamer_13733,Just Chatting,45993.0,4.3
7210,Streamer_6210,Arte,3320.0,1.3
19647,Streamer_18647,Arte,46062.0,3.5
4469,Streamer_3469,Arte,20221.0,9.6
17694,Streamer_16694,Esports,6518.0,9.9
7727,Streamer_6727,Esports,6971.0,4.9
17358,Streamer_16358,Musica,46845.0,3.6
6682,Streamer_5682,Just Chatting,32896.0,2.1
17910,Streamer_16910,Musica,11078.0,9.8
3135,,Musica,31179.0,2.9
2959,Streamer_1959,Musica,21273.0,7.1
13329,Streamer_12329,Musica,41329.0,6.5
9768,Streamer_8768,Arte,6103.0,8.4
12323,Streamer_11323,Musica,11988.0,1.9
2355,,Just Chatting,27589.0,5.6
7398,Streamer_6398,Gaming,34117.0,5.3
11208,Streamer_10208,Musica,14153.0,9.3
5473,Streamer_4473,Esports,18050.0,8.6
20859,Streamer_19859,Esports,32397.0,2.6
18530,Streamer_17530,Gaming,12897.0,11.1
12986,Streamer_11986,Arte,6885.0,9.8
19337,Streamer_18337,Just Chatting,22936.0,9.9
16288,Streamer_15288,Esports,35375.0,5.2
1063,Streamer_63,Musica,48469.0,11.0
16000,Streamer_15000,Just Chatting,32344.0,7.0
1137,Streamer_137,Arte,11983.0,10.1
4952,Streamer_3952,Just Chatting,1047.0,6.6
17852,Streamer_16852,Gaming,970.0,10.7
14150,Streamer_13150,Esports,16425.0,11.8
20747,Streamer_19747,Gaming,19769.0,7.6
11210,Streamer_10210,Just Chatting,,5.2
10175,Streamer_9175,Esports,32872.0,7.4
12794,Streamer_11794,Musica,41661.0,6.0
3008,Streamer_2008,Arte,45249.0,9.3
3141,Streamer_2141,Just Chatting,29575.0,10.2
11998,Streamer_10998,Just Chatting,26064.0,8.6
9661,Streamer_8661,Arte,11045.0,11.2
19847,Streamer_18847,,26702.0,2.4
11716,Streamer_10716,Esports,25477.0,9.0
16772,Streamer_15772,Gaming,47798.0,10.9
15191,Streamer_14191,Gaming,616.0,3.6
16371,Streamer_15371,Arte,7810.0,7.2
18455,Streamer_17455,Just Chatting,7034.0,11.9
3128,Streamer_2128,Just Chatting,48340.0,10.0
10929,Streamer_9929,Musica,48698.0,11.6
4047,Streamer_3047,Gaming,39310.0,6.1
5212,Streamer_4212,Gaming,11907.0,5.9
2349,Streamer_1349,Esports,45802.0,3.3
12930,Streamer_11930,Just Chatting,38605.0,1.9
17837,Streamer_16837,Arte,42449.0,8.0
19677,Streamer_18677,Esports,20000.0,7.5
5250,Streamer_4250,Esports,1998.0,3.4
1288,Streamer_288,Musica,47940.0,10.8
7095,Streamer_6095,Musica,6601.0,6.8
3177,Streamer_2177,Esports,33541.0,1.9
8504,Streamer_7504,Just Chatting,29476.0,10.5
5040,Streamer_4040,Esports,336.0,3.9
20636,Streamer_19636,Gaming,37899.0,1.3
20604,Streamer_19604,Gaming,37740.0,9.3
4730,Streamer_3730,Gaming,39213.0,10.1
4018,Streamer_3018,Esports,13310.0,2.5
1886,Streamer_886,Gaming,9959.0,10.0
14458,Streamer_13458,Arte,17475.0,7.4
11064,Streamer_10064,Gaming,37717.0,5.7
17183,Streamer_16183,Gaming,974.0,1.0
5281,Streamer_4281,Esports,7518.0,7.5
16112,Streamer_15112,,39326.0,7.1
4644,Streamer_3644,Just Chatting,38105.0,2.3
19969,Streamer_18969,Musica,10641.0,11.7
19989,Streamer_18989,Musica,32164.0,7.1
12088,Streamer_11088,Gaming,20567.0,8.1
20937,Streamer_19937,Just Chatting,25874.0,4.1
1190,Streamer_190,Arte,3843.0,9.7
14351,Streamer_13351,Esports,18695.0,5.5
7376,Streamer_6376,Arte,13604.0,1.3
9699,Streamer_8699,Just Chatting,43535.0,11.8
6116,Streamer_5116,Just Chatting,12867.0,1.8
16801,Streamer_15801,Arte,35937.0,10.4
14153,Streamer_13153,Gaming,26802.0,2.4
5918,Streamer_4918,Arte,29274.0,8.5
11494,Streamer_10494,Arte,34988.0,9.0
11578,Streamer_10578,Esports,45696.0,2.0
11921,Streamer_10921,Just Chatting,46215.0,1.8
3945,Streamer_2945,Musica,25254.0,1.3
18645,Streamer_17645,Musica,39968.0,10.9
20662,Streamer_19662,Just Chatting,5937.0,10.2
4340,Streamer_3340,Just Chatting,20385.0,4.7
16369,Streamer_15369,Musica,42516.0,2.5
20435,Streamer_19435,,26234.0,3.6
1819,Streamer_819,Musica,18808.0,11.4
1046,Streamer_46,Esports,33949.0,1.2
10336,Streamer_9336,Gaming,3457.0,1.4
12855,Streamer_11855,Just Chatting,8704.0,9.3
9952,Streamer_8952,Esports,24190.0,10.4
5630,Streamer_4630,Just Chatting,3241.0,2.6
14790,Streamer_13790,Gaming,7343.0,7.7
5623,Streamer_4623,Arte,15184.0,4.3
1152,Streamer_152,Musica,7022.0,11.6
18179,Streamer_17179,Just Chatting,10556.0,1.3
3816,Streamer_2816,Just Chatting,18547.0,2.2
11592,Streamer_10592,Arte,45181.0,5.8
16661,Streamer_15661,Just Chatting,19627.0,9.9
19618,Streamer_18618,Esports,22295.0,4.9
20732,Streamer_19732,Musica,48469.0,5.6
18230,Streamer_17230,Gaming,44657.0,9.0
20213,Streamer_19213,Arte,14034.0,4.9
16352,Streamer_15352,Esports,25161.0,8.7
10545,Streamer_9545,Just Chatting,6647.0,3.2
4794,Streamer_3794,Just Chatting,46989.0,1.1
10161,Streamer_9161,Musica,40611.0,6.5
1213,Streamer_213,Gaming,41588.0,11.6
17949,Streamer_16949,Gaming,481.0,4.5
5146,Streamer_4146,Just Chatting,13879.0,5.8
7024,Streamer_6024,Just Chatting,38672.0,8.7
14644,Streamer_13644,Just Chatting,35478.0,8.2
18114,Streamer_17114,Just Chatting,47133.0,7.5
13615,Streamer_12615,Just Chatting,7893.0,10.1
1545,Streamer_545,Esports,29944.0,3.7
18243,Streamer_17243,Arte,49082.0,5.7
3463,Streamer_2463,Gaming,20770.0,2.4
10190,Streamer_9190,Just Chatting,28933.0,1.9
17474,Streamer_16474,Arte,41620.0,8.5
16509,Streamer_15509,Just Chatting,44133.0,6.3
1221,Streamer_221,Esports,2340.0,4.6
18408,Streamer_17408,Just Chatting,10288.0,5.4
8946,Streamer_7946,Musica,30128.0,7.7
5824,Streamer_4824,Gaming,26336.0,4.4
11512,Streamer_10512,Gaming,23400.0,8.2
9749,Streamer_8749,Esports,10750.0,11.1
9163,Streamer_8163,Gaming,42079.0,6.3
10890,Streamer_9890,Esports,25199.0,1.7
9537,Streamer_8537,Just Chatting,23334.0,4.6
8538,Streamer_7538,Gaming,35984.0,5.8
7451,Streamer_6451,Musica,13576.0,11.1
6545,Streamer_5545,Musica,45198.0,10.5
10629,Streamer_9629,Esports,34732.0,4.6
16891,Streamer_15891,Just Chatting,5413.0,5.0
15741,Streamer_14741,Musica,19741.0,11.3
1633,Streamer_633,Esports,3655.0,5.4
11545,Streamer_10545,Just Chatting,19966.0,6.6
20336,Streamer_19336,Gaming,45328.0,11.2
11524,Streamer_10524,Gaming,4832.0,9.8
16335,Streamer_15335,Esports,15471.0,8.0
12481,Streamer_11481,Arte,9011.0,11.9
18861,Streamer_17861,Arte,41079.0,10.3
9595,Streamer_8595,Just Chatting,17970.0,8.9
10368,Streamer_9368,Just Chatting,689.0,5.1
17663,Streamer_16663,Esports,32490.0,8.3
4997,Streamer_3997,Arte,16298.0,1.5
12234,Streamer_11234,Esports,7614.0,5.4
16868,Streamer_15868,Esports,49031.0,10.5
17415,Streamer_16415,Just Chatting,36176.0,1.7
7796,Streamer_6796,Arte,44791.0,2.6
14226,Streamer_13226,Gaming,,7.0
19599,Streamer_18599,Esports,46441.0,7.4
14103,Streamer_13103,Gaming,7968.0,9.7
20134,Streamer_19134,Gaming,1544.0,4.9
2342,Streamer_1342,Just Chatting,3898.0,11.4
18870,Streamer_17870,Musica,1637.0,11.9
11373,Streamer_10373,Esports,2280.0,7.5
2166,Streamer_1166,Musica,30616.0,1.1
7635,Streamer_6635,Just Chatting,641.0,6.6
15745,Streamer_14745,Gaming,44186.0,5.9
6252,Streamer_5252,Musica,14073.0,11.0
5364,Streamer_4364,Just Chatting,20158.0,4.5
2786,Streamer_1786,Esports,22009.0,3.7
3369,Streamer_2369,Musica,30058.0,6.3
15530,Streamer_14530,Gaming,23858.0,11.7
5625,Streamer_4625,Musica,21085.0,8.6
1917,Streamer_917,Just Chatting,15714.0,5.9
16053,Streamer_15053,Musica,31790.0,5.0
14946,Streamer_13946,Arte,47217.0,4.2
16249,Streamer_15249,Musica,40616.0,1.4
19976,Streamer_18976,Musica,15971.0,1.6
7588,Streamer_6588,Musica,15391.0,2.1
13118,Streamer_12118,Esports,26210.0,3.3
8093,Streamer_7093,Gaming,25515.0,11.5
16121,Streamer_15121,Esports,3061.0,8.3
4873,Streamer_3873,Esports,5740.0,1.5
18218,Streamer_17218,Gaming,41996.0,9.8
4717,Streamer_3717,Gaming,16192.0,9.4
13868,Streamer_12868,Gaming,49789.0,3.3
11122,Streamer_10122,Gaming,2924.0,2.5
6781,Streamer_5781,Just Chatting,37571.0,6.3
20645,Streamer_19645,Just Chatting,16945.0,2.9
6288,,Musica,30577.0,5.2
15575,Streamer_14575,Esports,3928.0,10.2
8704,Streamer_7704,Just Chatting,22699.0,3.1
12163,Streamer_11163,Esports,40347.0,9.3
4805,Streamer_3805,Just Chatting,45575.0,7.0
2235,Streamer_1235,Musica,48385.0,4.8
10109,Streamer_9109,Gaming,49147.0,1.7
5255,Streamer_4255,Esports,47155.0,10.7
20961,Streamer_19961,Just Chatting,42237.0,10.5
18225,Streamer_17225,Gaming,37869.0,5.6
14350,Streamer_13350,Esports,17611.0,4.8
8636,,Arte,39097.0,8.5
5908,Streamer_4908,Arte,15584.0,1.8
11966,Streamer_10966,Musica,230.0,6.4
15263,Streamer_14263,Just Chatting,6377.0,3.1
3739,Streamer_2739,Arte,35950.0,9.0
12136,Streamer_11136,Gaming,31480.0,5.5
6043,Streamer_5043,Just Chatting,9702.0,5.4
13196,Streamer_12196,Arte,31019.0,11.8
14383,Streamer_13383,Esports,27202.0,11.4
16030,Streamer_15030,Gaming,19873.0,5.3
4322,Streamer_3322,Gaming,42501.0,5.3
10492,Streamer_9492,Musica,38823.0,11.7
3244,Streamer_2244,Musica,46516.0,5.0
2935,Streamer_1935,Just Chatting,48604.0,5.0
1558,Streamer_558,Esports,1407.0,2.4
18099,Streamer_17099,Musica,17443.0,7.6
12108,Streamer_11108,Musica,43007.0,9.3
9258,Streamer_8258,Musica,25075.0,8.8
17352,Streamer_16352,Gaming,23285.0,3.6
12756,Streamer_11756,Arte,36019.0,8.9
3255,Streamer_2255,Gaming,17837.0,4.1
4326,Streamer_3326,Arte,39984.0,8.3
19866,Streamer_18866,Just Chatting,35346.0,1.6
20888,Streamer_19888,Musica,37538.0,7.9
13392,Streamer_12392,Musica,4887.0,2.4
4726,Streamer_3726,Esports,18809.0,10.2
19676,Streamer_18676,Esports,46287.0,6.2
4139,Streamer_3139,Gaming,28884.0,3.6
3633,Streamer_2633,Esports,37785.0,8.8
11796,Streamer_10796,Esports,20984.0,5.0
15207,Streamer_14207,Just Chatting,26597.0,7.3
2980,Streamer_1980,Just Chatting,44635.0,11.5
9150,Streamer_8150,Gaming,19057.0,2.0
18535,Streamer_17535,Arte,23522.0,9.0
13501,Streamer_12501,Just Chatting,40023.0,4.2
7838,Streamer_6838,Arte,4286.0,6.0
5978,Streamer_4978,Arte,3217.0,3.5
13908,Streamer_12908,Arte,12762.0,4.8
3646,Streamer_2646,Just Chatting,33052.0,8.8
15802,Streamer_14802,Musica,3584.0,3.6
17649,Streamer_16649,Arte,19857.0,1.4
6470,Streamer_5470,Just Chatting,40181.0,5.1
13052,Streamer_12052,Esports,14739.0,7.1
10292,Streamer_9292,Arte,7295.0,4.6
15172,Streamer_14172,Gaming,11714.0,9.8
6847,Streamer_5847,Arte,25265.0,4.0
13869,Streamer_12869,Musica,4489.0,11.5
7681,Streamer_6681,Gaming,10694.0,8.0
4767,Streamer_3767,Esports,9127.0,8.4
4455,Streamer_3455,Arte,45808.0,11.8
13142,Streamer_12142,Musica,45054.0,9.5
16055,Streamer_15055,Esports,16982.0,1.6
20333,Streamer_19333,Musica,24686.0,10.5
18308,Streamer_17308,Esports,34415.0,6.6
15294,Streamer_14294,Just Chatting,5247.0,8.5
20296,Streamer_19296,Just Chatting,47109.0,4.3
20389,Streamer_19389,Musica,31045.0,3.1
3045,Streamer_2045,Gaming,28596.0,11.8
1722,Streamer_722,Just Chatting,5631.0,8.2
5414,Streamer_4414,Musica,48289.0,1.2
14574,Streamer_13574,Musica,8424.0,3.7
13365,Streamer_12365,Musica,22792.0,8.8
9070,Streamer_8070,Arte,26107.0,1.3
11077,Streamer_10077,Esports,43494.0,10.7
11113,Streamer_10113,Gaming,38329.0,3.9
11768,Streamer_10768,Arte,41924.0,7.7
3528,Streamer_2528,Gaming,18030.0,3.3
9319,Streamer_8319,Just Chatting,38643.0,5.9
2976,Streamer_1976,Musica,22472.0,10.7
18369,Streamer_17369,Musica,19491.0,10.2
9781,Streamer_8781,Gaming,39245.0,4.9
2817,Streamer_1817,Musica,43751.0,5.1
10390,Streamer_9390,Gaming,18954.0,11.2
13277,Streamer_12277,Arte,35685.0,9.4
6297,Streamer_5297,Musica,13640.0,9.0
20684,Streamer_19684,Musica,40239.0,5.4
5101,Streamer_4101,Just Chatting,21233.0,8.5
7734,Streamer_6734,Gaming,2118.0,6.7
14319,Streamer_13319,Arte,16276.0,5.9
20260,Streamer_19260,Esports,25692.0,10.7
20660,Streamer_19660,Esports,11727.0,10.1
16577,Streamer_15577,Arte,22355.0,10.9
7860,Streamer_6860,Arte,6444.0,7.0
10307,Streamer_9307,Gaming,17423.0,7.3
1613,Streamer_613,Arte,25601.0,3.2
12162,Streamer_11162,Musica,17065.0,8.3
12724,Streamer_11724,Gaming,49979.0,9.5
15014,Streamer_14014,Just Chatting,7758.0,4.9
11658,Streamer_10658,Musica,49146.0,6.0
18575,Streamer_17575,Esports,18870.0,1.1
10084,Streamer_9084,Arte,16655.0,2.2
15346,Streamer_14346,Esports,20967.0,7.9
17732,Streamer_16732,Gaming,6871.0,11.1
8146,Streamer_7146,Gaming,40048.0,7.5
15513,Streamer_14513,Arte,288.0,4.1
11885,,Musica,20458.0,11.3
14680,Streamer_13680,Just Chatting,22269.0,8.4
4563,Streamer_3563,Esports,15574.0,11.4
6257,Streamer_5257,Gaming,24408.0,3.1
17597,Streamer_16597,Gaming,33930.0,6.1
16706,Streamer_15706,Musica,26217.0,6.1
2655,Streamer_1655,Esports,39988.0,5.7
19061,Streamer_18061,Just Chatting,47172.0,6.7
12019,Streamer_11019,Esports,1795.0,8.0
14191,Streamer_13191,Musica,21004.0,5.9
13640,Streamer_12640,Musica,18250.0,7.9
3382,Streamer_2382,Musica,9825.0,1.3
17741,Streamer_16741,Musica,44776.0,6.2
12787,Streamer_11787,Just Chatting,38659.0,6.5
16750,Streamer_15750,Gaming,8058.0,11.2
6813,Streamer_5813,Just Chatting,16972.0,2.9
8922,Streamer_7922,Just Chatting,47748.0,9.9
7985,Streamer_6985,Esports,15194.0,10.3
12582,Streamer_11582,Musica,11644.0,8.5
20692,Streamer_19692,Arte,38795.0,10.5
4161,Streamer_3161,Arte,22243.0,7.0
20273,Streamer_19273,Musica,38892.0,1.3
13489,Streamer_12489,Esports,48918.0,5.5
17698,Streamer_16698,Arte,27996.0,10.8
17289,Streamer_16289,,31575.0,2.4
7236,Streamer_6236,Musica,32005.0,5.8
17121,Streamer_16121,Musica,41200.0,9.5
15590,Streamer_14590,Arte,13170.0,3.4
19487,Streamer_18487,Just Chatting,9398.0,5.9
1308,Streamer_308,Gaming,4101.0,9.3
15334,Streamer_14334,Gaming,6528.0,2.9
2861,Streamer_1861,Musica,474.0,7.4
20047,Streamer_19047,Esports,4096.0,6.1
5770,Streamer_4770,Just Chatting,21099.0,8.1
6058,Streamer_5058,Arte,11385.0,8.1
2107,Streamer_1107,Just Chatting,20060.0,9.1
9169,Streamer_8169,Musica,11808.0,11.7
17528,Streamer_16528,Arte,11168.0,9.7
19128,Streamer_18128,Esports,18528.0,6.9
13920,Streamer_12920,Arte,36728.0,3.1
6424,Streamer_5424,Just Chatting,36786.0,8.8
19052,,Esports,49447.0,11.1
14485,Streamer_13485,Gaming,25273.0,2.5
12412,,Gaming,47206.0,3.9
19031,Streamer_18031,Arte,21809.0,7.7
14323,Streamer_13323,Gaming,24197.0,3.3
11042,Streamer_10042,Esports,11377.0,2.2
12131,Streamer_11131,Esports,30413.0,3.3
12746,Streamer_11746,Arte,41570.0,5.9
16462,Streamer_15462,Gaming,13813.0,2.7
19435,Streamer_18435,Esports,41712.0,6.0
1921,Streamer_921,,41690.0,6.7
10847,Streamer_9847,Arte,21509.0,10.5
17226,,Gaming,40519.0,7.3
11681,Streamer_10681,Arte,40467.0,10.0
17620,Streamer_16620,Just Chatting,1469.0,8.5
3093,Streamer_2093,Musica,31176.0,8.8
14606,,Arte,21017.0,4.1
3330,Streamer_2330,Just Chatting,41105.0,6.4
12964,Streamer_11964,Just Chatting,42624.0,12.0
10801,Streamer_9801,Just Chatting,35488.0,6.6
11487,Streamer_10487,Just Chatting,45069.0,10.8
2809,Streamer_1809,Arte,12337.0,4.2
19640,Streamer_18640,Arte,7518.0,11.2
5793,Streamer_4793,Esports,33003.0,7.3
20802,Streamer_19802,Just Chatting,10708.0,11.8
16017,Streamer_15017,Esports,10410.0,3.1
9336,Streamer_8336,Just Chatting,20021.0,6.3
7310,Streamer_6310,Arte,47114.0,9.8
19652,Streamer_18652,Gaming,47469.0,3.7
3748,Streamer_2748,Arte,24922.0,2.4
15799,Streamer_14799,Gaming,36895.0,4.3
7840,Streamer_6840,Just Chatting,44763.0,3.9
17486,Streamer_16486,Just Chatting,47605.0,8.6
3129,Streamer_2129,Arte,25613.0,11.2
2682,Streamer_1682,Musica,18227.0,1.2
2579,Streamer_1579,Just Chatting,16626.0,1.9
6434,Streamer_5434,Musica,11370.0,9.9
13465,Streamer_12465,Arte,21617.0,4.1
4050,Streamer_3050,Just Chatting,12932.0,11.2
3108,Streamer_2108,Gaming,6677.0,7.7
14765,Streamer_13765,Gaming,18970.0,5.9
4006,Streamer_3006,Musica,15890.0,9.5
10473,Streamer_9473,Arte,47949.0,3.5
2555,Streamer_1555,Just Chatting,21276.0,6.2
20690,Streamer_19690,Just Chatting,19992.0,1.6
16583,Streamer_15583,Gaming,46316.0,4.2
9844,Streamer_8844,Just Chatting,8913.0,2.5
15480,Streamer_14480,Musica,32654.0,4.8
18502,Streamer_17502,Gaming,44069.0,1.5
7033,Streamer_6033,Just Chatting,8096.0,1.7
12897,Streamer_11897,Gaming,31815.0,10.3
5407,Streamer_4407,Musica,12307.0,5.6
15982,Streamer_14982,Just Chatting,12724.0,9.9
19760,Streamer_18760,Just Chatting,47627.0,11.5
15861,Streamer_14861,Esports,20234.0,11.8
10337,Streamer_9337,Arte,29252.0,7.4
16200,Streamer_15200,Just Chatting,45489.0,11.1
17431,Streamer_16431,Gaming,6354.0,2.9
17171,Streamer_16171,Arte,44815.0,6.6
2582,Streamer_1582,Just Chatting,417.0,1.9
19697,Streamer_18697,Gaming,15604.0,5.1
8865,Streamer_7865,Esports,23832.0,9.1
4861,Streamer_3861,Just Chatting,19118.0,2.9
18966,Streamer_17966,Just Chatting,23107.0,8.3
19460,Streamer_18460,Just Chatting,25496.0,10.7
5946,Streamer_4946,Just Chatting,27346.0,10.4
18945,Streamer_17945,Gaming,22914.0,9.7
14294,Streamer_13294,Arte,44686.0,11.7
1165,Streamer_165,Esports,25861.0,7.7
11006,Streamer_10006,Gaming,20416.0,3.9
11155,Streamer_10155,Musica,43931.0,10.4
17509,Streamer_16509,Esports,8158.0,6.9
6187,Streamer_5187,,27686.0,7.0
2969,Streamer_1969,Esports,47862.0,5.6
5721,Streamer_4721,Arte,23011.0,8.2
17217,Streamer_16217,Just Chatting,38838.0,1.6
14228,Streamer_13228,Esports,36480.0,1.1
8877,Streamer_7877,Just Chatting,18977.0,8.5
2100,Streamer_1100,Musica,41416.0,8.6
3484,Streamer_2484,Esports,27046.0,11.2
5763,Streamer_4763,Just Chatting,39360.0,2.0
2338,Streamer_1338,Just Chatting,40343.0,7.0
12850,Streamer_11850,Arte,7441.0,6.5
10394,Streamer_9394,Just Chatting,25114.0,9.6
15461,Streamer_14461,Musica,18396.0,8.3
11732,Streamer_10732,Just Chatting,25358.0,5.8
5682,Streamer_4682,Just Chatting,5490.0,5.0
18059,Streamer_17059,,26843.0,2.9
8345,Streamer_7345,Gaming,10969.0,12.0
9635,Streamer_8635,Arte,41424.0,3.8
17353,Streamer_16353,Gaming,27233.0,7.3
15734,Streamer_14734,,43144.0,6.5
17552,Streamer_16552,Just Chatting,23144.0,5.5
10122,Streamer_9122,Arte,33684.0,8.3
20267,Streamer_19267,Just Chatting,18615.0,5.1
5259,Streamer_4259,Arte,18069.0,2.9
13244,Streamer_12244,Gaming,46371.0,3.8
14442,Streamer_13442,Just Chatting,11718.0,2.6
2384,Streamer_1384,Esports,5540.0,7.0
15394,Streamer_14394,Arte,7987.0,1.9
3979,Streamer_2979,Arte,35253.0,9.5
6874,Streamer_5874,Arte,22636.0,2.1
14246,Streamer_13246,Musica,11801.0,2.6
6903,Streamer_5903,Just Chatting,17786.0,5.8
9899,Streamer_8899,Musica,6578.0,8.3
2482,Streamer_1482,Arte,8721.0,8.6
4751,Streamer_3751,Musica,13255.0,8.0
14627,Streamer_13627,Arte,45089.0,7.4
4825,Streamer_3825,Arte,22461.0,2.1
5483,Streamer_4483,Arte,18443.0,4.9
14759,Streamer_13759,Musica,44880.0,11.5
6659,Streamer_5659,Esports,12192.0,3.9
5006,Streamer_4006,Just Chatting,40766.0,6.7
4958,Streamer_3958,Just Chatting,4297.0,8.0
13272,Streamer_12272,Musica,15759.0,5.0
3637,Streamer_2637,Musica,22569.0,7.1
4131,Streamer_3131,Gaming,29128.0,7.1
19325,Streamer_18325,Esports,12425.0,2.9
9989,Streamer_8989,Gaming,35667.0,7.2
11491,Streamer_10491,Esports,32247.0,11.9
3841,Streamer_2841,,15335.0,5.4
14202,Streamer_13202,Esports,22641.0,5.4
19129,Streamer_18129,Just Chatting,41170.0,9.5
15814,Streamer_14814,Musica,23442.0,8.9
10654,Streamer_9654,Esports,49535.0,7.1
6340,Streamer_5340,Musica,38963.0,1.6
20183,Streamer_19183,Just Chatting,41420.0,5.6
18818,Streamer_17818,Esports,18234.0,11.5
2362,Streamer_1362,Just Chatting,21539.0,2.1
4539,Streamer_3539,Just Chatting,27379.0,2.7
6452,Streamer_5452,Just Chatting,19178.0,8.1
20799,Streamer_19799,Just Chatting,19378.0,10.4
15611,Streamer_14611,Just Chatting,7908.0,6.3
2388,Streamer_1388,Gaming,45335.0,7.8
9784,Streamer_8784,Arte,9080.0,6.8
17734,Streamer_16734,Just Chatting,28149.0,5.9
6658,Streamer_5658,Gaming,1776.0,6.4
8356,Streamer_7356,Musica,42353.0,10.6
11185,Streamer_10185,Just Chatting,40883.0,9.3
15175,Streamer_14175,Gaming,49123.0,7.3
16787,Streamer_15787,Gaming,44883.0,7.4
8451,Streamer_7451,Esports,7378.0,6.6
19713,Streamer_18713,Gaming,990.0,4.2
12387,Streamer_11387,Arte,9837.0,11.6
14474,Streamer_13474,Esports,172.0,8.9
2330,Streamer_1330,Just Chatting,26803.0,5.6
20135,Streamer_19135,Arte,25027.0,11.9
13614,Streamer_12614,Gaming,17893.0,2.2
16487,Streamer_15487,Esports,29760.0,5.0
19597,Streamer_18597,Gaming,11391.0,2.4
4977,Streamer_3977,Esports,6997.0,10.3
7458,Streamer_6458,Esports,16845.0,5.1
5340,Streamer_4340,Just Chatting,32460.0,2.2
4405,Streamer_3405,Arte,29795.0,4.9
11704,Streamer_10704,Musica,34013.0,4.7
9312,Streamer_8312,Gaming,362.0,4.8
5944,Streamer_4944,Musica,14218.0,4.1
7586,Streamer_6586,Gaming,19891.0,10.3
5943,Streamer_4943,Gaming,12922.0,11.4
18944,Streamer_17944,Gaming,30136.0,3.7
6265,Streamer_5265,Arte,17366.0,3.1
20709,Streamer_19709,Just Chatting,23890.0,3.9
11781,Streamer_10781,Just Chatting,14174.0,11.0
12071,Streamer_11071,Esports,448.0,2.2
4925,Streamer_3925,Musica,33839.0,1.0
14580,Streamer_13580,Just Chatting,17501.0,9.6
4393,Streamer_3393,Just Chatting,30116.0,5.3
4722,Streamer_3722,Gaming,18605.0,4.7
6448,Streamer_5448,Musica,16009.0,5.1
7264,Streamer_6264,Gaming,33566.0,3.9
8650,Streamer_7650,Arte,2929.0,9.9
1434,Streamer_434,Esports,37985.0,6.6
17593,Streamer_16593,Esports,48903.0,8.6
6994,Streamer_5994,Gaming,25891.0,7.1
11024,Streamer_10024,Gaming,39807.0,10.6
13769,Streamer_12769,Arte,39348.0,3.3
2230,Streamer_1230,Musica,24920.0,7.8
8462,Streamer_7462,Gaming,28684.0,11.7
4901,Streamer_3901,Arte,18163.0,11.5
7466,Streamer_6466,Gaming,36506.0,5.4
2056,Streamer_1056,Esports,26640.0,6.9
4581,Streamer_3581,Arte,23056.0,9.6
6208,Streamer_5208,Gaming,4893.0,9.1
13809,Streamer_12809,Gaming,4209.0,7.8
9520,Streamer_8520,Gaming,41401.0,9.4
12306,Streamer_11306,Just Chatting,43770.0,11.5
19163,Streamer_18163,Gaming,5576.0,3.0
2416,Streamer_1416,Esports,10368.0,2.8
14500,Streamer_13500,Gaming,31242.0,11.9
14622,Streamer_13622,Arte,48706.0,3.5
4891,Streamer_3891,Esports,30496.0,4.9
3474,Streamer_2474,Arte,48106.0,5.0
3291,Streamer_2291,Gaming,559.0,3.7
4421,Streamer_3421,Just Chatting,15843.0,3.3
10560,Streamer_9560,Gaming,5251.0,9.0
4115,Streamer_3115,Esports,29533.0,1.3
6899,Streamer_5899,Arte,27060.0,11.8
4293,Streamer_3293,Arte,48548.0,10.7
3738,Streamer_2738,Arte,38937.0,2.7
20633,Streamer_19633,Arte,2759.0,8.0
15709,Streamer_14709,Musica,10130.0,11.8
18529,Streamer_17529,Musica,31616.0,1.3
10126,Streamer_9126,Gaming,,10.6
15426,Streamer_14426,,48677.0,10.6
10415,Streamer_9415,Musica,29652.0,1.4
16847,Streamer_15847,Just Chatting,1198.0,8.6
11276,Streamer_10276,Just Chatting,30158.0,3.6
3104,Streamer_2104,Gaming,32133.0,3.6
3623,Streamer_2623,Musica,35100.0,5.6
1568,Streamer_568,Just Chatting,4920.0,7.2
19001,Streamer_18001,Arte,39935.0,5.9
6013,Streamer_5013,Musica,9679.0,1.9
1362,Streamer_362,Gaming,16249.0,2.3
15842,Streamer_14842,Just Chatting,8994.0,9.0
2577,Streamer_1577,Just Chatting,38093.0,2.0
15078,Streamer_14078,Just Chatting,49661.0,2.8
3903,Streamer_2903,Arte,42049.0,8.0
2124,Streamer_1124,Gaming,2479.0,7.5
5884,Streamer_4884,Esports,15417.0,2.3
16490,Streamer_15490,Musica,34439.0,5.4
18891,Streamer_17891,Esports,36672.0,7.1
15626,Streamer_14626,Esports,43185.0,5.3
18546,Streamer_17546,Esports,49853.0,8.4
8654,Streamer_7654,Esports,31147.0,3.2
15763,Streamer_14763,Arte,2222.0,3.1
12998,Streamer_11998,Gaming,44511.0,7.6
7364,Streamer_6364,Musica,35278.0,7.5
1727,Streamer_727,Esports,47610.0,2.7
12711,Streamer_11711,Esports,38625.0,10.5
7675,Streamer_6675,Esports,39494.0,9.4
13282,Streamer_12282,Arte,4962.0,8.5
8913,Streamer_7913,Gaming,20074.0,3.6
20989,Streamer_19989,Musica,8287.0,2.3
10591,Streamer_9591,Arte,,2.0
10778,Streamer_9778,Just Chatting,38372.0,2.7
10047,Streamer_9047,Musica,32715.0,3.3
18511,Streamer_17511,Esports,40060.0,11.3
3131,Streamer_2131,Musica,16018.0,7.1
16638,Streamer_15638,Gaming,22001.0,5.6
2688,Streamer_1688,Just Chatting,39705.0,10.4
13802,Streamer_12802,Musica,4588.0,11.5
10092,Streamer_9092,Musica,20636.0,3.5
10401,Streamer_9401,Musica,14957.0,4.0
6690,Streamer_5690,Musica,27098.0,1.8
20529,Streamer_19529,Just Chatting,27443.0,2.6
13147,Streamer_12147,Musica,11816.0,7.9
8006,Streamer_7006,Arte,22582.0,9.5
14237,Streamer_13237,Just Chatting,1950.0,10.8
15892,Streamer_14892,Esports,42419.0,10.3
8911,Streamer_7911,Esports,41723.0,12.0
7947,Streamer_6947,Musica,27260.0,8.7
14845,Streamer_13845,Just Chatting,43237.0,8.3
16214,Streamer_15214,Arte,5264.0,8.6
11433,Streamer_10433,Arte,5080.0,3.7
18451,Streamer_17451,Arte,31126.0,3.1
16797,Streamer_15797,Esports,41690.0,8.4
13274,Streamer_12274,Gaming,8797.0,7.0
3009,Streamer_2009,Just Chatting,41748.0,5.8
15010,Streamer_14010,Musica,,9.2
13068,Streamer_12068,Gaming,27438.0,2.7
17672,,Esports,33854.0,10.5
4475,Streamer_3475,Just Chatting,6265.0,1.1
15706,Streamer_14706,Esports,6238.0,1.5
6982,Streamer_5982,Arte,5525.0,5.9
16974,Streamer_15974,Gaming,12211.0,6.6
17616,Streamer_16616,Gaming,33529.0,9.8
3483,Streamer_2483,Arte,34323.0,2.0
18294,Streamer_17294,Gaming,39770.0,2.6
9697,Streamer_8697,Gaming,38990.0,2.5
3891,Streamer_2891,Just Chatting,18718.0,9.1
9403,Streamer_8403,Just Chatting,29522.0,5.8
11812,Streamer_10812,Musica,30630.0,4.5
3085,Streamer_2085,Musica,12571.0,6.6
7309,Streamer_6309,Arte,18243.0,9.2
11897,Streamer_10897,Gaming,40130.0,11.1
9560,Streamer_8560,Esports,8041.0,1.5
3698,Streamer_2698,Esports,26506.0,2.1
11560,Streamer_10560,Just Chatting,5987.0,9.5
16657,Streamer_15657,Arte,18576.0,1.6
5143,Streamer_4143,Arte,37965.0,3.1
7927,Streamer_6927,Arte,32527.0,1.5
20063,Streamer_19063,Arte,29025.0,9.2
17764,Streamer_16764,Just Chatting,238.0,5.8
18157,Streamer_17157,Esports,27562.0,9.0
16209,Streamer_15209,Musica,23347.0,1.2
19605,Streamer_18605,Musica,19630.0,8.2
5207,Streamer_4207,Arte,12204.0,10.9
15659,Streamer_14659,Just Chatting,45598.0,2.5
13389,Streamer_12389,Esports,17479.0,9.1
15627,Streamer_14627,Arte,8243.0,2.5
16736,Streamer_15736,Just Chatting,2569.0,5.6
17124,Streamer_16124,Just Chatting,39716.0,5.5
10794,Streamer_9794,Musica,22371.0,2.4
14664,Streamer_13664,Arte,47824.0,9.7
13179,Streamer_12179,Esports,27629.0,3.3
4104,Streamer_3104,Arte,12900.0,9.2
9837,Streamer_8837,Esports,32706.0,5.6
12587,,Just Chatting,1774.0,9.7
3402,Streamer_2402,Esports,7320.0,9.3
4695,Streamer_3695,Gaming,41931.0,9.1
3028,Streamer_2028,Gaming,29369.0,5.5
7798,Streamer_6798,Esports,9549.0,4.7
15784,Streamer_14784,Arte,30279.0,8.8
5624,Streamer_4624,Arte,11950.0,3.8
11444,Streamer_10444,Arte,37720.0,8.1
11683,Streamer_10683,Musica,12429.0,7.7
7084,Streamer_6084,Arte,43408.0,2.2
7421,Streamer_6421,Arte,26908.0,2.6
20246,Streamer_19246,Just Chatting,14051.0,1.2
2829,Streamer_1829,Just Chatting,36925.0,6.5
8677,Streamer_7677,,5075.0,8.3
13019,Streamer_12019,Musica,48355.0,1.6
5479,Streamer_4479,Esports,27468.0,5.6
12507,Streamer_11507,,38363.0,8.2
15364,Streamer_14364,Arte,44944.0,10.7
12865,Streamer_11865,Just Chatting,25790.0,6.8
9398,Streamer_8398,Gaming,2375.0,7.3
12725,Streamer_11725,Just Chatting,11268.0,9.7
20076,Streamer_19076,Esports,48578.0,10.2
10744,Streamer_9744,Just Chatting,49445.0,5.6
14813,Streamer_13813,Gaming,16779.0,4.3
9766,Streamer_8766,Just Chatting,3139.0,1.6
9323,Streamer_8323,Just Chatting,21782.0,3.1
4843,Streamer_3843,Just Chatting,36086.0,7.8
9272,Streamer_8272,Esports,4015.0,3.8
17759,Streamer_16759,Esports,17998.0,11.6
11904,Streamer_10904,Esports,27846.0,11.3
13991,Streamer_12991,Gaming,34025.0,10.9
20644,Streamer_19644,Just Chatting,17168.0,3.1
11293,Streamer_10293,Arte,23943.0,6.4
3502,Streamer_2502,Musica,9500.0,5.0
13648,Streamer_12648,Arte,23871.0,10.1
4709,Streamer_3709,Esports,43707.0,3.5
5411,Streamer_4411,Arte,32224.0,10.2
7955,Streamer_6955,Arte,24340.0,7.7
8342,Streamer_7342,Esports,47606.0,10.4
1231,Streamer_231,Arte,15211.0,11.6
17273,Streamer_16273,Just Chatting,14746.0,3.2
6631,Streamer_5631,Musica,25656.0,1.7
20905,Streamer_19905,Musica,43632.0,3.1
15537,Streamer_14537,Gaming,25110.0,1.5
15422,Streamer_14422,Just Chatting,44756.0,3.0
5768,Streamer_4768,,24381.0,1.1
19895,Streamer_18895,Esports,10569.0,6.0
20820,Streamer_19820,Gaming,2445.0,4.6
3843,Streamer_2843,Gaming,23785.0,10.5
18748,Streamer_17748,Just Chatting,40473.0,7.5
7766,Streamer_6766,Musica,45726.0,3.5
11342,Streamer_10342,Arte,1716.0,1.8
1772,Streamer_772,Gaming,48671.0,6.4
12558,Streamer_11558,Musica,49098.0,5.6
3961,Streamer_2961,Arte,36938.0,1.1
7525,Streamer_6525,Musica,46547.0,8.1
6853,Streamer_5853,Gaming,10177.0,6.7
19173,Streamer_18173,Gaming,29514.0,4.3
6199,Streamer_5199,Musica,22271.0,2.0
4853,Streamer_3853,Esports,31841.0,6.5
7277,Streamer_6277,Arte,43007.0,7.8
5642,Streamer_4642,Esports,4466.0,1.1
3261,Streamer_2261,Gaming,25353.0,1.9
19517,Streamer_18517,Esports,29813.0,10.4
3606,Streamer_2606,Musica,30951.0,9.3
10922,Streamer_9922,Musica,11860.0,11.7
9108,Streamer_8108,Musica,23519.0,7.5
7321,Streamer_6321,Arte,26766.0,7.0
10894,Streamer_9894,Gaming,18080.0,6.8
18973,Streamer_17973,Just Chatting,43982.0,10.0
9165,Streamer_8165,Gaming,12557.0,7.7
19234,Streamer_18234,Gaming,31879.0,8.0
9491,Streamer_8491,Just Chatting,39697.0,1.9
11970,Streamer_10970,Gaming,28796.0,8.7
4396,,Arte,26162.0,5.8
4277,Streamer_3277,,16588.0,1.6
14487,Streamer_13487,Esports,22055.0,7.8
5660,Streamer_4660,Esports,45550.0,1.3
9798,Streamer_8798,Esports,42752.0,4.3
18971,Streamer_17971,Esports,8290.0,10.0
14938,Streamer_13938,Arte,34147.0,7.9
3422,Streamer_2422,Gaming,25452.0,7.1
5850,Streamer_4850,Esports,49777.0,8.0
14313,Streamer_13313,Gaming,,8.8
20806,Streamer_19806,Musica,,6.3
4557,Streamer_3557,Esports,4693.0,6.8
1054,Streamer_54,Musica,19929.0,10.8
14084,Streamer_13084,Musica,19566.0,9.3
3099,Streamer_2099,Just Chatting,13149.0,8.8
1575,Streamer_575,Esports,15243.0,9.4
3339,Streamer_2339,Arte,19656.0,2.3
1506,Streamer_506,Musica,49642.0,4.9
8718,Streamer_7718,Esports,30929.0,11.8
13200,Streamer_12200,Esports,619.0,6.7
15667,Streamer_14667,Musica,25342.0,10.9
2398,Streamer_1398,Just Chatting,44738.0,10.4
9344,Streamer_8344,Gaming,5478.0,10.2
20442,Streamer_19442,Musica,27440.0,5.0
9221,Streamer_8221,Arte,47058.0,4.1
3491,Streamer_2491,Musica,854.0,3.3
19158,Streamer_18158,Esports,6603.0,10.5
12001,Streamer_11001,Arte,401.0,1.9
18642,Streamer_17642,Esports,45029.0,8.2
14556,Streamer_13556,Esports,797.0,5.9
8459,Streamer_7459,Esports,43826.0,4.9
4328,Streamer_3328,Musica,44580.0,8.9
5014,Streamer_4014,Gaming,9816.0,8.1
11227,Streamer_10227,Esports,20249.0,5.6
12999,Streamer_11999,Esports,44976.0,2.4
2136,Streamer_1136,Gaming,38785.0,7.3
2125,Streamer_1125,Just Chatting,32606.0,6.5
14132,Streamer_13132,,35653.0,11.6
11791,Streamer_10791,Musica,19028.0,7.0
7136,Streamer_6136,Arte,23426.0,9.2
15118,Streamer_14118,Musica,16861.0,3.8
6923,Streamer_5923,Just Chatting,3079.0,5.4
2252,Streamer_1252,Just Chatting,11333.0,10.6
20137,Streamer_19137,Just Chatting,23094.0,3.4
8413,Streamer_7413,Arte,16651.0,11.0
5012,Streamer_4012,Just Chatting,46691.0,11.5
19436,Streamer_18436,Musica,21919.0,4.2
15542,Streamer_14542,Musica,3733.0,10.5
7460,Streamer_6460,Musica,17426.0,7.0
18929,Streamer_17929,Musica,26455.0,1.8
10192,Streamer_9192,Just Chatting,5335.0,1.6
18713,Streamer_17713,Esports,27695.0,1.6
8970,Streamer_7970,Just Chatting,26044.0,11.4
14082,Streamer_13082,Esports,43028.0,2.5
20624,Streamer_19624,Just Chatting,20038.0,5.0
17872,Streamer_16872,Just Chatting,45052.0,3.8
10461,Streamer_9461,Arte,2525.0,5.9
13288,Streamer_12288,Musica,19198.0,10.3
12859,Streamer_11859,Gaming,48859.0,2.1
11368,Streamer_10368,Just Chatting,24335.0,11.7
8190,Streamer_7190,Gaming,25787.0,9.5
6266,Streamer_5266,Just Chatting,5409.0,11.9
17606,Streamer_16606,Gaming,6981.0,3.6
13996,Streamer_12996,Just Chatting,20654.0,2.2
11723,Streamer_10723,,6415.0,4.1
6816,Streamer_5816,Gaming,37408.0,8.9
12909,Streamer_11909,Musica,19600.0,3.3
11111,Streamer_10111,Musica,,6.2
12967,Streamer_11967,Musica,5794.0,8.9
15558,Streamer_14558,Musica,19331.0,9.2
7164,Streamer_6164,Esports,35208.0,4.3
7677,Streamer_6677,Esports,43903.0,8.8
16982,Streamer_15982,Gaming,,10.2
7476,Streamer_6476,Arte,807.0,3.9
12680,Streamer_11680,Arte,7845.0,1.6
16819,Streamer_15819,Musica,42161.0,8.1
15636,Streamer_14636,Musica,17884.0,10.8
17381,Streamer_16381,Musica,44417.0,9.4
18420,Streamer_17420,Arte,41660.0,9.2
8969,Streamer_7969,Arte,38166.0,10.5
19690,Streamer_18690,Esports,36787.0,3.0
11017,Streamer_10017,Esports,31990.0,4.3
3249,Streamer_2249,Arte,37100.0,5.5
8667,Streamer_7667,Gaming,887.0,7.1
11549,Streamer_10549,Gaming,4395.0,7.4
7011,Streamer_6011,Musica,955.0,9.7
7365,Streamer_6365,Just Chatting,39291.0,6.2
8318,Streamer_7318,Gaming,21108.0,9.4
17861,Streamer_16861,Arte,11470.0,2.8
8158,Streamer_7158,Esports,29043.0,1.4
5416,Streamer_4416,Gaming,23573.0,7.4
4226,Streamer_3226,Gaming,9091.0,2.3
14723,Streamer_13723,Esports,19194.0,11.6
20665,Streamer_19665,Esports,42138.0,4.3
10802,Streamer_9802,Musica,1939.0,5.8
3939,Streamer_2939,Just Chatting,27615.0,2.5
6687,Streamer_5687,Esports,37546.0,2.0
3501,Streamer_2501,Esports,48923.0,6.4
2738,Streamer_1738,Esports,2475.0,11.6
4419,Streamer_3419,Arte,352.0,4.7
3246,Streamer_2246,Arte,27407.0,3.1
5593,Streamer_4593,Musica,21428.0,11.0
10274,Streamer_9274,Arte,44601.0,4.2
4250,Streamer_3250,Just Chatting,23564.0,11.0
3544,Streamer_2544,Musica,30653.0,2.4
5785,Streamer_4785,Musica,28620.0,6.8
18742,Streamer_17742,Musica,16046.0,3.8
19381,Streamer_18381,Arte,38999.0,9.6
5405,Streamer_4405,Arte,27159.0,7.6
5074,Streamer_4074,Gaming,12908.0,5.1
1911,Streamer_911,Musica,39921.0,8.2
7262,Streamer_6262,Arte,26466.0,4.9
19885,Streamer_18885,Musica,15769.0,5.7
19315,Streamer_18315,Just Chatting,40496.0,8.9
3115,Streamer_2115,Gaming,1311.0,5.7
7668,Streamer_6668,Esports,1082.0,4.6
19335,Streamer_18335,Arte,39864.0,8.5
3394,Streamer_2394,Musica,18158.0,8.3
7863,Streamer_6863,Gaming,23472.0,2.8
18151,Streamer_17151,Esports,13169.0,6.9
2726,Streamer_1726,Just Chatting,26174.0,7.4
13094,Streamer_12094,Esports,18985.0,5.3
9245,Streamer_8245,Gaming,3886.0,6.7
19608,Streamer_18608,Arte,29133.0,6.2
17554,Streamer_16554,Arte,38147.0,7.8
9589,Streamer_8589,Gaming,27928.0,10.6
1393,Streamer_393,Musica,21604.0,10.2
13999,Streamer_12999,Just Chatting,25981.0,8.8
8530,Streamer_7530,Arte,13397.0,10.3
11158,Streamer_10158,Esports,14076.0,8.8
14568,Streamer_13568,Esports,19869.0,4.4
20948,Streamer_19948,Musica,27055.0,11.5
15150,Streamer_14150,Esports,20663.0,2.2
16023,Streamer_15023,Gaming,9284.0,3.4
19668,Streamer_18668,Just Chatting,38967.0,8.2
4519,Streamer_3519,Esports,24216.0,7.7
19297,Streamer_18297,Musica,6107.0,3.8
19795,Streamer_18795,Gaming,38.0,3.5
6004,Streamer_5004,Arte,9590.0,10.2
18015,Streamer_17015,Just Chatting,44529.0,3.2
17098,Streamer_16098,Arte,14014.0,3.2
17169,Streamer_16169,Esports,10059.0,6.0
15379,Streamer_14379,Just Chatting,33839.0,4.9
2379,Streamer_1379,Just Chatting,40539.0,1.2
17839,Streamer_16839,Esports,31960.0,3.5
8458,Streamer_7458,,49034.0,9.5
17564,Streamer_16564,Musica,1484.0,4.3
16144,Streamer_15144,Arte,18769.0,5.6
9054,Streamer_8054,Just Chatting,1576.0,5.9
5454,Streamer_4454,Arte,29621.0,10.9
15882,Streamer_14882,Arte,15181.0,9.2
19972,Streamer_18972,Musica,16635.0,1.5
11814,Streamer_10814,Musica,45948.0,4.7
12636,Streamer_11636,Just Chatting,14230.0,3.1
11975,Streamer_10975,Arte,20755.0,2.3
1850,Streamer_850,Gaming,12801.0,5.4
7775,Streamer_6775,Arte,14781.0,5.5
12382,Streamer_11382,Esports,23475.0,6.4
13423,Streamer_12423,Arte,41604.0,9.8
13679,Streamer_12679,Esports,7915.0,5.2
19551,Streamer_18551,Esports,22232.0,6.8
18912,Streamer_17912,Gaming,36115.0,2.6
13717,Streamer_12717,Gaming,31840.0,1.4
2308,Streamer_1308,Arte,39902.0,4.0
20559,Streamer_19559,Esports,1626.0,8.0
7178,Streamer_6178,Arte,17398.0,5.0
7428,Streamer_6428,Just Chatting,42909.0,4.5
13596,Streamer_12596,Esports,5192.0,7.1
13694,Streamer_12694,Musica,31447.0,9.9
3465,Streamer_2465,Esports,19806.0,10.4
15975,Streamer_14975,Esports,23547.0,11.3
16079,Streamer_15079,Gaming,1777.0,1.2
6390,Streamer_5390,Musica,33924.0,1.1
2857,Streamer_1857,Gaming,3857.0,6.0
6205,Streamer_5205,Musica,31785.0,9.7
4079,,Musica,41022.0,7.6
4159,Streamer_3159,Just Chatting,40689.0,5.5
6281,Streamer_5281,Arte,24385.0,8.7
5797,Streamer_4797,Arte,39055.0,3.1
1609,Streamer_609,Just Chatting,30182.0,4.8
7990,Streamer_6990,Arte,4424.0,7.4
20058,Streamer_19058,Gaming,45561.0,1.6
13280,Streamer_12280,Arte,35433.0,4.7
6719,Streamer_5719,Arte,44365.0,10.3
4736,Streamer_3736,Gaming,3424.0,1.3
10198,Streamer_9198,Just Chatting,1789.0,8.8
20399,Streamer_19399,Arte,35136.0,5.7
15312,Streamer_14312,Arte,213.0,5.7
3682,Streamer_2682,,40782.0,9.8
16341,Streamer_15341,Esports,33640.0,7.2
1350,Streamer_350,Just Chatting,896.0,10.0
17662,Streamer_16662,Just Chatting,3706.0,9.1
6760,Streamer_5760,Musica,38773.0,1.6
14610,Streamer_13610,Musica,32446.0,4.0
6574,Streamer_5574,Just Chatting,13991.0,5.6
8670,Streamer_7670,Esports,39208.0,11.3
17001,Streamer_16001,Just Chatting,36297.0,2.8
5982,Streamer_4982,Gaming,2819.0,4.6
4516,Streamer_3516,Arte,4616.0,8.9
3078,Streamer_2078,Arte,28112.0,11.2
14846,Streamer_13846,Esports,21412.0,4.8
3934,Streamer_2934,Arte,31735.0,1.1
7859,Streamer_6859,Musica,1451.0,11.6
11737,Streamer_10737,Arte,47348.0,1.6
6233,Streamer_5233,Gaming,25828.0,5.5
7173,Streamer_6173,Esports,31733.0,10.7
2093,Streamer_1093,Musica,6028.0,11.2
7307,Streamer_6307,Just Chatting,24992.0,8.3
11680,Streamer_10680,Just Chatting,48758.0,5.0
3954,Streamer_2954,Just Chatting,6368.0,2.9
19982,Streamer_18982,Gaming,34902.0,5.4
4253,Streamer_3253,Gaming,26805.0,4.7
15325,Streamer_14325,Gaming,23643.0,11.4
16308,Streamer_15308,Musica,38042.0,11.4
14030,Streamer_13030,Gaming,34475.0,4.4
3845,Streamer_2845,Just Chatting,18753.0,2.4
1475,Streamer_475,Musica,19436.0,8.1
13836,Streamer_12836,Musica,45990.0,5.3
12953,Streamer_11953,Musica,38192.0,6.3
1582,Streamer_582,Arte,14248.0,4.0
3038,Streamer_2038,Gaming,19815.0,10.9
1202,Streamer_202,Esports,34115.0,3.8
19638,Streamer_18638,Gaming,28786.0,3.7
4252,Streamer_3252,Gaming,8782.0,4.1
10897,Streamer_9897,Esports,4192.0,7.2
9231,Streamer_8231,Just Chatting,45070.0,7.8
18345,Streamer_17345,Musica,43935.0,9.1
9518,Streamer_8518,Gaming,27725.0,11.7
19247,Streamer_18247,Just Chatting,40411.0,7.0
2550,Streamer_1550,Arte,44773.0,2.3
14850,Streamer_13850,Just Chatting,,9.0
1385,Streamer_385,Arte,34147.0,2.7
7956,Streamer_6956,Arte,42469.0,11.9
2865,Streamer_1865,,39341.0,3.0
20241,Streamer_19241,Musica,36892.0,11.4
18291,Streamer_17291,Gaming,38982.0,3.1
4283,Streamer_3283,Arte,1719.0,3.0
13079,Streamer_12079,Gaming,9786.0,8.4
13145,Streamer_12145,Gaming,2485.0,11.3
8465,Streamer_7465,Musica,4784.0,9.3
11495,Streamer_10495,Just Chatting,26126.0,6.7
13967,Streamer_12967,Arte,13606.0,1.4
8649,Streamer_7649,Just Chatting,31057.0,5.6
2327,Streamer_1327,Arte,45264.0,9.4
10211,Streamer_9211,Esports,30224.0,7.8
18116,Streamer_17116,Arte,22387.0,5.9
14911,Streamer_13911,Gaming,39704.0,11.1
13905,Streamer_12905,Musica,13705.0,3.8
1132,Streamer_132,Just Chatting,35739.0,9.5
5569,Streamer_4569,,22075.0,1.4
7767,Streamer_6767,Gaming,36856.0,8.2
11049,Streamer_10049,Musica,37790.0,8.3
5773,Streamer_4773,Gaming,46879.0,7.3
7065,Streamer_6065,Arte,130.0,5.6
20043,Streamer_19043,Gaming,15178.0,6.0
19119,Streamer_18119,Just Chatting,25627.0,11.4
5512,Streamer_4512,Musica,17817.0,2.0
4946,Streamer_3946,Musica,12381.0,11.5
14746,Streamer_13746,Musica,27988.0,3.9
16647,Streamer_15647,Just Chatting,7885.0,10.8
10278,Streamer_9278,Musica,49778.0,11.2
11923,Streamer_10923,Musica,33534.0,10.2
16128,Streamer_15128,Esports,4182.0,2.2
16837,Streamer_15837,Esports,8126.0,9.7
16841,Streamer_15841,Musica,12096.0,6.8
5802,Streamer_4802,Just Chatting,27294.0,5.6
16293,Streamer_15293,Arte,7347.0,5.5
15663,Streamer_14663,Gaming,27625.0,5.0
10479,Streamer_9479,Gaming,15583.0,2.2
14173,Streamer_13173,Just Chatting,45647.0,1.9
2860,Streamer_1860,Just Chatting,22816.0,10.5
11266,Streamer_10266,Just Chatting,45392.0,4.0
19209,Streamer_18209,Musica,23743.0,7.9
20648,Streamer_19648,Esports,34670.0,4.3
13132,Streamer_12132,Just Chatting,12484.0,8.7
10868,Streamer_9868,Arte,7386.0,11.9
2118,Streamer_1118,Musica,9062.0,11.8
13130,Streamer_12130,Gaming,1108.0,8.4
3359,Streamer_2359,Musica,80.0,4.7
8688,Streamer_7688,Esports,19418.0,3.7
17159,Streamer_16159,Just Chatting,24333.0,5.7
3033,Streamer_2033,Just Chatting,3408.0,2.9
3356,Streamer_2356,Arte,28656.0,5.2
19319,Streamer_18319,Arte,525.0,1.1
11920,Streamer_10920,Arte,15982.0,8.3
11388,Streamer_10388,Gaming,,3.1
4807,Streamer_3807,Gaming,42477.0,8.7
5578,Streamer_4578,Esports,43852.0,8.0
19015,Streamer_18015,Gaming,14210.0,3.9
17208,Streamer_16208,Just Chatting,44909.0,9.3
13108,Streamer_12108,Esports,965.0,11.7
17178,Streamer_16178,Arte,18771.0,1.8
4201,Streamer_3201,Gaming,10214.0,6.2
3864,Streamer_2864,Gaming,1457.0,3.6
15787,Streamer_14787,Esports,119.0,7.1
2811,Streamer_1811,Gaming,4519.0,9.8
4837,Streamer_3837,Esports,26041.0,9.9
3226,Streamer_2226,Esports,26291.0,1.9
13635,Streamer_12635,Arte,22197.0,3.4
5472,Streamer_4472,Musica,7936.0,5.1
2690,Streamer_1690,Arte,40862.0,3.6
12513,Streamer_11513,Arte,13232.0,3.0
10745,Streamer_9745,Arte,37582.0,8.7
14089,Streamer_13089,Gaming,28788.0,11.0
8931,Streamer_7931,Arte,11606.0,7.4
10715,Streamer_9715,Esports,33626.0,6.5
4435,Streamer_3435,Esports,7079.0,7.9
19023,Streamer_18023,Just Chatting,24309.0,3.2
7236,Streamer_6236,Musica,32005.0,5.8
11925,Streamer_10925,Esports,34035.0,9.3
6946,Streamer_5946,Arte,14156.0,6.9
6484,Streamer_5484,Arte,43676.0,7.8
14507,Streamer_13507,Gaming,19777.0,10.6
1605,Streamer_605,Arte,6293.0,7.3
8182,Streamer_7182,Musica,37789.0,5.9
7759,Streamer_6759,Arte,24541.0,11.5
9013,Streamer_8013,Musica,18986.0,8.0
20145,Streamer_19145,Gaming,17720.0,7.2
4932,Streamer_3932,,17729.0,9.0
3467,Streamer_2467,Musica,4801.0,6.5
11612,Streamer_10612,Esports,21021.0,10.0
18654,Streamer_17654,Esports,25719.0,4.6
6835,Streamer_5835,Musica,39017.0,8.0
16978,Streamer_15978,Esports,46762.0,8.3
19683,Streamer_18683,Arte,27447.0,9.3
13898,Streamer_12898,Gaming,4621.0,4.8
5727,Streamer_4727,Gaming,27517.0,8.7
15259,Streamer_14259,Just Chatting,31268.0,10.0
1255,Streamer_255,Arte,4917.0,4.1
10555,Streamer_9555,Just Chatting,34707.0,4.9
8092,Streamer_7092,Just Chatting,34626.0,10.2
1011,Streamer_11,Just Chatting,24961.0,5.8
12280,Streamer_11280,Esports,7738.0,9.7
15647,Streamer_14647,Musica,23609.0,7.5
18006,Streamer_17006,Gaming,7114.0,10.3
2812,Streamer_1812,Esports,28132.0,3.8
3781,Streamer_2781,Esports,23612.0,7.5
17796,Streamer_16796,Just Chatting,29080.0,6.5
6858,Streamer_5858,Esports,35329.0,2.9
6860,Streamer_5860,Esports,20898.0,4.7
18707,Streamer_17707,Esports,40883.0,11.8
12013,Streamer_11013,Arte,11828.0,11.5
9311,Streamer_8311,Musica,37760.0,1.3
15278,Streamer_14278,Esports,35472.0,11.5
13616,Streamer_12616,Gaming,23808.0,6.0
20072,Streamer_19072,Esports,21743.0,10.5
13628,Streamer_12628,,21750.0,1.8
15316,Streamer_14316,Gaming,33485.0,3.9
13737,Streamer_12737,Just Chatting,1133.0,6.9
5120,Streamer_4120,Musica,21103.0,5.4
6274,Streamer_5274,Esports,6021.0,8.3
15201,Streamer_14201,Esports,30831.0,5.6
13789,Streamer_12789,Arte,13943.0,5.6
15595,Streamer_14595,Just Chatting,19862.0,9.3
4948,Streamer_3948,Musica,38566.0,11.4
15879,Streamer_14879,Just Chatting,46738.0,7.4
3296,Streamer_2296,Just Chatting,25119.0,2.3
10385,Streamer_9385,Just Chatting,28768.0,10.0
6675,Streamer_5675,Esports,,9.8
7037,Streamer_6037,Just Chatting,10152.0,10.0
13434,Streamer_12434,Arte,46960.0,8.9
18656,Streamer_17656,Esports,2112.0,8.2
6528,Streamer_5528,Arte,46310.0,10.7
8473,Streamer_7473,Arte,17657.0,2.7
18039,Streamer_17039,Musica,42043.0,7.9
19429,Streamer_18429,Just Chatting,30288.0,4.3
4357,Streamer_3357,Esports,15441.0,3.1
5697,Streamer_4697,Gaming,5803.0,3.7
2263,Streamer_1263,Arte,47476.0,7.0
16298,Streamer_15298,Just Chatting,40169.0,2.1
19431,Streamer_18431,Esports,13692.0,3.1
17714,Streamer_16714,Just Chatting,21719.0,10.8
18139,Streamer_17139,Arte,10938.0,8.9
6642,Streamer_5642,Just Chatting,49468.0,6.9
20694,Streamer_19694,Musica,7069.0,7.8
10040,Streamer_9040,Musica,9360.0,8.0
20564,Streamer_19564,Just Chatting,18163.0,9.0
5123,Streamer_4123,Esports,45160.0,4.9
10189,,Arte,44382.0,9.0
13931,Streamer_12931,Just Chatting,20269.0,1.5
7443,Streamer_6443,Gaming,925.0,8.4
19513,Streamer_18513,Gaming,996.0,10.6
16070,Streamer_15070,,38795.0,8.4
6787,Streamer_5787,Esports,7419.0,11.7
7316,Streamer_6316,Musica,18214.0,11.1
3428,Streamer_2428,Esports,21648.0,3.7
1253,Streamer_253,Esports,20765.0,1.4
20328,Streamer_19328,Gaming,3007.0,4.3
19754,Streamer_18754,Esports,42951.0,1.7
10015,Streamer_9015,Arte,3538.0,5.8
10798,Streamer_9798,Gaming,34548.0,11.9
10012,Streamer_9012,Arte,25641.0,11.2
20940,Streamer_19940,Arte,22083.0,6.6
11896,Streamer_10896,Gaming,25306.0,6.1
20013,Streamer_19013,Arte,41043.0,9.4
10655,Streamer_9655,Gaming,32136.0,10.1
18260,Streamer_17260,Arte,32462.0,11.9
16897,Streamer_15897,Musica,2425.0,6.0
19025,Streamer_18025,Just Chatting,36561.0,11.4
5363,Streamer_4363,Gaming,42643.0,8.2
12945,Streamer_11945,Esports,20185.0,10.9
5468,Streamer_4468,Esports,11334.0,5.4
14881,Streamer_13881,Arte,31115.0,7.1
4118,Streamer_3118,Gaming,40864.0,6.9
9437,Streamer_8437,Musica,22477.0,1.7
14109,Streamer_13109,Arte,6260.0,11.5
5427,Streamer_4427,Just Chatting,4031.0,9.1
5823,Streamer_4823,Arte,11911.0,11.5
17402,Streamer_16402,Musica,34763.0,10.5
12837,Streamer_11837,Musica,23767.0,4.4
13321,Streamer_12321,Arte,26333.0,8.7
13299,Streamer_12299,Musica,35868.0,11.5
9812,Streamer_8812,Gaming,23755.0,4.0
17393,Streamer_16393,Gaming,38785.0,8.4
19949,Streamer_18949,Musica,19779.0,3.9
20676,Streamer_19676,Just Chatting,8683.0,11.1
20318,Streamer_19318,Just Chatting,21689.0,3.5
10592,Streamer_9592,Esports,26275.0,8.5
3145,Streamer_2145,Just Chatting,35401.0,2.8
12030,Streamer_11030,Musica,34272.0,10.3
17019,Streamer_16019,Esports,42324.0,8.2
11249,Streamer_10249,Esports,4895.0,7.7
5966,Streamer_4966,Esports,43904.0,1.3
16473,Streamer_15473,Gaming,3901.0,5.1
15775,Streamer_14775,Arte,26420.0,3.4
1283,Streamer_283,Gaming,19620.0,5.8
13141,Streamer_12141,Musica,3247.0,6.3
11360,Streamer_10360,Gaming,45161.0,7.7
6088,Streamer_5088,Arte,32104.0,10.0
19834,Streamer_18834,Gaming,23091.0,9.6
5609,Streamer_4609,Musica,24976.0,7.6
7237,Streamer_6237,Musica,19119.0,1.7
9282,Streamer_8282,Arte,4402.0,11.1
9116,Streamer_8116,Gaming,8481.0,6.1
1741,Streamer_741,,31856.0,4.1
18138,Streamer_17138,Arte,21108.0,2.8
10458,Streamer_9458,Gaming,7588.0,6.5
2268,Streamer_1268,Gaming,31323.0,10.6
6703,Streamer_5703,Just Chatting,33608.0,5.7
11331,Streamer_10331,Esports,34120.0,9.6
4063,Streamer_3063,Gaming,45921.0,11.5
2592,Streamer_1592,Esports,29017.0,5.1
10270,Streamer_9270,Arte,20317.0,2.8
20681,Streamer_19681,Esports,4380.0,9.0
14623,Streamer_13623,Musica,37377.0,11.5
17767,Streamer_16767,,36810.0,5.3
16624,Streamer_15624,Just Chatting,31850.0,8.7
9857,Streamer_8857,Arte,25213.0,3.5
16903,Streamer_15903,Just Chatting,48511.0,3.1
2127,Streamer_1127,Musica,33060.0,9.7
9455,Streamer_8455,Esports,28446.0,2.6
3545,Streamer_2545,,8751.0,2.2
9920,Streamer_8920,Musica,19465.0,11.5
12566,,Esports,11565.0,2.6
1848,Streamer_848,Gaming,8254.0,10.0
20585,Streamer_19585,Gaming,32993.0,9.0
14682,Streamer_13682,Gaming,20494.0,6.0
4013,Streamer_3013,Arte,49119.0,4.4
10408,Streamer_9408,Just Chatting,14229.0,9.2
5322,Streamer_4322,Musica,19566.0,4.0
10616,Streamer_9616,Just Chatting,22673.0,2.0
5838,Streamer_4838,Just Chatting,26178.0,6.3
10001,Streamer_9001,Musica,995.0,10.8
16223,Streamer_15223,Esports,2846.0,10.4
10972,Streamer_9972,Esports,32153.0,4.4
18926,Streamer_17926,Arte,38667.0,10.3
8743,Streamer_7743,Gaming,41434.0,5.7
17261,Streamer_16261,Musica,33800.0,8.9
19611,Streamer_18611,Gaming,38575.0,9.5
14041,Streamer_13041,Musica,2194.0,1.3
20342,Streamer_19342,Esports,21889.0,3.4
8534,Streamer_7534,Arte,45646.0,11.2
13242,Streamer_12242,Arte,34551.0,2.7
20698,Streamer_19698,Esports,43540.0,9.0
7282,Streamer_6282,Musica,16491.0,7.5
9392,Streamer_8392,Arte,27743.0,9.6
4553,Streamer_3553,Arte,39527.0,10.7
4370,Streamer_3370,Musica,39954.0,4.5
1751,Streamer_751,Musica,36913.0,8.5
20332,Streamer_19332,Esports,10763.0,1.7
18205,Streamer_17205,Gaming,41531.0,9.0
12970,Streamer_11970,Arte,9862.0,5.4
17059,Streamer_16059,Musica,46580.0,2.1
2730,Streamer_1730,Gaming,41582.0,7.6
15544,Streamer_14544,Esports,3965.0,8.1
16135,Streamer_15135,Just Chatting,,7.8
20005,Streamer_19005,Esports,30124.0,3.8
8426,Streamer_7426,Musica,5510.0,10.6
2275,Streamer_1275,Musica,23542.0,3.6
7664,Streamer_6664,Musica,42044.0,11.9
11615,Streamer_10615,Musica,14479.0,8.6
15084,Streamer_14084,Arte,40170.0,2.3
8122,Streamer_7122,Just Chatting,13752.0,11.6
6426,Streamer_5426,Musica,2125.0,4.9
13050,Streamer_12050,Arte,33529.0,9.9
7794,Streamer_6794,Just Chatting,16452.0,4.2
5603,Streamer_4603,Esports,29737.0,7.6
11130,Streamer_10130,Just Chatting,13663.0,9.9
8464,Streamer_7464,Esports,2181.0,7.2
9853,Streamer_8853,Gaming,39109.0,6.5
13919,Streamer_12919,Esports,23591.0,4.5
8235,Streamer_7235,Esports,29250.0,2.9
11798,Streamer_10798,Esports,21673.0,8.7
14102,Streamer_13102,Esports,37353.0,7.6
18906,Streamer_17906,Gaming,45208.0,1.5
4852,Streamer_3852,Musica,47655.0,6.1
15004,,Just Chatting,41754.0,8.0
8277,Streamer_7277,Arte,41158.0,4.0
15247,Streamer_14247,Musica,20021.0,8.9
13067,Streamer_12067,Arte,19636.0,9.3
8366,Streamer_7366,Musica,33150.0,8.9
15104,Streamer_14104,Musica,40154.0,2.0
3678,Streamer_2678,Musica,36924.0,7.2
2900,Streamer_1900,Musica,22797.0,2.2
13339,Streamer_12339,Gaming,32365.0,2.0
6779,Streamer_5779,Esports,24656.0,8.6
7399,Streamer_6399,Esports,41330.0,7.9
9258,Streamer_8258,Musica,25075.0,8.8
5716,Streamer_4716,Esports,40359.0,8.9
12255,Streamer_11255,Just Chatting,24400.0,3.5
6159,Streamer_5159,Esports,9047.0,10.5
4358,Streamer_3358,Just Chatting,26508.0,7.0
9405,Streamer_8405,Arte,48307.0,2.3
1219,Streamer_219,Just Chatting,19793.0,9.7
14079,Streamer_13079,Musica,27408.0,7.9
19638,Streamer_18638,Gaming,28786.0,3.7
10569,Streamer_9569,Arte,14949.0,11.4
15180,Streamer_14180,Esports,11654.0,2.9
14112,Streamer_13112,Gaming,21495.0,5.2
15938,Streamer_14938,Gaming,9963.0,3.7
7272,Streamer_6272,Gaming,9045.0,10.1
3997,Streamer_2997,Gaming,44516.0,4.2
7856,Streamer_6856,Musica,28515.0,10.5
17288,Streamer_16288,Gaming,45915.0,9.3
6326,Streamer_5326,Just Chatting,11202.0,5.8
4747,Streamer_3747,,43373.0,3.9
8123,Streamer_7123,Musica,41721.0,6.4
13226,Streamer_12226,Arte,16801.0,8.3
10145,Streamer_9145,Arte,30549.0,5.0
12819,Streamer_11819,Arte,4519.0,2.3
17570,Streamer_16570,Just Chatting,5113.0,3.8
17412,Streamer_16412,Musica,38029.0,4.4
20395,Streamer_19395,Musica,26885.0,8.7
7940,Streamer_6940,Just Chatting,3363.0,11.6
15871,,Just Chatting,6041.0,6.3
6075,Streamer_5075,Gaming,6924.0,2.3
4953,Streamer_3953,Gaming,16787.0,8.3
15817,Streamer_14817,Just Chatting,10372.0,5.7
13236,Streamer_12236,Musica,9451.0,11.0
18401,Streamer_17401,Esports,9405.0,3.5
14269,Streamer_13269,Gaming,26942.0,1.0
12479,Streamer_11479,Arte,21044.0,6.5
9335,Streamer_8335,Just Chatting,28590.0,10.6
8245,Streamer_7245,Just Chatting,21626.0,3.5
9506,Streamer_8506,Musica,47560.0,11.3
16115,Streamer_15115,Musica,33269.0,9.3
15241,Streamer_14241,Esports,49240.0,5.3
5526,Streamer_4526,Esports,40702.0,5.2
4699,Streamer_3699,Esports,49948.0,2.5
9893,Streamer_8893,,48442.0,1.9
15195,Streamer_14195,Arte,42755.0,5.3
15517,Streamer_14517,Just Chatting,15723.0,3.7
16260,Streamer_15260,Just Chatting,19283.0,7.4
14582,Streamer_13582,Musica,29242.0,5.5
16154,Streamer_15154,Arte,16866.0,6.8
18776,Streamer_17776,Esports,9046.0,9.8
11874,Streamer_10874,Gaming,39254.0,11.0
2164,Streamer_1164,Arte,41151.0,9.4
18240,Streamer_17240,,14246.0,2.4
20028,Streamer_19028,Just Chatting,26960.0,2.8
9869,Streamer_8869,Musica,14048.0,10.5
8197,Streamer_7197,Arte,24399.0,8.4
8623,Streamer_7623,Gaming,9450.0,11.8
4855,Streamer_3855,Arte,40573.0,10.3
3972,Streamer_2972,Just Chatting,47546.0,7.2
6756,Streamer_5756,Just Chatting,25967.0,2.2
1857,Streamer_857,Arte,35956.0,9.7
17803,Streamer_16803,Gaming,7613.0,7.7
16774,Streamer_15774,Just Chatting,19013.0,10.9
3833,Streamer_2833,Just Chatting,13347.0,11.4
15997,Streamer_14997,Musica,20653.0,2.0
1414,Streamer_414,Gaming,19791.0,9.0
19181,Streamer_18181,Arte,10332.0,5.4
10000,Streamer_9000,Esports,23408.0,8.7
11088,Streamer_10088,Esports,31472.0,3.7
2020,Streamer_1020,Esports,15988.0,5.7
3791,Streamer_2791,Esports,16525.0,5.1
17111,Streamer_16111,Gaming,5807.0,4.8
15401,Streamer_14401,Musica,35626.0,2.9
19535,Streamer_18535,Just Chatting,2961.0,4.4
18913,Streamer_17913,Esports,35553.0,3.6
3755,Streamer_2755,Gaming,5623.0,4.6
2361,Streamer_1361,Esports,25454.0,5.8
20548,Streamer_19548,Esports,27551.0,9.8
14691,Streamer_13691,Arte,23940.0,3.4
6044,Streamer_5044,Esports,15451.0,3.0
8502,Streamer_7502,Just Chatting,21809.0,6.3
19406,Streamer_18406,Arte,4223.0,8.9
4261,Streamer_3261,Arte,26163.0,6.0
2011,Streamer_1011,Gaming,1283.0,6.4
8603,Streamer_7603,Just Chatting,240.0,7.3
11712,Streamer_10712,Just Chatting,8021.0,8.9
16028,Streamer_15028,Arte,19181.0,9.5
19981,Streamer_18981,Just Chatting,9288.0,4.4
2742,Streamer_1742,Musica,45038.0,10.6
12882,Streamer_11882,Esports,49736.0,8.3
15407,Streamer_14407,Arte,35528.0,5.4
20696,Streamer_19696,Gaming,38000.0,9.1
5211,Streamer_4211,Esports,28259.0,7.6
7671,Streamer_6671,Esports,,1.3
5834,Streamer_4834,Arte,45437.0,5.6
5346,Streamer_4346,Arte,6932.0,6.8
14342,Streamer_13342,Musica,35325.0,7.2
11389,Streamer_10389,Just Chatting,37049.0,4.5
8487,Streamer_7487,Esports,33265.0,4.0
20485,Streamer_19485,Arte,6066.0,2.6
8195,Streamer_7195,Musica,5433.0,10.1
12284,Streamer_11284,Gaming,12771.0,10.0
1607,Streamer_607,Arte,3020.0,1.4
11403,Streamer_10403,Musica,36892.0,9.2
8678,Streamer_7678,Gaming,49434.0,5.4
8898,Streamer_7898,Just Chatting,27990.0,3.5
5998,Streamer_4998,Arte,35817.0,1.9
19889,Streamer_18889,Just Chatting,10902.0,5.5
7170,Streamer_6170,Arte,47412.0,6.6
11608,Streamer_10608,Gaming,17433.0,3.2
7299,Streamer_6299,Esports,8605.0,4.4
11428,Streamer_10428,Arte,22647.0,10.8
20124,Streamer_19124,Arte,28859.0,6.0
1678,Streamer_678,Just Chatting,23951.0,12.0
15830,Streamer_14830,Arte,25564.0,1.8
5799,Streamer_4799,Musica,41193.0,8.3
3401,Streamer_2401,Just Chatting,22379.0,2.0
17086,Streamer_16086,Esports,23590.0,4.7
9982,Streamer_8982,Esports,,10.7
5622,Streamer_4622,Arte,11090.0,6.4
5495,Streamer_4495,Esports,49159.0,8.4
7022,Streamer_6022,Arte,44393.0,8.3
8751,Streamer_7751,Arte,14548.0,8.7
15155,Streamer_14155,Musica,47838.0,2.8
8741,Streamer_7741,Esports,46464.0,3.4
4075,Streamer_3075,Musica,43970.0,5.6
10949,Streamer_9949,Arte,29591.0,3.3
5929,Streamer_4929,Musica,36580.0,9.0
15327,Streamer_14327,Just Chatting,5437.0,3.6
10657,Streamer_9657,Just Chatting,42755.0,9.8
19579,Streamer_18579,Just Chatting,35044.0,11.5
8461,Streamer_7461,Esports,16517.0,5.3
1056,Streamer_56,Gaming,9895.0,10.2
16756,Streamer_15756,Esports,8362.0,5.7
5280,Streamer_4280,Musica,16858.0,5.2
6997,Streamer_5997,Musica,49625.0,1.9
9647,Streamer_8647,Gaming,45381.0,2.4
6234,Streamer_5234,Gaming,355.0,9.1
14344,Streamer_13344,Musica,25815.0,1.9
6540,Streamer_5540,Esports,48849.0,4.9
2717,Streamer_1717,Gaming,33801.0,8.1
6980,Streamer_5980,Just Chatting,3678.0,11.6
7658,Streamer_6658,Arte,36786.0,1.3
12262,Streamer_11262,Gaming,6374.0,6.4
7103,Streamer_6103,Just Chatting,923.0,1.8
16993,Streamer_15993,Just Chatting,23929.0,5.1
8679,Streamer_7679,Musica,11978.0,2.9
17567,Streamer_16567,Just Chatting,20071.0,7.3
12292,Streamer_11292,Musica,21847.0,2.9
4420,Streamer_3420,Arte,42388.0,7.8
5729,Streamer_4729,Gaming,22318.0,6.3
1615,Streamer_615,Musica,21300.0,5.4
8045,Streamer_7045,Just Chatting,32465.0,1.1
1254,Streamer_254,Esports,40221.0,3.6
1095,Streamer_95,Just Chatting,20848.0,3.5
8295,Streamer_7295,Musica,29610.0,5.8
17221,Streamer_16221,Musica,35775.0,4.5
20425,Streamer_19425,Esports,19339.0,9.5
4350,,Gaming,,2.0
7874,Streamer_6874,Just Chatting,21843.0,2.5
14163,Streamer_13163,Just Chatting,47808.0,1.3
11974,Streamer_10974,Esports,23806.0,8.8
2669,Streamer_1669,,41622.0,2.6
10082,Streamer_9082,Just Chatting,46401.0,3.1
16086,Streamer_15086,Gaming,33036.0,7.6
12424,Streamer_11424,Gaming,8146.0,11.5
16365,Streamer_15365,Arte,34498.0,6.2
14779,Streamer_13779,Gaming,23417.0,9.2
8752,Streamer_7752,Musica,4676.0,2.5
2939,Streamer_1939,Arte,39356.0,1.3
11779,Streamer_10779,Musica,11149.0,7.3
18337,Streamer_17337,,7836.0,10.9
10601,Streamer_9601,Just Chatting,33041.0,6.1
5684,Streamer_4684,Arte,13626.0,3.8
3540,Streamer_2540,Arte,43697.0,10.3
9226,Streamer_8226,Esports,4487.0,5.7
16452,Streamer_15452,Musica,16084.0,7.7
4648,Streamer_3648,Just Chatting,14242.0,2.3
18465,Streamer_17465,Musica,11705.0,6.4
18186,Streamer_17186,Just Chatting,16237.0,11.9
14702,Streamer_13702,Arte,37073.0,11.6
10137,Streamer_9137,Esports,21755.0,3.1
14814,Streamer_13814,Just Chatting,18751.0,4.2
8024,Streamer_7024,Musica,9027.0,2.9
10581,Streamer_9581,Gaming,35934.0,7.5
17482,Streamer_16482,Esports,24030.0,3.7
13690,Streamer_12690,Just Chatting,48862.0,4.0
13540,Streamer_12540,Just Chatting,34141.0,3.1
12562,Streamer_11562,Gaming,37374.0,8.8
5248,Streamer_4248,Arte,38781.0,1.7
2140,Streamer_1140,Just Chatting,45895.0,7.5
20323,Streamer_19323,Musica,,4.5
5412,Streamer_4412,Musica,30510.0,1.9
7683,Streamer_6683,Esports,47964.0,7.5
3315,Streamer_2315,Esports,23825.0,10.4
3454,Streamer_2454,Arte,38740.0,5.6
18989,Streamer_17989,Arte,4403.0,4.0
7436,Streamer_6436,Musica,37387.0,9.9
7456,Streamer_6456,Musica,28892.0,5.5
1837,Streamer_837,Arte,35971.0,5.3
14207,Streamer_13207,Arte,693.0,2.8
16033,Streamer_15033,Arte,12202.0,3.2
11203,Streamer_10203,Musica,27129.0,7.8
1682,Streamer_682,Gaming,15406.0,6.9
9215,Streamer_8215,Esports,26160.0,5.9
1962,Streamer_962,Musica,43411.0,9.6
17480,Streamer_16480,Esports,13062.0,6.8
10324,Streamer_9324,Just Chatting,19922.0,3.4
4185,Streamer_3185,Esports,2129.0,9.6
5287,Streamer_4287,Gaming,20689.0,11.4
18055,Streamer_17055,Just Chatting,41979.0,9.7
19351,Streamer_18351,Gaming,33199.0,11.3
14921,Streamer_13921,Arte,44922.0,9.3
11566,Streamer_10566,Just Chatting,11536.0,6.6
17626,Streamer_16626,Arte,36916.0,10.5
12021,Streamer_11021,Arte,47832.0,1.1
13318,Streamer_12318,Musica,4642.0,12.0
8463,Streamer_7463,Gaming,22716.0,6.3
14547,Streamer_13547,Just Chatting,20008.0,5.7
17200,Streamer_16200,Arte,9335.0,10.6
6050,Streamer_5050,Musica,2197.0,2.4
2556,Streamer_1556,Esports,1675.0,10.1
16728,Streamer_15728,Just Chatting,6225.0,1.2
3513,Streamer_2513,Arte,41455.0,8.2
4335,Streamer_3335,Just Chatting,24005.0,3.7
9597,Streamer_8597,,7567.0,3.7
8207,Streamer_7207,Just Chatting,38176.0,11.5
2041,Streamer_1041,Arte,44532.0,10.5
7059,Streamer_6059,Just Chatting,26851.0,5.2
14128,Streamer_13128,Musica,13022.0,6.7
12728,Streamer_11728,Arte,47159.0,4.0
6398,Streamer_5398,Just Chatting,20456.0,7.7
11582,Streamer_10582,Musica,31282.0,10.7
13355,Streamer_12355,Just Chatting,44160.0,7.9
14563,Streamer_13563,Esports,22615.0,7.6
7686,Streamer_6686,Arte,30735.0,8.2
16554,Streamer_15554,Esports,31154.0,9.1
19554,Streamer_18554,Just Chatting,5669.0,6.3
12820,Streamer_11820,Esports,36818.0,7.3
11941,Streamer_10941,Gaming,46653.0,11.1
1707,Streamer_707,Just Chatting,23635.0,2.6
7407,Streamer_6407,Esports,36278.0,4.5
2973,Streamer_1973,Musica,28475.0,10.4
9648,Streamer_8648,Just Chatting,30225.0,7.0
4683,Streamer_3683,Musica,3971.0,5.5
4494,Streamer_3494,Just Chatting,4759.0,5.0
19141,Streamer_18141,Musica,2971.0,4.7
16598,Streamer_15598,Just Chatting,26995.0,1.4
19078,Streamer_18078,Esports,12464.0,3.6
2769,Streamer_1769,Arte,19482.0,11.5
18325,Streamer_17325,Gaming,31396.0,4.7
1555,Streamer_555,Just Chatting,32634.0,7.6
9441,Streamer_8441,Just Chatting,24798.0,3.1
17804,Streamer_16804,Just Chatting,40282.0,5.9
10254,Streamer_9254,Gaming,11975.0,5.1
8363,Streamer_7363,Arte,9545.0,3.9
1361,Streamer_361,Esports,43713.0,6.3
7826,Streamer_6826,Arte,15791.0,9.9
6701,Streamer_5701,Musica,21008.0,3.3
3446,Streamer_2446,Just Chatting,38964.0,8.8
20845,Streamer_19845,Musica,27925.0,4.1
20082,Streamer_19082,Gaming,12564.0,2.8
17414,Streamer_16414,Musica,48855.0,8.6
15197,Streamer_14197,Musica,48723.0,11.2
20303,Streamer_19303,Esports,16825.0,9.1
11914,Streamer_10914,Just Chatting,32882.0,10.4
12714,Streamer_11714,Arte,48205.0,4.1
17302,Streamer_16302,Gaming,49137.0,4.3
17151,Streamer_16151,Gaming,44820.0,2.3
19584,Streamer_18584,Arte,39651.0,4.5
4978,Streamer_3978,Just Chatting,9600.0,5.6
18089,Streamer_17089,Gaming,29804.0,10.4
3789,Streamer_2789,Just Chatting,12632.0,2.1
14711,Streamer_13711,Arte,37380.0,11.3
4053,Streamer_3053,Gaming,43.0,8.3
14140,Streamer_13140,Esports,31313.0,3.9
6780,Streamer_5780,Arte,10099.0,11.2
10454,Streamer_9454,Arte,45783.0,5.7
9881,Streamer_8881,Gaming,3191.0,2.5
5410,Streamer_4410,Musica,5175.0,10.8
5574,Streamer_4574,,47195.0,6.8
1366,Streamer_366,Esports,42742.0,6.5
11538,Streamer_10538,Gaming,42245.0,1.4
15481,Streamer_14481,Musica,26581.0,7.9
13447,Streamer_12447,Esports,38301.0,4.2
6115,Streamer_5115,Musica,29437.0,8.2
7923,Streamer_6923,Gaming,11273.0,5.5
4184,Streamer_3184,Esports,14677.0,10.8
3508,Streamer_2508,Gaming,36324.0,8.5
4003,Streamer_3003,Gaming,33745.0,4.7
7227,Streamer_6227,Just Chatting,48505.0,8.3
14891,Streamer_13891,Musica,5687.0,4.4
17973,Streamer_16973,Musica,19142.0,4.0
3287,Streamer_2287,Arte,5782.0,7.7
17869,Streamer_16869,Esports,36985.0,6.7
12077,Streamer_11077,Esports,22549.0,10.3
2496,Streamer_1496,Musica,4576.0,9.4
17793,Streamer_16793,Arte,48467.0,9.8
6718,Streamer_5718,Esports,48343.0,9.1
12937,Streamer_11937,Musica,29525.0,9.3
5121,Streamer_4121,Gaming,44500.0,1.1
18872,Streamer_17872,Esports,45021.0,2.8
4858,Streamer_3858,Arte,1193.0,11.5
3505,Streamer_2505,Gaming,29007.0,1.6
11947,Streamer_10947,Just Chatting,452.0,10.0
3441,Streamer_2441,Just Chatting,13472.0,9.2
4727,Streamer_3727,Gaming,36907.0,11.9
1928,Streamer_928,Esports,42130.0,8.9
3734,Streamer_2734,Musica,12611.0,1.8
15285,Streamer_14285,Arte,32872.0,4.1
6736,Streamer_5736,Gaming,20264.0,2.9
11640,Streamer_10640,Musica,21192.0,9.7
18382,Streamer_17382,Musica,2763.0,2.9
17337,Streamer_16337,Musica,23357.0,1.1
4693,Streamer_3693,Arte,3375.0,9.8
13549,Streamer_12549,Just Chatting,13308.0,3.4
8175,Streamer_7175,Arte,33305.0,7.1
19105,Streamer_18105,Just Chatting,32597.0,10.5
3786,Streamer_2786,Esports,39871.0,1.4
4870,Streamer_3870,Just Chatting,22543.0,1.6
6335,Streamer_5335,Musica,16002.0,3.8
17546,Streamer_16546,Arte,20596.0,7.1
13645,Streamer_12645,Gaming,26275.0,6.2
6633,Streamer_5633,Arte,49323.0,10.3
14355,Streamer_13355,Just Chatting,40400.0,11.5
7134,Streamer_6134,Arte,21376.0,10.8
6576,Streamer_5576,Esports,12700.0,10.1
7004,Streamer_6004,Esports,21118.0,11.8
16626,Streamer_15626,Musica,33846.0,8.0
20842,Streamer_19842,Gaming,15442.0,2.6
14292,Streamer_13292,Musica,42083.0,3.6
5741,Streamer_4741,Musica,12315.0,3.0
11123,Streamer_10123,Gaming,17612.0,11.5
4973,Streamer_3973,Musica,33568.0,9.7
12537,Streamer_11537,Musica,34024.0,11.1
15053,Streamer_14053,Arte,7037.0,10.6
11986,Streamer_10986,Just Chatting,9637.0,4.6
2406,Streamer_1406,Musica,26169.0,9.0
3651,,Gaming,41790.0,1.7
2319,Streamer_1319,Gaming,42106.0,1.3
9329,Streamer_8329,Gaming,22989.0,5.5
13597,Streamer_12597,Just Chatting,17261.0,10.3
10879,Streamer_9879,Arte,27525.0,4.6
4490,Streamer_3490,Just Chatting,2960.0,11.7
20669,Streamer_19669,Arte,11464.0,6.6
11369,Streamer_10369,Gaming,31624.0,11.3
19016,Streamer_18016,Gaming,12744.0,1.2
7732,Streamer_6732,Just Chatting,39324.0,2.6
15601,Streamer_14601,Esports,42826.0,6.9
18281,Streamer_17281,Musica,3381.0,9.4
2374,Streamer_1374,Just Chatting,21700.0,10.4
6570,Streamer_5570,Musica,11785.0,8.8
18420,Streamer_17420,Arte,41660.0,9.2
19772,Streamer_18772,Just Chatting,18804.0,1.2
17578,Streamer_16578,Just Chatting,39507.0,11.2
11841,Streamer_10841,Arte,6605.0,9.4
4800,Streamer_3800,Arte,4070.0,11.2
17051,Streamer_16051,Musica,20753.0,5.2
5245,Streamer_4245,Esports,7074.0,8.2
12840,Streamer_11840,Musica,10834.0,10.7
17278,Streamer_16278,Esports,30974.0,7.2
2146,Streamer_1146,Esports,35445.0,3.4
12450,Streamer_11450,Gaming,26410.0,11.7
6549,Streamer_5549,Musica,11104.0,8.9
3613,Streamer_2613,Just Chatting,2513.0,4.2
18871,Streamer_17871,Gaming,38192.0,11.9
7042,Streamer_6042,Esports,45779.0,5.8
10609,Streamer_9609,Just Chatting,580.0,1.6
10633,Streamer_9633,Musica,28007.0,6.0
7470,Streamer_6470,Arte,40689.0,8.9
1149,Streamer_149,Gaming,32686.0,3.0
8629,Streamer_7629,Just Chatting,46400.0,2.5
3720,Streamer_2720,Musica,21623.0,3.3
8776,Streamer_7776,Musica,4107.0,3.9
16585,Streamer_15585,Musica,27880.0,2.5
3986,Streamer_2986,Arte,29322.0,10.3
4568,Streamer_3568,Just Chatting,24964.0,8.8
10716,Streamer_9716,Arte,28054.0,4.7
20798,Streamer_19798,Esports,49964.0,4.0
6935,Streamer_5935,Just Chatting,235.0,3.3
2802,Streamer_1802,Arte,20861.0,6.7
14543,Streamer_13543,Just Chatting,21263.0,6.3
11632,Streamer_10632,Esports,41230.0,2.3
15502,Streamer_14502,Just Chatting,15606.0,8.9
11988,Streamer_10988,Just Chatting,42575.0,10.1
7420,Streamer_6420,Gaming,8757.0,1.9
4570,Streamer_3570,Arte,41823.0,8.8
5777,Streamer_4777,Gaming,8537.0,5.9
20037,Streamer_19037,Just Chatting,17979.0,7.9
5177,Streamer_4177,Musica,40907.0,5.7
8388,Streamer_7388,Musica,39262.0,3.2
1465,Streamer_465,Just Chatting,14073.0,6.7
2245,Streamer_1245,Arte,16737.0,2.8
11084,Streamer_10084,Musica,40671.0,3.1
9707,Streamer_8707,Musica,30890.0,7.1
6794,Streamer_5794,Just Chatting,11723.0,1.6
6998,Streamer_5998,,3540.0,3.1
14971,Streamer_13971,Esports,47340.0,6.2
19296,Streamer_18296,Esports,15791.0,4.4
4869,Streamer_3869,Just Chatting,48527.0,8.5
16497,Streamer_15497,Just Chatting,12898.0,2.7
13815,Streamer_12815,Arte,27700.0,4.0
19867,Streamer_18867,Just Chatting,42557.0,10.2
19299,Streamer_18299,Just Chatting,24686.0,5.6
16928,Streamer_15928,Just Chatting,15163.0,8.5
13652,Streamer_12652,Musica,33065.0,8.7
1274,Streamer_274,Gaming,34311.0,5.3
8622,Streamer_7622,Arte,30778.0,11.7
7771,Streamer_6771,Just Chatting,6494.0,4.7
2966,Streamer_1966,Just Chatting,14385.0,9.6
12218,Streamer_11218,Just Chatting,11959.0,9.4
7387,Streamer_6387,Arte,27094.0,5.5
9540,Streamer_8540,Just Chatting,2307.0,1.0
2670,Streamer_1670,Just Chatting,49620.0,11.9
3924,Streamer_2924,Gaming,316.0,11.7
20656,Streamer_19656,Musica,9527.0,8.7
16690,Streamer_15690,Arte,2868.0,11.0
10854,Streamer_9854,Arte,11178.0,5.6
6409,Streamer_5409,Arte,29965.0,11.3
7445,Streamer_6445,Arte,18031.0,1.8
5372,Streamer_4372,Musica,7508.0,1.6
13771,Streamer_12771,Arte,18642.0,3.3
18801,Streamer_17801,Arte,21998.0,2.8
2047,Streamer_1047,Arte,49010.0,6.6
8558,Streamer_7558,Arte,32076.0,10.5
7538,Streamer_6538,Musica,27758.0,2.7
16465,Streamer_15465,Musica,21086.0,1.7
15922,Streamer_14922,Musica,45699.0,6.9
4525,Streamer_3525,Musica,21097.0,4.7
17061,Streamer_16061,Esports,43926.0,8.1
10258,Streamer_9258,Arte,43631.0,6.7
12332,Streamer_11332,Musica,44898.0,8.2
13854,Streamer_12854,Gaming,49144.0,8.5
18227,Streamer_17227,Just Chatting,36789.0,9.8
14088,Streamer_13088,Musica,5779.0,3.6
18370,Streamer_17370,Esports,49622.0,10.2
11277,Streamer_10277,Esports,35834.0,1.9
20021,Streamer_19021,Arte,39115.0,3.2
11109,Streamer_10109,Esports,37909.0,11.7
9483,Streamer_8483,Esports,48677.0,2.6
8772,Streamer_7772,Arte,32853.0,3.3
4842,Streamer_3842,Arte,993.0,1.1
16754,Streamer_15754,Musica,14919.0,9.5
2138,Streamer_1138,Musica,49800.0,11.3
4672,Streamer_3672,Musica,35673.0,6.5
5034,Streamer_4034,Gaming,39236.0,7.6
18808,Streamer_17808,Arte,44104.0,11.3
6141,Streamer_5141,Arte,9272.0,10.2
11101,Streamer_10101,Esports,30214.0,2.1
2150,Streamer_1150,Esports,6970.0,11.9
19432,Streamer_18432,Esports,17689.0,2.9
2505,Streamer_1505,Just Chatting,28839.0,6.0
7799,Streamer_6799,Esports,26781.0,4.1
7935,Streamer_6935,Esports,20270.0,4.3
4661,Streamer_3661,Gaming,10585.0,6.0
1406,Streamer_406,Gaming,9466.0,2.6
18323,Streamer_17323,Musica,5783.0,8.3
10877,Streamer_9877,Just Chatting,49850.0,5.4
15854,Streamer_14854,Gaming,36120.0,6.0
8322,Streamer_7322,Gaming,16859.0,8.3
14513,Streamer_13513,Just Chatting,46548.0,11.7
6937,Streamer_5937,Arte,42635.0,2.8
9417,Streamer_8417,Esports,10400.0,11.7
11383,Streamer_10383,Arte,6590.0,6.7
12160,Streamer_11160,Musica,31016.0,10.5
10016,Streamer_9016,Just Chatting,,11.2
14127,Streamer_13127,Arte,44271.0,4.3
7593,Streamer_6593,Arte,39784.0,4.3
20550,Streamer_19550,Gaming,17838.0,11.6
17416,Streamer_16416,Arte,15463.0,3.8
6304,Streamer_5304,Musica,30728.0,8.7
15406,Streamer_14406,Musica,40412.0,2.9
16464,Streamer_15464,Gaming,4434.0,5.8
9978,Streamer_8978,Arte,32504.0,5.3
6224,Streamer_5224,Arte,18180.0,10.4
10632,Streamer_9632,Just Chatting,5101.0,10.0
15470,Streamer_14470,Esports,48348.0,11.5
5272,Streamer_4272,Esports,8796.0,4.6
12920,Streamer_11920,Arte,6525.0,3.1
8443,Streamer_7443,,11957.0,2.9
12885,Streamer_11885,Musica,1816.0,6.2
8692,Streamer_7692,Musica,14269.0,5.0
7496,Streamer_6496,Musica,39393.0,11.8
1009,Streamer_9,Just Chatting,29452.0,11.1
17083,Streamer_16083,Just Chatting,45667.0,3.6
1645,Streamer_645,Musica,5653.0,7.0
6763,Streamer_5763,Esports,5895.0,7.0
2240,Streamer_1240,Musica,4388.0,9.5
18969,Streamer_17969,Arte,37956.0,3.5
8604,Streamer_7604,Just Chatting,21809.0,6.6
7132,Streamer_6132,Just Chatting,8128.0,7.8
11472,,Arte,18069.0,7.7
8660,Streamer_7660,Gaming,23812.0,7.7
18137,Streamer_17137,Musica,37030.0,2.2
13632,Streamer_12632,Musica,21218.0,10.8
3180,Streamer_2180,Esports,16912.0,5.1
18851,Streamer_17851,Gaming,15784.0,7.3
9277,Streamer_8277,Esports,20584.0,8.9
14359,Streamer_13359,Musica,2163.0,9.4
14699,Streamer_13699,,27278.0,12.0
3122,Streamer_2122,Gaming,11016.0,10.5
8875,Streamer_7875,Musica,21525.0,1.4
20583,Streamer_19583,Gaming,13705.0,11.7
5053,Streamer_4053,Gaming,8332.0,11.9
19942,Streamer_18942,Musica,235.0,1.5
17505,Streamer_16505,Musica,13796.0,5.0
6842,Streamer_5842,Esports,47120.0,10.3
3358,Streamer_2358,Esports,5484.0,9.8
9968,Streamer_8968,Esports,17576.0,4.4
4587,Streamer_3587,Musica,42640.0,3.3
11535,Streamer_10535,Gaming,14105.0,9.3
2155,Streamer_1155,Arte,31539.0,10.2
15205,Streamer_14205,Arte,39013.0,7.2
13987,Streamer_12987,Esports,629.0,8.8
3486,Streamer_2486,Esports,26180.0,11.2
1055,Streamer_55,Gaming,1555.0,4.1
13049,Streamer_12049,Gaming,45495.0,11.4
17943,Streamer_16943,Gaming,13180.0,3.3
16976,Streamer_15976,Musica,43180.0,10.2
8729,Streamer_7729,Esports,8352.0,5.4
11793,Streamer_10793,Esports,12765.0,3.6
8247,Streamer_7247,Musica,29932.0,4.5
10954,Streamer_9954,Arte,44312.0,9.3
11662,Streamer_10662,Gaming,13294.0,6.0
10325,Streamer_9325,Arte,32596.0,10.8
19275,Streamer_18275,Arte,29160.0,3.3
1368,Streamer_368,Just Chatting,35213.0,10.4
14525,Streamer_13525,Musica,2574.0,3.9
8958,Streamer_7958,Esports,19459.0,5.7
18439,Streamer_17439,Just Chatting,44213.0,4.2
16167,Streamer_15167,Musica,37414.0,10.6
1864,Streamer_864,Arte,19326.0,3.2
9696,Streamer_8696,Esports,5622.0,7.7
20372,Streamer_19372,Arte,2994.0,10.9
18355,Streamer_17355,Esports,42472.0,6.0
15774,Streamer_14774,Esports,26441.0,4.2
1664,Streamer_664,Gaming,42872.0,5.2
2435,Streamer_1435,Arte,31525.0,9.0
12613,Streamer_11613,Musica,37650.0,1.4
14888,Streamer_13888,Arte,26162.0,11.7
17148,Streamer_16148,Just Chatting,28852.0,6.3
6031,Streamer_5031,Musica,2521.0,8.8
1102,Streamer_102,Gaming,37041.0,2.5
20440,Streamer_19440,Musica,2781.0,7.0
15927,Streamer_14927,Gaming,15263.0,8.4
16185,Streamer_15185,Gaming,9170.0,11.7
1811,Streamer_811,Musica,32849.0,1.8
12442,Streamer_11442,Esports,9470.0,11.7
20986,Streamer_19986,Gaming,6895.0,1.5
17860,Streamer_16860,Musica,28707.0,8.2
14885,Streamer_13885,Arte,14168.0,9.5
15643,Streamer_14643,Gaming,2125.0,4.3
15312,Streamer_14312,Arte,213.0,5.7
1413,Streamer_413,Musica,17262.0,5.4
5065,Streamer_4065,Musica,36278.0,9.0
13883,Streamer_12883,Gaming,35489.0,11.1
16319,Streamer_15319,Arte,15388.0,3.5
18324,Streamer_17324,Gaming,49175.0,1.2
17065,Streamer_16065,Musica,4653.0,4.6
11456,Streamer_10456,Musica,8424.0,6.9
12962,Streamer_11962,Esports,49852.0,8.4
11965,Streamer_10965,Gaming,8330.0,6.9
1557,Streamer_557,Just Chatting,34490.0,9.4
17129,Streamer_16129,Just Chatting,19922.0,11.0
7953,Streamer_6953,Just Chatting,30500.0,8.0
1572,Streamer_572,Just Chatting,18455.0,4.3
1597,Streamer_597,Esports,44376.0,8.0
11177,Streamer_10177,Musica,43830.0,1.5
9588,Streamer_8588,Esports,6630.0,8.8
13109,Streamer_12109,Esports,39807.0,3.4
17879,Streamer_16879,Just Chatting,42244.0,7.3
20138,Streamer_19138,Musica,37968.0,5.8
4769,Streamer_3769,Musica,24696.0,1.9
5713,Streamer_4713,Musica,23599.0,2.3
2453,Streamer_1453,Arte,27053.0,7.1
4637,Streamer_3637,Arte,27874.0,11.2
4943,Streamer_3943,Esports,19668.0,11.4
13714,Streamer_12714,Esports,19085.0,9.3
11253,Streamer_10253,Just Chatting,14518.0,4.6
4709,Streamer_3709,Esports,43707.0,3.5
15657,Streamer_14657,Gaming,41232.0,4.8
20409,Streamer_19409,Arte,26347.0,1.1
13732,Streamer_12732,Gaming,20847.0,1.6
13881,Streamer_12881,Musica,29108.0,4.0
4829,Streamer_3829,Arte,40728.0,2.7
12469,Streamer_11469,Musica,35942.0,8.0
18248,Streamer_17248,Musica,26068.0,7.0
6102,Streamer_5102,Musica,15830.0,1.0
12448,Streamer_11448,Gaming,37568.0,9.8
1970,Streamer_970,Arte,24152.0,11.0
12109,Streamer_11109,Arte,41616.0,7.1
9859,Streamer_8859,Just Chatting,28331.0,2.1
12672,Streamer_11672,Arte,1708.0,4.5
7000,Streamer_6000,Just Chatting,17955.0,3.6
7463,Streamer_6463,Gaming,3443.0,11.4
18953,Streamer_17953,Musica,34768.0,11.5
19109,Streamer_18109,Arte,14220.0,3.0
1981,Streamer_981,Arte,26513.0,5.4
8181,Streamer_7181,Musica,30072.0,8.5
6170,Streamer_5170,Arte,10798.0,1.7
6080,Streamer_5080,Esports,41770.0,11.2
7607,Streamer_6607,Arte,37830.0,7.1
11308,Streamer_10308,Esports,17468.0,3.7
2057,Streamer_1057,Esports,10181.0,5.7
3813,Streamer_2813,Just Chatting,29318.0,3.3
14706,Streamer_13706,Arte,16209.0,5.9
16996,Streamer_15996,Musica,33056.0,10.1
20376,Streamer_19376,Just Chatting,8785.0,10.8
19876,Streamer_18876,Musica,9801.0,7.6
9949,Streamer_8949,Just Chatting,46385.0,7.0
2260,Streamer_1260,,17311.0,6.9
20462,Streamer_19462,Esports,10819.0,8.3
7503,Streamer_6503,Just Chatting,2635.0,9.7
6561,Streamer_5561,Arte,8998.0,9.2
6875,Streamer_5875,Just Chatting,750.0,4.5
12476,Streamer_11476,Esports,10708.0,5.6
6518,Streamer_5518,Arte,20482.0,2.9
5937,Streamer_4937,Just Chatting,47257.0,7.6
10153,Streamer_9153,Arte,49364.0,3.9
15736,Streamer_14736,Arte,13263.0,8.0
4103,Streamer_3103,Gaming,40106.0,1.4
13137,Streamer_12137,Just Chatting,40159.0,5.3
16093,Streamer_15093,Gaming,35148.0,7.0
1698,Streamer_698,Esports,28529.0,11.3
17341,Streamer_16341,Arte,4751.0,8.6
18988,Streamer_17988,Gaming,15955.0,6.4
17501,Streamer_16501,Musica,11772.0,8.2
18635,Streamer_17635,Just Chatting,31099.0,3.8
12904,Streamer_11904,Musica,19544.0,1.1
15171,Streamer_14171,Gaming,38874.0,10.6
17477,Streamer_16477,Just Chatting,22425.0,5.1
17695,Streamer_16695,Gaming,7576.0,8.8
17891,Streamer_16891,Musica,31172.0,5.8
15222,Streamer_14222,Arte,1785.0,3.7
11121,Streamer_10121,Esports,2796.0,8.3
18315,Streamer_17315,Gaming,6309.0,5.4
5983,Streamer_4983,Arte,31417.0,6.8
5450,Streamer_4450,Musica,41172.0,6.8
5980,Streamer_4980,Just Chatting,25340.0,2.5
13437,Streamer_12437,Esports,49520.0,8.0
2658,Streamer_1658,Arte,28130.0,1.1
13393,Streamer_12393,Arte,28168.0,4.8
16877,Streamer_15877,Esports,20380.0,10.5
8687,Streamer_7687,Gaming,44880.0,8.6
20580,Streamer_19580,Arte,13614.0,3.4
3142,Streamer_2142,Gaming,11582.0,9.7
13428,Streamer_12428,Arte,29537.0,7.4
4315,Streamer_3315,Arte,9361.0,9.4
17828,Streamer_16828,Arte,49466.0,2.2
2858,Streamer_1858,Arte,40091.0,9.4
10753,Streamer_9753,Esports,26282.0,8.2
15449,Streamer_14449,Musica,29432.0,3.6
6083,Streamer_5083,Esports,45995.0,3.4
16984,Streamer_15984,Arte,46187.0,8.4
8725,Streamer_7725,Musica,18169.0,1.5
19708,Streamer_18708,Gaming,30216.0,9.0
2394,Streamer_1394,Arte,49131.0,11.0
11465,Streamer_10465,Esports,33786.0,11.9
20921,Streamer_19921,Musica,35899.0,7.7
11326,Streamer_10326,Musica,39446.0,1.6
8974,Streamer_7974,Gaming,35046.0,5.6
11873,Streamer_10873,Musica,38687.0,8.6
1933,Streamer_933,Musica,14371.0,10.4
14599,Streamer_13599,Esports,2900.0,2.7
17535,Streamer_16535,Just Chatting,23274.0,10.0
8280,Streamer_7280,Gaming,10364.0,4.3
16078,Streamer_15078,Gaming,48744.0,11.9
14480,Streamer_13480,Musica,,6.9
8297,Streamer_7297,Gaming,42759.0,3.4
14857,Streamer_13857,Esports,20112.0,8.6
19664,Streamer_18664,Arte,11838.0,9.5
5336,Streamer_4336,Gaming,21029.0,5.7
6865,Streamer_5865,Esports,40832.0,11.4
14683,Streamer_13683,Arte,796.0,10.7
19466,Streamer_18466,Gaming,11755.0,1.8
4812,Streamer_3812,Arte,45412.0,1.9
3413,Streamer_2413,Arte,37826.0,4.3
6416,Streamer_5416,Arte,4112.0,10.8
20619,Streamer_19619,Gaming,38856.0,9.0
20879,Streamer_19879,Just Chatting,25867.0,1.6
18020,Streamer_17020,Just Chatting,34760.0,2.0
9037,Streamer_8037,Esports,1172.0,2.2
5383,Streamer_4383,Musica,13674.0,8.8
1806,Streamer_806,Arte,16424.0,10.6
18298,Streamer_17298,,5381.0,11.0
15408,Streamer_14408,Just Chatting,44626.0,8.9
13587,Streamer_12587,,19263.0,4.4
16971,Streamer_15971,Arte,48350.0,5.4
8440,Streamer_7440,Esports,45922.0,4.0
12866,Streamer_11866,Just Chatting,47972.0,2.9
3438,Streamer_2438,Gaming,7325.0,5.9
9918,Streamer_8918,Just Chatting,12185.0,11.9
1688,Streamer_688,Musica,9806.0,9.4
3870,Streamer_2870,Just Chatting,40223.0,7.1
2894,Streamer_1894,Gaming,13756.0,1.9
13006,Streamer_12006,Just Chatting,13025.0,3.7
3696,Streamer_2696,Gaming,5110.0,9.4
8317,Streamer_7317,Gaming,22255.0,8.9
6666,Streamer_5666,Gaming,37695.0,8.3
6317,Streamer_5317,Esports,12876.0,7.7
7204,Streamer_6204,Just Chatting,8479.0,1.6
18640,Streamer_17640,Esports,19007.0,4.6
11650,Streamer_10650,Esports,47183.0,6.3
1069,Streamer_69,Musica,27917.0,5.2
14264,Streamer_13264,Just Chatting,30193.0,7.0
14661,Streamer_13661,Just Chatting,22870.0,1.4
14821,Streamer_13821,Arte,49080.0,5.9
13186,Streamer_12186,Esports,22394.0,2.0
11413,Streamer_10413,Esports,20332.0,3.1
2299,Streamer_1299,Musica,20681.0,10.7
2945,Streamer_1945,Arte,18249.0,1.1
19193,Streamer_18193,Arte,44660.0,10.7
18749,Streamer_17749,Musica,4936.0,10.3
15875,Streamer_14875,Gaming,6714.0,7.4
4594,Streamer_3594,Musica,39015.0,10.1
10692,Streamer_9692,Gaming,48888.0,7.8
15831,Streamer_14831,Esports,37719.0,2.6
17880,Streamer_16880,Arte,47845.0,9.6
19592,Streamer_18592,Musica,29202.0,4.4
15060,Streamer_14060,Just Chatting,44528.0,4.4
14395,Streamer_13395,Musica,24197.0,4.8
19557,Streamer_18557,Arte,8111.0,2.4
15351,Streamer_14351,Esports,29998.0,2.4
8821,Streamer_7821,Just Chatting,43006.0,3.7
1844,Streamer_844,Musica,19536.0,2.5
2077,Streamer_1077,Musica,577.0,1.4
17987,Streamer_16987,Musica,13801.0,7.1
9664,Streamer_8664,Musica,29917.0,9.3
17999,Streamer_16999,Just Chatting,24982.0,4.2
13509,Streamer_12509,Gaming,15570.0,1.9
4544,Streamer_3544,Just Chatting,37740.0,9.6
16698,Streamer_15698,Gaming,4377.0,6.0
6386,Streamer_5386,Arte,35766.0,6.8
20508,Streamer_19508,Arte,30631.0,11.5
11425,Streamer_10425,Arte,44372.0,1.8
11322,Streamer_10322,Arte,394.0,5.9
6089,Streamer_5089,Just Chatting,19898.0,9.8
14133,Streamer_13133,Esports,12932.0,5.0
12764,Streamer_11764,Musica,48767.0,7.9
3894,Streamer_2894,Just Chatting,34343.0,5.9
17046,Streamer_16046,Gaming,35691.0,7.4
8447,Streamer_7447,Arte,47104.0,4.0
1610,Streamer_610,Esports,21472.0,1.2
19780,Streamer_18780,Esports,33810.0,3.7
5449,Streamer_4449,,47705.0,7.3
8469,Streamer_7469,Just Chatting,45686.0,1.8
15714,Streamer_14714,Musica,33069.0,8.6
2762,Streamer_1762,Musica,18016.0,10.5
14260,Streamer_13260,Gaming,35757.0,2.5
19890,Streamer_18890,Arte,47424.0,8.8
18010,Streamer_17010,Arte,45524.0,10.9
15129,Streamer_14129,Just Chatting,31486.0,9.3
3589,Streamer_2589,Just Chatting,13361.0,11.7
4141,Streamer_3141,Arte,30161.0,10.6
11537,Streamer_10537,Musica,45695.0,8.2
12330,Streamer_11330,Musica,6361.0,1.4
10941,Streamer_9941,Gaming,43624.0,1.2
12548,Streamer_11548,Gaming,26153.0,8.6
2524,Streamer_1524,Musica,14459.0,5.3
1039,Streamer_39,Arte,46613.0,11.7
19480,Streamer_18480,Just Chatting,14228.0,4.2
6337,Streamer_5337,Esports,2507.0,8.3
15843,Streamer_14843,Arte,34882.0,2.0
8512,Streamer_7512,Arte,4442.0,5.9
10987,Streamer_9987,Gaming,43715.0,9.8
19950,Streamer_18950,Arte,35200.0,6.6
2962,Streamer_1962,Arte,,1.2
16073,Streamer_15073,Just Chatting,39191.0,8.2
5319,Streamer_4319,Arte,43316.0,1.5
7565,Streamer_6565,Just Chatting,42282.0,4.5
7787,Streamer_6787,Musica,32453.0,1.9
12095,Streamer_11095,Gaming,42956.0,1.4
5699,Streamer_4699,Esports,36239.0,4.7
2544,Streamer_1544,Esports,18008.0,10.9
16793,Streamer_15793,Musica,33197.0,3.3
6916,Streamer_5916,Esports,47571.0,11.9
15043,Streamer_14043,Arte,1611.0,2.9
17565,Streamer_16565,Arte,6373.0,5.2
1954,Streamer_954,Gaming,31747.0,5.4
11103,Streamer_10103,Esports,32051.0,8.6
16977,Streamer_15977,Musica,47733.0,11.6
19810,Streamer_18810,Arte,35900.0,9.3
3392,Streamer_2392,Musica,11879.0,6.6
18054,Streamer_17054,Gaming,2534.0,3.8
14989,Streamer_13989,Esports,13876.0,5.7
12004,Streamer_11004,Just Chatting,19702.0,6.1
17339,Streamer_16339,Arte,1931.0,7.3
4120,Streamer_3120,Gaming,8182.0,5.7
20161,Streamer_19161,Musica,46435.0,9.3
13265,Streamer_12265,Esports,29457.0,4.6
12989,Streamer_11989,Gaming,28193.0,10.4
12668,Streamer_11668,Esports,9525.0,1.6
4477,Streamer_3477,Arte,12904.0,9.3
3726,Streamer_2726,Gaming,45364.0,8.2
20592,Streamer_19592,Esports,6954.0,4.1
18363,Streamer_17363,Gaming,33437.0,4.5
13646,Streamer_12646,Esports,24098.0,6.0
3859,Streamer_2859,Gaming,1447.0,10.4
17127,Streamer_16127,Gaming,8509.0,11.2
18894,Streamer_17894,Just Chatting,14278.0,7.6
7634,Streamer_6634,Esports,18852.0,4.0
19881,Streamer_18881,Arte,28256.0,5.9
11539,Streamer_10539,Just Chatting,35035.0,11.1
1053,Streamer_53,Arte,565.0,6.7
20950,Streamer_19950,Esports,34619.0,2.7
18320,Streamer_17320,Arte,47877.0,11.2
6435,Streamer_5435,Arte,46700.0,10.8
6616,Streamer_5616,Gaming,29748.0,6.5
17033,Streamer_16033,Arte,40509.0,1.7
6111,Streamer_5111,Gaming,15417.0,3.7
9509,Streamer_8509,Gaming,36647.0,5.4
1617,Streamer_617,Gaming,38150.0,6.8
17153,Streamer_16153,Arte,4932.0,5.7
11470,Streamer_10470,Just Chatting,11168.0,4.6
1151,Streamer_151,Gaming,35297.0,4.8
7234,Streamer_6234,Arte,27144.0,1.3
8920,Streamer_7920,Esports,42173.0,11.9
16478,Streamer_15478,Just Chatting,20094.0,6.0
4080,Streamer_3080,Musica,27943.0,6.9
10131,Streamer_9131,Just Chatting,21454.0,5.5
19711,Streamer_18711,Esports,22854.0,2.1
1334,Streamer_334,Musica,37506.0,8.4
7222,Streamer_6222,Gaming,47114.0,2.1
8211,Streamer_7211,Gaming,1488.0,10.6
15072,Streamer_14072,Gaming,23312.0,3.3
19126,Streamer_18126,Just Chatting,45622.0,9.9
19856,Streamer_18856,Gaming,41742.0,8.2
20631,Streamer_19631,Just Chatting,12976.0,12.0
14926,Streamer_13926,Esports,7651.0,10.7
19567,Streamer_18567,Just Chatting,22255.0,10.9
5879,Streamer_4879,Esports,33174.0,6.0
9067,Streamer_8067,Musica,28697.0,6.4
8400,Streamer_7400,Esports,8719.0,9.5
16752,Streamer_15752,Arte,5943.0,8.9
9236,Streamer_8236,Arte,24603.0,5.3
5097,Streamer_4097,Arte,45817.0,5.1
7158,Streamer_6158,,32536.0,9.1
15250,Streamer_14250,Just Chatting,3816.0,2.3
15555,Streamer_14555,Musica,18616.0,9.2
3052,Streamer_2052,Esports,44799.0,7.2
3912,Streamer_2912,Esports,10507.0,11.0
11528,Streamer_10528,Esports,23678.0,5.5
16936,Streamer_15936,Esports,26703.0,1.9
11604,Streamer_10604,Musica,10738.0,2.4
16517,Streamer_15517,Arte,32821.0,4.9
11678,Streamer_10678,Just Chatting,30250.0,6.9
18302,Streamer_17302,Just Chatting,19984.0,4.0
9728,Streamer_8728,Esports,4064.0,1.1
4471,Streamer_3471,Just Chatting,13650.0,11.4
18211,Streamer_17211,Just Chatting,47908.0,2.8
5289,Streamer_4289,Just Chatting,44555.0,3.0
20479,Streamer_19479,Gaming,17957.0,6.5
2841,Streamer_1841,Gaming,28747.0,8.1
15541,Streamer_14541,Musica,14499.0,7.3
5615,Streamer_4615,Gaming,43475.0,5.3
6151,Streamer_5151,Musica,8442.0,6.9
15501,Streamer_14501,Arte,25457.0,7.6
13604,Streamer_12604,Just Chatting,2371.0,1.8
13408,Streamer_12408,Musica,43603.0,2.8
16664,Streamer_15664,Esports,46276.0,10.1
15088,Streamer_14088,Arte,28953.0,9.5
8733,Streamer_7733,Arte,38851.0,5.1
5655,Streamer_4655,Just Chatting,44606.0,6.4
5648,Streamer_4648,Arte,24841.0,3.9
19845,Streamer_18845,Just Chatting,18985.0,8.5
17677,Streamer_16677,Gaming,29024.0,9.0
18936,Streamer_17936,Arte,48615.0,5.1
1387,Streamer_387,Musica,6769.0,4.9
2053,Streamer_1053,Just Chatting,40097.0,6.7
8813,Streamer_7813,Just Chatting,18572.0,3.2
2330,Streamer_1330,Just Chatting,26803.0,5.6
1815,Streamer_815,Esports,32384.0,5.8
20261,Streamer_19261,Esports,39696.0,7.4
17955,Streamer_16955,Arte,11963.0,2.8
5712,Streamer_4712,Esports,36013.0,1.0
13706,Streamer_12706,Esports,39866.0,4.1
7261,Streamer_6261,Just Chatting,48244.0,11.6
1279,Streamer_279,Gaming,16511.0,5.4
7439,Streamer_6439,Arte,33303.0,1.9
5866,Streamer_4866,Esports,32434.0,5.9
2605,Streamer_1605,Just Chatting,5292.0,2.5
14573,Streamer_13573,Musica,1732.0,8.2
11529,Streamer_10529,Esports,13630.0,5.5
7240,Streamer_6240,Just Chatting,4695.0,2.6
18144,Streamer_17144,Gaming,1472.0,8.3
15313,Streamer_14313,Esports,15389.0,7.9
8621,Streamer_7621,Gaming,36142.0,8.9
2548,Streamer_1548,Esports,12254.0,8.4
9655,Streamer_8655,Arte,15477.0,2.9
13353,Streamer_12353,Gaming,22348.0,11.9
5202,Streamer_4202,Just Chatting,36890.0,7.5
20812,Streamer_19812,Just Chatting,24194.0,8.8
18419,Streamer_17419,Gaming,44036.0,11.2
7171,Streamer_6171,Just Chatting,47101.0,5.4
7539,Streamer_6539,Arte,21596.0,3.1
17566,Streamer_16566,Gaming,32584.0,4.0
9121,Streamer_8121,Esports,15788.0,6.3
4454,Streamer_3454,Musica,16728.0,7.5
11274,Streamer_10274,Gaming,27402.0,4.2
17820,Streamer_16820,Just Chatting,34998.0,3.4
13370,Streamer_12370,Just Chatting,3942.0,10.9
19717,Streamer_18717,Musica,46103.0,3.1
2583,Streamer_1583,Musica,49774.0,2.1
5149,Streamer_4149,Gaming,35253.0,10.7
20822,Streamer_19822,Musica,24370.0,2.6
10308,Streamer_9308,Musica,24302.0,8.2
4230,Streamer_3230,Musica,33739.0,5.9
13276,Streamer_12276,Gaming,28972.0,11.7
6630,Streamer_5630,Esports,35094.0,3.5
16987,Streamer_15987,Esports,10921.0,5.7
5576,Streamer_4576,Musica,9505.0,4.4
1690,Streamer_690,Gaming,43941.0,7.7
6039,Streamer_5039,Arte,31294.0,7.4
17093,Streamer_16093,Just Chatting,5005.0,2.4
6517,Streamer_5517,Gaming,13181.0,11.0
11598,Streamer_10598,Arte,14738.0,5.3
5650,Streamer_4650,Gaming,32942.0,11.6
20587,Streamer_19587,Just Chatting,37451.0,2.0
6343,Streamer_5343,Arte,15524.0,8.3
12437,Streamer_11437,Musica,40640.0,2.3
7397,Streamer_6397,Just Chatting,20948.0,9.8
20254,Streamer_19254,Gaming,38794.0,6.0
18056,Streamer_17056,Musica,37627.0,11.5
4548,Streamer_3548,Gaming,49263.0,6.8
3876,Streamer_2876,Just Chatting,44863.0,10.7
19733,Streamer_18733,Esports,42110.0,11.6
6126,Streamer_5126,Musica,5549.0,8.3
2448,Streamer_1448,Musica,6818.0,9.8
17395,Streamer_16395,Musica,5766.0,1.9
4235,Streamer_3235,Arte,8754.0,10.3
4480,Streamer_3480,Arte,25472.0,8.8
18846,Streamer_17846,Arte,2670.0,11.4
2503,Streamer_1503,Just Chatting,15030.0,11.5
11348,Streamer_10348,Musica,13160.0,9.1
14824,Streamer_13824,Musica,25205.0,2.3
19957,Streamer_18957,Just Chatting,24519.0,4.7
4197,Streamer_3197,Gaming,36748.0,2.7
12765,Streamer_11765,Gaming,37106.0,1.3
2424,Streamer_1424,Just Chatting,24456.0,4.3
17025,Streamer_16025,Arte,3087.0,9.8
9486,Streamer_8486,Arte,36150.0,4.2
16593,Streamer_15593,Just Chatting,15829.0,4.7
2614,Streamer_1614,Esports,5709.0,10.0
11370,Streamer_10370,Just Chatting,47885.0,7.7
3714,Streamer_2714,Gaming,34305.0,11.8
8634,Streamer_7634,Esports,13123.0,2.0
13656,Streamer_12656,,45581.0,3.3
14791,Streamer_13791,Musica,25884.0,8.6
12531,Streamer_11531,Esports,38176.0,1.9
8404,Streamer_7404,Arte,41403.0,9.6
18389,Streamer_17389,Musica,20078.0,9.5
13478,Streamer_12478,Musica,20214.0,10.0
10435,Streamer_9435,Arte,15086.0,2.7
8993,Streamer_7993,Gaming,39658.0,5.9
10068,Streamer_9068,Musica,16257.0,5.7
1984,Streamer_984,Just Chatting,6520.0,10.9
13181,Streamer_12181,Just Chatting,45752.0,3.6
14206,Streamer_13206,Esports,16305.0,8.9
20506,Streamer_19506,Arte,10072.0,2.7
17068,Streamer_16068,Gaming,9923.0,2.9
9240,Streamer_8240,Gaming,27319.0,9.6
5581,Streamer_4581,,4997.0,9.5
3063,Streamer_2063,Arte,8000.0,4.9
18203,Streamer_17203,Esports,6000.0,5.2
12940,Streamer_11940,Gaming,41725.0,5.2
9290,Streamer_8290,Arte,2856.0,11.7
15034,Streamer_14034,Gaming,10407.0,1.6
9554,Streamer_8554,Arte,28113.0,4.1
12216,Streamer_11216,Musica,9362.0,9.5
13972,Streamer_12972,Gaming,4367.0,3.9
5054,Streamer_4054,Just Chatting,11465.0,5.1
8876,Streamer_7876,Esports,6274.0,10.2
13081,Streamer_12081,,29763.0,4.7
1851,Streamer_851,Arte,31684.0,8.2
9499,Streamer_8499,Musica,34270.0,5.9
12943,Streamer_11943,Esports,22603.0,3.3
20754,Streamer_19754,Arte,10748.0,5.4
10134,Streamer_9134,Just Chatting,11378.0,6.0
15476,Streamer_14476,Just Chatting,37161.0,3.4
19329,Streamer_18329,Arte,3271.0,3.9
8800,Streamer_7800,Gaming,4258.0,1.2
2781,Streamer_1781,Gaming,31936.0,1.1
20844,Streamer_19844,Esports,29972.0,2.6
8374,Streamer_7374,Musica,17791.0,11.5
7265,Streamer_6265,Gaming,49431.0,7.2
16183,Streamer_15183,Just Chatting,21955.0,9.9
7609,Streamer_6609,Musica,38036.0,6.0
5869,Streamer_4869,Arte,17801.0,6.5
19753,Streamer_18753,Musica,49856.0,11.4
14567,Streamer_13567,Arte,5859.0,9.0
12147,Streamer_11147,Gaming,32553.0,10.3
13754,Streamer_12754,Esports,37535.0,10.7
20595,Streamer_19595,Musica,20551.0,4.5
12165,Streamer_11165,Just Chatting,34668.0,9.5
7770,Streamer_6770,Esports,35793.0,8.3
9189,Streamer_8189,Musica,11755.0,7.4
2066,Streamer_1066,Just Chatting,39823.0,4.8
14887,Streamer_13887,Musica,17186.0,8.3
13960,Streamer_12960,Just Chatting,11886.0,10.1
6639,Streamer_5639,,18098.0,7.8
13483,Streamer_12483,Musica,32430.0,6.7
8999,Streamer_7999,Musica,25566.0,2.0
13290,Streamer_12290,Esports,34028.0,6.5
20813,Streamer_19813,Arte,10961.0,2.2
14758,Streamer_13758,Just Chatting,4362.0,9.0
10298,Streamer_9298,Just Chatting,43861.0,9.9
3394,Streamer_2394,Musica,18158.0,8.3
13895,Streamer_12895,Gaming,33663.0,7.4
20128,Streamer_19128,Esports,24606.0,5.8
17760,Streamer_16760,Arte,25029.0,10.1
11479,Streamer_10479,Arte,7378.0,11.9
9382,Streamer_8382,Just Chatting,45894.0,5.1
4073,Streamer_3073,Musica,39231.0,8.2
10640,Streamer_9640,Gaming,32157.0,2.9
20193,Streamer_19193,Arte,31237.0,4.6
8105,Streamer_7105,Arte,36621.0,1.2
12578,Streamer_11578,Arte,34801.0,6.2
11565,Streamer_10565,Musica,4540.0,2.5
6601,Streamer_5601,Just Chatting,1270.0,4.4
17639,Streamer_16639,Gaming,18738.0,3.1
1370,Streamer_370,Musica,24150.0,4.1
13045,Streamer_12045,Gaming,27149.0,3.4
7564,Streamer_6564,Arte,18486.0,1.1
13901,Streamer_12901,Esports,43073.0,6.6
20265,Streamer_19265,Gaming,35337.0,11.1
9225,Streamer_8225,Esports,46192.0,1.0
7335,Streamer_6335,Musica,31553.0,7.6
5659,Streamer_4659,Musica,36584.0,4.6
13938,Streamer_12938,Just Chatting,39515.0,7.5
2564,Streamer_1564,Musica,42719.0,5.8
5992,Streamer_4992,Arte,39032.0,6.8
19248,Streamer_18248,Arte,47349.0,7.2
12425,Streamer_11425,Gaming,13859.0,3.4
19662,Streamer_18662,Arte,36396.0,4.0
10903,Streamer_9903,Just Chatting,41469.0,10.4
8694,Streamer_7694,Esports,43842.0,5.4
9873,Streamer_8873,Just Chatting,32536.0,1.6
2506,Streamer_1506,Gaming,8926.0,5.5
7750,Streamer_6750,Gaming,887.0,2.5
10388,Streamer_9388,Gaming,16204.0,4.5
1966,Streamer_966,Just Chatting,30730.0,10.6
11075,Streamer_10075,Musica,29748.0,5.4
7568,Streamer_6568,Just Chatting,20796.0,2.5
19916,Streamer_18916,Arte,42067.0,11.7
16968,Streamer_15968,Esports,32039.0,7.9
14692,Streamer_13692,Gaming,20963.0,9.6
1533,Streamer_533,Just Chatting,31961.0,8.2
9372,Streamer_8372,Gaming,10219.0,5.4
18042,Streamer_17042,Musica,32867.0,9.4
10589,Streamer_9589,Arte,25891.0,1.9
17674,Streamer_16674,Arte,2754.0,11.1
5186,Streamer_4186,Musica,45928.0,4.8
2067,Streamer_1067,Arte,11812.0,5.1
8820,Streamer_7820,Gaming,22456.0,2.8
17293,Streamer_16293,Esports,15942.0,10.1
8169,Streamer_7169,Just Chatting,23246.0,9.4
7422,Streamer_6422,Esports,42857.0,6.7
18752,Streamer_17752,Musica,20462.0,11.1
12042,Streamer_11042,Musica,33871.0,6.3
20974,Streamer_19974,Musica,26832.0,4.1
7031,Streamer_6031,Esports,13369.0,5.1
12911,Streamer_11911,Gaming,35680.0,10.6
9819,Streamer_8819,Esports,34657.0,2.3
16488,Streamer_15488,Esports,32202.0,4.2
14047,Streamer_13047,Arte,47988.0,6.5
5897,Streamer_4897,Just Chatting,19385.0,2.8
6536,Streamer_5536,Just Chatting,16762.0,6.6
9564,Streamer_8564,Esports,18447.0,3.0
8221,Streamer_7221,Musica,27518.0,11.3
18489,Streamer_17489,Esports,12147.0,2.2
20474,Streamer_19474,Musica,11802.0,2.1
16923,Streamer_15923,,22003.0,11.1
11570,Streamer_10570,Musica,11250.0,10.0
7015,Streamer_6015,Just Chatting,7129.0,4.2
6370,Streamer_5370,Musica,41338.0,7.2
9731,Streamer_8731,,40986.0,12.0
12122,Streamer_11122,Arte,6961.0,11.3
1128,Streamer_128,Musica,45728.0,4.4
4034,Streamer_3034,Just Chatting,13624.0,1.2
17110,Streamer_16110,Gaming,38209.0,1.9
3154,Streamer_2154,Just Chatting,146.0,6.9
6135,Streamer_5135,Gaming,18568.0,5.1
16133,Streamer_15133,Esports,12646.0,4.2
13502,Streamer_12502,Arte,18492.0,11.6
20077,Streamer_19077,Just Chatting,24136.0,7.0
9140,Streamer_8140,Gaming,32518.0,5.1
11893,Streamer_10893,Esports,18267.0,6.7
11684,Streamer_10684,,7255.0,4.8
11736,Streamer_10736,Arte,24256.0,10.8
7185,,Just Chatting,9256.0,2.8
17218,Streamer_16218,Just Chatting,7480.0,3.7
16360,Streamer_15360,Esports,25966.0,9.4
16783,Streamer_15783,Esports,31080.0,2.5
13697,Streamer_12697,Gaming,15124.0,6.2
4781,Streamer_3781,Gaming,18600.0,5.5
1473,Streamer_473,Arte,14858.0,8.0
18499,Streamer_17499,Musica,48165.0,5.8
8581,Streamer_7581,Gaming,18157.0,11.5
10061,Streamer_9061,Musica,49395.0,3.9
9314,Streamer_8314,Musica,34876.0,5.5
7711,Streamer_6711,Arte,9795.0,3.2
19264,Streamer_18264,Musica,14989.0,9.4
18254,Streamer_17254,Arte,47867.0,11.7
6591,Streamer_5591,Just Chatting,26710.0,9.4
7085,Streamer_6085,Arte,42451.0,10.9
19849,Streamer_18849,Just Chatting,42847.0,1.6
20574,,Musica,36433.0,11.4
8071,Streamer_7071,Arte,17323.0,1.5
15986,Streamer_14986,Esports,,5.3
3949,Streamer_2949,Musica,41434.0,3.7
4042,Streamer_3042,Musica,38849.0,4.2
12571,Streamer_11571,Just Chatting,32796.0,8.6
2213,Streamer_1213,Musica,1481.0,5.0
13464,Streamer_12464,Arte,6988.0,1.1
2322,Streamer_1322,Just Chatting,10607.0,3.9
20352,Streamer_19352,Musica,45524.0,7.9
11386,Streamer_10386,Gaming,42974.0,8.8
2182,Streamer_1182,Arte,19005.0,6.8
1584,Streamer_584,Just Chatting,6961.0,9.2
2922,Streamer_1922,Esports,49197.0,9.0
9991,Streamer_8991,Musica,21016.0,10.2
9271,Streamer_8271,Musica,23503.0,11.1
1796,Streamer_796,Musica,21421.0,4.5
16468,Streamer_15468,Musica,43549.0,9.5
12405,Streamer_11405,Gaming,11993.0,6.3
12374,Streamer_11374,Arte,12504.0,8.1
14274,Streamer_13274,Just Chatting,26408.0,3.0
12830,Streamer_11830,Arte,11684.0,11.3
11643,Streamer_10643,Esports,21500.0,5.1
5464,Streamer_4464,Arte,48542.0,9.1
16046,Streamer_15046,Just Chatting,15882.0,1.4
12965,Streamer_11965,Just Chatting,40602.0,5.6
3762,Streamer_2762,Gaming,42186.0,4.1
16746,Streamer_15746,Arte,5555.0,8.0
15349,Streamer_14349,Just Chatting,28130.0,7.1
18879,Streamer_17879,Arte,43610.0,2.1
17753,Streamer_16753,Musica,2756.0,6.9
15765,Streamer_14765,Esports,24911.0,5.2
1776,Streamer_776,Musica,1350.0,11.1
20855,Streamer_19855,Musica,17171.0,11.9
8144,Streamer_7144,Just Chatting,,1.9
2115,Streamer_1115,Arte,43603.0,4.5
16258,Streamer_15258,Just Chatting,29363.0,4.8
1143,Streamer_143,Musica,6458.0,6.9
17915,Streamer_16915,Musica,39670.0,8.5
1321,Streamer_321,Gaming,5201.0,5.6
8972,Streamer_7972,Musica,3709.0,11.8
13087,Streamer_12087,Just Chatting,6985.0,3.8
5919,Streamer_4919,Musica,39323.0,6.6
18295,Streamer_17295,Just Chatting,1649.0,1.8
12817,Streamer_11817,Musica,18770.0,2.5
4483,Streamer_3483,Gaming,43027.0,6.6
19255,Streamer_18255,Esports,49085.0,9.9
20453,Streamer_19453,Arte,34161.0,11.6
11211,Streamer_10211,Esports,26614.0,6.7
8806,Streamer_7806,Musica,30603.0,8.6
14836,Streamer_13836,Just Chatting,45139.0,7.3
3683,Streamer_2683,Esports,23833.0,1.4
9609,Streamer_8609,Just Chatting,2100.0,9.3
4700,Streamer_3700,Esports,17911.0,2.9
5179,Streamer_4179,Gaming,43590.0,5.1
16050,Streamer_15050,Esports,24331.0,9.2
13088,Streamer_12088,Gaming,30903.0,1.9
16604,Streamer_15604,Esports,13073.0,11.7
7369,Streamer_6369,Arte,27985.0,9.6
13377,Streamer_12377,Gaming,38227.0,9.0
7623,Streamer_6623,Just Chatting,30733.0,10.8
17435,Streamer_16435,Just Chatting,49000.0,11.7
15261,Streamer_14261,Arte,3112.0,7.8
1134,Streamer_134,Musica,1038.0,6.9
12688,Streamer_11688,Esports,28018.0,3.8
15921,Streamer_14921,Arte,10473.0,11.4
9250,Streamer_8250,Esports,13658.0,5.0
7793,Streamer_6793,Gaming,31570.0,8.8
4860,Streamer_3860,Gaming,3756.0,10.7
3149,Streamer_2149,Gaming,49889.0,1.8
2834,Streamer_1834,Musica,3988.0,10.0
19256,Streamer_18256,Gaming,3900.0,6.9
5485,Streamer_4485,Gaming,3542.0,10.7
2897,Streamer_1897,Arte,8913.0,3.3
12870,Streamer_11870,Just Chatting,13680.0,2.0
1503,Streamer_503,Just Chatting,17706.0,7.0
19509,Streamer_18509,Arte,6367.0,5.8
15002,Streamer_14002,Arte,16883.0,4.0
19848,Streamer_18848,Gaming,1807.0,2.8
3269,Streamer_2269,,48217.0,2.5
17875,Streamer_16875,Arte,33785.0,3.3
2679,Streamer_1679,Arte,16687.0,5.7
12777,Streamer_11777,Esports,44263.0,3.2
17944,Streamer_16944,Just Chatting,34294.0,11.3
4395,Streamer_3395,Arte,3387.0,3.4
7418,Streamer_6418,Musica,34903.0,1.7
16729,Streamer_15729,Esports,24024.0,5.0
10836,Streamer_9836,Gaming,46964.0,2.4
7327,Streamer_6327,,1081.0,3.4
5553,Streamer_4553,Esports,3780.0,2.3
14242,Streamer_13242,Arte,13170.0,11.6
2401,Streamer_1401,Gaming,8388.0,6.0
3586,Streamer_2586,Just Chatting,34439.0,6.1
19376,Streamer_18376,Esports,16361.0,3.7
16886,Streamer_15886,Gaming,12731.0,8.1
14903,Streamer_13903,Musica,11089.0,9.8
6248,Streamer_5248,Just Chatting,33303.0,1.9
3579,Streamer_2579,Gaming,13254.0,9.7
20363,Streamer_19363,Esports,10520.0,11.1
11727,Streamer_10727,Gaming,20370.0,7.5
9651,Streamer_8651,Just Chatting,18760.0,9.2
4915,Streamer_3915,,,5.0
7468,Streamer_6468,Musica,725.0,4.5
1867,Streamer_867,Musica,4953.0,1.7
10786,Streamer_9786,Esports,9726.0,2.5
20198,Streamer_19198,Just Chatting,48368.0,7.3
8446,Streamer_7446,Musica,5673.0,11.4
14648,Streamer_13648,Gaming,28986.0,8.0
16597,Streamer_15597,Gaming,11960.0,5.8
7625,Streamer_6625,Arte,47014.0,4.2
16513,Streamer_15513,Arte,8844.0,10.9
7425,Streamer_6425,Arte,8347.0,7.4
9006,Streamer_8006,Musica,12541.0,8.5
20927,Streamer_19927,Just Chatting,26486.0,3.1
19251,Streamer_18251,Arte,24399.0,2.6
19073,Streamer_18073,Esports,22203.0,5.5
6396,Streamer_5396,Gaming,41216.0,6.1
9206,Streamer_8206,Gaming,12507.0,2.6
8833,Streamer_7833,Just Chatting,21367.0,3.2
8803,Streamer_7803,Arte,3339.0,8.0
13903,Streamer_12903,Arte,7563.0,8.2
4614,Streamer_3614,Arte,17354.0,5.3
8393,Streamer_7393,Arte,12551.0,5.4
20012,Streamer_19012,Just Chatting,4100.0,1.8
2654,Streamer_1654,Esports,38604.0,6.0
11149,Streamer_10149,Gaming,10575.0,11.1
8854,Streamer_7854,Musica,7250.0,6.9
17991,Streamer_16991,Gaming,28115.0,4.3
5131,Streamer_4131,Arte,7127.0,1.8
15870,Streamer_14870,Gaming,43068.0,7.7
16314,Streamer_15314,Arte,35303.0,2.9
5568,Streamer_4568,Arte,6819.0,11.6
13636,Streamer_12636,Gaming,28944.0,2.1
20344,Streamer_19344,Musica,41311.0,11.4
13722,Streamer_12722,Esports,648.0,10.5
9368,Streamer_8368,Arte,8559.0,2.6
2511,Streamer_1511,Musica,17763.0,6.1
3189,Streamer_2189,Arte,30571.0,3.8
5081,Streamer_4081,Just Chatting,33263.0,3.5
16771,Streamer_15771,Musica,45854.0,11.0
7056,Streamer_6056,Arte,35721.0,8.7
16685,Streamer_15685,Gaming,35710.0,8.9
8838,Streamer_7838,Musica,25886.0,2.7
5706,Streamer_4706,Arte,22097.0,11.0
8843,Streamer_7843,Just Chatting,19984.0,2.8
9715,Streamer_8715,,49998.0,5.8
4501,Streamer_3501,Arte,17395.0,7.8
18562,Streamer_17562,Gaming,24247.0,1.3
14277,Streamer_13277,Just Chatting,8813.0,5.6
8390,Streamer_7390,Just Chatting,11663.0,7.5
4499,Streamer_3499,Musica,21479.0,3.2
4642,Streamer_3642,Gaming,46509.0,10.0
12376,Streamer_11376,Just Chatting,4709.0,6.5
16555,Streamer_15555,Esports,29761.0,8.6
15789,Streamer_14789,Gaming,43557.0,6.5
7968,Streamer_6968,Arte,33269.0,1.1
17960,Streamer_16960,Gaming,29113.0,5.9
18195,Streamer_17195,Just Chatting,49753.0,9.8
4136,Streamer_3136,Arte,4018.0,1.7
1766,Streamer_766,Arte,,5.0
20253,Streamer_19253,Just Chatting,41541.0,11.1
16860,Streamer_15860,Arte,40505.0,7.5
11722,Streamer_10722,Arte,12609.0,7.9
4240,Streamer_3240,Gaming,45461.0,10.0
1271,Streamer_271,Musica,20838.0,2.0
1759,Streamer_759,Just Chatting,38304.0,3.9
5141,Streamer_4141,Just Chatting,8604.0,7.0
16190,Streamer_15190,Esports,826.0,10.5
1203,Streamer_203,Musica,21790.0,10.6
3536,Streamer_2536,Just Chatting,9183.0,7.5
5007,Streamer_4007,Arte,18874.0,8.5
1060,Streamer_60,Gaming,23714.0,4.6
11138,Streamer_10138,Arte,36823.0,7.6
10917,Streamer_9917,Gaming,18468.0,2.5
16410,Streamer_15410,Just Chatting,14360.0,2.8
19868,Streamer_18868,Gaming,38.0,2.7
15780,Streamer_14780,Just Chatting,45417.0,11.2
1500,Streamer_500,Just Chatting,34472.0,3.0
9308,Streamer_8308,Musica,36645.0,8.2
9494,Streamer_8494,Arte,43098.0,3.4
6725,Streamer_5725,Musica,15148.0,10.8
16038,Streamer_15038,Arte,22912.0,11.6
16113,Streamer_15113,Musica,36048.0,2.0
15697,Streamer_14697,Just Chatting,46143.0,7.8
15419,Streamer_14419,Arte,45481.0,7.8
6867,Streamer_5867,Just Chatting,25813.0,7.5
8425,Streamer_7425,Arte,4655.0,5.7
19685,Streamer_18685,Just Chatting,28806.0,3.0
16786,Streamer_15786,Arte,41445.0,3.7
18354,Streamer_17354,Esports,45839.0,7.4
15122,Streamer_14122,Arte,22455.0,5.4
10123,Streamer_9123,Just Chatting,5710.0,2.0
15413,Streamer_14413,Esports,10341.0,5.9
8039,Streamer_7039,Musica,45150.0,5.8
6740,Streamer_5740,Esports,34238.0,7.0
13261,Streamer_12261,Musica,48109.0,11.9
17276,Streamer_16276,Arte,5407.0,4.4
1035,Streamer_35,Musica,14640.0,10.3
9549,Streamer_8549,Just Chatting,10658.0,6.0
13272,Streamer_12272,Musica,15759.0,5.0
1624,Streamer_624,Musica,,3.8
5596,Streamer_4596,Esports,34622.0,10.0
20944,,Musica,44305.0,3.7
20721,Streamer_19721,Esports,30178.0,8.5
16918,Streamer_15918,Musica,25534.0,3.3
19549,Streamer_18549,Musica,7847.0,1.4
7812,Streamer_6812,Arte,47926.0,1.0
14897,Streamer_13897,Arte,29215.0,3.8
11187,Streamer_10187,Just Chatting,29732.0,10.0
4701,Streamer_3701,Esports,36944.0,2.4
5401,Streamer_4401,Gaming,42736.0,2.4
5062,Streamer_4062,,2005.0,11.6
14316,Streamer_13316,Arte,9230.0,7.9
8956,Streamer_7956,Musica,41005.0,4.1
14923,Streamer_13923,Gaming,30260.0,4.6
13622,Streamer_12622,Gaming,37784.0,8.1
9524,Streamer_8524,Esports,2779.0,9.5
5017,Streamer_4017,Esports,5387.0,11.1
20632,Streamer_19632,Musica,45248.0,11.5
16456,Streamer_15456,Arte,37072.0,5.1
19829,Streamer_18829,Esports,1673.0,1.5
2929,Streamer_1929,Just Chatting,28362.0,7.2
9251,Streamer_8251,Musica,43019.0,5.1
8128,Streamer_7128,Musica,31287.0,5.9
1991,Streamer_991,Just Chatting,30456.0,5.4
4344,Streamer_3344,Gaming,30726.0,6.2
15623,Streamer_14623,Gaming,23176.0,1.9
18336,Streamer_17336,Gaming,16221.0,6.3
2443,Streamer_1443,Arte,45821.0,7.5
4432,Streamer_3432,Gaming,43307.0,5.2
18726,Streamer_17726,Arte,38165.0,8.6
18421,Streamer_17421,Musica,6315.0,2.5
13861,Streamer_12861,Musica,7881.0,1.9
5504,Streamer_4504,Esports,47324.0,11.4
3311,Streamer_2311,Just Chatting,8279.0,4.4
13139,Streamer_12139,Gaming,19662.0,11.1
6611,Streamer_5611,Esports,27333.0,6.1
5330,Streamer_4330,Musica,46569.0,8.7
11597,Streamer_10597,Gaming,38062.0,2.9
9337,Streamer_8337,Musica,18558.0,11.2
18446,Streamer_17446,Esports,15184.0,9.5
9409,Streamer_8409,Just Chatting,12138.0,3.0
5278,Streamer_4278,Arte,5595.0,9.6
19528,Streamer_18528,Arte,8655.0,6.6
15440,Streamer_14440,,1910.0,1.5
17277,Streamer_16277,Just Chatting,43882.0,3.0
8200,Streamer_7200,Just Chatting,6288.0,10.6
5038,Streamer_4038,Arte,32555.0,7.9
8664,Streamer_7664,Just Chatting,1218.0,11.3
11046,Streamer_10046,Esports,23863.0,10.1
17671,Streamer_16671,Gaming,11802.0,6.1
17282,Streamer_16282,Musica,8914.0,4.6
5221,Streamer_4221,Arte,11576.0,5.7
1399,Streamer_399,Musica,43788.0,3.7
8452,Streamer_7452,Arte,7427.0,10.5
8290,Streamer_7290,Arte,26004.0,1.5
9134,Streamer_8134,Just Chatting,7150.0,5.5
14597,Streamer_13597,Musica,18191.0,3.7
6483,Streamer_5483,Gaming,3505.0,2.8
13384,Streamer_12384,Arte,36558.0,10.7
5677,Streamer_4677,Just Chatting,4364.0,9.8
18035,Streamer_17035,Musica,45040.0,2.4
12266,Streamer_11266,Esports,46116.0,3.2
16719,Streamer_15719,Esports,15066.0,10.7
13878,Streamer_12878,Gaming,38114.0,11.8
3200,Streamer_2200,Just Chatting,25992.0,2.4
10834,Streamer_9834,Gaming,41201.0,11.1
11147,Streamer_10147,Just Chatting,5033.0,9.3
13586,Streamer_12586,Just Chatting,37606.0,1.9
19741,Streamer_18741,Gaming,47671.0,5.8
10852,Streamer_9852,Arte,12758.0,6.7
14012,Streamer_13012,Esports,30964.0,1.8
5456,Streamer_4456,Esports,42001.0,10.6
9860,Streamer_8860,Just Chatting,9850.0,5.9
3403,Streamer_2403,Gaming,38629.0,1.1
10215,Streamer_9215,Gaming,35186.0,7.5
16130,Streamer_15130,Musica,1740.0,3.7
5748,Streamer_4748,Gaming,18183.0,8.5
17265,Streamer_16265,Just Chatting,8456.0,6.0
10914,Streamer_9914,Esports,9025.0,11.6
11606,Streamer_10606,Esports,21764.0,1.4
11023,Streamer_10023,Esports,46015.0,10.7
18153,Streamer_17153,Gaming,22772.0,10.3
19765,Streamer_18765,Esports,26736.0,5.2
7174,Streamer_6174,Arte,49574.0,5.1
18162,Streamer_17162,Arte,8648.0,6.9
4446,Streamer_3446,Arte,32853.0,11.7
15621,Streamer_14621,Arte,7150.0,2.2
8724,Streamer_7724,Musica,26950.0,11.6
16952,Streamer_15952,Arte,9745.0,7.1
11786,Streamer_10786,Musica,19135.0,6.6
15378,Streamer_14378,Arte,10492.0,10.0
16708,Streamer_15708,Just Chatting,19678.0,9.7
20611,Streamer_19611,Musica,37659.0,1.6
16919,Streamer_15919,Arte,48512.0,3.0
4629,Streamer_3629,Musica,10242.0,1.0
20024,Streamer_19024,Musica,37962.0,10.2
3618,Streamer_2618,Esports,24077.0,5.5
10586,Streamer_9586,Arte,24270.0,11.8
14951,Streamer_13951,Just Chatting,6421.0,8.8
8950,Streamer_7950,Arte,28405.0,7.6
20221,Streamer_19221,Just Chatting,46225.0,8.4
16721,Streamer_15721,Gaming,24057.0,4.3
16270,Streamer_15270,Gaming,48966.0,6.5
15438,Streamer_14438,Just Chatting,37612.0,3.7
18761,Streamer_17761,Just Chatting,14718.0,6.9
19365,Streamer_18365,Arte,9524.0,11.5
16448,Streamer_15448,Just Chatting,44340.0,11.2
6030,Streamer_5030,Musica,32744.0,8.7
5239,Streamer_4239,Arte,13749.0,4.9
3400,Streamer_2400,Musica,46219.0,11.7
11804,Streamer_10804,Arte,8846.0,3.7
12813,Streamer_11813,Esports,11193.0,1.9
18121,Streamer_17121,Esports,16580.0,3.0
4424,Streamer_3424,Just Chatting,22364.0,1.2
20565,Streamer_19565,Musica,24727.0,1.1
15820,Streamer_14820,Gaming,5573.0,8.9
12935,Streamer_11935,Just Chatting,25979.0,4.0
13078,Streamer_12078,Gaming,12644.0,1.2
1339,Streamer_339,Esports,22740.0,9.2
16040,Streamer_15040,Arte,4100.0,10.7
9594,Streamer_8594,Musica,33198.0,8.1
6037,Streamer_5037,Just Chatting,12330.0,8.6
7743,Streamer_6743,Just Chatting,35420.0,3.2
10686,Streamer_9686,Just Chatting,31454.0,1.3
17303,Streamer_16303,Gaming,39706.0,4.8
10489,Streamer_9489,Arte,2348.0,1.6
5854,Streamer_4854,Just Chatting,34282.0,12.0
8811,Streamer_7811,Esports,35601.0,7.9
7280,Streamer_6280,Esports,16041.0,11.2
14317,Streamer_13317,Arte,6504.0,1.8
2820,Streamer_1820,Musica,28348.0,6.8
11554,Streamer_10554,Gaming,12858.0,10.2
10977,Streamer_9977,Arte,20900.0,1.9
5987,Streamer_4987,Arte,8514.0,9.8
1537,Streamer_537,Musica,31227.0,8.5
20536,Streamer_19536,Gaming,36543.0,7.1
6712,Streamer_5712,Musica,48243.0,4.8
1541,Streamer_541,Just Chatting,8394.0,11.9
19148,Streamer_18148,Gaming,15553.0,1.4
11641,Streamer_10641,Gaming,21192.0,11.1
11761,Streamer_10761,Esports,24135.0,8.7
1490,Streamer_490,Gaming,39968.0,11.5
18766,Streamer_17766,Esports,20030.0,1.3
2289,Streamer_1289,Musica,24595.0,6.3
7553,Streamer_6553,Esports,26893.0,2.3
18791,Streamer_17791,Musica,37507.0,7.8
2950,Streamer_1950,Arte,31561.0,2.5
12748,Streamer_11748,Gaming,32609.0,4.9
3790,Streamer_2790,Esports,7021.0,6.5
10663,Streamer_9663,Musica,20741.0,2.2
18159,Streamer_17159,Arte,9163.0,5.3
13460,Streamer_12460,Gaming,10091.0,1.7
12028,Streamer_11028,Gaming,40600.0,6.3
2062,Streamer_1062,Just Chatting,14843.0,7.8
13555,Streamer_12555,Esports,16724.0,5.9
9956,Streamer_8956,Gaming,42433.0,10.3
14243,Streamer_13243,Musica,29611.0,6.8
12695,Streamer_11695,Gaming,26305.0,3.1
2847,Streamer_1847,Musica,44284.0,5.1
9775,Streamer_8775,Esports,13246.0,2.3
8094,Streamer_7094,Just Chatting,40134.0,5.6
8481,Streamer_7481,Arte,46971.0,2.4
17853,Streamer_16853,Gaming,1590.0,3.6
8073,Streamer_7073,Arte,44179.0,9.6
11672,Streamer_10672,Gaming,15604.0,10.4
6663,Streamer_5663,Just Chatting,41969.0,2.4
1838,Streamer_838,Arte,19200.0,5.0
3555,Streamer_2555,Arte,21026.0,8.1
9701,Streamer_8701,Arte,37874.0,2.9
15981,Streamer_14981,Arte,37045.0,7.1
10707,Streamer_9707,Esports,35527.0,7.2
10017,Streamer_9017,Musica,19747.0,1.6
7849,Streamer_6849,Esports,14495.0,5.7
6473,Streamer_5473,Esports,12325.0,2.7
16553,Streamer_15553,Arte,19051.0,4.2
20495,Streamer_19495,Just Chatting,8192.0,2.6
10115,Streamer_9115,Just Chatting,8748.0,6.4
15116,Streamer_14116,Esports,10531.0,3.3
12167,Streamer_11167,Just Chatting,15706.0,2.8
11785,Streamer_10785,Musica,42657.0,9.5
7216,Streamer_6216,Just Chatting,41002.0,9.2
19303,Streamer_18303,Esports,48972.0,6.7
11591,Streamer_10591,Just Chatting,34287.0,5.1
1922,Streamer_922,Arte,31096.0,5.9
18603,Streamer_17603,Arte,27450.0,4.7
12799,Streamer_11799,Just Chatting,18246.0,8.2
8661,Streamer_7661,Just Chatting,24548.0,2.1
15136,Streamer_14136,Arte,35628.0,1.2
13289,Streamer_12289,Just Chatting,27148.0,8.6
5389,Streamer_4389,Arte,40014.0,4.1
9776,Streamer_8776,Just Chatting,20523.0,11.9
9109,Streamer_8109,,38892.0,2.4
14780,Streamer_13780,Just Chatting,29048.0,1.5
7271,Streamer_6271,Musica,14550.0,10.6
8488,Streamer_7488,Musica,7788.0,1.6
8089,Streamer_7089,Just Chatting,2698.0,7.9
2768,Streamer_1768,Esports,2831.0,6.5
19651,Streamer_18651,Arte,3542.0,7.8
3632,Streamer_2632,,39023.0,7.1
10676,Streamer_9676,Gaming,39379.0,1.5
4287,Streamer_3287,Musica,14692.0,2.8
7970,Streamer_6970,Gaming,43920.0,7.2
15076,Streamer_14076,Just Chatting,18777.0,8.8
4433,Streamer_3433,Esports,35370.0,11.6
11589,Streamer_10589,Arte,10549.0,3.7
3858,Streamer_2858,Musica,45990.0,8.2
3852,Streamer_2852,Musica,16147.0,5.8
8642,Streamer_7642,Gaming,28998.0,3.8
7315,Streamer_6315,Arte,48478.0,10.8
8556,Streamer_7556,Esports,33972.0,9.9
16524,Streamer_15524,Just Chatting,6675.0,2.9
18596,Streamer_17596,,43850.0,11.1
2992,Streamer_1992,Gaming,38133.0,2.6
15324,Streamer_14324,Just Chatting,35717.0,6.3
9317,Streamer_8317,Arte,49012.0,4.4
20792,Streamer_19792,Esports,5920.0,6.1
5892,Streamer_4892,Arte,44240.0,11.3
2708,Streamer_1708,Gaming,20328.0,4.0
9977,Streamer_8977,Esports,41903.0,4.8
18866,Streamer_17866,Arte,45625.0,9.4
8926,Streamer_7926,Esports,24564.0,6.3
15242,Streamer_14242,Esports,49110.0,3.0
3798,Streamer_2798,Arte,11634.0,8.3
5024,Streamer_4024,Just Chatting,34567.0,7.3
9782,Streamer_8782,Gaming,20250.0,1.5
5940,Streamer_4940,Just Chatting,33891.0,10.9
3918,Streamer_2918,Just Chatting,27737.0,5.7
16930,Streamer_15930,Esports,8186.0,3.8
11990,Streamer_10990,Esports,35598.0,2.7
13308,Streamer_12308,Esports,4908.0,5.6
4744,Streamer_3744,Arte,11616.0,8.4
15886,Streamer_14886,Gaming,1115.0,8.2
1942,Streamer_942,Gaming,36978.0,6.2
1943,Streamer_943,Musica,24545.0,9.2
8183,Streamer_7183,Arte,38274.0,1.9
1530,Streamer_530,Just Chatting,18403.0,1.6
4085,Streamer_3085,Just Chatting,47127.0,5.9
1442,Streamer_442,Esports,39332.0,7.1
13517,Streamer_12517,Arte,31300.0,1.1
2391,Streamer_1391,Musica,35207.0,6.1
14038,Streamer_13038,Esports,25827.0,8.6
4966,Streamer_3966,Esports,13590.0,4.0
7755,Streamer_6755,Gaming,3242.0,5.9
13506,Streamer_12506,Just Chatting,30993.0,8.3
20788,Streamer_19788,Just Chatting,34055.0,2.5
7314,Streamer_6314,Just Chatting,21188.0,8.5
8505,Streamer_7505,Arte,34824.0,10.4
18991,Streamer_17991,Just Chatting,46660.0,5.3
4748,Streamer_3748,Just Chatting,47939.0,9.3
7919,Streamer_6919,Musica,47043.0,9.8
3768,Streamer_2768,Gaming,47514.0,1.5
16963,Streamer_15963,Just Chatting,25944.0,8.7
10024,Streamer_9024,Musica,21968.0,11.0
19396,Streamer_18396,Arte,40127.0,7.2
12575,Streamer_11575,Esports,36369.0,1.4
6333,Streamer_5333,Arte,13440.0,11.8
7950,Streamer_6950,Just Chatting,36790.0,3.7
4135,Streamer_3135,Musica,25587.0,7.2
18023,Streamer_17023,Esports,21590.0,10.6
18410,Streamer_17410,Musica,35702.0,6.2
3917,Streamer_2917,Musica,24496.0,4.8
2446,Streamer_1446,Arte,46875.0,7.0
1353,Streamer_353,Musica,21201.0,8.2
10222,Streamer_9222,Just Chatting,27248.0,11.5
8430,Streamer_7430,Musica,33293.0,4.8
6171,Streamer_5171,Musica,31219.0,3.5
9087,Streamer_8087,Just Chatting,36483.0,9.3
10180,Streamer_9180,Just Chatting,30530.0,1.9
3944,Streamer_2944,Gaming,39687.0,4.8
7233,Streamer_6233,Arte,15826.0,9.7
14820,Streamer_13820,,19558.0,7.3
17041,Streamer_16041,Musica,,10.7
12006,Streamer_11006,Musica,22331.0,1.4
4521,Streamer_3521,Just Chatting,42116.0,3.0
7243,Streamer_6243,Just Chatting,13081.0,5.4
14248,Streamer_13248,Arte,3983.0,4.4
13418,Streamer_12418,Arte,30481.0,9.6
3295,Streamer_2295,Musica,11900.0,5.2
10906,Streamer_9906,Arte,27872.0,8.3
15956,Streamer_14956,Just Chatting,31331.0,3.4
5896,Streamer_4896,Esports,23231.0,6.6
5733,Streamer_4733,Arte,7048.0,5.0
8238,Streamer_7238,Musica,29306.0,9.0
6890,Streamer_5890,Gaming,23677.0,1.3
4377,Streamer_3377,Gaming,28203.0,7.8
1914,Streamer_914,Esports,17033.0,1.8
10715,Streamer_9715,Esports,33626.0,6.5
12348,Streamer_11348,Gaming,22648.0,6.8
19620,Streamer_18620,Esports,32705.0,2.0
14094,Streamer_13094,Arte,10748.0,4.8
2852,Streamer_1852,Musica,20788.0,3.5
11001,,Gaming,1573.0,1.8
9492,Streamer_8492,Just Chatting,4392.0,10.0
19849,Streamer_18849,Just Chatting,42847.0,1.6
5718,Streamer_4718,Musica,23032.0,2.2
8450,Streamer_7450,Esports,26201.0,2.9
11492,Streamer_10492,Arte,29220.0,1.7
12270,Streamer_11270,Gaming,33180.0,8.7
13189,Streamer_12189,Just Chatting,40938.0,2.0
5417,Streamer_4417,Musica,39785.0,3.8
1498,Streamer_498,Musica,2555.0,10.3
7528,Streamer_6528,Musica,49344.0,3.9
18094,Streamer_17094,Esports,39599.0,7.6
10873,Streamer_9873,Gaming,23568.0,1.7
15992,Streamer_14992,Gaming,30895.0,5.2
11354,Streamer_10354,Musica,1286.0,2.2
15342,Streamer_14342,Arte,4179.0,1.8
18460,Streamer_17460,Musica,1606.0,1.8
3103,Streamer_2103,Just Chatting,39346.0,3.8
13653,Streamer_12653,Just Chatting,2786.0,2.7
5515,Streamer_4515,Musica,17003.0,10.6
1565,Streamer_565,Arte,11731.0,11.5
13148,Streamer_12148,Esports,12226.0,6.0
16806,Streamer_15806,Just Chatting,46970.0,6.3
6914,Streamer_5914,Esports,4025.0,2.6
13672,Streamer_12672,Just Chatting,46315.0,4.6
16872,Streamer_15872,Esports,6052.0,3.6
16359,Streamer_15359,Just Chatting,4322.0,4.1
18491,Streamer_17491,Arte,13887.0,7.9
17801,Streamer_16801,Arte,21508.0,3.2
12511,Streamer_11511,Esports,16583.0,5.2
20030,Streamer_19030,Esports,49898.0,2.8
5753,Streamer_4753,Esports,49244.0,6.9
1809,Streamer_809,Arte,40449.0,4.4
4990,Streamer_3990,Musica,32656.0,9.1
4866,Streamer_3866,Just Chatting,47875.0,2.7
2725,Streamer_1725,,28971.0,5.6
5314,Streamer_4314,Arte,31516.0,3.5
1836,,Gaming,18729.0,5.4
10982,Streamer_9982,Gaming,47931.0,2.8
19734,Streamer_18734,Arte,164.0,2.8
17780,Streamer_16780,Musica,36201.0,7.2
14883,Streamer_13883,Gaming,39816.0,2.8
14499,Streamer_13499,Esports,3540.0,10.7
9645,Streamer_8645,Just Chatting,8209.0,11.7
11462,Streamer_10462,Just Chatting,47295.0,3.9
14204,Streamer_13204,Arte,3318.0,11.0
19334,Streamer_18334,Musica,668.0,11.6
13757,Streamer_12757,Just Chatting,33827.0,9.3
12669,Streamer_11669,Musica,14705.0,8.4
6879,Streamer_5879,Esports,856.0,11.6
7966,Streamer_6966,Just Chatting,1472.0,5.3
18888,Streamer_17888,Esports,33181.0,10.7
11939,Streamer_10939,Gaming,22556.0,3.9
4162,Streamer_3162,Arte,7446.0,1.1
12518,Streamer_11518,Musica,29598.0,3.2
16641,Streamer_15641,Arte,22881.0,9.4
17308,Streamer_16308,Esports,17417.0,9.3
8994,Streamer_7994,,16137.0,2.6
14428,Streamer_13428,Just Chatting,34721.0,5.2
13788,Streamer_12788,Musica,33728.0,11.1
7485,Streamer_6485,Esports,14721.0,4.2
16920,Streamer_15920,Gaming,21408.0,6.8
4100,Streamer_3100,Gaming,41264.0,5.5
3032,Streamer_2032,Just Chatting,6052.0,3.9
3011,Streamer_2011,Gaming,26963.0,5.2
14605,Streamer_13605,Just Chatting,15735.0,3.3
17994,Streamer_16994,Arte,28471.0,10.3
1619,Streamer_619,Arte,14680.0,2.1
14224,Streamer_13224,Musica,36339.0,7.9
6120,Streamer_5120,Esports,46715.0,9.9
17643,Streamer_16643,Arte,47955.0,6.3
16018,Streamer_15018,Just Chatting,36858.0,2.4
2736,Streamer_1736,Arte,8839.0,3.1
5230,Streamer_4230,Gaming,2369.0,8.3
16412,Streamer_15412,Gaming,49929.0,5.7
8111,Streamer_7111,Just Chatting,8678.0,10.1
19274,Streamer_18274,Just Chatting,14123.0,1.2
18740,Streamer_17740,Arte,17493.0,1.6
17232,Streamer_16232,Just Chatting,235.0,1.3
18207,Streamer_17207,Just Chatting,23084.0,6.1
15592,Streamer_14592,Arte,942.0,11.8
15179,Streamer_14179,Gaming,22790.0,5.9
15243,Streamer_14243,Just Chatting,29392.0,1.3
3327,Streamer_2327,Arte,,8.7
8046,Streamer_7046,Esports,42592.0,10.6
2778,Streamer_1778,Arte,25423.0,7.4
8136,Streamer_7136,Arte,36405.0,7.1
12751,Streamer_11751,Musica,10565.0,8.2
14192,Streamer_13192,Esports,19412.0,6.9
12852,Streamer_11852,Gaming,3957.0,5.0
4208,Streamer_3208,Gaming,32771.0,5.2
18795,Streamer_17795,Gaming,3634.0,4.0
8517,Streamer_7517,Gaming,,10.0
3706,Streamer_2706,Esports,31396.0,9.7
6100,Streamer_5100,Just Chatting,17795.0,6.7
11310,Streamer_10310,Just Chatting,46927.0,4.7
13234,Streamer_12234,Just Chatting,28641.0,3.5
17316,Streamer_16316,Esports,41025.0,7.4
17418,Streamer_16418,Gaming,28853.0,11.8
10365,Streamer_9365,Musica,39653.0,5.6
3270,Streamer_2270,Musica,5993.0,7.9
19226,Streamer_18226,Gaming,27114.0,1.9
10701,Streamer_9701,Just Chatting,38470.0,3.9
8578,Streamer_7578,Musica,10257.0,10.9
13202,Streamer_12202,Arte,46514.0,9.7
11318,Streamer_10318,Arte,14348.0,7.3
8060,Streamer_7060,Arte,25855.0,3.7
19846,Streamer_18846,Musica,40057.0,9.7
8074,Streamer_7074,Just Chatting,49660.0,2.3
8490,Streamer_7490,Arte,36919.0,11.8
9543,Streamer_8543,Arte,2438.0,11.2
13750,Streamer_12750,Arte,47455.0,3.7
14389,Streamer_13389,Musica,27902.0,5.0
16511,Streamer_15511,Musica,48777.0,9.5
14437,Streamer_13437,Esports,3518.0,9.3
6641,Streamer_5641,Arte,6582.0,9.9
6336,Streamer_5336,Arte,34521.0,3.7
11264,Streamer_10264,Gaming,26550.0,10.1
16026,Streamer_15026,Musica,22889.0,10.1
1651,Streamer_651,Arte,30887.0,3.4
12663,Streamer_11663,Esports,27007.0,8.5
5323,Streamer_4323,Just Chatting,1131.0,4.7
9143,Streamer_8143,Esports,8110.0,4.6
17367,Streamer_16367,Arte,30029.0,6.6
10179,Streamer_9179,Musica,29842.0,6.8
10226,Streamer_9226,Just Chatting,328.0,11.4
17807,Streamer_16807,Musica,35710.0,8.3
13268,Streamer_12268,Arte,20170.0,2.1
19922,Streamer_18922,Arte,44789.0,9.1
13475,Streamer_12475,,32356.0,10.6
12872,Streamer_11872,Arte,21993.0,9.4
19975,Streamer_18975,Gaming,34410.0,5.5
2805,Streamer_1805,Musica,11384.0,9.8
17571,Streamer_16571,Just Chatting,843.0,4.5
20695,Streamer_19695,Just Chatting,39802.0,3.2
12497,Streamer_11497,Musica,34027.0,1.0
19501,Streamer_18501,Just Chatting,39791.0,3.5
14583,Streamer_13583,Gaming,12628.0,7.6
12459,Streamer_11459,Musica,43037.0,2.4
7594,Streamer_6594,Just Chatting,44295.0,4.5
11915,Streamer_10915,Gaming,18999.0,11.4
11426,Streamer_10426,Gaming,,1.0
20330,Streamer_19330,Musica,48680.0,3.6
17724,Streamer_16724,Arte,10444.0,10.2
12769,Streamer_11769,Arte,10618.0,3.3
18527,Streamer_17527,Just Chatting,16675.0,6.9
12408,Streamer_11408,Musica,24179.0,2.4
12096,Streamer_11096,Esports,26306.0,11.8
6789,Streamer_5789,Gaming,37960.0,2.6
11822,Streamer_10822,Musica,11502.0,6.6
14327,Streamer_13327,Gaming,23562.0,7.2
20149,Streamer_19149,Esports,7544.0,10.4
16684,Streamer_15684,Esports,30833.0,6.9
2036,Streamer_1036,Musica,31040.0,5.2
4628,Streamer_3628,Esports,1469.0,6.6
17805,Streamer_16805,Arte,36153.0,5.3
4289,Streamer_3289,Gaming,41538.0,10.8
20177,Streamer_19177,Gaming,24653.0,5.2
18290,Streamer_17290,Musica,15472.0,9.0
5979,Streamer_4979,Just Chatting,34572.0,8.1
4188,Streamer_3188,Esports,39347.0,10.2
7660,Streamer_6660,Esports,32289.0,4.7
10425,Streamer_9425,Just Chatting,43253.0,7.7
3522,Streamer_2522,Arte,17276.0,9.5
7651,Streamer_6651,Gaming,34017.0,10.4
3832,Streamer_2832,Esports,6328.0,10.4
18224,Streamer_17224,Esports,14502.0,1.0
19114,Streamer_18114,Esports,9478.0,7.0
8829,Streamer_7829,Musica,37826.0,2.3
4088,Streamer_3088,Esports,12758.0,1.7
16500,Streamer_15500,Gaming,48609.0,9.5
7703,Streamer_6703,Esports,33187.0,10.3
7603,Streamer_6603,Musica,1061.0,6.1
5724,Streamer_4724,Just Chatting,10141.0,7.1
5836,Streamer_4836,Gaming,6817.0,11.9
10138,Streamer_9138,Gaming,30840.0,2.8
20327,Streamer_19327,Esports,6553.0,11.9
1782,Streamer_782,Arte,16135.0,6.3
10709,Streamer_9709,Gaming,2369.0,7.5
8050,Streamer_7050,Arte,3270.0,10.5
19039,Streamer_18039,Arte,21606.0,10.7
12975,Streamer_11975,Just Chatting,30442.0,10.7
14559,Streamer_13559,Just Chatting,30286.0,10.8
2175,Streamer_1175,Arte,28968.0,2.3
2920,Streamer_1920,Esports,37459.0,5.3
9313,Streamer_8313,Just Chatting,11748.0,2.9
12325,Streamer_11325,Gaming,44066.0,3.4
13453,Streamer_12453,Just Chatting,8917.0,3.4
18509,Streamer_17509,Musica,46792.0,9.5
7384,Streamer_6384,Arte,49444.0,8.4
4237,Streamer_3237,Arte,40340.0,4.1
17455,Streamer_16455,Arte,48581.0,11.6
11364,Streamer_10364,Gaming,25822.0,7.2
4127,Streamer_3127,Gaming,13673.0,4.8
12990,Streamer_11990,Musica,6729.0,4.8
7144,Streamer_6144,Gaming,43869.0,2.7
1047,Streamer_47,Musica,45807.0,6.4
17173,Streamer_16173,Musica,21590.0,2.0
12410,Streamer_11410,Esports,39234.0,11.0
13436,Streamer_12436,Musica,1521.0,4.4
5987,,Arte,8514.0,9.8
8627,Streamer_7627,Esports,6100.0,5.8
7600,Streamer_6600,Gaming,26697.0,3.1
6698,Streamer_5698,Just Chatting,42176.0,7.6
19085,Streamer_18085,Arte,35452.0,6.5
19167,Streamer_18167,Musica,46127.0,7.3
9230,Streamer_8230,,23790.0,5.8
4725,Streamer_3725,Musica,47970.0,7.0
19933,Streamer_18933,Musica,27764.0,8.5
5847,Streamer_4847,Just Chatting,8413.0,8.7
4298,Streamer_3298,Esports,45356.0,7.6
7475,Streamer_6475,Gaming,45042.0,5.4
4239,Streamer_3239,Arte,47182.0,11.1
7449,Streamer_6449,Gaming,18030.0,4.2
11806,Streamer_10806,Esports,44061.0,1.0
20758,Streamer_19758,Musica,2223.0,3.4
14717,Streamer_13717,Just Chatting,36923.0,3.1
14767,Streamer_13767,Musica,47371.0,8.7
7066,Streamer_6066,Gaming,9370.0,2.5
17368,Streamer_16368,Arte,48837.0,3.5
18267,,Gaming,44289.0,6.3
16895,Streamer_15895,Arte,49286.0,5.8
5459,Streamer_4459,Just Chatting,34023.0,5.5
2034,Streamer_1034,Gaming,7526.0,11.0
11013,Streamer_10013,Gaming,33543.0,9.4
19385,Streamer_18385,Just Chatting,13313.0,2.9
8163,Streamer_7163,Esports,28039.0,8.7
9031,Streamer_8031,Arte,1588.0,7.9
16975,Streamer_15975,Just Chatting,42443.0,11.6
5971,Streamer_4971,Gaming,4234.0,8.0
8981,Streamer_7981,Arte,18523.0,1.4
5486,Streamer_4486,Arte,9833.0,10.1
11067,Streamer_10067,Esports,21217.0,7.8
13295,Streamer_12295,Arte,46132.0,6.6
17711,Streamer_16711,Esports,21640.0,10.7
3549,Streamer_2549,Esports,31228.0,5.3
19177,Streamer_18177,Arte,23963.0,3.7
11406,Streamer_10406,Just Chatting,30189.0,1.1
10842,Streamer_9842,Arte,15790.0,10.2
18171,Streamer_17171,Just Chatting,26634.0,8.0
14727,Streamer_13727,Just Chatting,26948.0,1.9
13675,Streamer_12675,Gaming,28748.0,6.9
17544,Streamer_16544,Gaming,37566.0,6.9
15097,Streamer_14097,Arte,45050.0,1.5
2474,Streamer_1474,Just Chatting,40188.0,1.7
9090,Streamer_8090,Musica,730.0,3.5
17701,Streamer_16701,Just Chatting,29150.0,7.9
3084,Streamer_2084,Arte,15733.0,9.8
11172,Streamer_10172,Esports,32226.0,8.7
1768,Streamer_768,Gaming,9965.0,8.2
20159,Streamer_19159,Esports,11658.0,6.2
6395,Streamer_5395,Just Chatting,35384.0,3.8
13395,Streamer_12395,Arte,547.0,5.2
16607,Streamer_15607,Just Chatting,47265.0,4.0
6105,Streamer_5105,Gaming,48331.0,2.8
11532,Streamer_10532,Just Chatting,10671.0,5.8
8858,Streamer_7858,Just Chatting,24711.0,1.7
3396,Streamer_2396,Musica,44791.0,2.2
17013,Streamer_16013,Gaming,25232.0,5.7
1884,Streamer_884,Musica,16331.0,4.5
11486,Streamer_10486,Musica,31648.0,3.4
7417,Streamer_6417,Gaming,31776.0,8.5
9438,Streamer_8438,Just Chatting,45880.0,10.6
6812,Streamer_5812,Esports,690.0,9.2
8121,Streamer_7121,Gaming,11534.0,11.7
6200,Streamer_5200,Just Chatting,46441.0,2.1
8878,Streamer_7878,Gaming,2870.0,8.0
15638,Streamer_14638,Arte,42670.0,5.3
2533,Streamer_1533,Musica,21321.0,6.7
2377,Streamer_1377,Esports,38155.0,2.6
16476,Streamer_15476,Musica,21293.0,6.4
15026,Streamer_14026,Just Chatting,14732.0,10.3
3098,Streamer_2098,Just Chatting,12122.0,11.0
18414,Streamer_17414,Musica,35815.0,11.3
18270,Streamer_17270,Arte,46228.0,10.6
2465,Streamer_1465,Just Chatting,18808.0,9.2
3470,Streamer_2470,Esports,41811.0,5.4
5904,Streamer_4904,Gaming,26283.0,10.6
12788,Streamer_11788,Arte,36904.0,6.1
3929,Streamer_2929,Gaming,32307.0,5.6
9758,Streamer_8758,Gaming,6857.0,7.2
6356,Streamer_5356,,23969.0,10.7
5139,Streamer_4139,Arte,26488.0,1.2
7388,Streamer_6388,Just Chatting,44153.0,2.7
8684,Streamer_7684,Gaming,11429.0,1.3
13273,Streamer_12273,Musica,15065.0,12.0
7560,Streamer_6560,Arte,9029.0,1.6
11892,Streamer_10892,Esports,45002.0,4.8
4601,Streamer_3601,Musica,34273.0,5.0
19871,Streamer_18871,Musica,2392.0,2.6
2584,Streamer_1584,Musica,36669.0,11.7
4573,Streamer_3573,Gaming,11995.0,9.7
9702,Streamer_8702,Musica,28927.0,1.3
10534,Streamer_9534,Just Chatting,20877.0,4.8
7244,Streamer_6244,Arte,31181.0,11.5
19974,Streamer_18974,Gaming,28412.0,10.3
16484,Streamer_15484,Arte,48005.0,11.1
20958,Streamer_19958,Arte,,2.0
14876,Streamer_13876,Arte,27410.0,6.7
5935,Streamer_4935,Just Chatting,30140.0,2.7
12985,Streamer_11985,Esports,7660.0,2.0
7897,Streamer_6897,Esports,18680.0,11.0
8555,Streamer_7555,Esports,1440.0,1.1
16935,Streamer_15935,Musica,264.0,1.6
9339,Streamer_8339,Gaming,49201.0,2.8
14917,Streamer_13917,Arte,13258.0,10.1
1711,Streamer_711,Musica,43208.0,3.9
3447,Streamer_2447,Arte,10106.0,10.8
20443,Streamer_19443,Gaming,31365.0,10.6
7758,Streamer_6758,Arte,2505.0,7.7
20374,Streamer_19374,Gaming,14273.0,2.4
13716,Streamer_12716,Arte,12306.0,10.7
13947,Streamer_12947,Arte,27011.0,11.8
17157,Streamer_16157,Arte,1891.0,8.4
9954,Streamer_8954,Gaming,24831.0,4.9
13546,Streamer_12546,Esports,31733.0,10.1
10511,Streamer_9511,Arte,13547.0,1.4
8852,Streamer_7852,Just Chatting,23234.0,6.0
10285,Streamer_9285,Arte,,3.9
4565,Streamer_3565,Just Chatting,42013.0,2.9
6608,Streamer_5608,Arte,11111.0,3.3
12696,Streamer_11696,Musica,9520.0,2.8
9839,Streamer_8839,Musica,24770.0,1.9
19936,Streamer_18936,Musica,36285.0,3.1
7921,Streamer_6921,Musica,25546.0,8.7
20807,Streamer_19807,Just Chatting,12572.0,3.3
18338,Streamer_17338,Just Chatting,34623.0,5.6
1068,Streamer_68,Esports,49577.0,10.3
7363,Streamer_6363,Just Chatting,9541.0,8.5
15977,Streamer_14977,Musica,22773.0,4.7
6644,Streamer_5644,Gaming,16084.0,7.6
19788,Streamer_18788,Just Chatting,10206.0,5.4
11145,Streamer_10145,Arte,39240.0,11.8
20771,Streamer_19771,Arte,36108.0,1.6
5784,Streamer_4784,Gaming,26212.0,11.8
13865,Streamer_12865,Esports,31481.0,1.2
7071,Streamer_6071,Arte,40687.0,5.0
10081,Streamer_9081,Gaming,16217.0,10.2
12036,Streamer_11036,Gaming,19630.0,8.1
13123,Streamer_12123,Esports,22345.0,5.3
1247,Streamer_247,Esports,14336.0,6.4
2347,Streamer_1347,,30413.0,10.0
6219,Streamer_5219,Gaming,41062.0,8.3
13452,Streamer_12452,Arte,34708.0,6.7
11774,Streamer_10774,Just Chatting,4610.0,10.7
10976,Streamer_9976,Musica,4043.0,6.2
11721,Streamer_10721,Just Chatting,34786.0,7.3
16137,Streamer_15137,Esports,9822.0,4.6
8540,Streamer_7540,Gaming,15125.0,8.6
1708,Streamer_708,Esports,48074.0,8.3
4886,Streamer_3886,Musica,49364.0,10.0
18911,Streamer_17911,Arte,12638.0,7.1
15834,Streamer_14834,Musica,1790.0,9.7
7296,Streamer_6296,Gaming,32344.0,7.7
17446,Streamer_16446,Musica,30938.0,8.1
8730,Streamer_7730,Gaming,37128.0,10.3
9763,Streamer_8763,Gaming,29893.0,1.6
6958,Streamer_5958,Just Chatting,3339.0,6.7
6036,Streamer_5036,Arte,45704.0,2.6
18474,Streamer_17474,Just Chatting,895.0,11.6
17641,Streamer_16641,Musica,14421.0,4.2
4434,Streamer_3434,Esports,12377.0,4.9
18708,Streamer_17708,Arte,45852.0,4.5
6128,Streamer_5128,Musica,21279.0,11.7
9904,Streamer_8904,Esports,30111.0,8.3
7172,Streamer_6172,Gaming,31742.0,11.8
13887,Streamer_12887,Just Chatting,38888.0,9.7
4385,Streamer_3385,Musica,,5.4
7536,Streamer_6536,Just Chatting,19113.0,3.6
1627,Streamer_627,Just Chatting,13130.0,11.4
1021,Streamer_21,Gaming,47066.0,11.0
11748,Streamer_10748,Arte,4147.0,9.4
4566,Streamer_3566,Just Chatting,36109.0,8.0
16187,Streamer_15187,Esports,3370.0,10.1
15403,Streamer_14403,Just Chatting,34273.0,8.5
16959,Streamer_15959,Musica,39616.0,10.4
14462,Streamer_13462,Musica,14456.0,11.5
5628,Streamer_4628,Gaming,42156.0,8.1
14990,Streamer_13990,Arte,13167.0,3.9
18407,Streamer_17407,Arte,35801.0,1.9
8313,Streamer_7313,Esports,30829.0,3.9
15701,Streamer_14701,Esports,7653.0,3.2
18883,Streamer_17883,Esports,15679.0,9.8
19252,Streamer_18252,Just Chatting,20983.0,12.0
16671,Streamer_15671,Just Chatting,16443.0,1.2
1858,Streamer_858,Arte,14752.0,7.0
8785,Streamer_7785,Esports,35065.0,7.4
2771,Streamer_1771,Musica,49281.0,1.6
17930,Streamer_16930,Musica,20770.0,3.4
18074,Streamer_17074,Musica,954.0,1.4
6618,Streamer_5618,Arte,39892.0,4.1
3453,Streamer_2453,Arte,19515.0,10.1
10981,Streamer_9981,Gaming,831.0,6.3
6403,Streamer_5403,Just Chatting,46321.0,4.2
13909,Streamer_12909,Just Chatting,10125.0,1.8
12595,Streamer_11595,Arte,31892.0,6.9
15744,Streamer_14744,Gaming,6586.0,9.9
17466,Streamer_16466,Just Chatting,2651.0,8.0
7517,Streamer_6517,Arte,1593.0,10.7
15181,Streamer_14181,Gaming,14820.0,5.9
5335,Streamer_4335,Musica,23127.0,1.6
15206,Streamer_14206,Gaming,46420.0,7.6
14877,Streamer_13877,Gaming,5052.0,3.6
13785,Streamer_12785,Just Chatting,2242.0,9.7
18103,Streamer_17103,Gaming,26008.0,11.5
8299,Streamer_7299,Gaming,13924.0,5.8
17080,Streamer_16080,Musica,39679.0,9.6
3306,Streamer_2306,Musica,2944.0,7.6
4504,Streamer_3504,Arte,9742.0,3.4
3713,Streamer_2713,Musica,24602.0,10.3
18992,Streamer_17992,Esports,16168.0,4.1
1124,Streamer_124,Esports,38269.0,7.5
13183,Streamer_12183,Esports,4835.0,1.8
20239,Streamer_19239,Musica,13494.0,8.6
2727,Streamer_1727,Just Chatting,2723.0,8.5
8883,Streamer_7883,Gaming,32342.0,2.4
18118,Streamer_17118,Just Chatting,42923.0,5.5
15735,Streamer_14735,Esports,31315.0,9.7
7093,Streamer_6093,Musica,26959.0,10.4
3663,Streamer_2663,Just Chatting,4147.0,5.3
4165,Streamer_3165,Arte,24651.0,9.5
1171,Streamer_171,Just Chatting,40290.0,1.0
17487,Streamer_16487,Esports,10195.0,11.8
7512,Streamer_6512,Arte,40392.0,3.5
12446,Streamer_11446,Musica,31785.0,2.8
9297,Streamer_8297,Musica,20274.0,9.1
4217,Streamer_3217,Arte,12516.0,3.8
2821,Streamer_1821,Arte,48324.0,3.2
1451,Streamer_451,Arte,31161.0,8.3
12274,Streamer_11274,Esports,8224.0,2.3
8175,Streamer_7175,Arte,33305.0,7.1
13324,Streamer_12324,Esports,35864.0,6.9
3070,Streamer_2070,Gaming,30505.0,8.4
4617,Streamer_3617,Musica,26222.0,3.5
1282,Streamer_282,Arte,42109.0,10.1
18289,Streamer_17289,Esports,46737.0,10.5
3609,Streamer_2609,Gaming,24835.0,9.4
19988,Streamer_18988,Arte,24549.0,2.0
20853,Streamer_19853,Just Chatting,8598.0,7.9
2561,Streamer_1561,Gaming,259.0,9.4
6915,Streamer_5915,Musica,16814.0,10.5
10729,Streamer_9729,Musica,48879.0,5.1
2255,Streamer_1255,Esports,9554.0,3.3
1666,Streamer_666,Musica,16201.0,11.5
10158,Streamer_9158,Arte,30253.0,11.1
2294,Streamer_1294,Arte,27544.0,9.5
17756,Streamer_16756,Just Chatting,46623.0,1.0
10708,Streamer_9708,Esports,11739.0,2.9
18311,Streamer_17311,Arte,9714.0,10.9
13425,Streamer_12425,Esports,46124.0,2.7
17359,Streamer_16359,Gaming,19492.0,9.1
16325,Streamer_15325,Gaming,3555.0,3.4
5406,Streamer_4406,Gaming,18966.0,8.8
2598,Streamer_1598,Gaming,12205.0,7.8
7230,Streamer_6230,Arte,43124.0,4.2
20187,Streamer_19187,Musica,19205.0,11.8
20784,Streamer_19784,Musica,43869.0,11.8
14118,Streamer_13118,Just Chatting,33652.0,2.3
2059,Streamer_1059,,30586.0,4.6
12862,Streamer_11862,,46085.0,1.8
12941,Streamer_11941,Arte,21436.0,7.4
5051,Streamer_4051,Esports,36753.0,6.6
19576,Streamer_18576,Esports,21020.0,1.1
9901,Streamer_8901,Musica,13107.0,11.8
12857,Streamer_11857,Gaming,23779.0,10.5
18432,Streamer_17432,Just Chatting,49219.0,2.2
18106,Streamer_17106,Arte,9740.0,10.2
7839,Streamer_6839,Esports,44539.0,6.6
18586,Streamer_17586,Just Chatting,27809.0,3.2
4097,Streamer_3097,Just Chatting,31645.0,11.3
6216,Streamer_5216,Arte,29167.0,3.6
9187,Streamer_8187,Just Chatting,38841.0,3.8
15282,Streamer_14282,Musica,25840.0,6.0
19270,Streamer_18270,Gaming,20175.0,6.3
17816,Streamer_16816,Gaming,38849.0,2.6
11143,Streamer_10143,Gaming,11513.0,10.5
5379,Streamer_4379,Just Chatting,21704.0,3.4
8549,Streamer_7549,Esports,15139.0,3.1
10202,Streamer_9202,Musica,13938.0,4.1
2872,Streamer_1872,Esports,4937.0,1.6
1818,Streamer_818,Arte,28133.0,10.9
1154,Streamer_154,Esports,,11.4
9682,Streamer_8682,Musica,25901.0,10.4
3690,Streamer_2690,Gaming,1802.0,4.9
15932,Streamer_14932,Arte,33513.0,5.0
9082,Streamer_8082,Gaming,432.0,1.1
12515,Streamer_11515,Esports,49347.0,3.9
15256,Streamer_14256,Esports,5788.0,8.3
16430,Streamer_15430,Esports,48356.0,5.6
18201,Streamer_17201,Gaming,13473.0,5.6
5688,Streamer_4688,Musica,41932.0,6.3
11593,Streamer_10593,Musica,46860.0,5.2
13522,Streamer_12522,Arte,9419.0,5.7
5755,Streamer_4755,Gaming,15755.0,9.2
11076,Streamer_10076,Arte,7067.0,8.6
13968,Streamer_12968,Gaming,40401.0,9.2
11858,Streamer_10858,Gaming,27133.0,4.9
12394,Streamer_11394,,25469.0,7.1
1187,Streamer_187,Esports,36124.0,8.0
14934,Streamer_13934,Gaming,6521.0,4.3
8023,Streamer_7023,Just Chatting,33544.0,7.2
2500,Streamer_1500,Musica,43378.0,10.8
19637,Streamer_18637,Just Chatting,521.0,7.1
1873,Streamer_873,Musica,21213.0,5.8
15928,Streamer_14928,Gaming,26962.0,9.4
14409,Streamer_13409,Gaming,36066.0,10.1
19437,Streamer_18437,Just Chatting,46458.0,10.5
10331,Streamer_9331,Arte,2234.0,1.4
18747,Streamer_17747,Just Chatting,25192.0,9.9
20680,Streamer_19680,Esports,8906.0,10.1
12220,Streamer_11220,Esports,6922.0,1.9
18789,Streamer_17789,Arte,41948.0,1.0
8638,Streamer_7638,Musica,49748.0,5.6
5227,Streamer_4227,Arte,23562.0,7.2
13879,Streamer_12879,Just Chatting,38877.0,1.7
12697,Streamer_11697,Musica,19966.0,11.7
16627,Streamer_15627,Just Chatting,17404.0,9.9
11280,Streamer_10280,Esports,39215.0,6.2
10404,Streamer_9404,Esports,29368.0,10.2
16826,Streamer_15826,Arte,12981.0,1.0
14737,Streamer_13737,Arte,36105.0,5.7
7351,Streamer_6351,Just Chatting,39587.0,3.2
17054,Streamer_16054,Arte,21244.0,9.8
11399,Streamer_10399,Arte,38978.0,2.2
20282,Streamer_19282,Esports,406.0,4.5
11079,Streamer_10079,Gaming,41625.0,3.0
19171,Streamer_18171,Arte,10020.0,9.3
5210,Streamer_4210,Musica,20641.0,1.4
10005,Streamer_9005,Arte,40696.0,10.4
16032,Streamer_15032,Just Chatting,10497.0,8.1
17612,Streamer_16612,Just Chatting,8607.0,11.9
13669,Streamer_12669,Musica,18289.0,12.0
4741,Streamer_3741,Esports,30192.0,4.5
6814,Streamer_5814,Arte,7163.0,1.7
12719,Streamer_11719,Gaming,9344.0,6.6
9229,Streamer_8229,Gaming,26188.0,11.9
15694,Streamer_14694,Arte,22962.0,5.1
13896,Streamer_12896,Gaming,32383.0,7.8
5586,Streamer_4586,Just Chatting,23063.0,2.7
19660,Streamer_18660,Esports,48742.0,9.4
12771,Streamer_11771,Gaming,13632.0,7.2
12845,Streamer_11845,Gaming,36249.0,2.4
9896,Streamer_8896,Musica,42421.0,3.7
6520,Streamer_5520,Esports,38077.0,9.1
4313,Streamer_3313,Gaming,17.0,3.7
11418,Streamer_10418,Just Chatting,21489.0,5.7
4828,Streamer_3828,Arte,4138.0,9.7
11124,Streamer_10124,Esports,11753.0,4.1
2410,Streamer_1410,Esports,24556.0,11.9
20029,Streamer_19029,Arte,2256.0,2.4
4876,Streamer_3876,Esports,35832.0,1.8
11330,Streamer_10330,Esports,12820.0,9.0
16670,Streamer_15670,Just Chatting,2484.0,6.4
12994,Streamer_11994,Arte,27295.0,4.7
16939,Streamer_15939,Gaming,13005.0,6.4
6839,Streamer_5839,Arte,45362.0,2.6
6927,Streamer_5927,Arte,28315.0,1.0
20309,Streamer_19309,Just Chatting,30576.0,5.2
5440,Streamer_4440,Gaming,3779.0,3.3
1579,Streamer_579,Just Chatting,39741.0,7.9
16238,Streamer_15238,Just Chatting,42133.0,6.0
2089,Streamer_1089,Esports,40592.0,8.8
6191,Streamer_5191,Musica,11587.0,8.4
14394,Streamer_13394,Arte,34394.0,11.9
13800,Streamer_12800,Gaming,42681.0,6.3
11414,Streamer_10414,Esports,48604.0,11.6
10204,Streamer_9204,Esports,48312.0,9.6
15859,Streamer_14859,Musica,13714.0,5.1
7142,Streamer_6142,Gaming,35111.0,11.0
2215,Streamer_1215,Musica,29001.0,2.5
17931,Streamer_16931,Esports,,3.4
14629,Streamer_13629,Esports,16657.0,10.9
4888,Streamer_3888,,32470.0,9.2
3806,Streamer_2806,Esports,47606.0,8.2
13824,Streamer_12824,Esports,11085.0,9.8
1894,Streamer_894,Gaming,1183.0,5.3
1384,Streamer_384,Esports,17880.0,8.0
1227,Streamer_227,Gaming,47318.0,4.6
16651,Streamer_15651,Just Chatting,35155.0,11.3
15089,Streamer_14089,Musica,9385.0,3.6
9845,Streamer_8845,Musica,45311.0,2.1
20748,Streamer_19748,Just Chatting,22641.0,8.8
12609,Streamer_11609,Esports,42606.0,11.4
20858,Streamer_19858,Esports,11670.0,8.6
17768,Streamer_16768,Just Chatting,41711.0,3.3
15317,Streamer_14317,Just Chatting,41022.0,1.7
14613,Streamer_13613,Just Chatting,5255.0,4.1
2974,Streamer_1974,Arte,6063.0,4.4
4965,Streamer_3965,Musica,46448.0,7.9
11199,Streamer_10199,Arte,32969.0,11.4
14598,Streamer_13598,Esports,25611.0,4.9
10557,Streamer_9557,Arte,12858.0,9.6
8202,Streamer_7202,Gaming,7447.0,10.2
7772,Streamer_6772,Esports,12877.0,11.9
4052,Streamer_3052,Esports,43794.0,1.7
3405,Streamer_2405,Gaming,17621.0,8.1
14797,Streamer_13797,Esports,46228.0,2.6
8206,Streamer_7206,Musica,10254.0,11.5
9161,Streamer_8161,Just Chatting,46236.0,1.0
15033,Streamer_14033,Just Chatting,7777.0,5.1
5692,Streamer_4692,Arte,33666.0,6.9
1391,Streamer_391,Esports,40137.0,6.1
8948,Streamer_7948,Gaming,16099.0,2.0
8052,Streamer_7052,Gaming,23241.0,6.8
3316,Streamer_2316,Just Chatting,25489.0,4.0
14833,Streamer_13833,Arte,36225.0,5.8
19805,Streamer_18805,,25339.0,7.5
14933,Streamer_13933,Just Chatting,27272.0,6.6
7544,Streamer_6544,Esports,5226.0,9.7
2254,Streamer_1254,Arte,11853.0,1.3
7455,Streamer_6455,Arte,36990.0,5.8
16217,Streamer_15217,Just Chatting,14575.0,9.9
13812,Streamer_12812,Gaming,29530.0,4.4
8537,Streamer_7537,Musica,9133.0,1.4
15693,Streamer_14693,Just Chatting,37586.0,11.4
10974,Streamer_9974,Gaming,46555.0,6.0
16961,Streamer_15961,Musica,47998.0,7.5
9623,Streamer_8623,Arte,29770.0,7.5
8769,Streamer_7769,Gaming,536.0,11.4
10942,Streamer_9942,Just Chatting,32024.0,8.3
16411,Streamer_15411,Just Chatting,40716.0,5.8
2188,Streamer_1188,Musica,25696.0,6.1
6064,Streamer_5064,Musica,16492.0,11.1
1866,Streamer_866,Musica,13250.0,4.8
8564,Streamer_7564,Just Chatting,19151.0,8.1
2274,Streamer_1274,Esports,46058.0,3.6
8630,Streamer_7630,Musica,14199.0,5.6
13495,Streamer_12495,Esports,289.0,9.7
3452,Streamer_2452,Arte,21792.0,10.0
11825,Streamer_10825,Arte,33411.0,11.1
4936,Streamer_3936,Gaming,13429.0,10.0
10396,Streamer_9396,Musica,49429.0,10.7
2177,Streamer_1177,Gaming,13706.0,4.9
10777,Streamer_9777,Musica,5088.0,3.5
12921,Streamer_11921,Musica,47723.0,11.4
5970,Streamer_4970,Musica,5886.0,7.2
17998,Streamer_16998,Esports,36419.0,3.1
16803,Streamer_15803,Musica,43742.0,6.2
14460,Streamer_13460,Esports,6737.0,6.9
14775,Streamer_13775,Esports,48319.0,1.4
10957,Streamer_9957,Gaming,11877.0,6.1
10119,Streamer_9119,Gaming,23265.0,7.3
11981,Streamer_10981,Just Chatting,36274.0,5.0
2378,Streamer_1378,Arte,34254.0,10.0
16551,Streamer_15551,Gaming,24153.0,7.9
10118,Streamer_9118,Musica,27983.0,5.4
17135,Streamer_16135,Esports,27464.0,5.5
13582,Streamer_12582,Esports,24630.0,3.8
18411,Streamer_17411,Just Chatting,8939.0,3.8
20223,Streamer_19223,Gaming,23622.0,9.6
6990,Streamer_5990,Esports,3716.0,2.1
19475,Streamer_18475,Esports,20768.0,3.0
13114,Streamer_12114,Gaming,17874.0,5.3
12615,Streamer_11615,Esports,32785.0,5.1
12146,Streamer_11146,Esports,5266.0,7.7
1978,Streamer_978,Esports,3187.0,7.9
10965,Streamer_9965,Gaming,28441.0,1.5
7196,Streamer_6196,Gaming,3734.0,7.3
8529,Streamer_7529,Just Chatting,44278.0,8.6
6932,Streamer_5932,Arte,24175.0,2.5
9479,Streamer_8479,Just Chatting,49132.0,3.5
20400,Streamer_19400,Gaming,,7.3
8805,Streamer_7805,Gaming,47502.0,2.5
7215,Streamer_6215,Just Chatting,45923.0,9.5
5701,Streamer_4701,Arte,45178.0,10.8
14271,Streamer_13271,Esports,15341.0,8.8
17962,Streamer_16962,Esports,31094.0,9.8
5371,Streamer_4371,Musica,24336.0,1.2
5351,Streamer_4351,Arte,7985.0,1.8
1925,Streamer_925,Arte,43027.0,8.7
1163,Streamer_163,Just Chatting,10455.0,11.1
5376,Streamer_4376,Esports,687.0,9.4
19737,Streamer_18737,Just Chatting,25227.0,9.1
9713,Streamer_8713,Arte,18744.0,3.3
1996,Streamer_996,Musica,19270.0,11.1
8576,Streamer_7576,Musica,25320.0,10.8
5680,Streamer_4680,Musica,48624.0,5.8
7270,Streamer_6270,Gaming,42639.0,2.9
5984,Streamer_4984,Musica,19978.0,2.2
7386,Streamer_6386,Just Chatting,10187.0,6.5
20087,Streamer_19087,Arte,35954.0,4.3
15906,Streamer_14906,Gaming,29037.0,11.7
2597,Streamer_1597,Musica,16234.0,10.2
3267,Streamer_2267,Musica,15831.0,6.1
13165,Streamer_12165,Musica,869.0,6.4
12743,Streamer_11743,Just Chatting,17031.0,5.6
7699,Streamer_6699,Musica,44359.0,9.1
12383,Streamer_11383,Just Chatting,34277.0,11.2
8848,Streamer_7848,Musica,48893.0,9.0
7765,Streamer_6765,Arte,29645.0,3.6
13961,Streamer_12961,Musica,21140.0,11.5
8178,Streamer_7178,Musica,47862.0,7.1
19661,Streamer_18661,Just Chatting,18479.0,10.3
1374,Streamer_374,Musica,46774.0,8.3
18371,Streamer_17371,Gaming,24990.0,1.4
1531,Streamer_531,Esports,34441.0,6.1
7213,Streamer_6213,Esports,19102.0,2.8
11984,Streamer_10984,Gaming,4432.0,6.0
8935,Streamer_7935,Esports,14007.0,7.3
2623,Streamer_1623,Musica,43837.0,1.6
3162,Streamer_2162,Just Chatting,37518.0,11.3
19367,Streamer_18367,Gaming,21164.0,12.0
11221,Streamer_10221,Gaming,36248.0,10.8
14370,Streamer_13370,Musica,33433.0,2.5
2888,Streamer_1888,Arte,41035.0,2.4
1084,Streamer_84,Arte,45647.0,4.9
10831,Streamer_9831,Arte,46200.0,8.6
9681,Streamer_8681,Esports,29326.0,7.3
17589,Streamer_16589,Just Chatting,42203.0,2.3
8511,Streamer_7511,Musica,1816.0,1.1
19223,Streamer_18223,Musica,11995.0,5.1
5999,Streamer_4999,Musica,31827.0,4.9
8429,Streamer_7429,Just Chatting,49061.0,3.3
9754,Streamer_8754,Arte,2551.0,11.4
20204,Streamer_19204,Arte,42590.0,9.7
6777,Streamer_5777,Arte,12161.0,1.3
20314,Streamer_19314,Esports,4617.0,7.9
19121,Streamer_18121,Gaming,34656.0,9.8
5751,Streamer_4751,Esports,46046.0,1.4
18520,Streamer_17520,Arte,4547.0,8.8
7877,Streamer_6877,Gaming,37698.0,4.0
12086,Streamer_11086,Esports,8833.0,10.0
17113,Streamer_16113,Musica,35330.0,10.7
4975,Streamer_3975,Musica,16319.0,5.0
16221,Streamer_15221,Gaming,39182.0,4.4
5437,Streamer_4437,Musica,24649.0,10.3
11883,Streamer_10883,Just Chatting,8021.0,10.2
14129,Streamer_13129,Arte,18012.0,10.2
5174,Streamer_4174,Gaming,20602.0,10.8
10521,Streamer_9521,Esports,40085.0,6.6
11235,Streamer_10235,Gaming,42877.0,9.7
19259,Streamer_18259,Just Chatting,46114.0,6.0
17531,Streamer_16531,Arte,11363.0,9.6
12463,Streamer_11463,Gaming,16776.0,11.9
9017,Streamer_8017,Esports,43530.0,8.8
12453,Streamer_11453,Gaming,25911.0,1.8
19123,Streamer_18123,Just Chatting,17066.0,6.8
20384,Streamer_19384,Arte,16948.0,6.3
2050,Streamer_1050,Esports,46533.0,3.7
20705,Streamer_19705,Musica,35531.0,1.8
7846,Streamer_6846,Arte,39069.0,11.4
7899,Streamer_6899,Arte,1237.0,5.2
18644,Streamer_17644,Esports,10594.0,10.6
19512,Streamer_18512,Just Chatting,24552.0,1.9
13562,Streamer_12562,Esports,47540.0,8.2
15640,Streamer_14640,Gaming,24441.0,8.6
13873,Streamer_12873,Just Chatting,17003.0,2.5
13040,Streamer_12040,Musica,46453.0,11.3
18472,Streamer_17472,,13612.0,3.6
13406,Streamer_12406,Esports,14721.0,9.7
1895,Streamer_895,Musica,45549.0,9.1
10679,Streamer_9679,Arte,2202.0,6.6
8439,Streamer_7439,Esports,2329.0,3.6
12907,Streamer_11907,Musica,25017.0,1.8
8147,Streamer_7147,Arte,8824.0,5.1
19825,Streamer_18825,Musica,37734.0,8.9
18457,Streamer_17457,Musica,31570.0,7.7
10970,Streamer_9970,Musica,35585.0,9.3
9965,Streamer_8965,Gaming,41473.0,5.0
13617,Streamer_12617,Esports,20986.0,12.0
18437,Streamer_17437,Gaming,34198.0,11.7
9903,Streamer_8903,Just Chatting,47371.0,10.5
3653,Streamer_2653,Arte,,9.3
4782,Streamer_3782,Esports,37327.0,10.9
7574,Streamer_6574,Esports,47029.0,2.8
6439,Streamer_5439,Musica,6584.0,9.0
20978,Streamer_19978,Gaming,34260.0,4.2
11131,Streamer_10131,Gaming,10971.0,11.2
17732,Streamer_16732,Gaming,6871.0,11.1
7529,Streamer_6529,Esports,32326.0,8.4
7876,Streamer_6876,Esports,40659.0,12.0
15556,Streamer_14556,Just Chatting,18909.0,5.7
19220,Streamer_18220,Musica,28883.0,6.0
16152,Streamer_15152,Gaming,44544.0,6.2
20003,Streamer_19003,Arte,10819.0,9.8
11236,Streamer_10236,Gaming,,8.9
20876,Streamer_19876,Musica,33547.0,1.9
16910,Streamer_15910,Gaming,7015.0,4.7
2272,Streamer_1272,Arte,42032.0,4.0
10187,Streamer_9187,Musica,27233.0,8.9
19800,Streamer_18800,Gaming,15580.0,10.8
12541,Streamer_11541,Just Chatting,12950.0,3.9
3834,Streamer_2834,Musica,4042.0,1.6
5629,Streamer_4629,Just Chatting,43927.0,7.0
8309,Streamer_7309,Gaming,38064.0,10.0
2239,Streamer_1239,Musica,25188.0,10.5
8717,Streamer_7717,Just Chatting,35920.0,1.4
10397,Streamer_9397,Gaming,1970.0,3.1
18318,Streamer_17318,Musica,33928.0,3.6
20906,Streamer_19906,Musica,16322.0,5.2
15729,Streamer_14729,Esports,8135.0,10.1
9401,Streamer_8401,Musica,,6.9
1085,Streamer_85,Arte,11539.0,9.3
6388,Streamer_5388,Just Chatting,31176.0,7.8
1598,Streamer_598,Musica,4358.0,4.0
11500,Streamer_10500,Just Chatting,47770.0,1.7
1410,Streamer_410,Esports,3412.0,6.9
7481,Streamer_6481,Esports,28904.0,1.5
8996,Streamer_7996,Gaming,38114.0,4.4
20725,Streamer_19725,Musica,1845.0,2.4
2340,Streamer_1340,Just Chatting,38328.0,10.2
15925,Streamer_14925,Arte,46386.0,5.9
5225,Streamer_4225,Gaming,14228.0,1.2
18107,Streamer_17107,Just Chatting,6664.0,11.6
13212,Streamer_12212,Just Chatting,42703.0,3.1
1641,Streamer_641,Musica,352.0,7.2
7430,Streamer_6430,Just Chatting,22024.0,6.1
1196,Streamer_196,Esports,3069.0,7.0
11035,Streamer_10035,Arte,46859.0,7.7
2019,Streamer_1019,Arte,28946.0,6.4
5246,Streamer_4246,Musica,17263.0,10.9
5107,Streamer_4107,Just Chatting,27204.0,10.9
17843,,Just Chatting,24662.0,5.5
7318,Streamer_6318,Esports,11284.0,9.6
10896,Streamer_9896,Arte,34390.0,7.5
13500,Streamer_12500,Just Chatting,24366.0,8.5
12644,Streamer_11644,Musica,1919.0,1.2
5663,Streamer_4663,Just Chatting,41150.0,9.2
20795,Streamer_19795,Just Chatting,,2.5
10130,Streamer_9130,Esports,13900.0,11.1
3480,Streamer_2480,Arte,43012.0,7.1
7498,Streamer_6498,Arte,29507.0,1.8
6864,Streamer_5864,Musica,18064.0,2.8
2081,Streamer_1081,Esports,33304.0,7.2
6547,Streamer_5547,Just Chatting,48055.0,5.5
19504,Streamer_18504,Arte,49608.0,6.9
13427,,Just Chatting,28243.0,11.6
12661,Streamer_11661,Just Chatting,32609.0,5.7
15409,Streamer_14409,Gaming,2736.0,7.5
18979,Streamer_17979,Musica,49680.0,10.9
9248,Streamer_8248,Musica,30741.0,2.2
17397,Streamer_16397,Esports,9310.0,6.1
16109,Streamer_15109,Gaming,8793.0,5.9
8090,Streamer_7090,Esports,39358.0,3.6
16610,Streamer_15610,Gaming,24086.0,2.3
10099,Streamer_9099,Esports,4381.0,11.7
20112,Streamer_19112,Esports,529.0,1.6
2558,Streamer_1558,Gaming,41639.0,7.6
2228,Streamer_1228,Musica,32433.0,4.5
6537,Streamer_5537,Esports,11068.0,1.1
5429,Streamer_4429,Just Chatting,39185.0,1.1
1359,Streamer_359,Arte,14210.0,3.3
1781,Streamer_781,Gaming,44856.0,4.1
12111,Streamer_11111,Just Chatting,43537.0,2.5
11499,Streamer_10499,Musica,19481.0,6.8
11884,Streamer_10884,Esports,27534.0,7.7
16738,Streamer_15738,Esports,19464.0,11.6
16220,Streamer_15220,Musica,14767.0,4.8
2913,Streamer_1913,Musica,37662.0,5.4
12809,Streamer_11809,Esports,9143.0,5.0
13673,Streamer_12673,Just Chatting,40383.0,3.8
17293,Streamer_16293,Esports,15942.0,10.1
11441,Streamer_10441,Musica,35568.0,2.8
10883,Streamer_9883,Musica,41409.0,7.0
7973,Streamer_6973,Musica,24243.0,10.3
20386,Streamer_19386,Gaming,9499.0,2.1
15114,Streamer_14114,Esports,6735.0,10.3
9745,Streamer_8745,Musica,41639.0,8.4
13819,Streamer_12819,Just Chatting,22606.0,9.8
15439,Streamer_14439,Arte,3379.0,7.3
17314,Streamer_16314,Arte,38323.0,4.8
14671,Streamer_13671,Arte,36007.0,10.9
18625,Streamer_17625,Musica,45193.0,1.5
19026,Streamer_18026,Gaming,,3.8
12119,Streamer_11119,Arte,12959.0,7.6
2521,Streamer_1521,Musica,,1.7
5009,Streamer_4009,Musica,45276.0,6.3
20786,,Gaming,7124.0,10.4
11258,Streamer_10258,Arte,39793.0,11.9
9964,Streamer_8964,Gaming,21421.0,11.8
6138,Streamer_5138,Just Chatting,47113.0,9.5
12468,Streamer_11468,Musica,13555.0,9.0
6347,Streamer_5347,Just Chatting,21525.0,8.8
10434,Streamer_9434,Just Chatting,32937.0,4.2
4036,Streamer_3036,Musica,31683.0,9.8
15102,Streamer_14102,Esports,7218.0,6.7
7522,Streamer_6522,Musica,13765.0,5.9
6965,Streamer_5965,Musica,46878.0,9.9
19570,Streamer_18570,Gaming,30886.0,5.4
3590,Streamer_2590,Esports,14798.0,4.5
16767,Streamer_15767,Gaming,23695.0,11.8
20504,Streamer_19504,Esports,14228.0,5.9
3610,Streamer_2610,Just Chatting,49943.0,3.5
20837,Streamer_19837,Musica,11977.0,5.0
10882,Streamer_9882,Esports,24948.0,4.6
10889,Streamer_9889,Musica,5466.0,10.7
5882,Streamer_4882,Arte,6295.0,11.9
13965,Streamer_12965,Just Chatting,5292.0,4.8
7121,Streamer_6121,Musica,10038.0,2.0
20464,Streamer_19464,Just Chatting,1560.0,2.2
20670,Streamer_19670,Esports,38607.0,4.8
19787,Streamer_18787,Esports,16342.0,9.7
12078,Streamer_11078,Arte,30391.0,2.3
18146,Streamer_17146,Esports,38346.0,8.9
3821,Streamer_2821,Esports,2129.0,9.4
8565,Streamer_7565,Musica,23407.0,5.3
12483,Streamer_11483,Gaming,469.0,9.1
4506,Streamer_3506,Esports,40580.0,6.3
1484,Streamer_484,Gaming,19772.0,7.3
2222,Streamer_1222,Esports,42180.0,8.8
20761,Streamer_19761,Musica,26505.0,9.8
12570,Streamer_11570,Gaming,8172.0,2.2
15443,Streamer_14443,Musica,2303.0,3.1
13286,Streamer_12286,Arte,9742.0,7.0
12248,Streamer_11248,Gaming,48529.0,9.2
18340,Streamer_17340,Gaming,1711.0,6.0
3163,Streamer_2163,Musica,18358.0,4.8
19492,Streamer_18492,Gaming,18391.0,2.9
17117,Streamer_16117,Gaming,31128.0,9.3
14369,Streamer_13369,Musica,47619.0,8.1
2797,Streamer_1797,Esports,43717.0,3.5
1891,Streamer_891,Esports,37364.0,4.5
2546,Streamer_1546,,14933.0,1.0
15140,Streamer_14140,Gaming,18401.0,8.3
14551,Streamer_13551,Musica,32500.0,7.0
2921,Streamer_1921,Gaming,2937.0,9.6
7557,Streamer_6557,Musica,23297.0,1.7
15299,Streamer_14299,Gaming,26674.0,3.6
3421,Streamer_2421,Esports,33928.0,10.2
10328,Streamer_9328,Esports,29594.0,8.3
14842,Streamer_13842,Esports,47534.0,11.0
6072,Streamer_5072,Musica,19939.0,2.5
6546,Streamer_5546,Musica,33760.0,3.3
18433,Streamer_17433,Arte,26733.0,5.2
1215,Streamer_215,Musica,13521.0,7.8
2723,Streamer_1723,Esports,10074.0,1.3
6534,Streamer_5534,Just Chatting,2587.0,12.0
5675,Streamer_4675,Gaming,46845.0,1.2
11278,Streamer_10278,Just Chatting,20380.0,3.5
4268,Streamer_3268,Just Chatting,31126.0,4.2
8514,Streamer_7514,Esports,34546.0,8.2
3464,Streamer_2464,Esports,31690.0,6.9
2264,Streamer_1264,Just Chatting,36638.0,7.8
9192,Streamer_8192,Musica,6611.0,6.5
16921,Streamer_15921,Arte,29557.0,3.8
1908,Streamer_908,Just Chatting,5255.0,3.5
2823,Streamer_1823,Musica,16071.0,1.8
9214,Streamer_8214,Musica,34299.0,7.0
14119,Streamer_13119,Gaming,4024.0,7.5
12029,Streamer_11029,Musica,192.0,11.3
19438,Streamer_18438,Esports,19251.0,4.9
14031,Streamer_13031,Gaming,21131.0,10.5
18498,Streamer_17498,Arte,34439.0,4.7
8364,Streamer_7364,Musica,18835.0,3.7
1101,Streamer_101,Arte,34130.0,9.5
15479,Streamer_14479,Esports,15960.0,8.0
15133,Streamer_14133,Arte,20143.0,7.1
19833,Streamer_18833,Esports,37763.0,5.2
13058,Streamer_12058,Esports,18130.0,2.2
2306,Streamer_1306,Arte,778.0,10.5
1032,Streamer_32,Gaming,,7.7
5575,Streamer_4575,Musica,47517.0,11.4
6585,Streamer_5585,Musica,37815.0,9.9
12341,Streamer_11341,Gaming,1653.0,11.2
17269,Streamer_16269,Just Chatting,29168.0,8.4
14620,Streamer_13620,Just Chatting,19657.0,8.2
19875,Streamer_18875,Gaming,6459.0,6.3
19602,Streamer_18602,Arte,42614.0,3.6
17291,Streamer_16291,Gaming,28701.0,6.9
9802,Streamer_8802,,28681.0,2.7
12894,Streamer_11894,Musica,36154.0,8.6
20266,Streamer_19266,Esports,38053.0,9.3
10634,Streamer_9634,Arte,751.0,6.3
14419,Streamer_13419,Just Chatting,24365.0,4.7
8072,Streamer_7072,Esports,44099.0,7.5
3002,Streamer_2002,Arte,26628.0,6.7
7410,Streamer_6410,Just Chatting,15503.0,8.8
11955,Streamer_10955,Musica,4445.0,5.1
3853,Streamer_2853,Esports,10510.0,8.0
17683,Streamer_16683,Gaming,29533.0,1.1
9038,Streamer_8038,,31690.0,6.7
8599,Streamer_7599,Arte,38327.0,3.1
2469,Streamer_1469,,16031.0,3.6
6940,Streamer_5940,Just Chatting,7502.0,10.7
5601,Streamer_4601,Musica,25010.0,1.1
5385,Streamer_4385,Esports,45623.0,1.7
8208,Streamer_7208,Just Chatting,3294.0,4.5
11820,Streamer_10820,Arte,18533.0,6.6
2606,Streamer_1606,Arte,42246.0,8.8
10564,Streamer_9564,Just Chatting,12322.0,2.2
4101,Streamer_3101,Musica,26118.0,3.8
10585,Streamer_9585,Arte,46970.0,6.6
2271,Streamer_1271,Esports,46283.0,3.5
5888,Streamer_4888,Esports,3404.0,2.0
5989,Streamer_4989,Just Chatting,19916.0,6.1
11140,Streamer_10140,Just Chatting,48402.0,10.0
7716,Streamer_6716,Musica,48466.0,4.1
8520,Streamer_7520,Musica,12836.0,2.8
10194,Streamer_9194,Musica,39189.0,7.5
13262,Streamer_12262,Esports,46909.0,5.9
1985,Streamer_985,Musica,34124.0,5.8
6722,Streamer_5722,Musica,15498.0,8.1
19213,Streamer_18213,Arte,49356.0,10.2
9772,Streamer_8772,Gaming,14527.0,7.5
2560,Streamer_1560,Esports,40080.0,1.8
20104,Streamer_19104,Just Chatting,1005.0,4.4
10696,Streamer_9696,Esports,49424.0,1.3
2752,Streamer_1752,Just Chatting,31064.0,2.6
6488,Streamer_5488,Musica,32204.0,11.2
13650,Streamer_12650,Just Chatting,17771.0,11.0
2772,Streamer_1772,Gaming,25380.0,5.7
5112,Streamer_4112,Arte,44321.0,8.2
6450,Streamer_5450,Just Chatting,29538.0,11.2
14037,Streamer_13037,Esports,26214.0,7.1
9454,Streamer_8454,Musica,20506.0,3.0
15651,Streamer_14651,Just Chatting,32735.0,7.9
9665,Streamer_8665,Just Chatting,19454.0,4.6
4896,Streamer_3896,Musica,48311.0,5.1
15688,Streamer_14688,Musica,34511.0,5.2
13786,Streamer_12786,Musica,8643.0,10.6
7599,Streamer_6599,Musica,28785.0,7.5
13970,Streamer_12970,Just Chatting,34201.0,6.2
16449,Streamer_15449,Gaming,44982.0,9.7
5868,Streamer_4868,Arte,29013.0,5.9
8632,Streamer_7632,Just Chatting,41172.0,3.9
18904,Streamer_17904,Just Chatting,46710.0,8.9
14252,Streamer_13252,Arte,21012.0,9.1
10372,Streamer_9372,Gaming,48595.0,7.9
2314,Streamer_1314,Gaming,2098.0,6.9
17274,Streamer_16274,Gaming,22855.0,9.3
6775,Streamer_5775,Arte,21796.0,2.2
3151,Streamer_2151,Gaming,5284.0,4.7
4279,Streamer_3279,Esports,34524.0,9.4
19865,Streamer_18865,Gaming,21192.0,6.0
1614,Streamer_614,Arte,39999.0,9.9
20319,Streamer_19319,Musica,46896.0,1.0
1764,Streamer_764,Esports,23676.0,4.2
16527,Streamer_15527,Musica,45313.0,5.2
8271,Streamer_7271,Musica,48953.0,3.5
15939,Streamer_14939,Esports,38311.0,3.1
11853,Streamer_10853,Musica,12284.0,7.0
13323,Streamer_12323,Esports,8856.0,1.7
18798,Streamer_17798,Just Chatting,32675.0,6.8
20634,Streamer_19634,Musica,39323.0,11.6
6378,Streamer_5378,Esports,28933.0,8.7
13939,Streamer_12939,Arte,24385.0,9.0
17899,Streamer_16899,Gaming,22753.0,5.9
3030,Streamer_2030,Esports,29069.0,8.0
2602,Streamer_1602,Musica,10776.0,6.8
7149,Streamer_6149,Gaming,23253.0,6.1
9244,Streamer_8244,Esports,4529.0,2.9
2844,Streamer_1844,Gaming,12461.0,2.1
2704,Streamer_1704,Gaming,38266.0,7.4
12710,Streamer_11710,Musica,15531.0,7.7
2445,Streamer_1445,Arte,29349.0,7.3
11971,Streamer_10971,Esports,20161.0,6.6
7052,Streamer_6052,Arte,25333.0,7.4
16069,Streamer_15069,Arte,48740.0,8.8
11517,Streamer_10517,Esports,36519.0,5.9
11060,Streamer_10060,Gaming,30364.0,5.8
18730,Streamer_17730,Musica,11678.0,6.9
8832,Streamer_7832,Musica,8168.0,1.1
4470,Streamer_3470,Musica,30825.0,1.4
11787,Streamer_10787,Arte,5322.0,1.2
20835,Streamer_19835,Esports,21122.0,10.6
10520,Streamer_9520,Musica,43205.0,4.8
9373,Streamer_8373,Esports,34979.0,1.2
11878,Streamer_10878,Arte,1272.0,5.8
10482,Streamer_9482,Just Chatting,28231.0,3.7
1447,Streamer_447,Musica,43453.0,5.7
18021,Streamer_17021,Musica,21793.0,1.6
20569,Streamer_19569,Just Chatting,27770.0,9.2
11475,Streamer_10475,Esports,26396.0,2.3
17992,Streamer_16992,Arte,11359.0,2.4
7038,Streamer_6038,Musica,11080.0,2.6
13042,Streamer_12042,Arte,4055.0,9.9
3848,Streamer_2848,Esports,26493.0,8.6
11298,Streamer_10298,Gaming,34912.0,8.8
12596,Streamer_11596,Just Chatting,36037.0,2.5
17440,Streamer_16440,Musica,11897.0,10.8
14838,Streamer_13838,Arte,28448.0,10.9
5020,Streamer_4020,Gaming,47295.0,10.4
6294,Streamer_5294,Just Chatting,25120.0,10.8
7349,Streamer_6349,Just Chatting,5705.0,8.4
14714,Streamer_13714,Arte,33099.0,5.3
5167,Streamer_4167,Esports,3352.0,6.8
20465,Streamer_19465,Arte,45063.0,8.1
3672,Streamer_2672,Just Chatting,22214.0,7.1
8569,Streamer_7569,Arte,9262.0,6.3
5032,Streamer_4032,Gaming,6338.0,5.9
15661,Streamer_14661,Just Chatting,36093.0,4.0
11590,,Just Chatting,36500.0,6.0
3588,Streamer_2588,Arte,1352.0,11.5
11933,Streamer_10933,Just Chatting,16947.0,4.8
12092,,Just Chatting,45864.0,3.0
18377,Streamer_17377,Just Chatting,21283.0,9.4
4187,Streamer_3187,Gaming,27269.0,10.8
1114,Streamer_114,Just Chatting,9189.0,11.7
13028,Streamer_12028,Musica,35989.0,10.2
3554,Streamer_2554,Esports,1544.0,6.2
10690,Streamer_9690,Musica,34794.0,7.7
4831,Streamer_3831,Just Chatting,2329.0,11.0
20331,Streamer_19331,Musica,5889.0,11.2
5846,Streamer_4846,Arte,44700.0,7.2
17989,Streamer_16989,Gaming,33640.0,5.8
18246,Streamer_17246,Esports,10490.0,9.7
20243,Streamer_19243,Musica,1634.0,2.3
10366,Streamer_9366,Musica,20565.0,8.0
10538,Streamer_9538,Arte,34180.0,9.9
11666,Streamer_10666,Musica,1216.0,3.3
9068,Streamer_8068,Gaming,12076.0,1.6
13193,Streamer_12193,Just Chatting,16207.0,9.2
11225,Streamer_10225,Just Chatting,27213.0,1.9
20911,Streamer_19911,Just Chatting,24033.0,4.0
9377,Streamer_8377,Just Chatting,4190.0,8.5
7182,Streamer_6182,Esports,29860.0,1.6
19071,Streamer_18071,Esports,35519.0,6.8
17155,Streamer_16155,Arte,8653.0,7.7
15103,Streamer_14103,Musica,31965.0,6.3
17942,Streamer_16942,Just Chatting,15232.0,1.4
15074,Streamer_14074,Musica,9103.0,10.5
7958,Streamer_6958,Musica,396.0,4.0
20962,Streamer_19962,Gaming,28593.0,10.2
11237,Streamer_10237,Esports,7284.0,11.0
20004,Streamer_19004,Just Chatting,3028.0,10.0
5341,Streamer_4341,Arte,34875.0,2.4
1049,Streamer_49,Just Chatting,15253.0,4.5
4933,Streamer_3933,Musica,16825.0,11.1
13171,Streamer_12171,Just Chatting,14668.0,3.0
18689,Streamer_17689,Gaming,43922.0,1.4
9439,Streamer_8439,Gaming,24988.0,2.9
19562,Streamer_18562,Esports,7451.0,10.4
18449,Streamer_17449,Musica,3205.0,11.5
12924,Streamer_11924,Esports,45370.0,10.5
6179,Streamer_5179,Arte,29935.0,11.0
19530,Streamer_18530,Just Chatting,35277.0,6.3
18426,Streamer_17426,Arte,29289.0,1.8
15738,Streamer_14738,Musica,20388.0,11.1
17637,Streamer_16637,Esports,38053.0,9.4
19276,Streamer_18276,Musica,20051.0,9.2
9061,Streamer_8061,Arte,43393.0,2.1
1998,Streamer_998,Musica,44016.0,8.7
1663,Streamer_663,Gaming,46159.0,8.6
17485,Streamer_16485,Esports,3819.0,3.7
14320,Streamer_13320,Esports,1988.0,2.8
7824,Streamer_6824,Arte,9723.0,9.1
1937,Streamer_937,,21844.0,8.0
6237,Streamer_5237,Gaming,19920.0,8.3
13934,Streamer_12934,Musica,20924.0,9.4
16499,Streamer_15499,Gaming,41486.0,11.2
2259,Streamer_1259,Arte,20634.0,4.9
10876,Streamer_9876,Gaming,17259.0,7.5
8142,Streamer_7142,Esports,25901.0,2.9
11747,Streamer_10747,Arte,36728.0,6.3
1807,Streamer_807,Arte,11590.0,8.4
17777,Streamer_16777,Arte,44041.0,11.4
13731,Streamer_12731,Just Chatting,37564.0,10.8
18598,Streamer_17598,Gaming,34822.0,1.8
1209,Streamer_209,Arte,23468.0,10.0
16785,Streamer_15785,Esports,6552.0,7.9
11778,Streamer_10778,Arte,18225.0,1.6
3817,Streamer_2817,Gaming,500.0,7.1
2943,Streamer_1943,Esports,48899.0,7.8
4311,Streamer_3311,Esports,14157.0,11.8
10837,Streamer_9837,Just Chatting,3392.0,2.0
8605,Streamer_7605,Esports,4922.0,5.5
11316,Streamer_10316,Gaming,28315.0,1.2
19603,Streamer_18603,Just Chatting,,11.1
14188,Streamer_13188,Gaming,10584.0,11.8
15937,Streamer_14937,Gaming,39727.0,1.3
6650,Streamer_5650,Esports,18823.0,9.3
11653,Streamer_10653,Musica,32043.0,6.4
3881,Streamer_2881,Musica,39503.0,8.1
12123,Streamer_11123,Just Chatting,2984.0,5.5
20924,Streamer_19924,Esports,23710.0,2.9
8977,Streamer_7977,Esports,48980.0,9.4
9060,Streamer_8060,Just Chatting,21009.0,6.0
3153,Streamer_2153,Musica,17363.0,1.8
10681,Streamer_9681,Esports,17540.0,9.1
13993,Streamer_12993,Musica,3951.0,3.5
3639,Streamer_2639,Musica,37561.0,1.1
20466,Streamer_19466,Musica,9153.0,4.8
9327,Streamer_8327,Esports,13576.0,2.9
17055,Streamer_16055,Esports,2037.0,8.3
17688,Streamer_16688,Gaming,14691.0,8.7
5223,Streamer_4223,Gaming,48730.0,6.3
16401,Streamer_15401,Just Chatting,21780.0,4.1
2111,Streamer_1111,Musica,3158.0,7.7
14794,Streamer_13794,Esports,47265.0,1.4
10041,Streamer_9041,Gaming,43905.0,9.7
19072,Streamer_18072,Gaming,34796.0,3.1
17096,Streamer_16096,Arte,14420.0,10.0
13138,Streamer_12138,Arte,16689.0,6.6
9383,Streamer_8383,Musica,43888.0,3.7
18223,Streamer_17223,Just Chatting,17584.0,8.6
18744,Streamer_17744,Gaming,29171.0,8.0
19000,Streamer_18000,Just Chatting,2127.0,6.0
1845,Streamer_845,Gaming,30052.0,2.7
7127,Streamer_6127,Arte,20003.0,3.4
20422,Streamer_19422,Arte,5672.0,9.7
13957,Streamer_12957,Arte,16034.0,6.5
2743,Streamer_1743,Arte,47039.0,2.3
20824,Streamer_19824,Esports,36514.0,5.0
8214,Streamer_7214,Esports,48621.0,2.5
17751,Streamer_16751,Arte,2880.0,1.9
16156,Streamer_15156,Arte,7905.0,8.5
4257,Streamer_3257,Esports,15986.0,8.2
14018,Streamer_13018,Gaming,29390.0,11.1
7104,Streamer_6104,Musica,36440.0,9.0
19600,Streamer_18600,Just Chatting,41368.0,7.6
15158,Streamer_14158,Esports,22965.0,2.6
11374,Streamer_10374,Esports,30282.0,4.9
1994,Streamer_994,Arte,40745.0,7.5
4428,Streamer_3428,Esports,45659.0,9.2
17212,Streamer_16212,Just Chatting,25620.0,7.5
18468,Streamer_17468,Arte,21706.0,1.0
14616,Streamer_13616,Esports,45005.0,2.7
20288,Streamer_19288,Just Chatting,20581.0,10.8
13827,Streamer_12827,Arte,121.0,1.3
8083,Streamer_7083,Gaming,11432.0,3.6
19059,Streamer_18059,Just Chatting,21504.0,1.8
4770,Streamer_3770,Musica,12083.0,10.5
10761,Streamer_9761,Esports,28023.0,11.5
4589,Streamer_3589,Musica,23906.0,8.1
3888,Streamer_2888,Just Chatting,23469.0,7.2
17765,Streamer_16765,Gaming,8086.0,9.8
4192,Streamer_3192,Musica,45892.0,2.0
7642,Streamer_6642,Esports,13581.0,6.3
12203,Streamer_11203,Just Chatting,15101.0,6.8
1659,Streamer_659,Arte,42554.0,1.9
5420,Streamer_4420,Arte,19995.0,7.0
1990,Streamer_990,Esports,28367.0,9.2
4333,Streamer_3333,Arte,38913.0,1.3
8153,Streamer_7153,Just Chatting,26439.0,7.1
1713,Streamer_713,Arte,34938.0,4.7
1742,Streamer_742,Arte,20309.0,11.1
17642,Streamer_16642,Arte,25427.0,8.6
13711,Streamer_12711,Just Chatting,23970.0,10.1
1693,Streamer_693,Just Chatting,13277.0,6.8
3895,Streamer_2895,Just Chatting,43268.0,7.0
4684,Streamer_3684,Musica,34932.0,11.8
19006,Streamer_18006,Esports,45193.0,1.4
10905,Streamer_9905,Arte,10048.0,12.0
14944,Streamer_13944,Arte,45219.0,5.6
20731,Streamer_19731,Gaming,5036.0,10.8
1107,Streamer_107,Esports,8335.0,7.1
8585,Streamer_7585,Gaming,44635.0,5.9
2030,Streamer_1030,Gaming,32594.0,7.2
13254,Streamer_12254,Musica,11067.0,3.0
5275,Streamer_4275,Musica,24786.0,6.3
19147,Streamer_18147,Just Chatting,34906.0,1.0
10530,Streamer_9530,,24246.0,2.8
1939,Streamer_939,Just Chatting,32804.0,10.9
2003,Streamer_1003,Musica,49229.0,3.8
1127,Streamer_127,Esports,6051.0,2.6
15431,Streamer_14431,Esports,33265.0,3.6
18691,Streamer_17691,Gaming,28016.0,7.0
3902,Streamer_2902,Gaming,21876.0,4.9
2071,Streamer_1071,Just Chatting,24120.0,10.5
16879,Streamer_15879,Gaming,46477.0,11.7
6461,Streamer_5461,Just Chatting,21723.0,5.6
3264,Streamer_2264,Gaming,14139.0,7.3
19586,Streamer_18586,Musica,46505.0,8.4
9769,Streamer_8769,Musica,31372.0,1.7
4171,Streamer_3171,Arte,46420.0,11.1
19419,Streamer_18419,Gaming,5911.0,7.6
8925,Streamer_7925,Just Chatting,39961.0,8.1
16450,Streamer_15450,Arte,17439.0,5.6
15953,Streamer_14953,Gaming,11295.0,10.1
13341,Streamer_12341,Arte,5789.0,7.9
15096,Streamer_14096,Musica,21259.0,8.7
11332,Streamer_10332,Musica,6475.0,6.6
16289,Streamer_15289,Just Chatting,12497.0,4.8
9942,Streamer_8942,,15856.0,1.9
8787,Streamer_7787,Musica,37167.0,8.6
5502,Streamer_4502,Esports,47735.0,6.3
20884,Streamer_19884,Musica,6264.0,12.0
13518,Streamer_12518,Esports,49325.0,6.7
11498,Streamer_10498,Arte,20792.0,11.5
6557,Streamer_5557,Gaming,42152.0,3.2
9638,Streamer_8638,Musica,48073.0,5.4
17163,Streamer_16163,Just Chatting,41294.0,1.6
12707,Streamer_11707,Gaming,1047.0,8.0
4321,Streamer_3321,Arte,577.0,9.2
3091,Streamer_2091,Esports,47816.0,7.6
2508,Streamer_1508,Just Chatting,18794.0,10.0
17897,Streamer_16897,Esports,23512.0,9.1
18348,Streamer_17348,Esports,4397.0,8.2
6275,Streamer_5275,Just Chatting,19025.0,6.0
11473,Streamer_10473,Arte,20600.0,2.7
6705,Streamer_5705,Just Chatting,34114.0,11.4
5470,Streamer_4470,Just Chatting,9968.0,4.1
18271,Streamer_17271,Just Chatting,4841.0,10.5
19896,Streamer_18896,Esports,16777.0,3.9
18544,Streamer_17544,Just Chatting,45054.0,9.4
16545,Streamer_15545,Arte,31007.0,2.8
12510,Streamer_11510,Musica,14634.0,6.0
9066,Streamer_8066,Just Chatting,32020.0,3.2
10717,Streamer_9717,Just Chatting,32164.0,8.1
9944,Streamer_8944,Musica,46517.0,2.7
1731,Streamer_731,Gaming,12278.0,5.9
13293,Streamer_12293,Gaming,43784.0,3.4
6823,Streamer_5823,Arte,45112.0,1.2
11338,Streamer_10338,Gaming,6858.0,7.2
12727,Streamer_11727,Gaming,34251.0,5.2
1446,Streamer_446,Esports,13145.0,10.0
8873,Streamer_7873,Esports,42981.0,11.1
20188,Streamer_19188,Musica,27493.0,6.9
4508,Streamer_3508,Just Chatting,3496.0,10.3
15315,Streamer_14315,Arte,37604.0,11.6
14866,Streamer_13866,Arte,28214.0,11.7
8774,Streamer_7774,Gaming,32309.0,8.2
3896,Streamer_2896,Esports,11625.0,8.0
16280,Streamer_15280,Arte,37562.0,5.0
2207,Streamer_1207,Gaming,45509.0,4.7
16902,Streamer_15902,Arte,29475.0,7.0
1757,Streamer_757,Musica,22459.0,3.3
5565,Streamer_4565,Musica,44351.0,11.3
3638,Streamer_2638,Just Chatting,44063.0,7.2
8991,Streamer_7991,Musica,16164.0,1.3
16008,Streamer_15008,Gaming,38614.0,10.5
8454,Streamer_7454,Gaming,46342.0,1.1
1486,Streamer_486,Arte,8999.0,4.9
11767,Streamer_10767,Arte,9890.0,6.6
8750,Streamer_7750,Musica,11511.0,1.7
9281,Streamer_8281,,37083.0,11.7
9021,Streamer_8021,Musica,16227.0,1.0
4228,Streamer_3228,Musica,45665.0,6.1
19408,Streamer_18408,Gaming,32330.0,11.2
2751,Streamer_1751,Arte,22760.0,6.0
7719,Streamer_6719,Just Chatting,43673.0,4.0
13222,Streamer_12222,Just Chatting,33821.0,10.2
18169,Streamer_17169,Arte,37694.0,8.8
17004,Streamer_16004,Esports,1993.0,1.3
19081,Streamer_18081,Arte,21610.0,5.4
10961,Streamer_9961,Musica,2919.0,4.2
4592,Streamer_3592,Gaming,43183.0,1.6
8179,Streamer_7179,Just Chatting,29085.0,4.7
1652,Streamer_652,Just Chatting,27546.0,1.5
11919,Streamer_10919,Gaming,13903.0,5.9
12367,Streamer_11367,Esports,45517.0,2.2
17102,Streamer_16102,Esports,31487.0,7.7
3760,Streamer_2760,Esports,33209.0,2.9
1286,Streamer_286,Musica,2674.0,9.0
9966,Streamer_8966,Arte,18047.0,5.5
18965,Streamer_17965,Esports,27665.0,3.3
18583,Streamer_17583,Arte,49528.0,7.7
4702,Streamer_3702,Esports,14811.0,4.2
14481,Streamer_13481,Gaming,46238.0,3.8
17094,Streamer_16094,Gaming,12400.0,1.2
19427,Streamer_18427,Musica,13481.0,2.5
17180,Streamer_16180,Gaming,46128.0,3.5
10223,Streamer_9223,Gaming,22614.0,6.8
7413,Streamer_6413,Gaming,48334.0,6.6
14357,Streamer_13357,Esports,1190.0,7.5
9402,Streamer_8402,Just Chatting,41230.0,3.2
20741,Streamer_19741,Arte,11218.0,9.1
10513,Streamer_9513,Musica,35729.0,7.9
3807,Streamer_2807,Gaming,10518.0,2.0
1957,Streamer_957,Musica,9513.0,4.8
19227,Streamer_18227,Musica,3068.0,5.0
20294,Streamer_19294,Musica,49047.0,1.2
13705,Streamer_12705,Esports,15608.0,5.5
16747,Streamer_15747,Musica,49162.0,11.4
10800,Streamer_9800,Esports,20104.0,11.0
17227,Streamer_16227,Esports,23867.0,4.7
16306,Streamer_15306,Gaming,14100.0,4.8
4156,Streamer_3156,Gaming,9924.0,5.5
13076,Streamer_12076,Gaming,37570.0,1.0
8020,Streamer_7020,Just Chatting,22999.0,1.7
16716,Streamer_15716,Esports,44320.0,1.2
10147,Streamer_9147,Gaming,46330.0,5.9
9425,Streamer_8425,,20614.0,7.8
14065,Streamer_13065,Musica,46796.0,6.7
14856,Streamer_13856,Gaming,10954.0,11.2
5852,Streamer_4852,Esports,48437.0,11.8
6685,Streamer_5685,Musica,4642.0,7.2
7868,Streamer_6868,Musica,37905.0,3.1
2845,Streamer_1845,Just Chatting,48394.0,2.3
11548,Streamer_10548,Musica,1799.0,4.8
5548,Streamer_4548,Just Chatting,13305.0,1.0
11314,Streamer_10314,Gaming,859.0,10.5
7082,Streamer_6082,Esports,16040.0,4.7
12489,Streamer_11489,Gaming,23905.0,10.1
20512,Streamer_19512,Esports,10679.0,6.7
5746,Streamer_4746,Esports,32418.0,8.9
12901,Streamer_11901,Arte,27900.0,10.3
12271,Streamer_11271,Gaming,7269.0,3.5
20083,,Just Chatting,47002.0,11.2
5535,Streamer_4535,Just Chatting,26676.0,6.2
12742,Streamer_11742,,49080.0,9.8
5674,Streamer_4674,Musica,29332.0,9.4
16114,Streamer_15114,Musica,48168.0,8.9
6312,Streamer_5312,Arte,39428.0,8.4
5185,Streamer_4185,Esports,13110.0,11.7
18819,Streamer_17819,Musica,21219.0,11.8
8283,Streamer_7283,Just Chatting,,11.7
17448,Streamer_16448,,8054.0,11.8
14719,,Esports,25211.0,4.5
11660,Streamer_10660,Musica,42971.0,7.0
8218,Streamer_7218,Musica,11556.0,1.4
16446,Streamer_15446,Gaming,2035.0,10.3
15448,Streamer_14448,Musica,16539.0,3.9
4762,Streamer_3762,Esports,25077.0,1.2
17689,Streamer_16689,Musica,7899.0,10.8
8159,Streamer_7159,Musica,37447.0,11.3
20146,Streamer_19146,Esports,10672.0,4.0
17854,Streamer_16854,Arte,18898.0,9.4
10253,Streamer_9253,Arte,28593.0,1.3
7741,Streamer_6741,Just Chatting,20538.0,5.9
8982,Streamer_7982,Just Chatting,28093.0,2.9
15187,Streamer_14187,Arte,5593.0,2.1
6142,Streamer_5142,Arte,25281.0,5.4
15145,Streamer_14145,Arte,4232.0,1.2
6038,Streamer_5038,Gaming,18038.0,3.8
16387,Streamer_15387,Musica,42900.0,2.2
1590,Streamer_590,Esports,21477.0,3.2
4445,Streamer_3445,Musica,32292.0,6.8
16230,Streamer_15230,Esports,23278.0,8.3
14064,Streamer_13064,Gaming,42478.0,5.7
20458,Streamer_19458,Just Chatting,2595.0,8.3
4401,Streamer_3401,Arte,36939.0,1.3
12063,Streamer_11063,Just Chatting,18730.0,2.8
10413,Streamer_9413,Esports,43997.0,3.8
3784,Streamer_2784,Arte,45963.0,1.8
5260,Streamer_4260,Arte,20421.0,1.6
4771,Streamer_3771,Arte,27219.0,4.1
6808,Streamer_5808,Arte,538.0,8.5
18206,Streamer_17206,Arte,838.0,3.0
10999,Streamer_9999,Musica,3687.0,6.1
16471,Streamer_15471,Esports,11326.0,7.3
20232,Streamer_19232,Arte,20644.0,6.8
17457,Streamer_16457,Gaming,46970.0,4.5
9000,Streamer_8000,Esports,18981.0,11.7
13394,Streamer_12394,Gaming,22778.0,3.7
18564,Streamer_17564,Gaming,8045.0,1.8
19007,Streamer_18007,Musica,24551.0,3.0
14828,Streamer_13828,Gaming,22126.0,11.2
3127,Streamer_2127,Musica,22144.0,2.6
20750,Streamer_19750,Arte,49936.0,9.2
19189,Streamer_18189,Arte,47387.0,5.4
13374,Streamer_12374,Esports,7987.0,4.6
20477,Streamer_19477,Musica,49190.0,1.7
18862,Streamer_17862,Esports,15701.0,5.4
16084,Streamer_15084,Esports,45912.0,1.5
16573,Streamer_15573,Gaming,46396.0,4.8
15218,Streamer_14218,Esports,21313.0,1.9
7486,Streamer_6486,Arte,10600.0,7.7
17087,Streamer_16087,Musica,6291.0,1.8
5861,Streamer_4861,Gaming,47501.0,2.3
11616,Streamer_10616,Arte,7129.0,7.1
7972,Streamer_6972,Just Chatting,13764.0,6.1
2430,Streamer_1430,Just Chatting,8847.0,11.5
20517,Streamer_19517,Musica,40627.0,1.3
20737,Streamer_19737,Arte,13393.0,3.7
16420,Streamer_15420,Arte,11054.0,9.4
5508,Streamer_4508,Esports,45218.0,4.4
13051,Streamer_12051,Arte,46090.0,5.9
12396,Streamer_11396,Musica,48637.0,7.4
2460,Streamer_1460,Esports,5207.0,2.1
5331,Streamer_4331,Musica,8387.0,10.3
18522,Streamer_17522,Esports,43537.0,7.3
12903,Streamer_11903,Esports,49342.0,1.2
1028,Streamer_28,Arte,45630.0,5.2
3687,Streamer_2687,Musica,,5.4
9890,Streamer_8890,Just Chatting,12458.0,4.1
13906,Streamer_12906,Just Chatting,48672.0,7.4
3607,Streamer_2607,Musica,24918.0,6.9
15929,Streamer_14929,Musica,859.0,6.8
15355,Streamer_14355,Arte,48576.0,10.9
8005,Streamer_7005,Arte,35565.0,5.6
7802,Streamer_6802,Musica,2095.0,6.7
9190,Streamer_8190,Just Chatting,48639.0,5.5
10007,Streamer_9007,Musica,4571.0,1.8
14039,Streamer_13039,Gaming,27508.0,5.7
20069,Streamer_19069,Gaming,20102.0,11.1
18287,Streamer_17287,Arte,32903.0,10.7
5863,Streamer_4863,Musica,,11.7
6836,Streamer_5836,Musica,48184.0,7.5
5079,Streamer_4079,,11890.0,7.8
12269,Streamer_11269,Esports,26629.0,10.9
7054,Streamer_6054,Esports,33846.0,1.1
14284,Streamer_13284,Gaming,25152.0,7.4
16011,Streamer_15011,Gaming,46446.0,4.4
18269,Streamer_17269,Arte,41389.0,2.6
3444,Streamer_2444,Just Chatting,48336.0,11.4
5237,Streamer_4237,Musica,1200.0,3.9
6090,Streamer_5090,Musica,22319.0,9.8
14333,Streamer_13333,Musica,6600.0,11.2
20459,Streamer_19459,Musica,36828.0,10.8
17928,Streamer_16928,Gaming,13514.0,10.5
2270,Streamer_1270,Arte,6164.0,1.3
4301,Streamer_3301,Gaming,45300.0,9.3
18622,Streamer_17622,Arte,27072.0,2.5
18787,Streamer_17787,Gaming,21869.0,2.0
14872,Streamer_13872,Esports,36318.0,10.7
14624,Streamer_13624,Musica,33480.0,2.1
7336,Streamer_6336,Esports,19413.0,11.9
2837,Streamer_1837,Gaming,6277.0,2.9
10925,Streamer_9925,Musica,409.0,11.2
7346,Streamer_6346,Esports,49930.0,9.5
15506,Streamer_14506,Arte,14944.0,11.2
17015,Streamer_16015,Just Chatting,2022.0,11.2
20745,Streamer_19745,Arte,33046.0,11.7
9115,Streamer_8115,Esports,14245.0,1.0
1647,Streamer_647,Musica,23329.0,4.0
18631,Streamer_17631,Musica,49512.0,1.9
6163,Streamer_5163,Esports,41485.0,9.3
3251,Streamer_2251,Just Chatting,22825.0,6.3
14988,Streamer_13988,Esports,5263.0,9.6
11668,Streamer_10668,Arte,44139.0,11.9
10830,Streamer_9830,Esports,10081.0,10.6
17633,Streamer_16633,Just Chatting,7981.0,8.7
19149,Streamer_18149,Just Chatting,34347.0,1.9
17687,Streamer_16687,Arte,21712.0,2.2
17603,Streamer_16603,Arte,32716.0,10.1
17351,Streamer_16351,Just Chatting,16254.0,6.7
20252,Streamer_19252,Musica,21187.0,10.2
15003,Streamer_14003,Gaming,8534.0,10.0
16300,Streamer_15300,Esports,31224.0,9.4
12164,Streamer_11164,Arte,2646.0,2.5
7896,Streamer_6896,Arte,30372.0,4.5
11576,Streamer_10576,Gaming,24905.0,8.1
11755,Streamer_10755,Just Chatting,42097.0,10.3
3012,Streamer_2012,Arte,7882.0,2.4
18376,Streamer_17376,Arte,8455.0,2.4
2512,Streamer_1512,Just Chatting,28714.0,7.4
7643,Streamer_6643,Gaming,15498.0,2.4
9786,Streamer_8786,Gaming,,5.4
2529,Streamer_1529,Musica,17190.0,10.9
18548,Streamer_17548,Just Chatting,24604.0,1.6
5326,Streamer_4326,Just Chatting,24000.0,2.5
2568,Streamer_1568,Arte,25250.0,4.9
2371,Streamer_1371,Arte,12593.0,10.6
1988,Streamer_988,Gaming,11539.0,1.0
9924,Streamer_8924,Just Chatting,32613.0,11.4
9404,Streamer_8404,Just Chatting,39895.0,2.8
4671,Streamer_3671,Just Chatting,13613.0,11.5
12616,Streamer_11616,Esports,37596.0,8.6
8047,Streamer_7047,Gaming,27411.0,3.0
1333,Streamer_333,Esports,7603.0,7.5
9204,Streamer_8204,Gaming,9831.0,2.3
16634,Streamer_15634,Esports,39780.0,1.3
18847,Streamer_17847,Gaming,30826.0,8.9
14949,Streamer_13949,Esports,41867.0,11.1
7014,Streamer_6014,Esports,5657.0,2.1
11072,Streamer_10072,Musica,26600.0,1.5
8941,Streamer_7941,Gaming,43558.0,8.8
19164,Streamer_18164,Musica,3792.0,1.0
19321,Streamer_18321,Arte,42216.0,6.6
16762,Streamer_15762,Gaming,22306.0,4.5
5716,Streamer_4716,Esports,40359.0,8.9
9533,Streamer_8533,Musica,4247.0,6.6
20401,Streamer_19401,Arte,41035.0,1.4
4486,Streamer_3486,Musica,34767.0,1.4
17330,Streamer_16330,Esports,1587.0,10.3
1906,Streamer_906,Arte,19401.0,1.9
2141,Streamer_1141,Musica,30118.0,1.7
17493,Streamer_16493,Gaming,1419.0,9.5
5229,Streamer_4229,Musica,18948.0,7.6
7009,Streamer_6009,Esports,33030.0,6.7
19142,Streamer_18142,Gaming,32887.0,6.8
17718,Streamer_16718,Gaming,10456.0,7.8
12939,Streamer_11939,Esports,16642.0,5.7
14411,Streamer_13411,Just Chatting,36180.0,7.5
7066,Streamer_6066,Gaming,9370.0,2.5
1211,Streamer_211,Esports,17108.0,9.0
19669,Streamer_18669,Arte,3914.0,1.9
7091,Streamer_6091,Esports,42663.0,9.6
12529,Streamer_11529,,43651.0,4.7
5932,Streamer_4932,Arte,31911.0,10.9
6361,Streamer_5361,Esports,28655.0,9.0
6625,Streamer_5625,Arte,43744.0,6.8
10595,Streamer_9595,Musica,33979.0,2.1
18504,Streamer_17504,Gaming,20778.0,2.3
10529,Streamer_9529,Musica,21257.0,5.3
10727,Streamer_9727,Gaming,26851.0,9.4
10691,Streamer_9691,Gaming,25330.0,11.4
18331,Streamer_17331,Just Chatting,44675.0,9.6
2481,Streamer_1481,Gaming,14374.0,10.9
3399,Streamer_2399,Gaming,16257.0,10.5
13419,Streamer_12419,,4858.0,11.1
7805,Streamer_6805,Just Chatting,35247.0,3.4
1585,,Arte,15555.0,1.4
3022,Streamer_2022,Just Chatting,22073.0,10.9
6667,Streamer_5667,Musica,18018.0,5.7
3634,Streamer_2634,Gaming,47340.0,1.8
1852,Streamer_852,Just Chatting,13991.0,4.6
20655,Streamer_19655,Musica,15409.0,4.2
5310,Streamer_4310,Arte,14256.0,4.3
3560,Streamer_2560,Arte,46831.0,11.8
12177,Streamer_11177,Esports,3467.0,11.2
17104,Streamer_16104,Musica,12496.0,8.7
19595,Streamer_18595,Gaming,38694.0,10.3
5670,Streamer_4670,Gaming,34295.0,11.5
20439,Streamer_19439,Arte,37006.0,3.3
12836,Streamer_11836,Esports,43012.0,12.0
12245,Streamer_11245,Arte,34557.0,3.1
16589,Streamer_15589,Just Chatting,2496.0,11.0
8675,Streamer_7675,Esports,41428.0,5.0
13271,Streamer_12271,Musica,27098.0,5.4
13420,Streamer_12420,Just Chatting,38059.0,3.8
19508,Streamer_18508,Arte,43302.0,3.8
3873,Streamer_2873,Arte,45535.0,11.3
11585,Streamer_10585,Gaming,17927.0,1.1
14659,Streamer_13659,Musica,9642.0,6.5
5546,Streamer_4546,Gaming,27446.0,1.4
13822,Streamer_12822,Gaming,34119.0,6.0
7165,Streamer_6165,Gaming,16437.0,8.6
19826,Streamer_18826,Musica,23294.0,11.6
13060,Streamer_12060,Arte,,8.2
6928,Streamer_5928,Just Chatting,40012.0,5.7
12031,Streamer_11031,Just Chatting,6963.0,1.5
2195,Streamer_1195,Musica,20184.0,11.5
11148,Streamer_10148,Esports,14573.0,7.0
14040,Streamer_13040,Arte,3319.0,2.5
14554,Streamer_13554,Arte,42551.0,5.1
14807,Streamer_13807,Just Chatting,31096.0,5.4
20140,Streamer_19140,Esports,1760.0,9.5
19252,Streamer_18252,Just Chatting,20983.0,12.0
5325,Streamer_4325,Musica,47538.0,5.2
18810,Streamer_17810,Gaming,28510.0,8.8
8061,Streamer_7061,Just Chatting,19196.0,1.3
8658,Streamer_7658,Arte,11107.0,3.1
14535,Streamer_13535,Musica,8289.0,9.2
4093,Streamer_3093,Gaming,9235.0,1.2
11880,Streamer_10880,Just Chatting,40293.0,4.8
2898,Streamer_1898,Just Chatting,22972.0,11.0
16913,Streamer_15913,Musica,47634.0,7.7
1194,Streamer_194,Just Chatting,30427.0,11.8
14025,Streamer_13025,Esports,9812.0,3.6
19854,Streamer_18854,Gaming,48611.0,7.4
6399,Streamer_5399,Gaming,32039.0,11.5
9379,Streamer_8379,Gaming,49041.0,11.6
16215,Streamer_15215,Arte,40156.0,2.6
14182,Streamer_13182,Esports,2899.0,9.5
2153,Streamer_1153,Arte,32949.0,11.5
3908,Streamer_2908,Arte,32770.0,6.1
16262,Streamer_15262,Musica,47763.0,4.8
9159,Streamer_8159,Gaming,6979.0,11.5
12342,Streamer_11342,Just Chatting,8354.0,5.2
14712,Streamer_13712,Just Chatting,25664.0,7.7
17433,Streamer_16433,Gaming,8618.0,5.1
17057,Streamer_16057,Gaming,17409.0,8.4
1375,Streamer_375,Gaming,32964.0,2.0
9104,Streamer_8104,Esports,44736.0,6.1
6711,Streamer_5711,Musica,160.0,8.4
16175,Streamer_15175,Just Chatting,26945.0,2.0
9300,Streamer_8300,Just Chatting,40416.0,3.8
9721,Streamer_8721,Musica,15473.0,1.7
8801,Streamer_7801,Just Chatting,33582.0,1.5
10720,Streamer_9720,Arte,33392.0,8.8
17447,Streamer_16447,Esports,23260.0,4.6
19875,Streamer_18875,Gaming,6459.0,6.3
7704,Streamer_6704,Arte,4502.0,9.2
13439,Streamer_12439,Arte,3675.0,1.7
7546,Streamer_6546,Just Chatting,7181.0,3.3
16407,Streamer_15407,Gaming,40987.0,3.3
3025,Streamer_2025,Esports,4118.0,6.7
20759,Streamer_19759,Just Chatting,13339.0,3.9
8034,Streamer_7034,Gaming,7517.0,10.3
17270,Streamer_16270,Just Chatting,37406.0,7.0
19101,Streamer_18101,Just Chatting,27984.0,9.8
2593,Streamer_1593,Musica,48392.0,11.2
14728,Streamer_13728,Musica,33870.0,11.3
1660,Streamer_660,,12132.0,8.1
3031,Streamer_2031,Gaming,35240.0,11.5
13843,Streamer_12843,Gaming,43274.0,5.7
14564,Streamer_13564,Esports,4298.0,7.7
18613,Streamer_17613,Musica,41693.0,10.0
2201,Streamer_1201,Arte,20111.0,9.3
7328,Streamer_6328,,4395.0,11.6
17824,Streamer_16824,Esports,49773.0,1.8
12758,Streamer_11758,Musica,319.0,6.6
4072,Streamer_3072,Arte,49234.0,4.1
12207,Streamer_11207,Musica,6650.0,7.3
13840,Streamer_12840,Esports,5527.0,6.3
12233,Streamer_11233,Esports,16271.0,1.4
16686,Streamer_15686,Musica,42486.0,12.0
7500,Streamer_6500,Gaming,11295.0,11.8
4514,Streamer_3514,Just Chatting,30594.0,8.1
9986,Streamer_8986,Musica,12845.0,6.9
3827,Streamer_2827,Esports,11503.0,2.0
13207,Streamer_12207,Musica,6776.0,4.4
17779,Streamer_16779,Just Chatting,9425.0,11.4
5907,Streamer_4907,Musica,20880.0,10.3
18334,Streamer_17334,Esports,42090.0,11.3
20062,Streamer_19062,Esports,33550.0,8.0
15239,Streamer_14239,Esports,29407.0,10.6
15967,Streamer_14967,,31404.0,5.5
4209,Streamer_3209,Just Chatting,125.0,1.9
5947,Streamer_4947,Just Chatting,45480.0,3.3
20321,Streamer_19321,Just Chatting,28721.0,10.1
3602,Streamer_2602,Arte,38869.0,3.4
3353,Streamer_2353,Arte,31017.0,6.5
4743,Streamer_3743,Just Chatting,17773.0,8.7
8683,Streamer_7683,Esports,5053.0,3.2
2978,Streamer_1978,Musica,36947.0,7.0
4768,Streamer_3768,Esports,34050.0,4.7
13782,Streamer_12782,Just Chatting,7775.0,6.9
18364,Streamer_17364,Esports,8397.0,3.1
7921,Streamer_6921,Musica,25546.0,8.7
2711,Streamer_1711,Gaming,38627.0,5.9
5181,Streamer_4181,Just Chatting,48477.0,4.3
9305,Streamer_8305,Musica,17477.0,10.2
7837,Streamer_6837,Musica,14121.0,5.3
6558,Streamer_5558,Gaming,27782.0,10.8
10500,Streamer_9500,Esports,2577.0,4.9
18235,Streamer_17235,Musica,32978.0,10.8
17526,Streamer_16526,Arte,32433.0,6.3
9153,,Arte,42268.0,5.7
3278,Streamer_2278,Gaming,20013.0,2.2
15125,Streamer_14125,Gaming,13086.0,5.7
5061,Streamer_4061,Esports,20265.0,5.0
11014,Streamer_10014,Gaming,47079.0,3.6
14479,Streamer_13479,Esports,31914.0,8.9
9180,Streamer_8180,Esports,46750.0,11.9
1144,Streamer_144,Just Chatting,39672.0,1.1
13857,Streamer_12857,Arte,2019.0,4.8
18221,Streamer_17221,Musica,1407.0,11.2
16643,Streamer_15643,,77.0,5.1
11220,Streamer_10220,Just Chatting,14041.0,4.9
20055,Streamer_19055,Arte,12850.0,7.6
11511,Streamer_10511,Arte,46452.0,8.3
19494,Streamer_18494,Esports,14096.0,9.3
8184,Streamer_7184,Musica,18649.0,11.1
18731,Streamer_17731,Arte,15679.0,8.7
4078,Streamer_3078,Just Chatting,9304.0,2.1
13831,Streamer_12831,Gaming,44381.0,5.3
20274,Streamer_19274,Arte,21511.0,5.1
5779,Streamer_4779,Arte,45730.0,4.2
14982,Streamer_13982,Gaming,6370.0,4.2
15919,Streamer_14919,Arte,22994.0,1.8
2657,Streamer_1657,Gaming,28566.0,7.6
14101,Streamer_13101,Esports,20403.0,3.5
9117,Streamer_8117,Arte,42204.0,11.1
20616,Streamer_19616,Esports,29626.0,2.3
17776,Streamer_16776,Arte,34494.0,7.1
15042,Streamer_14042,Musica,2812.0,6.9
1419,Streamer_419,Arte,3661.0,9.8
12461,Streamer_11461,,29186.0,10.0
20501,Streamer_19501,Esports,45162.0,6.1
9004,Streamer_8004,Arte,42300.0,7.8
3053,Streamer_2053,Esports,25790.0,8.6
8908,Streamer_7908,Esports,27442.0,11.3
5013,Streamer_4013,Musica,23169.0,1.4
18435,Streamer_17435,Musica,24177.0,1.4
9027,Streamer_8027,Just Chatting,6300.0,4.4
17460,Streamer_16460,Esports,13782.0,8.9
10966,Streamer_9966,Arte,17539.0,6.7
17411,Streamer_16411,Esports,7856.0,11.0
4423,Streamer_3423,Esports,11276.0,5.0
2697,Streamer_1697,Gaming,35130.0,4.1
17646,Streamer_16646,Arte,21422.0,4.4
2906,Streamer_1906,Musica,36639.0,2.9
15674,Streamer_14674,Gaming,34645.0,1.6
4922,Streamer_3922,Just Chatting,7835.0,10.9
7473,Streamer_6473,Gaming,21979.0,6.1
13720,Streamer_12720,Gaming,45678.0,6.6
15894,Streamer_14894,Esports,22303.0,1.1
10294,Streamer_9294,Arte,41617.0,2.1
3000,Streamer_2000,Gaming,5485.0,9.6
12120,Streamer_11120,Just Chatting,17846.0,5.2
7246,Streamer_6246,Just Chatting,43505.0,11.9
11889,Streamer_10889,Gaming,45066.0,7.4
7601,Streamer_6601,Esports,12865.0,6.5
13984,Streamer_12984,Esports,40729.0,7.8
6985,Streamer_5985,Esports,48994.0,10.6
17789,Streamer_16789,Esports,8910.0,5.1
19033,Streamer_18033,Just Chatting,5003.0,1.8
1684,Streamer_684,Just Chatting,30608.0,3.6
19815,Streamer_18815,Arte,25411.0,6.6
4479,Streamer_3479,Esports,29731.0,9.1
19291,Streamer_18291,Just Chatting,41843.0,11.0
19502,Streamer_18502,Musica,6095.0,5.8
20385,Streamer_19385,Just Chatting,25725.0,5.8
17136,Streamer_16136,Arte,4349.0,2.9
10671,Streamer_9671,Gaming,,4.8
11752,Streamer_10752,Esports,48833.0,4.2
14808,Streamer_13808,Esports,5925.0,8.5
14995,Streamer_13995,Esports,3473.0,7.2
6922,Streamer_5922,Gaming,39304.0,9.4
9906,Streamer_8906,Esports,48234.0,3.1
5693,Streamer_4693,Musica,29241.0,7.5
9353,Streamer_8353,Musica,38577.0,8.6
4125,Streamer_3125,Just Chatting,40181.0,4.9
16195,Streamer_15195,Just Chatting,49084.0,1.6
14744,Streamer_13744,Gaming,31886.0,11.1
8233,Streamer_7233,Musica,20909.0,10.8
20454,Streamer_19454,Just Chatting,18122.0,6.7
14703,Streamer_13703,Gaming,20718.0,5.2
19879,Streamer_18879,Arte,42606.0,5.9
14913,Streamer_13913,Gaming,12194.0,6.1
18525,,Gaming,27141.0,9.1
6795,Streamer_5795,Just Chatting,10658.0,1.1
11630,Streamer_10630,Arte,42469.0,11.5
14997,Streamer_13997,Esports,22730.0,11.0
4368,Streamer_3368,Arte,13045.0,11.7
8495,Streamer_7495,Esports,39349.0,9.5
8703,Streamer_7703,Musica,19515.0,1.3
7348,Streamer_6348,Esports,16794.0,6.3
5891,Streamer_4891,Gaming,5719.0,7.6
14679,Streamer_13679,Just Chatting,2598.0,3.3
2073,Streamer_1073,Gaming,40930.0,6.2
2902,Streamer_1902,Musica,48015.0,7.8
8483,Streamer_7483,Esports,17901.0,3.8
9833,Streamer_8833,Just Chatting,7240.0,11.1
10577,Streamer_9577,Esports,46632.0,1.7
15121,Streamer_14121,Just Chatting,18279.0,2.3
20668,Streamer_19668,Musica,36289.0,1.6
15077,Streamer_14077,Musica,16773.0,4.9
7852,Streamer_6852,Arte,10154.0,2.0
14919,Streamer_13919,Musica,3657.0,9.4
4126,Streamer_3126,Just Chatting,6794.0,1.2
17936,Streamer_16936,Gaming,48528.0,1.3
15912,Streamer_14912,Just Chatting,13071.0,1.5
3533,Streamer_2533,Arte,33405.0,9.3
9666,Streamer_8666,Musica,9566.0,2.6
14288,Streamer_13288,Musica,36750.0,11.9
13025,Streamer_12025,Just Chatting,43127.0,4.6
16518,Streamer_15518,Esports,32512.0,5.2
11218,Streamer_10218,Gaming,31194.0,3.2
2747,Streamer_1747,Esports,33260.0,3.9
1087,,Musica,49740.0,12.0
20956,Streamer_19956,Just Chatting,480.0,1.1
19946,Streamer_18946,Musica,45166.0,3.4
9970,Streamer_8970,Musica,24580.0,2.4
8708,Streamer_7708,Just Chatting,1244.0,8.9
9755,Streamer_8755,Just Chatting,46948.0,11.5
12980,Streamer_11980,Gaming,,9.7
9416,Streamer_8416,Esports,47826.0,3.7
14309,Streamer_13309,Gaming,10736.0,5.5
7191,Streamer_6191,Gaming,21981.0,10.0
12484,Streamer_11484,Just Chatting,35814.0,9.1
1601,Streamer_601,Esports,1004.0,10.9
20133,Streamer_19133,Esports,24717.0,4.5
8736,Streamer_7736,Just Chatting,12293.0,2.5
5520,Streamer_4520,Musica,24096.0,3.8
17011,Streamer_16011,Just Chatting,11740.0,8.2
7245,Streamer_6245,Just Chatting,47466.0,3.5
2884,Streamer_1884,Musica,36063.0,10.8
6320,Streamer_5320,Gaming,17945.0,10.0
17394,Streamer_16394,Musica,22400.0,1.7
16563,Streamer_15563,Musica,35220.0,9.7
5477,Streamer_4477,Just Chatting,19231.0,8.4
13510,Streamer_12510,Musica,12293.0,5.0
4514,Streamer_3514,Just Chatting,30594.0,8.1
14823,Streamer_13823,Gaming,42893.0,10.0
4622,Streamer_3622,Esports,34231.0,8.6
5759,Streamer_4759,Esports,17459.0,3.2
3105,Streamer_2105,Just Chatting,2606.0,6.8
5168,Streamer_4168,Esports,46002.0,10.8
1240,Streamer_240,Musica,3868.0,7.0
5091,Streamer_4091,Just Chatting,5843.0,6.8
13839,Streamer_12839,Arte,5786.0,7.3
5800,Streamer_4800,Esports,32305.0,4.3
18081,Streamer_17081,Gaming,22716.0,6.8
3753,Streamer_2753,Gaming,20338.0,7.8
17617,Streamer_16617,Esports,30698.0,1.3
16839,Streamer_15839,,8167.0,5.6
11156,Streamer_10156,Gaming,39591.0,9.5
12426,Streamer_11426,Musica,933.0,10.5
11161,Streamer_10161,Musica,22609.0,4.6
18373,Streamer_17373,Esports,47270.0,2.5
12211,Streamer_11211,Gaming,46336.0,11.3
15367,Streamer_14367,Arte,447.0,4.8
20543,Streamer_19543,Arte,28575.0,8.9
8685,Streamer_7685,Arte,22742.0,10.8
18095,Streamer_17095,Just Chatting,16482.0,3.0
10299,Streamer_9299,Gaming,27759.0,2.1
18283,Streamer_17283,Gaming,29487.0,3.8
4232,Streamer_3232,Arte,20250.0,2.7
9480,Streamer_8480,Just Chatting,,2.7
8471,Streamer_7471,Musica,32283.0,8.2
14694,Streamer_13694,Esports,40111.0,4.1
20841,Streamer_19841,Musica,14891.0,6.5
1363,Streamer_363,Musica,41763.0,7.8
18736,Streamer_17736,Gaming,46251.0,5.6
18560,Streamer_17560,Esports,33173.0,3.2
4586,Streamer_3586,Gaming,,3.9
19175,Streamer_18175,Musica,42342.0,1.7
17894,Streamer_16894,Gaming,38110.0,10.0
13062,Streamer_12062,Just Chatting,40522.0,3.4
19044,Streamer_18044,Gaming,24899.0,8.0
3431,Streamer_2431,Gaming,23865.0,11.7
20195,Streamer_19195,Gaming,22994.0,10.3
4317,Streamer_3317,Musica,43348.0,8.7
12359,Streamer_11359,Esports,16879.0,11.0
13263,Streamer_12263,Gaming,36825.0,4.3
11196,Streamer_10196,Gaming,4412.0,7.5
10624,Streamer_9624,Gaming,46519.0,2.3
3266,Streamer_2266,Musica,31370.0,8.8
13627,Streamer_12627,Esports,10172.0,11.9
20708,Streamer_19708,Musica,5009.0,8.3
3309,Streamer_2309,Just Chatting,37078.0,4.9
10870,Streamer_9870,Musica,27715.0,1.3
15199,Streamer_14199,Gaming,344.0,10.2
12470,Streamer_11470,Gaming,42595.0,3.7
15752,Streamer_14752,Just Chatting,45862.0,4.3
11110,Streamer_10110,Just Chatting,44024.0,2.4
5366,Streamer_4366,Gaming,22443.0,6.2
8014,Streamer_7014,Arte,35718.0,11.3
15510,Streamer_14510,Arte,22327.0,2.3
9605,Streamer_8605,,32380.0,9.7
4441,Streamer_3441,Arte,35706.0,1.3
15617,Streamer_14617,Musica,10560.0,4.4
14904,Streamer_13904,Gaming,18649.0,6.4
2458,Streamer_1458,Esports,30678.0,9.4
12804,Streamer_11804,Esports,49309.0,8.8
15230,Streamer_14230,Esports,27668.0,4.7
3822,Streamer_2822,Esports,4898.0,8.6
15063,Streamer_14063,Arte,20664.0,11.8
18259,Streamer_17259,Gaming,13227.0,4.7
2405,Streamer_1405,Musica,14329.0,11.7
20999,Streamer_19999,Arte,40156.0,7.5
12175,Streamer_11175,,6529.0,4.7
10200,Streamer_9200,Gaming,45664.0,3.2
9671,Streamer_8671,Musica,7575.0,10.1
17750,Streamer_16750,Just Chatting,24957.0,6.7
20095,Streamer_19095,Gaming,19728.0,5.2
16687,Streamer_15687,Arte,1412.0,9.4
15415,Streamer_14415,Just Chatting,51.0,3.8
8775,Streamer_7775,Just Chatting,15603.0,3.9
1048,Streamer_48,Just Chatting,10533.0,4.6
16648,Streamer_15648,Musica,6452.0,10.3
9269,Streamer_8269,Esports,49108.0,10.0
3304,Streamer_2304,Arte,17020.0,11.9
12134,Streamer_11134,Gaming,38450.0,9.2
17654,Streamer_16654,Just Chatting,39605.0,7.9
18592,Streamer_17592,Arte,49588.0,7.5
20092,Streamer_19092,Just Chatting,45772.0,7.2
1963,Streamer_963,Musica,19550.0,8.0
16575,Streamer_15575,Gaming,31269.0,4.0
19720,Streamer_18720,,14228.0,11.9
15254,Streamer_14254,Musica,4792.0,2.8
15458,Streamer_14458,Musica,11827.0,7.5
9460,Streamer_8460,Musica,4094.0,7.3
13723,Streamer_12723,Musica,4588.0,6.5
4398,Streamer_3398,Gaming,42724.0,5.1
16855,Streamer_15855,Arte,33233.0,2.3
19558,Streamer_18558,Gaming,16619.0,10.8
14494,Streamer_13494,Arte,32552.0,6.3
6918,Streamer_5918,Arte,44760.0,4.5
11022,Streamer_10022,Just Chatting,997.0,9.9
20355,Streamer_19355,Esports,14918.0,6.5
6235,Streamer_5235,Just Chatting,26810.0,3.4
9497,Streamer_8497,Esports,1903.0,10.8
15549,Streamer_14549,Esports,26925.0,4.6
11522,Streamer_10522,Gaming,4941.0,11.6
13034,Streamer_12034,Gaming,47779.0,3.0
13902,Streamer_12902,Esports,7595.0,9.9
11041,Streamer_10041,Esports,2874.0,7.2
10063,Streamer_9063,Gaming,23380.0,4.7
17971,Streamer_16971,Just Chatting,48102.0,10.1
15933,Streamer_14933,Arte,19163.0,3.8
18226,Streamer_17226,Arte,48055.0,8.8
11760,Streamer_10760,Gaming,31635.0,7.2
20020,Streamer_19020,Musica,49461.0,11.5
18434,Streamer_17434,Musica,14681.0,9.1
18193,Streamer_17193,Just Chatting,36378.0,11.2
13468,Streamer_12468,Musica,27269.0,6.4
12729,Streamer_11729,Gaming,9042.0,4.6
8118,Streamer_7118,Gaming,32596.0,10.2
13871,Streamer_12871,Arte,25628.0,10.0
17657,Streamer_16657,Esports,28758.0,4.2
5672,Streamer_4672,,11800.0,2.8
8264,Streamer_7264,Arte,20415.0,3.3
1453,Streamer_453,Esports,37563.0,2.8
4404,Streamer_3404,Musica,48691.0,10.3
18931,Streamer_17931,Gaming,41822.0,9.3
12067,Streamer_11067,Esports,34363.0,3.0
17556,Streamer_16556,Arte,2917.0,7.1
18685,Streamer_17685,Esports,15022.0,9.6
9432,Streamer_8432,Gaming,4862.0,7.1
20767,Streamer_19767,Just Chatting,32185.0,7.1
19682,Streamer_18682,Gaming,4179.0,6.8
5159,Streamer_4159,Gaming,2186.0,4.2
1360,Streamer_360,Musica,14351.0,10.4
3574,Streamer_2574,Esports,27024.0,2.5
20245,Streamer_19245,Gaming,20063.0,1.7
15827,Streamer_14827,Esports,2882.0,11.3
6673,Streamer_5673,Just Chatting,38041.0,10.2
6203,Streamer_5203,Gaming,4866.0,8.3
13888,Streamer_12888,Arte,15598.0,3.6
7395,Streamer_6395,Gaming,29023.0,11.4
11542,Streamer_10542,Gaming,25770.0,1.9
7187,Streamer_6187,Arte,21198.0,2.4
20870,Streamer_19870,Just Chatting,32905.0,8.0
12932,Streamer_11932,Esports,48845.0,3.4
3846,Streamer_2846,Gaming,48514.0,5.3
1675,Streamer_675,Esports,39479.0,2.6
9972,Streamer_8972,Just Chatting,45439.0,4.7
7929,Streamer_6929,Arte,34626.0,2.2
9799,Streamer_8799,Just Chatting,,3.2
19757,Streamer_18757,Just Chatting,4923.0,1.4
16191,Streamer_15191,Gaming,32749.0,2.7
19612,Streamer_18612,Arte,22623.0,10.3
20602,Streamer_19602,Just Chatting,12486.0,3.2
12629,Streamer_11629,Esports,14098.0,7.0
19937,Streamer_18937,Musica,28534.0,6.8
8590,Streamer_7590,Esports,22921.0,8.0
18470,Streamer_17470,Just Chatting,48755.0,1.1
15588,Streamer_14588,Gaming,44638.0,5.4
4383,Streamer_3383,Esports,2730.0,10.4
11336,,Gaming,25691.0,9.5
13741,Streamer_12741,Gaming,29602.0,6.0
9613,Streamer_8613,Gaming,10049.0,11.9
3730,Streamer_2730,Arte,49029.0,3.2
16768,Streamer_15768,Gaming,15093.0,3.0
12195,Streamer_11195,Musica,29754.0,7.5
14690,Streamer_13690,Esports,7754.0,5.7
4004,Streamer_3004,Esports,42685.0,5.3
10354,Streamer_9354,Arte,19151.0,2.6
12914,Streamer_11914,Just Chatting,10615.0,6.3
4555,Streamer_3555,Arte,14949.0,1.6
12626,Streamer_11626,Esports,4069.0,2.5
18983,Streamer_17983,Gaming,41884.0,11.2
20098,Streamer_19098,Musica,11158.0,6.9
2594,Streamer_1594,Musica,24967.0,1.4
15888,Streamer_14888,Gaming,49878.0,2.3
8745,Streamer_7745,Gaming,14155.0,2.7
7120,Streamer_6120,Esports,18241.0,11.9
18993,Streamer_17993,Arte,17655.0,1.1
2464,Streamer_1464,Gaming,36710.0,8.6
16893,Streamer_15893,Arte,32343.0,11.0
7800,Streamer_6800,Gaming,3210.0,4.7
11996,Streamer_10996,Musica,35832.0,6.6
2662,Streamer_1662,Arte,34883.0,7.0
5555,Streamer_4555,Just Chatting,1758.0,6.7
18469,Streamer_17469,Esports,36661.0,9.8
20673,Streamer_19673,Just Chatting,28776.0,4.0
1346,Streamer_346,Esports,2207.0,7.7
4264,Streamer_3264,Musica,35001.0,6.9
9730,Streamer_8730,Musica,12684.0,7.8
9059,Streamer_8059,Esports,5537.0,10.2
9579,Streamer_8579,Just Chatting,5703.0,2.2
4300,Streamer_3300,Musica,24011.0,7.3
17794,Streamer_16794,Just Chatting,43060.0,6.9
10155,Streamer_9155,,4407.0,3.7
4551,Streamer_3551,Musica,49986.0,9.9
16251,Streamer_15251,Gaming,861.0,3.7
8577,Streamer_7577,Arte,9011.0,3.4
1989,Streamer_989,Arte,49496.0,10.4
12113,Streamer_11113,Musica,23808.0,1.3
3378,Streamer_2378,Musica,1879.0,7.2
3170,Streamer_2170,Gaming,29875.0,3.4
3874,Streamer_2874,Arte,32142.0,8.5
16759,Streamer_15759,Arte,1743.0,3.9
8766,Streamer_7766,Arte,26981.0,5.6
15260,Streamer_14260,Musica,18458.0,11.4
1214,Streamer_214,Gaming,38911.0,9.3
4320,Streamer_3320,Just Chatting,34041.0,1.6
9330,Streamer_8330,Musica,12299.0,4.3
4949,Streamer_3949,Arte,23761.0,9.5
17347,Streamer_16347,Arte,14314.0,1.1
5148,Streamer_4148,Musica,3663.0,4.0
14157,Streamer_13157,Musica,36417.0,6.2
7514,Streamer_6514,Gaming,27924.0,2.5
19391,Streamer_18391,Musica,6203.0,3.7
17307,Streamer_16307,Arte,2188.0,8.5
13416,Streamer_12416,Just Chatting,27917.0,4.8
15836,Streamer_14836,Gaming,8094.0,7.9
14491,Streamer_13491,Arte,,3.4
15883,Streamer_14883,Musica,13419.0,1.6
14353,Streamer_13353,Arte,10891.0,3.6
7784,Streamer_6784,Gaming,45501.0,4.5
11807,Streamer_10807,Gaming,44094.0,3.1
11763,Streamer_10763,Just Chatting,35421.0,1.5
10507,Streamer_9507,Musica,30471.0,10.9
12338,Streamer_11338,Just Chatting,40559.0,8.9
9938,Streamer_8938,Arte,30691.0,6.2
19414,Streamer_18414,Just Chatting,38470.0,11.1
9448,Streamer_8448,Just Chatting,35378.0,9.3
15999,Streamer_14999,Esports,28921.0,11.9
2855,Streamer_1855,Gaming,17045.0,8.6
10984,Streamer_9984,Musica,31825.0,4.1
12057,Streamer_11057,Musica,7116.0,8.2
14035,Streamer_13035,Musica,35429.0,9.0
20941,Streamer_19941,Just Chatting,14843.0,4.5
4462,Streamer_3462,Musica,38079.0,6.8
11345,Streamer_10345,Gaming,37327.0,8.8
11619,Streamer_10619,Musica,25439.0,11.4
16700,Streamer_15700,Esports,17407.0,5.9
1560,Streamer_560,Just Chatting,47782.0,10.0
5927,Streamer_4927,Gaming,45246.0,7.0
5327,Streamer_4327,Gaming,26369.0,2.9
7855,Streamer_6855,Gaming,24954.0,5.0
8498,Streamer_7498,Gaming,41714.0,1.4
11007,Streamer_10007,Just Chatting,914.0,6.6
18824,Streamer_17824,Just Chatting,29070.0,11.0
5781,Streamer_4781,Arte,2124.0,2.9
18496,Streamer_17496,Esports,7309.0,9.6
14595,Streamer_13595,Just Chatting,19507.0,6.2
13911,Streamer_12911,Musica,1903.0,1.4
5058,Streamer_4058,Just Chatting,17583.0,4.5
8778,Streamer_7778,Esports,23891.0,6.2
10055,Streamer_9055,Arte,28688.0,9.4
3546,Streamer_2546,Just Chatting,5961.0,2.7
20947,Streamer_19947,Esports,33012.0,3.7
11934,Streamer_10934,Just Chatting,35883.0,3.3
20591,Streamer_19591,Arte,10278.0,7.5
14372,Streamer_13372,Just Chatting,13885.0,1.1
7448,Streamer_6448,Just Chatting,655.0,5.2
9784,Streamer_8784,Arte,9080.0,6.8
5078,Streamer_4078,Gaming,25933.0,10.5
20027,Streamer_19027,Just Chatting,28553.0,11.0
7100,Streamer_6100,Musica,20397.0,5.2
13778,Streamer_12778,Arte,9390.0,3.3
8611,Streamer_7611,Gaming,15261.0,10.3
12638,Streamer_11638,Musica,40475.0,3.3
15828,Streamer_14828,Arte,44861.0,2.9
1006,Streamer_6,Esports,28502.0,2.4
4678,Streamer_3678,Arte,39393.0,6.6
13591,Streamer_12591,Gaming,34420.0,1.6
3927,Streamer_2927,Arte,41716.0,5.0
3911,Streamer_2911,,11580.0,3.1
9564,Streamer_8564,Esports,18447.0,3.0
4954,,Musica,39019.0,4.5
17066,Streamer_16066,Just Chatting,32653.0,7.5
5049,Streamer_4049,Just Chatting,12892.0,5.1
20623,Streamer_19623,Gaming,21030.0,11.1
1705,Streamer_705,Musica,35944.0,11.1
9542,Streamer_8542,Gaming,38283.0,9.0
1710,Streamer_710,Just Chatting,9743.0,1.2
15823,Streamer_14823,Musica,34652.0,7.9
16945,Streamer_15945,Esports,5510.0,10.0
10505,Streamer_9505,Arte,13224.0,7.6
20973,Streamer_19973,Arte,2151.0,3.1
6319,Streamer_5319,Arte,47434.0,5.8
4292,Streamer_3292,Gaming,15100.0,6.0
9847,Streamer_8847,Just Chatting,8406.0,5.7
2055,Streamer_1055,Just Chatting,32141.0,2.1
5501,Streamer_4501,Musica,2831.0,4.8
3117,Streamer_2117,Musica,34923.0,8.0
19063,Streamer_18063,Just Chatting,36246.0,2.9
15518,Streamer_14518,Gaming,37218.0,9.6
4062,Streamer_3062,Esports,12237.0,10.6
8646,Streamer_7646,,4753.0,9.5
5656,Streamer_4656,Esports,48667.0,2.3
8681,Streamer_7681,Just Chatting,33828.0,7.3
5413,Streamer_4413,Just Chatting,8938.0,9.3
11715,Streamer_10715,,4006.0,8.4
10754,Streamer_9754,Musica,33160.0,8.1
12922,Streamer_11922,Arte,37448.0,11.1
16276,Streamer_15276,Musica,15210.0,5.1
12747,Streamer_11747,Musica,48986.0,1.1
6049,Streamer_5049,Gaming,22873.0,5.5
11325,Streamer_10325,Just Chatting,48274.0,5.3
13649,Streamer_12649,Arte,44374.0,9.0
14708,Streamer_13708,Just Chatting,6616.0,4.4
9741,Streamer_8741,Musica,24372.0,4.6
15885,Streamer_14885,Esports,27416.0,2.6
13211,Streamer_12211,Musica,36058.0,9.1
5175,Streamer_4175,Gaming,29557.0,10.1
6207,Streamer_5207,Musica,45586.0,6.4
4431,Streamer_3431,Musica,,11.7
7678,Streamer_6678,Esports,18882.0,5.6
6820,Streamer_5820,Arte,47366.0,8.9
14208,Streamer_13208,Gaming,36836.0,10.9
12239,Streamer_11239,Esports,11272.0,8.4
4579,Streamer_3579,,49011.0,4.1
20836,Streamer_19836,Musica,48906.0,10.7
7081,Streamer_6081,Arte,19251.0,2.8
9674,Streamer_8674,Just Chatting,26014.0,5.2
14925,Streamer_13925,Just Chatting,2932.0,4.3
9292,Streamer_8292,Gaming,10352.0,11.0
4623,Streamer_3623,Musica,43934.0,6.7
17454,Streamer_16454,Musica,2208.0,5.8
9800,Streamer_8800,Musica,12572.0,10.8
7870,Streamer_6870,Esports,39889.0,11.7
14678,Streamer_13678,Gaming,1629.0,9.9
13589,Streamer_12589,Esports,12597.0,1.2
14578,Streamer_13578,Musica,46228.0,7.3
5342,Streamer_4342,Musica,37033.0,10.2
17028,Streamer_16028,Esports,47930.0,2.7
20320,Streamer_19320,Arte,18105.0,8.0
8960,Streamer_7960,Musica,21922.0,11.6
4070,Streamer_3070,Esports,47817.0,8.6
4089,Streamer_3089,Just Chatting,42748.0,7.2
13964,Streamer_12964,Musica,14551.0,7.7
12683,Streamer_11683,Gaming,34473.0,1.1
20957,Streamer_19957,Gaming,48286.0,10.4
11765,Streamer_10765,Esports,38303.0,3.0
20661,Streamer_19661,Gaming,3978.0,4.7
5958,Streamer_4958,Just Chatting,22965.0,1.2
19245,Streamer_18245,Esports,39236.0,1.4
14093,Streamer_13093,Just Chatting,42580.0,1.5
17727,Streamer_16727,Gaming,45073.0,10.0
16786,Streamer_15786,Arte,41445.0,3.7
16672,Streamer_15672,Just Chatting,11497.0,2.7
18869,Streamer_17869,Gaming,8083.0,9.8
10384,Streamer_9384,Gaming,26989.0,4.2
4813,Streamer_3813,Arte,7557.0,8.7
12717,Streamer_11717,Arte,17027.0,3.1
6926,Streamer_5926,Arte,22191.0,2.2
15604,Streamer_14604,Just Chatting,36254.0,8.7
17035,Streamer_16035,Esports,32057.0,5.3
3186,Streamer_2186,Arte,32926.0,2.6
2335,Streamer_1335,Esports,31525.0,10.3
5448,Streamer_4448,Just Chatting,36422.0,8.5
3780,Streamer_2780,Musica,46646.0,3.3
10383,Streamer_9383,Arte,8234.0,8.2
4993,Streamer_3993,Gaming,43910.0,4.7
13624,Streamer_12624,Esports,13530.0,9.2
12956,Streamer_11956,Gaming,20682.0,9.6
2923,Streamer_1923,Gaming,47968.0,6.9
13929,Streamer_12929,Arte,13015.0,9.7
13956,Streamer_12956,Esports,6535.0,5.2
12009,Streamer_11009,Esports,13990.0,3.5
7217,Streamer_6217,Musica,33387.0,11.0
5043,Streamer_4043,Arte,43609.0,5.6
19542,Streamer_18542,Just Chatting,47128.0,10.0
15994,Streamer_14994,Just Chatting,37908.0,9.4
12835,Streamer_11835,Arte,13117.0,7.7
5972,Streamer_4972,Arte,16157.0,4.8
7293,Streamer_6293,Esports,10101.0,11.3
1926,Streamer_926,Arte,40775.0,11.3
10693,Streamer_9693,Arte,41599.0,5.8
9527,Streamer_8527,Gaming,22262.0,2.7
16010,Streamer_15010,Musica,22610.0,6.6
6762,Streamer_5762,Gaming,8534.0,4.7
3622,Streamer_2622,Just Chatting,22866.0,4.7
5948,Streamer_4948,Musica,33331.0,1.8
4351,Streamer_3351,Just Chatting,47901.0,4.2
1971,Streamer_971,Just Chatting,42114.0,1.3
8961,Streamer_7961,Musica,41527.0,1.5
16912,Streamer_15912,Esports,8058.0,1.1
4106,Streamer_3106,Gaming,48307.0,10.9
16346,Streamer_15346,Arte,32537.0,4.0
18855,Streamer_17855,Arte,8806.0,5.4
3495,Streamer_2495,Just Chatting,26404.0,8.5
12811,Streamer_11811,Just Chatting,26803.0,2.1
12406,Streamer_11406,Esports,14450.0,10.4
20527,Streamer_19527,Esports,4803.0,10.8
4850,Streamer_3850,Esports,28758.0,5.5
7746,Streamer_6746,Gaming,26646.0,3.7
14592,Streamer_13592,Just Chatting,38828.0,6.7
7347,Streamer_6347,Esports,21758.0,9.8
8881,Streamer_7881,Gaming,19099.0,9.9
4281,Streamer_3281,Musica,36356.0,2.6
2975,Streamer_1975,Gaming,36380.0,3.7
20588,Streamer_19588,Gaming,10624.0,11.4
20482,Streamer_19482,Musica,40508.0,2.7
20050,Streamer_19050,Arte,33040.0,2.2
20113,Streamer_19113,Just Chatting,47853.0,7.2
5810,Streamer_4810,Esports,18669.0,9.7
16990,Streamer_15990,Musica,36848.0,7.9
11656,Streamer_10656,Gaming,28105.0,2.8
19041,Streamer_18041,Gaming,25147.0,4.9
9298,Streamer_8298,Esports,30093.0,10.5
12631,Streamer_11631,Esports,1692.0,11.0
16439,Streamer_15439,Gaming,34768.0,10.4
14550,Streamer_13550,Esports,43614.0,8.0
12407,Streamer_11407,Esports,2296.0,2.1
9850,Streamer_8850,Arte,9203.0,3.2
16857,Streamer_15857,Just Chatting,18387.0,10.7
13199,Streamer_12199,Arte,46514.0,1.4
12024,Streamer_11024,Just Chatting,11100.0,11.4
6742,Streamer_5742,Arte,48760.0,2.8
18533,Streamer_17533,Esports,25700.0,6.0
5719,Streamer_4719,Gaming,10677.0,2.4
17551,Streamer_16551,Gaming,20249.0,11.6
15730,Streamer_14730,Gaming,31241.0,2.6
15101,Streamer_14101,Arte,11963.0,4.4
8673,Streamer_7673,Esports,17869.0,1.8
3426,Streamer_2426,Arte,2084.0,4.9
5183,Streamer_4183,Gaming,13923.0,10.2
10669,Streamer_9669,,30592.0,10.4
2710,Streamer_1710,Gaming,30620.0,9.4
12664,Streamer_11664,Arte,26140.0,6.7
14148,Streamer_13148,Arte,48443.0,3.5
7809,Streamer_6809,Esports,13827.0,7.8
3054,Streamer_2054,Esports,1787.0,2.2
15472,Streamer_14472,Esports,2876.0,1.1
1332,Streamer_332,Esports,32714.0,11.1
5995,Streamer_4995,Esports,43100.0,6.5
14144,Streamer_13144,Gaming,1918.0,7.1
17167,Streamer_16167,Arte,14401.0,7.6
5156,Streamer_4156,Gaming,21926.0,11.9
16665,Streamer_15665,Esports,45638.0,11.9
12944,Streamer_11944,Musica,28516.0,5.9
15902,Streamer_14902,Musica,27393.0,11.5
18849,Streamer_17849,Esports,21243.0,5.0
4058,Streamer_3058,Just Chatting,7272.0,5.1
16809,Streamer_15809,Just Chatting,3328.0,9.3
8407,Streamer_7407,Just Chatting,34269.0,3.7
6716,Streamer_5716,Arte,12362.0,5.6
6963,Streamer_5963,Esports,3830.0,7.3
5950,Streamer_4950,Gaming,14009.0,9.8
1457,Streamer_457,Arte,22371.0,4.6
10959,Streamer_9959,Arte,36725.0,11.6
18743,Streamer_17743,Arte,25138.0,6.4
2842,Streamer_1842,Esports,35357.0,6.2
8016,Streamer_7016,Gaming,1974.0,6.8
12157,Streamer_11157,Arte,48807.0,4.8
18619,Streamer_17619,Musica,28397.0,3.7
6649,Streamer_5649,Esports,28180.0,1.1
2783,Streamer_1783,Arte,18806.0,6.1
17425,Streamer_16425,Arte,20181.0,10.5
2436,Streamer_1436,Musica,37784.0,2.8
2640,Streamer_1640,Gaming,34517.0,3.0
12950,Streamer_11950,Just Chatting,34148.0,7.9
8033,Streamer_7033,Arte,38986.0,5.9
3884,Streamer_2884,Just Chatting,40122.0,11.1
18865,Streamer_17865,Musica,23700.0,1.7
4934,Streamer_3934,Arte,26801.0,4.4
20169,Streamer_19169,Musica,2165.0,8.7
14529,Streamer_13529,Musica,5015.0,9.0
15021,Streamer_14021,Musica,45364.0,2.3
11646,Streamer_10646,Musica,15434.0,3.7
5936,Streamer_4936,Esports,9126.0,2.2
7954,Streamer_6954,Esports,43455.0,2.5
6852,Streamer_5852,Musica,41870.0,8.9
15993,Streamer_14993,Arte,5693.0,8.9
14410,Streamer_13410,Musica,20126.0,2.5
6394,Streamer_5394,Just Chatting,24178.0,3.3
3993,Streamer_2993,Musica,32612.0,7.1
10002,Streamer_9002,Esports,22901.0,5.8
13232,Streamer_12232,Gaming,23361.0,1.8
2826,Streamer_1826,Arte,8724.0,8.3
20607,Streamer_19607,Just Chatting,40145.0,10.9
7995,Streamer_6995,Musica,29610.0,5.7
18280,Streamer_17280,Esports,18754.0,7.8
14181,Streamer_13181,Musica,8310.0,2.3
6871,Streamer_5871,Arte,35700.0,10.8
18937,Streamer_17937,Musica,10790.0,6.1
6285,Streamer_5285,Arte,31273.0,10.6
9915,Streamer_8915,Arte,36161.0,10.9
8410,Streamer_7410,Esports,49046.0,6.4
19091,Streamer_18091,Gaming,10300.0,8.1
20067,Streamer_19067,Arte,35387.0,9.3
6678,Streamer_5678,Just Chatting,16632.0,2.9
9270,Streamer_8270,Musica,11152.0,1.1
1057,Streamer_57,Just Chatting,2934.0,2.2
7080,Streamer_6080,Arte,8107.0,5.5
4366,Streamer_3366,Gaming,803.0,5.1
1749,Streamer_749,Gaming,4919.0,1.8
9571,Streamer_8571,Arte,37884.0,7.0
19457,Streamer_18457,Just Chatting,43637.0,2.4
11861,Streamer_10861,Arte,44415.0,6.7
15372,Streamer_14372,Gaming,45625.0,2.3
8807,Streamer_7807,Esports,7365.0,2.4
2276,Streamer_1276,Gaming,35166.0,12.0
5633,Streamer_4633,Arte,38656.0,10.7
11862,Streamer_10862,Just Chatting,37190.0,10.3
3485,Streamer_2485,Gaming,24017.0,10.7
2994,Streamer_1994,Gaming,49409.0,9.4
1786,Streamer_786,Gaming,3599.0,11.8
10784,Streamer_9784,Just Chatting,9953.0,8.2
5233,Streamer_4233,Esports,3577.0,3.8
18258,Streamer_17258,Musica,10828.0,2.7
12303,Streamer_11303,Gaming,43371.0,11.7
18737,Streamer_17737,Gaming,23624.0,9.8
11400,Streamer_10400,Just Chatting,17700.0,7.8
1593,Streamer_593,Arte,4674.0,3.6
18104,Streamer_17104,Just Chatting,29075.0,5.3
17527,Streamer_16527,Just Chatting,4159.0,8.1
14347,Streamer_13347,Just Chatting,32073.0,4.7
12261,Streamer_11261,Arte,11568.0,8.6
9019,Streamer_8019,Just Chatting,33457.0,11.7
6258,Streamer_5258,Just Chatting,42763.0,11.2
15940,Streamer_14940,Gaming,4504.0,3.9
5579,Streamer_4579,Gaming,19959.0,5.7
2750,Streamer_1750,Just Chatting,44405.0,2.3
3210,Streamer_2210,Gaming,2634.0,2.2
9110,Streamer_8110,Esports,45296.0,11.8
15673,Streamer_14673,,9865.0,3.3
3090,Streamer_2090,Musica,12645.0,4.5
7406,Streamer_6406,Arte,25090.0,1.0
10851,Streamer_9851,Musica,48498.0,9.0
6672,Streamer_5672,Arte,28083.0,8.0
20928,Streamer_19928,Esports,44497.0,4.2
18001,Streamer_17001,Arte,47360.0,5.8
8256,Streamer_7256,Musica,32994.0,11.3
4729,Streamer_3729,Arte,27688.0,7.8
2455,Streamer_1455,Musica,29246.0,1.9
11054,Streamer_10054,Gaming,34502.0,7.8
19353,Streamer_18353,Gaming,24685.0,4.0
19619,Streamer_18619,Musica,39183.0,3.6
4569,Streamer_3569,Arte,39772.0,1.2
7857,Streamer_6857,Just Chatting,43456.0,7.3
11420,Streamer_10420,,7615.0,4.6
7795,Streamer_6795,Just Chatting,9879.0,4.8
2149,Streamer_1149,Arte,47765.0,10.5
2715,Streamer_1715,Arte,49729.0,5.1
15896,Streamer_14896,,15876.0,11.8
4584,Streamer_3584,Arte,42700.0,7.4
13765,Streamer_12765,Esports,47472.0,8.9
17049,Streamer_16049,Just Chatting,9595.0,9.0
4245,Streamer_3245,Musica,39420.0,4.1
16880,Streamer_15880,Arte,46149.0,6.4
6240,Streamer_5240,Arte,2332.0,6.6
13237,Streamer_12237,Musica,40280.0,8.2
6492,Streamer_5492,Esports,17363.0,5.3
1639,Streamer_639,Esports,41647.0,6.6
19146,Streamer_18146,Gaming,31013.0,11.5
12236,Streamer_11236,Musica,24253.0,7.3
10934,Streamer_9934,Just Chatting,28791.0,1.1
19043,Streamer_18043,Musica,857.0,10.7
20270,Streamer_19270,Musica,25460.0,2.1
2329,Streamer_1329,Arte,3520.0,11.7
2899,Streamer_1899,Esports,25186.0,6.9
13826,Streamer_12826,Just Chatting,26332.0,6.3
11730,Streamer_10730,Esports,6515.0,8.0
2288,Streamer_1288,Arte,21170.0,5.3
1628,Streamer_628,Arte,17504.0,5.0
11273,Streamer_10273,Esports,39024.0,2.4
3150,Streamer_2150,Gaming,45897.0,11.7
2049,Streamer_1049,Just Chatting,38192.0,2.2
20549,Streamer_19549,Musica,44287.0,7.8
14415,Streamer_13415,Musica,36965.0,11.3
4567,Streamer_3567,Arte,3799.0,10.5
15759,Streamer_14759,Arte,3509.0,7.6
3511,Streamer_2511,Just Chatting,45961.0,7.2
6196,Streamer_5196,Just Chatting,26341.0,5.5
16586,Streamer_15586,,35260.0,1.6
12485,Streamer_11485,Esports,45268.0,10.7
6307,Streamer_5307,Arte,28111.0,2.3
20300,Streamer_19300,Musica,7808.0,2.6
3106,Streamer_2106,Esports,42053.0,6.0
16441,Streamer_15441,Arte,18940.0,9.4
1948,Streamer_948,Gaming,5427.0,8.6
1207,Streamer_207,Gaming,17491.0,1.6
17676,Streamer_16676,Musica,47659.0,7.1
9811,Streamer_8811,Just Chatting,21130.0,2.8
9614,Streamer_8614,Musica,287.0,5.0
9103,Streamer_8103,Musica,18907.0,10.4
8040,Streamer_7040,Esports,7462.0,11.7
17611,Streamer_16611,Musica,3569.0,6.8
4394,Streamer_3394,Arte,37021.0,7.3
9787,Streamer_8787,Gaming,24907.0,1.7
17152,Streamer_16152,Arte,46615.0,6.2
2488,Streamer_1488,Esports,1435.0,4.2
5870,Streamer_4870,Just Chatting,34123.0,2.9
20892,Streamer_19892,Musica,48909.0,11.7
8070,Streamer_7070,Just Chatting,43676.0,3.8
18478,Streamer_17478,Just Chatting,16959.0,6.3
11887,Streamer_10887,Esports,23753.0,10.4
15762,Streamer_14762,Musica,7643.0,6.2
20640,Streamer_19640,Musica,41320.0,6.8
17234,Streamer_16234,Musica,30529.0,4.7
13761,Streamer_12761,Arte,22376.0,10.1
17451,Streamer_16451,Esports,8466.0,5.8
18696,Streamer_17696,Musica,41841.0,4.7
4681,Streamer_3681,Musica,13606.0,7.4
18165,Streamer_17165,Just Chatting,46729.0,4.3
18928,Streamer_17928,Esports,17595.0,11.6
13457,Streamer_12457,Just Chatting,823.0,2.9
19630,Streamer_18630,Musica,,9.5
11488,Streamer_10488,Arte,33498.0,2.1
5274,Streamer_4274,Musica,27537.0,6.5
11063,Streamer_10063,Musica,40641.0,9.8
12191,Streamer_11191,Just Chatting,2491.0,1.5
7751,Streamer_6751,Gaming,26270.0,1.8
14233,Streamer_13233,Arte,39248.0,8.0
6859,Streamer_5859,Esports,292.0,2.1
3541,Streamer_2541,Arte,4458.0,5.2
15803,Streamer_14803,Esports,49363.0,1.8
1001,Streamer_1,Musica,9372.0,3.9
3005,Streamer_2005,Musica,27249.0,3.7
17141,Streamer_16141,Musica,6496.0,7.3
15469,Streamer_14469,Esports,35047.0,1.5
9983,Streamer_8983,Gaming,782.0,5.3
6321,Streamer_5321,Esports,3542.0,1.4
6202,Streamer_5202,Gaming,41948.0,5.9
7720,Streamer_6720,Arte,47095.0,4.3
3506,Streamer_2506,Gaming,11170.0,4.0
10306,Streamer_9306,Arte,5899.0,3.8
12583,Streamer_11583,Gaming,40600.0,5.1
1683,Streamer_683,Gaming,1650.0,6.2
1349,Streamer_349,Just Chatting,44778.0,11.4
13333,Streamer_12333,Esports,19122.0,5.3
7740,Streamer_6740,Gaming,18059.0,5.0
13875,Streamer_12875,Esports,42410.0,9.2
18780,Streamer_17780,Arte,5605.0,3.1
11943,Streamer_10943,Musica,18026.0,8.2
13512,Streamer_12512,Just Chatting,22214.0,2.3
2703,Streamer_1703,Just Chatting,26935.0,11.9
18957,Streamer_17957,Gaming,42119.0,2.2
6821,Streamer_5821,Gaming,31880.0,9.7
3390,Streamer_2390,Just Chatting,34627.0,5.4
11963,Streamer_10963,Gaming,25311.0,9.6
18351,Streamer_17351,Arte,6585.0,5.6
9260,Streamer_8260,Arte,4675.0,10.7
14158,Streamer_13158,Just Chatting,13524.0,1.5
10219,Streamer_9219,Esports,37410.0,11.2
1676,Streamer_676,Just Chatting,42387.0,5.4
9599,Streamer_8599,Esports,39501.0,4.3
17993,Streamer_16993,Gaming,30552.0,3.0
8418,Streamer_7418,,2398.0,3.2
2485,Streamer_1485,Arte,17933.0,4.1
14783,Streamer_13783,Gaming,41583.0,10.3
19710,Streamer_18710,Just Chatting,33970.0,8.3
1182,Streamer_182,Esports,7642.0,4.2
2392,Streamer_1392,Arte,20945.0,9.4
10480,Streamer_9480,Just Chatting,16125.0,10.8
7579,Streamer_6579,Arte,24565.0,10.6
16428,Streamer_15428,Gaming,9148.0,4.5
5129,Streamer_4129,Esports,32692.0,4.6
15295,Streamer_14295,Esports,14533.0,2.6
16414,Streamer_15414,Esports,22044.0,7.4
6113,Streamer_5113,Just Chatting,2994.0,10.1
12224,Streamer_11224,Just Chatting,38676.0,3.1
6330,Streamer_5330,Gaming,22067.0,7.3
11913,Streamer_10913,Esports,21923.0,11.9
2198,Streamer_1198,Gaming,43527.0,3.0
1644,Streamer_644,Gaming,40579.0,1.6
11710,Streamer_10710,Gaming,42372.0,2.5
11460,Streamer_10460,Gaming,36211.0,1.6
1847,Streamer_847,Musica,18284.0,5.9
8161,Streamer_7161,Esports,17471.0,10.2
9015,Streamer_8015,Esports,34770.0,5.5
4986,Streamer_3986,Esports,13224.0,2.7
15795,Streamer_14795,Musica,24129.0,1.3
19267,Streamer_18267,Gaming,11060.0,10.8
18265,Streamer_17265,Just Chatting,14652.0,4.4
4804,Streamer_3804,Just Chatting,32690.0,1.7
16356,Streamer_15356,Musica,10728.0,9.3
2937,Streamer_1937,Esports,1472.0,10.6
2739,Streamer_1739,Esports,49027.0,1.3
5552,Streamer_4552,Gaming,,5.4
13949,Streamer_12949,Gaming,10078.0,2.2
6501,Streamer_5501,Arte,21579.0,8.3
8651,Streamer_7651,Just Chatting,43788.0,8.0
17056,Streamer_16056,Musica,45524.0,7.9
1138,Streamer_138,Arte,33402.0,5.4
14418,Streamer_13418,Gaming,21137.0,7.4
18843,Streamer_17843,Musica,22994.0,10.1
18346,Streamer_17346,Just Chatting,40498.0,9.2
2538,Streamer_1538,Musica,24874.0,10.4
12734,Streamer_11734,Gaming,19971.0,2.0
20967,Streamer_19967,Gaming,8389.0,11.7
19336,Streamer_18336,Just Chatting,40744.0,9.9
2104,Streamer_1104,,17084.0,6.8
9324,Streamer_8324,Arte,34316.0,11.3
6161,Streamer_5161,Just Chatting,39111.0,2.7
6309,Streamer_5309,Gaming,10373.0,3.4
7146,Streamer_6146,Esports,31290.0,8.3
11392,Streamer_10392,Just Chatting,8001.0,2.2
19203,Streamer_18203,Esports,8471.0,7.5
16318,Streamer_15318,Gaming,19387.0,5.1
4251,Streamer_3251,Gaming,5442.0,2.8
20014,Streamer_19014,Just Chatting,39259.0,1.1
9123,Streamer_8123,Esports,24947.0,10.0
8067,Streamer_7067,Esports,12820.0,6.8
2610,Streamer_1610,Just Chatting,41049.0,4.2
12244,Streamer_11244,Gaming,23618.0,11.7
2176,Streamer_1176,Gaming,44126.0,10.5
1855,Streamer_855,Just Chatting,12219.0,5.1
18506,Streamer_17506,Arte,29639.0,11.6
9608,Streamer_8608,Esports,12283.0,5.8
12129,Streamer_11129,Esports,21614.0,1.9
12900,Streamer_11900,Musica,29374.0,10.4
18590,Streamer_17590,Gaming,14869.0,6.0
16587,Streamer_15587,Gaming,2954.0,5.1
17881,Streamer_16881,Just Chatting,2736.0,3.2
12757,Streamer_11757,Musica,47587.0,7.4
8025,Streamer_7025,Gaming,46550.0,3.0
17300,Streamer_16300,Just Chatting,46047.0,7.2
7981,Streamer_6981,Musica,43950.0,11.1
15804,Streamer_14804,Esports,43794.0,3.1
5670,Streamer_4670,Gaming,,11.5
2944,Streamer_1944,Gaming,39963.0,10.9
19412,Streamer_18412,Arte,4773.0,5.4
11769,Streamer_10769,Gaming,19065.0,9.4
16151,Streamer_15151,Arte,41099.0,3.0
9009,Streamer_8009,Musica,11058.0,7.2
12880,Streamer_11880,Gaming,41509.0,6.2
17417,Streamer_16417,Gaming,22551.0,3.4
17252,Streamer_16252,Esports,12599.0,4.3
16059,Streamer_15059,Arte,28765.0,5.2
16957,Streamer_15957,Esports,16572.0,1.6
7169,Streamer_6169,Musica,33964.0,4.1
5254,Streamer_4254,Gaming,37880.0,6.3
7226,Streamer_6226,Just Chatting,4346.0,8.8
18738,Streamer_17738,Musica,15693.0,8.2
7891,Streamer_6891,,43717.0,8.3
18314,Streamer_17314,Gaming,10797.0,5.5
2585,Streamer_1585,Arte,21300.0,2.3
14299,Streamer_13299,Musica,4362.0,6.6
20704,Streamer_19704,Musica,14665.0,7.9
11377,Streamer_10377,Esports,12554.0,11.5
19199,Streamer_18199,Just Chatting,2681.0,6.3
2732,Streamer_1732,Just Chatting,10799.0,1.3
5786,Streamer_4786,Gaming,,9.9
3419,Streamer_2419,Just Chatting,31962.0,9.2
20816,Streamer_19816,Musica,33499.0,7.1
4976,Streamer_3976,Arte,48993.0,8.5
15770,Streamer_14770,Esports,37142.0,1.4
1592,Streamer_592,Musica,15326.0,6.1
18618,Streamer_17618,Musica,37909.0,10.3
19009,Streamer_18009,Gaming,23663.0,7.6
15757,Streamer_14757,Gaming,,7.7
6433,Streamer_5433,Esports,43869.0,2.8
13306,Streamer_12306,Esports,13808.0,1.8
19722,Streamer_18722,Arte,4997.0,2.1
13633,Streamer_12633,Arte,15277.0,8.3
10668,Streamer_9668,Gaming,26073.0,10.3
17008,Streamer_16008,Musica,12338.0,5.0
17946,Streamer_16946,Just Chatting,47136.0,11.7
2835,Streamer_1835,Musica,26397.0,4.0
17284,Streamer_16284,Just Chatting,14278.0,8.8
17017,Streamer_16017,Just Chatting,10880.0,8.4
14222,Streamer_13222,Gaming,40920.0,10.2
18604,Streamer_17604,Just Chatting,13323.0,7.4
13391,Streamer_12391,Arte,33520.0,4.5
3201,Streamer_2201,Gaming,25271.0,10.0
12952,Streamer_11952,Arte,553.0,7.1
7432,Streamer_6432,Esports,4015.0,4.9
9535,,Esports,,7.2
7214,Streamer_6214,Gaming,47786.0,10.4
19439,Streamer_18439,Just Chatting,16788.0,6.6
20158,Streamer_19158,Musica,20568.0,1.4
9950,Streamer_8950,Esports,8277.0,3.2
4677,Streamer_3677,Gaming,9532.0,8.7
6901,Streamer_5901,Gaming,5300.0,3.0
16697,Streamer_15697,Esports,8614.0,7.2
1034,Streamer_34,Musica,25384.0,10.2
10069,Streamer_9069,Esports,40201.0,8.0
18180,Streamer_17180,Gaming,4701.0,8.7
19616,Streamer_18616,Gaming,21133.0,11.6
6279,Streamer_5279,Just Chatting,3344.0,9.3
3188,Streamer_2188,Gaming,36887.0,11.7
19282,Streamer_18282,Musica,11455.0,3.8
13552,Streamer_12552,Musica,24713.0,4.7
13002,Streamer_12002,Esports,48444.0,5.7
6365,Streamer_5365,Arte,8961.0,9.3
10719,Streamer_9719,Esports,2756.0,7.1
13721,Streamer_12721,Arte,30755.0,1.0
20513,Streamer_19513,Just Chatting,23810.0,3.9
19035,Streamer_18035,Arte,11799.0,11.9
4995,Streamer_3995,Arte,41078.0,6.7
16605,Streamer_15605,Esports,44499.0,3.9
8174,Streamer_7174,Esports,39390.0,11.4
19416,Streamer_18416,Gaming,,2.5
14211,Streamer_13211,Esports,47579.0,4.3
2449,Streamer_1449,Arte,10981.0,1.1
2169,Streamer_1169,Esports,191.0,2.1
3862,Streamer_2862,Arte,35721.0,2.5
19897,Streamer_18897,Musica,25032.0,10.8
20551,Streamer_19551,Arte,33157.0,2.0
13397,Streamer_12397,Esports,10918.0,10.0
16730,Streamer_15730,Esports,33213.0,9.7
2562,Streamer_1562,Just Chatting,28376.0,7.4
2749,Streamer_1749,Just Chatting,37646.0,8.2
14741,Streamer_13741,Esports,11254.0,5.3
13810,Streamer_12810,Just Chatting,35460.0,9.0
3112,Streamer_2112,Just Chatting,34896.0,10.2
17963,Streamer_16963,Arte,11422.0,1.4
13739,Streamer_12739,Gaming,49106.0,10.8
14864,Streamer_13864,Just Chatting,24037.0,1.8
6844,Streamer_5844,Gaming,33570.0,5.4
2307,Streamer_1307,Musica,4695.0,6.3
13730,Streamer_12730,Esports,1309.0,8.2
18528,Streamer_17528,Just Chatting,30986.0,8.8
12744,Streamer_11744,Gaming,14228.0,9.8
14537,Streamer_13537,Esports,38445.0,9.4
7996,Streamer_6996,Esports,21809.0,1.4
4627,Streamer_3627,Arte,2724.0,3.2
19959,Streamer_18959,Gaming,3955.0,5.2
8220,Streamer_7220,Just Chatting,19130.0,5.1
17619,Streamer_16619,Musica,24749.0,3.9
14935,Streamer_13935,Arte,24829.0,9.2
20929,Streamer_19929,Musica,35517.0,2.0
8723,Streamer_7723,Esports,43839.0,10.6
3766,Streamer_2766,Gaming,25684.0,2.2
15594,Streamer_14594,Musica,38259.0,7.0
5457,Streamer_4457,Arte,37219.0,1.9
18264,Streamer_17264,Just Chatting,44080.0,9.6
20711,Streamer_19711,Musica,17652.0,5.7
7712,,Arte,38508.0,2.4
2563,Streamer_1563,Gaming,40094.0,8.8
2681,Streamer_1681,Arte,45125.0,6.5
13243,Streamer_12243,Esports,38210.0,5.5
5430,Streamer_4430,Arte,14901.0,11.0
18764,Streamer_17764,Just Chatting,41421.0,7.8
20100,Streamer_19100,Gaming,41179.0,8.6
9916,Streamer_8916,Gaming,17640.0,7.0
7288,Streamer_6288,Esports,34956.0,11.5
1059,Streamer_59,Just Chatting,42739.0,1.5
5627,Streamer_4627,Gaming,25453.0,10.0
18932,Streamer_17932,Gaming,41067.0,1.2
20746,Streamer_19746,Arte,22178.0,9.1
1065,Streamer_65,Esports,48657.0,9.8
11010,Streamer_10010,Gaming,37321.0,4.9
10666,Streamer_9666,Gaming,49899.0,2.6
3567,Streamer_2567,Musica,16495.0,10.3
2395,Streamer_1395,Arte,12361.0,10.1
20364,Streamer_19364,Esports,21730.0,9.7
19465,Streamer_18465,Gaming,36645.0,8.3
12908,Streamer_11908,Arte,43379.0,6.2
1147,Streamer_147,Esports,7626.0,1.9
9885,Streamer_8885,Arte,37754.0,4.9
8151,Streamer_7151,Arte,34531.0,6.1
8748,Streamer_7748,Gaming,36383.0,3.4
1542,Streamer_542,Musica,2272.0,10.7
2760,Streamer_1760,Just Chatting,17802.0,7.6
6181,Streamer_5181,Esports,37889.0,10.9
9693,Streamer_8693,Just Chatting,17263.0,5.8
6529,Streamer_5529,Just Chatting,25303.0,9.6
17948,Streamer_16948,Just Chatting,26499.0,7.7
7329,Streamer_6329,Just Chatting,16387.0,4.2
19174,Streamer_18174,Esports,14266.0,9.3
3899,Streamer_2899,Musica,46379.0,10.5
9561,Streamer_8561,Musica,13822.0,11.9
3406,Streamer_2406,Esports,14405.0,9.7
11305,Streamer_10305,Arte,45663.0,2.1
19446,Streamer_18446,Arte,19323.0,7.3
17400,Streamer_16400,Arte,15255.0,7.8
6189,Streamer_5189,Just Chatting,4674.0,7.1
18621,Streamer_17621,Arte,12108.0,4.9
16424,Streamer_15424,Just Chatting,41515.0,11.7
5421,Streamer_4421,Musica,3405.0,10.5
13322,Streamer_12322,Just Chatting,18941.0,6.7
19328,Streamer_18328,Arte,10542.0,7.7
7137,Streamer_6137,Musica,9371.0,4.7
12081,Streamer_11081,Gaming,47239.0,8.3
18123,Streamer_17123,Arte,33339.0,3.2
14142,Streamer_13142,Esports,12178.0,11.5
19443,Streamer_18443,Arte,35161.0,4.7
4038,,Just Chatting,49580.0,3.8
17361,Streamer_16361,Just Chatting,47337.0,8.4
17873,Streamer_16873,Arte,48370.0,9.5
12256,Streamer_11256,Just Chatting,49223.0,8.8
6300,Streamer_5300,Just Chatting,28327.0,7.1
14407,Streamer_13407,Musica,40280.0,11.7
12768,Streamer_11768,Musica,30483.0,2.6
18192,Streamer_17192,Gaming,19430.0,2.1
8910,Streamer_7910,Esports,49899.0,11.5
8542,Streamer_7542,Musica,49492.0,3.8
11557,Streamer_10557,Just Chatting,10160.0,7.0
9477,Streamer_8477,Arte,31844.0,7.0
1476,Streamer_476,Gaming,22860.0,11.0
1820,Streamer_820,Musica,21155.0,1.1
7324,Streamer_6324,Gaming,43983.0,1.3
5783,Streamer_4783,Arte,35177.0,5.5
6263,Streamer_5263,Gaming,2656.0,3.6
4305,Streamer_3305,Gaming,33975.0,3.4
3204,Streamer_2204,Musica,30170.0,3.3
20927,Streamer_19927,Just Chatting,26486.0,3.1
16205,Streamer_15205,Gaming,7872.0,3.8
20312,Streamer_19312,Esports,12906.0,10.8
16482,Streamer_15482,Musica,38701.0,7.1
14583,Streamer_13583,Gaming,12628.0,7.6
20441,Streamer_19441,Musica,21973.0,11.6
14466,Streamer_13466,Esports,47556.0,6.5
18756,Streamer_17756,Esports,8155.0,6.0
5915,Streamer_4915,Esports,44811.0,7.9
15369,Streamer_14369,Musica,26030.0,9.3
4668,Streamer_3668,Musica,,4.0
8866,Streamer_7866,Gaming,15642.0,3.7
19495,Streamer_18495,Esports,40758.0,6.9
17009,Streamer_16009,Musica,35079.0,4.6
15684,Streamer_14684,Esports,8601.0,8.6
6525,Streamer_5525,Musica,7550.0,11.9
9626,Streamer_8626,Esports,6493.0,9.0
5297,Streamer_4297,Gaming,36993.0,4.5
14078,Streamer_13078,Esports,30925.0,4.1
18572,Streamer_17572,Gaming,4131.0,2.5
13284,Streamer_12284,Arte,19339.0,1.3
10148,Streamer_9148,Musica,40821.0,3.6
8986,Streamer_7986,Esports,20490.0,7.6
12608,Streamer_11608,Gaming,1209.0,7.5
6362,Streamer_5362,Esports,17272.0,10.0
2909,Streamer_1909,Arte,10584.0,5.5
20925,Streamer_19925,Arte,21676.0,7.8
7408,Streamer_6408,Musica,44676.0,3.3
3148,Streamer_2148,Esports,41875.0,9.7
10983,Streamer_9983,Musica,18369.0,2.5
14859,Streamer_13859,Esports,18009.0,2.8
4448,Streamer_3448,Gaming,45844.0,10.7
15377,Streamer_14377,Just Chatting,12562.0,3.6
1919,Streamer_919,Just Chatting,18178.0,9.1
1534,Streamer_534,Just Chatting,20242.0,6.7
17437,Streamer_16437,Esports,23627.0,2.3
15979,Streamer_14979,,2958.0,10.2
2687,Streamer_1687,Musica,49023.0,10.3
16168,Streamer_15168,Musica,12362.0,9.9
13440,Streamer_12440,Arte,45346.0,9.0
17489,Streamer_16489,Just Chatting,2303.0,7.0
8188,Streamer_7188,Arte,9537.0,1.5
16632,Streamer_15632,Arte,45599.0,9.4
5792,Streamer_4792,Musica,24481.0,8.7
6125,Streamer_5125,Esports,36293.0,5.6
14473,Streamer_13473,Gaming,38657.0,9.6
14215,Streamer_13215,Gaming,21385.0,3.8
6015,Streamer_5015,Musica,11808.0,4.0
5874,Streamer_4874,Esports,38216.0,11.6
9513,Streamer_8513,Arte,37387.0,8.7
8162,Streamer_7162,Just Chatting,33825.0,9.4
18037,Streamer_17037,Just Chatting,30583.0,4.7
6185,Streamer_5185,Esports,2752.0,2.0
20878,Streamer_19878,Arte,35698.0,11.5
19228,Streamer_18228,Musica,39624.0,1.2
18639,Streamer_17639,Musica,12442.0,3.4
14774,Streamer_13774,Just Chatting,21162.0,7.4
15229,Streamer_14229,Arte,23646.0,1.1
14781,Streamer_13781,Gaming,5965.0,8.2
4210,Streamer_3210,Gaming,21348.0,1.7
18488,Streamer_17488,Gaming,43194.0,7.3
17109,Streamer_16109,Arte,18823.0,8.0
10760,Streamer_9760,Gaming,16144.0,1.1
1104,,Musica,43115.0,1.4
3216,Streamer_2216,Esports,29978.0,5.3
4337,Streamer_3337,Esports,30328.0,11.6
8352,Streamer_7352,Esports,42071.0,8.4
4214,Streamer_3214,Esports,15154.0,3.2
1358,Streamer_358,Arte,28047.0,1.4
19056,Streamer_18056,Esports,19461.0,11.2
7717,Streamer_6717,Gaming,1709.0,9.3
11603,Streamer_10603,Musica,35572.0,10.2
5644,Streamer_4644,Gaming,14201.0,10.2
7352,Streamer_6352,Musica,7040.0,11.4
20922,Streamer_19922,Esports,46210.0,1.3
14812,Streamer_13812,Arte,41295.0,9.2
3059,Streamer_2059,Gaming,10445.0,2.0
14831,Streamer_13831,Gaming,49517.0,11.3
1631,Streamer_631,Arte,24877.0,4.0
18739,Streamer_17739,,11940.0,1.5
3393,Streamer_2393,Arte,20938.0,11.3
10829,Streamer_9829,Musica,49785.0,1.9
14250,Streamer_13250,Esports,32659.0,10.1
15550,Streamer_14550,Esports,37244.0,10.4
13780,Streamer_12780,Gaming,102.0,2.7
19038,Streamer_18038,Musica,20408.0,11.7
3448,Streamer_2448,Just Chatting,2679.0,10.8
19195,Streamer_18195,Musica,2626.0,8.8
9512,Streamer_8512,Esports,34473.0,3.5
8300,Streamer_7300,Just Chatting,12474.0,2.0
14533,Streamer_13533,Arte,14540.0,11.8
2877,Streamer_1877,Musica,1924.0,4.1
16075,Streamer_15075,Gaming,27495.0,6.4
5147,Streamer_4147,Arte,6228.0,9.9
6753,Streamer_5753,Just Chatting,26680.0,4.2
15358,Streamer_14358,Arte,4606.0,7.2
20139,Streamer_19139,Musica,24150.0,10.9
5109,Streamer_4109,Musica,25884.0,7.9
6368,Streamer_5368,Gaming,38607.0,11.7
13613,Streamer_12613,Just Chatting,43808.0,3.1
15375,Streamer_14375,Gaming,2716.0,8.2
5602,Streamer_4602,Just Chatting,29687.0,2.5
8937,Streamer_7937,Just Chatting,27772.0,2.3
2979,Streamer_1979,Musica,48055.0,8.2
11594,Streamer_10594,,12981.0,10.1
2367,Streamer_1367,Just Chatting,6488.0,2.9
4796,Streamer_3796,Gaming,8034.0,1.7
17202,Streamer_16202,Arte,28499.0,10.1
1507,Streamer_507,Gaming,48580.0,10.1
3425,Streamer_2425,Just Chatting,29661.0,8.9
19380,Streamer_18380,Just Chatting,26266.0,8.5
5587,Streamer_4587,Just Chatting,49092.0,6.6
6143,Streamer_5143,Arte,10262.0,10.5
8784,Streamer_7784,Just Chatting,41187.0,1.3
13520,Streamer_12520,Arte,48874.0,5.5
10721,Streamer_9721,Arte,44978.0,11.6
11337,Streamer_10337,Arte,40578.0,2.5
10399,Streamer_9399,Arte,47897.0,6.5
10313,Streamer_9313,Esports,40163.0,3.3
19839,Streamer_18839,Arte,16462.0,2.6
17697,Streamer_16697,Esports,48236.0,11.1
11126,Streamer_10126,Musica,20225.0,8.0
17937,Streamer_16937,Gaming,17029.0,6.9
13950,Streamer_12950,Musica,44757.0,4.5
1078,Streamer_78,Just Chatting,46164.0,7.5
14986,Streamer_13986,Esports,6981.0,6.5
3062,Streamer_2062,Esports,45124.0,7.7
4425,Streamer_3425,Just Chatting,25810.0,7.3
9033,Streamer_8033,Just Chatting,33864.0,1.8
4014,Streamer_3014,Musica,22314.0,11.5
12659,Streamer_11659,Esports,24802.0,1.8
17906,Streamer_16906,Arte,13928.0,2.6
14809,Streamer_13809,Arte,35816.0,5.2
13354,Streamer_12354,Gaming,11646.0,11.1
20881,Streamer_19881,Arte,48122.0,3.1
16025,Streamer_15025,Esports,45780.0,10.1
19768,Streamer_18768,Just Chatting,20406.0,11.8
16639,Streamer_15639,Musica,39163.0,8.3
14259,Streamer_13259,Musica,3568.0,6.4
7308,Streamer_6308,,9658.0,2.9
11932,Streamer_10932,Gaming,34906.0,7.6
13990,Streamer_12990,Esports,23732.0,11.0
6229,Streamer_5229,Gaming,31606.0,7.3
17690,Streamer_16690,Just Chatting,41739.0,5.2
10996,Streamer_9996,Esports,20428.0,9.6
6733,Streamer_5733,Just Chatting,35248.0,2.1
11107,Streamer_10107,Musica,37097.0,12.0
7819,Streamer_6819,Just Chatting,19188.0,4.7
15796,Streamer_14796,Just Chatting,38672.0,3.0
13804,Streamer_12804,Just Chatting,32243.0,3.9
1022,Streamer_22,Arte,46456.0,1.5
6747,Streamer_5747,Esports,4720.0,7.8
17089,Streamer_16089,Arte,30060.0,7.0
12272,Streamer_11272,Musica,18126.0,6.5
2358,Streamer_1358,Gaming,11963.0,7.7
3898,Streamer_2898,Just Chatting,8396.0,6.6
19702,Streamer_18702,Esports,44037.0,5.5
11602,Streamer_10602,Musica,15308.0,2.3
10241,Streamer_9241,Arte,27238.0,3.5
18927,Streamer_17927,Just Chatting,25746.0,7.3
15505,Streamer_14505,Arte,39976.0,3.2
4826,Streamer_3826,Musica,14102.0,1.5
20777,Streamer_19777,Arte,38683.0,7.7
11753,Streamer_10753,Just Chatting,37284.0,8.2
18184,Streamer_17184,Esports,45045.0,7.7
8489,Streamer_7489,Arte,15612.0,6.3
18374,Streamer_17374,Arte,5683.0,6.5
5284,Streamer_4284,Musica,12465.0,3.4
10665,Streamer_9665,Musica,35526.0,9.7
16574,Streamer_15574,Arte,42384.0,2.1
6489,Streamer_5489,Just Chatting,4821.0,11.2
12700,Streamer_11700,Musica,25214.0,7.4
2192,Streamer_1192,Esports,21809.0,11.4
17306,Streamer_16306,Musica,3283.0,10.3
2909,Streamer_1909,Arte,10584.0,5.5
12176,Streamer_11176,Musica,26552.0,3.5
12861,Streamer_11861,Gaming,44145.0,6.6
20654,Streamer_19654,Gaming,45987.0,4.5
6802,Streamer_5802,Esports,19867.0,2.2
20405,Streamer_19405,Just Chatting,28258.0,6.2
7148,Streamer_6148,Gaming,36097.0,6.9
7952,Streamer_6952,Just Chatting,,9.8
8475,Streamer_7475,Arte,12430.0,10.0
13735,Streamer_12735,Gaming,33477.0,1.9
7644,Streamer_6644,Gaming,28009.0,7.4
10014,Streamer_9014,Just Chatting,14001.0,3.8
17374,Streamer_16374,Gaming,40673.0,6.8
11182,Streamer_10182,Esports,25104.0,2.2
15781,Streamer_14781,Just Chatting,26617.0,6.0
1439,Streamer_439,Just Chatting,971.0,5.6
2553,Streamer_1553,Gaming,3557.0,8.5
4005,Streamer_3005,Musica,2010.0,4.6
19601,Streamer_18601,Just Chatting,48136.0,1.0
1595,Streamer_595,Musica,30602.0,9.5
2932,Streamer_1932,Arte,35638.0,5.7
3675,Streamer_2675,Arte,43989.0,1.3
14465,Streamer_13465,Gaming,46123.0,10.4
1629,Streamer_629,Arte,11171.0,5.9
1080,Streamer_80,Arte,41093.0,6.4
15381,Streamer_14381,Arte,29914.0,7.7
13762,Streamer_12762,Just Chatting,40271.0,2.8
4262,Streamer_3262,Gaming,19529.0,5.5
19863,Streamer_18863,Gaming,44109.0,1.2
3855,Streamer_2855,Arte,42898.0,5.8
20672,Streamer_19672,Musica,7587.0,5.9
5710,Streamer_4710,Just Chatting,42389.0,3.5
2933,Streamer_1933,Arte,20989.0,10.0
12423,Streamer_11423,Just Chatting,46821.0,8.4
8165,Streamer_7165,Musica,22703.0,6.6
8809,Streamer_7809,Esports,47713.0,6.5
1452,Streamer_452,Esports,6728.0,7.2
7295,Streamer_6295,Esports,48642.0,7.7
11238,Streamer_10238,Just Chatting,35541.0,1.9
7627,Streamer_6627,Musica,8557.0,10.2
18303,Streamer_17303,Musica,39899.0,10.0
12322,Streamer_11322,Arte,31958.0,11.9
18054,Streamer_17054,Gaming,2534.0,3.8
5153,Streamer_4153,Just Chatting,48378.0,9.7
13547,Streamer_12547,Gaming,957.0,6.6
12194,Streamer_11194,Gaming,36873.0,5.3
1198,Streamer_198,Gaming,25805.0,1.1
8022,Streamer_7022,Just Chatting,44091.0,7.7
5191,Streamer_4191,Esports,47687.0,8.4
8192,Streamer_7192,Just Chatting,17505.0,8.4
11911,Streamer_10911,Arte,22080.0,2.0
20278,Streamer_19278,Gaming,13833.0,7.5
17070,Streamer_16070,Just Chatting,37572.0,11.6
8058,Streamer_7058,Esports,15888.0,8.2
13198,Streamer_12198,Musica,26296.0,10.2
1285,Streamer_285,Musica,22518.0,7.4
10622,Streamer_9622,Just Chatting,6978.0,6.8
2350,Streamer_1350,Musica,38226.0,8.3
8665,Streamer_7665,Esports,31472.0,10.4
6506,Streamer_5506,Musica,5173.0,10.4
10552,Streamer_9552,Musica,10689.0,6.4
7760,Streamer_6760,Esports,46806.0,8.6
1087,Streamer_87,Musica,49740.0,12.0
10635,Streamer_9635,Arte,897.0,4.7
11313,Streamer_10313,Gaming,48702.0,7.2
10235,Streamer_9235,Esports,24440.0,2.1
11588,Streamer_10588,Esports,11198.0,6.1
6643,Streamer_5643,Musica,49650.0,2.4
17164,Streamer_16164,Just Chatting,35711.0,3.6
12959,Streamer_11959,Gaming,3046.0,10.3
2373,Streamer_1373,Just Chatting,17360.0,3.2
1263,Streamer_263,Just Chatting,30555.0,5.6
20085,Streamer_19085,Arte,43494.0,8.1
3480,Streamer_2480,Arte,43012.0,7.1
17192,Streamer_16192,Gaming,4718.0,8.3
16063,Streamer_15063,Arte,39452.0,8.6
10281,Streamer_9281,Just Chatting,34677.0,4.0
9088,Streamer_8088,Gaming,48440.0,1.6
3202,Streamer_2202,Just Chatting,1859.0,4.3
18768,Streamer_17768,Musica,8057.0,5.1
6495,Streamer_5495,Arte,20119.0,11.0
20433,Streamer_19433,Musica,167.0,7.4
19809,Streamer_18809,Just Chatting,11984.0,7.9
6919,Streamer_5919,Arte,10015.0,7.1
17678,Streamer_16678,Musica,27143.0,1.2
7027,Streamer_6027,Esports,8694.0,7.6
14083,Streamer_13083,Just Chatting,46822.0,7.1
7163,Streamer_6163,Arte,17064.0,2.6
19478,Streamer_18478,Musica,42943.0,3.1
18273,Streamer_17273,Gaming,18934.0,1.2
12440,Streamer_11440,Musica,43200.0,7.3
13707,Streamer_12707,Musica,24952.0,7.6
19607,Streamer_18607,Musica,38710.0,4.5
17271,Streamer_16271,Esports,24682.0,10.0
7900,Streamer_6900,Arte,19475.0,1.8
10284,Streamer_9284,Gaming,38377.0,11.1
10587,Streamer_9587,Musica,33148.0,1.8
15246,Streamer_14246,Gaming,24825.0,5.8
17000,Streamer_16000,Musica,42393.0,5.0
7416,Streamer_6416,Arte,13496.0,7.9
16153,Streamer_15153,Musica,4120.0,6.9
15946,Streamer_14946,Just Chatting,44736.0,10.3
7001,Streamer_6001,Just Chatting,39742.0,11.6
1956,Streamer_956,Gaming,45712.0,4.7
5965,Streamer_4965,Musica,,7.3
19140,Streamer_18140,Arte,16593.0,1.8
3310,Streamer_2310,Arte,48802.0,9.7
11096,Streamer_10096,Gaming,28465.0,8.4
20102,Streamer_19102,Musica,24524.0,9.7
20290,Streamer_19290,Arte,3130.0,3.0
5380,Streamer_4380,Gaming,26958.0,1.4
16374,Streamer_15374,Musica,9187.0,9.8
9759,Streamer_8759,Gaming,33553.0,6.1
1031,Streamer_31,Just Chatting,38487.0,4.7
3655,Streamer_2655,Arte,44102.0,7.6
15051,Streamer_14051,Just Chatting,8421.0,10.5
4238,Streamer_3238,Musica,47625.0,10.1
18697,Streamer_17697,Esports,13469.0,11.6
17917,Streamer_16917,Arte,42215.0,2.2
14201,Streamer_13201,Gaming,39147.0,1.8
17696,Streamer_16696,Gaming,25525.0,7.0
2099,Streamer_1099,Gaming,9656.0,6.8
6915,Streamer_5915,Musica,16814.0,10.5
14403,Streamer_13403,Esports,4286.0,8.9
12791,Streamer_11791,Musica,118.0,9.5
2247,Streamer_1247,Esports,3686.0,1.3
17220,Streamer_16220,Gaming,5135.0,6.2
9926,Streamer_8926,Arte,6475.0,4.7
11091,Streamer_10091,Just Chatting,27103.0,6.1
16650,Streamer_15650,Esports,6581.0,1.5
1365,Streamer_365,Just Chatting,14759.0,4.5
1934,Streamer_934,Gaming,19901.0,3.0
12099,Streamer_11099,Musica,5821.0,4.3
18105,Streamer_17105,Esports,47910.0,1.4
6421,Streamer_5421,Just Chatting,17463.0,6.4
2279,Streamer_1279,Arte,27400.0,11.0
19628,Streamer_18628,Just Chatting,46519.0,3.9
17006,Streamer_16006,Esports,30923.0,8.1
8474,Streamer_7474,Musica,31588.0,8.6
14716,Streamer_13716,Just Chatting,15435.0,5.8
18358,Streamer_17358,Arte,46951.0,3.8
19348,Streamer_18348,Just Chatting,43543.0,10.6
20231,Streamer_19231,Arte,8794.0,2.5
20141,Streamer_19141,Gaming,38876.0,7.2
19433,Streamer_18433,Musica,28459.0,4.9
1822,Streamer_822,Gaming,42832.0,7.5
3538,Streamer_2538,Esports,7967.0,11.7
16170,Streamer_15170,Just Chatting,45682.0,5.4
15393,Streamer_14393,Arte,16591.0,1.1
19650,Streamer_18650,Esports,26506.0,8.3
20277,Streamer_19277,Just Chatting,22831.0,9.3
15936,Streamer_14936,Arte,18931.0,3.6
9539,Streamer_8539,Esports,3311.0,7.3
1691,Streamer_691,Esports,40025.0,11.2
3915,Streamer_2915,Esports,34250.0,10.4
13760,Streamer_12760,Musica,34504.0,7.2
5871,Streamer_4871,Esports,34910.0,2.7
20930,Streamer_19930,Arte,12224.0,1.9
8761,Streamer_7761,Musica,32464.0,4.6
6973,Streamer_5973,Esports,6389.0,5.5
17538,Streamer_16538,Just Chatting,42438.0,7.7
15519,Streamer_14519,Just Chatting,46724.0,8.7
5303,Streamer_4303,Esports,43268.0,1.8
14651,Streamer_13651,Musica,2684.0,2.4
5845,Streamer_4845,Arte,32764.0,8.8
3985,Streamer_2985,Gaming,4700.0,3.7
20979,Streamer_19979,Arte,40682.0,6.9
10946,Streamer_9946,Arte,6217.0,4.1
18772,Streamer_17772,Arte,33091.0,8.1
13149,Streamer_12149,Musica,35138.0,7.8
7029,Streamer_6029,Gaming,1857.0,3.6
4304,Streamer_3304,Esports,9713.0,4.9
8480,Streamer_7480,Arte,36894.0,9.4
15978,Streamer_14978,Gaming,37778.0,10.6
3360,Streamer_2360,Musica,28887.0,8.2
14505,Streamer_13505,Gaming,43479.0,10.0
18450,Streamer_17450,Just Chatting,32274.0,9.3
6866,Streamer_5866,Just Chatting,2534.0,2.6
15445,Streamer_14445,Arte,5748.0,4.0
19961,Streamer_18961,Musica,49949.0,8.6
10667,Streamer_9667,Musica,6524.0,11.0
7655,Streamer_6655,Just Chatting,20730.0,7.9
2102,Streamer_1102,Esports,29813.0,10.9
7871,Streamer_6871,Gaming,8642.0,4.7
18815,Streamer_17815,Esports,9071.0,11.2
13928,Streamer_12928,Esports,34390.0,7.2
12428,Streamer_11428,Just Chatting,8951.0,5.6
20176,Streamer_19176,Musica,35440.0,7.5
13553,Streamer_12553,Arte,28434.0,11.3
9202,Streamer_8202,Esports,35728.0,3.3
6344,Streamer_5344,Gaming,21135.0,8.0
5269,Streamer_4269,Gaming,9130.0,5.9
11708,Streamer_10708,Esports,31663.0,6.8
17420,Streamer_16420,Just Chatting,7455.0,6.8
3795,Streamer_2795,Just Chatting,47133.0,7.0
7382,Streamer_6382,Arte,32127.0,1.6
3160,Streamer_2160,Just Chatting,19018.0,1.8
2015,Streamer_1015,Arte,15769.0,11.1
18341,Streamer_17341,Gaming,12321.0,4.4
18067,Streamer_17067,Esports,34681.0,11.1
3073,Streamer_2073,Esports,929.0,7.5
4000,Streamer_3000,Just Chatting,33726.0,8.8
6793,Streamer_5793,Just Chatting,17239.0,8.8
20952,Streamer_19952,Just Chatting,34143.0,9.4
5215,Streamer_4215,Just Chatting,27768.0,11.7
15867,Streamer_14867,Just Chatting,28033.0,8.0
13036,Streamer_12036,Arte,16198.0,9.7
3553,Streamer_2553,Just Chatting,13823.0,10.8
7730,Streamer_6730,Just Chatting,43218.0,5.1
15160,Streamer_14160,Gaming,24297.0,6.0
18705,Streamer_17705,Gaming,6707.0,10.6
18368,Streamer_17368,Esports,4309.0,5.9
15309,Streamer_14309,Gaming,33918.0,8.4
6026,Streamer_5026,Arte,15508.0,3.4
16544,Streamer_15544,Arte,28386.0,10.3
19860,Streamer_18860,Just Chatting,16627.0,3.1
14936,Streamer_13936,Gaming,10829.0,3.9
17384,Streamer_16384,Just Chatting,36866.0,7.0
15392,Streamer_14392,Gaming,2638.0,9.9
1588,Streamer_588,Just Chatting,34827.0,9.1
16453,Streamer_15453,Musica,49407.0,8.3
14263,Streamer_13263,Gaming,36402.0,7.3
7114,Streamer_6114,Just Chatting,3085.0,1.9
8282,Streamer_7282,Arte,6112.0,9.4
14146,Streamer_13146,Esports,9614.0,10.0
9596,Streamer_8596,Arte,13544.0,4.0
4116,Streamer_3116,Just Chatting,38601.0,1.6
20287,Streamer_19287,Gaming,11011.0,5.0
4984,Streamer_3984,Arte,20753.0,1.9
2795,Streamer_1795,Esports,43940.0,9.8
4060,Streamer_3060,Esports,21.0,7.7
2396,Streamer_1396,Just Chatting,49689.0,5.2
6987,Streamer_5987,Musica,15566.0,3.3
1563,Streamer_563,Just Chatting,43674.0,7.2
9126,Streamer_8126,Arte,44734.0,3.2
7437,Streamer_6437,Esports,18191.0,6.2
13661,Streamer_12661,Gaming,25553.0,11.7
1228,Streamer_228,Esports,23780.0,4.8
3779,Streamer_2779,Musica,3061.0,11.4
9012,Streamer_8012,Arte,15094.0,2.2
17039,Streamer_16039,Esports,7155.0,7.3
5619,Streamer_4619,Arte,22035.0,1.9
4811,Streamer_3811,Arte,42033.0,10.0
12193,Streamer_11193,Esports,19886.0,1.5
11504,Streamer_10504,Musica,28646.0,9.9
15022,Streamer_14022,,28307.0,3.6
3594,Streamer_2594,Just Chatting,22180.0,1.8
16904,Streamer_15904,Musica,10551.0,9.1
3839,Streamer_2839,Arte,14494.0,5.5
1653,Streamer_653,Esports,49679.0,5.5
5305,Streamer_4305,Musica,40821.0,11.5
12598,Streamer_11598,Gaming,14492.0,9.2
6637,Streamer_5637,Esports,26450.0,7.2
2141,Streamer_1141,Musica,30118.0,1.7
18967,Streamer_17967,Musica,743.0,4.6
15023,Streamer_14023,Just Chatting,29694.0,6.4
12906,Streamer_11906,Musica,39588.0,5.0
11120,Streamer_10120,Musica,5084.0,11.0
9156,Streamer_8156,Esports,24553.0,2.4
11958,Streamer_10958,Arte,42796.0,11.7
2492,Streamer_1492,Gaming,12875.0,1.2
13508,Streamer_12508,Esports,18820.0,11.8
9286,Streamer_8286,Arte,23876.0,4.5
10673,Streamer_9673,Gaming,24242.0,10.8
9744,Streamer_8744,Musica,15019.0,9.7
18063,Streamer_17063,Esports,39077.0,11.4
14161,Streamer_13161,Gaming,14847.0,1.3
9102,Streamer_8102,Esports,49318.0,9.0
5889,Streamer_4889,Just Chatting,825.0,11.2
18424,Streamer_17424,Esports,2280.0,7.3
5607,Streamer_4607,Esports,46906.0,9.5
3398,Streamer_2398,Arte,23018.0,5.9
15504,Streamer_14504,Gaming,20622.0,9.0
7402,Streamer_6402,Just Chatting,32784.0,1.5
18770,Streamer_17770,Just Chatting,12710.0,4.6
2707,Streamer_1707,Musica,1677.0,5.6
13766,Streamer_12766,Just Chatting,49579.0,11.2
14446,Streamer_13446,Esports,26608.0,9.5
1680,Streamer_680,Esports,46190.0,4.1
16312,Streamer_15312,Musica,25041.0,5.2
9902,Streamer_8902,Arte,31515.0,5.4
10493,Streamer_9493,Musica,32867.0,6.4
13533,Streamer_12533,Gaming,14906.0,10.8
11852,Streamer_10852,Gaming,40527.0,8.2
10670,Streamer_9670,Esports,4953.0,4.0
3352,Streamer_2352,Musica,32837.0,8.6
6190,Streamer_5190,Just Chatting,42074.0,1.1
2079,Streamer_1079,Arte,11673.0,11.3
1583,Streamer_583,Gaming,37472.0,9.3
17584,Streamer_16584,Esports,15644.0,10.2
17773,Streamer_16773,Esports,14748.0,8.3
15923,Streamer_14923,Arte,22924.0,4.5
19092,Streamer_18092,Just Chatting,20939.0,4.1
9836,Streamer_8836,Musica,3387.0,5.8
4818,Streamer_3818,Gaming,21564.0,4.5
20257,Streamer_19257,Gaming,13258.0,11.6
8019,Streamer_7019,Musica,22623.0,4.7
20860,Streamer_19860,Gaming,29302.0,11.3
13404,Streamer_12404,Esports,40286.0,4.8
19634,,Just Chatting,17846.0,5.8
7592,Streamer_6592,Gaming,,3.6
7401,Streamer_6401,Just Chatting,28283.0,2.0
11556,Streamer_10556,Musica,46605.0,6.0
17072,Streamer_16072,Esports,24369.0,4.4
19632,Streamer_18632,Gaming,36480.0,2.0
5481,Streamer_4481,Musica,17699.0,4.5
14178,Streamer_13178,Esports,5489.0,2.4
14110,Streamer_13110,Gaming,,5.8
12053,Streamer_11053,Gaming,11925.0,3.4
14324,Streamer_13324,Gaming,11756.0,4.1
17256,Streamer_16256,Arte,1119.0,9.3
10088,Streamer_9088,Gaming,27590.0,6.1
4352,Streamer_3352,Esports,28694.0,9.5
14052,Streamer_13052,Musica,40852.0,1.0
13618,Streamer_12618,Esports,26808.0,1.8
18692,Streamer_17692,Musica,11347.0,1.9
9734,Streamer_8734,Musica,28327.0,3.7
16850,Streamer_15850,Gaming,42150.0,9.0
3260,Streamer_2260,Esports,5037.0,8.4
4545,Streamer_3545,Just Chatting,41730.0,10.0
3013,Streamer_2013,Gaming,28757.0,8.1
6636,Streamer_5636,Gaming,46812.0,10.4
17475,Streamer_16475,Musica,12509.0,5.3
9234,Streamer_8234,Arte,10599.0,11.1
5537,Streamer_4537,Arte,11375.0,1.6
16727,Streamer_15727,Esports,40692.0,6.2
10080,Streamer_9080,Gaming,5211.0,4.5
1106,Streamer_106,Just Chatting,17317.0,11.0
15370,Streamer_14370,Gaming,22939.0,4.4
20903,Streamer_19903,Arte,20992.0,8.4
19420,Streamer_18420,Arte,49831.0,3.0
6878,Streamer_5878,Gaming,144.0,1.9
12017,Streamer_11017,Esports,29409.0,12.0
6621,Streamer_5621,Arte,23659.0,4.6
3060,Streamer_2060,Gaming,31813.0,7.4
11961,Streamer_10961,Esports,28056.0,1.1
3435,Streamer_2435,Musica,26277.0,5.0
15164,Streamer_14164,Esports,43101.0,5.9
15615,Streamer_14615,Just Chatting,36075.0,11.3
4923,Streamer_3923,Musica,25583.0,4.3
15703,Streamer_14703,Just Chatting,33112.0,4.3
17199,Streamer_16199,Gaming,46967.0,4.0
3081,Streamer_2081,Gaming,42948.0,5.6
6270,Streamer_5270,Musica,4962.0,10.8
9762,Streamer_8762,Arte,15779.0,3.4
17901,Streamer_16901,Esports,44680.0,8.5
4756,Streamer_3756,Gaming,44612.0,8.1
10364,Streamer_9364,Musica,31956.0,2.4
20244,Streamer_19244,Arte,36308.0,9.1
1840,Streamer_840,Musica,35216.0,4.0
12810,Streamer_11810,Just Chatting,46229.0,4.6
13155,Streamer_12155,Just Chatting,48724.0,10.3
8330,Streamer_7330,Just Chatting,12661.0,5.4
20064,Streamer_19064,Just Chatting,49904.0,3.8
16997,Streamer_15997,Gaming,29130.0,3.1
5698,Streamer_4698,Just Chatting,48933.0,3.9
16381,Streamer_15381,Gaming,42651.0,7.6
4355,Streamer_3355,Musica,29518.0,1.9
10909,Streamer_9909,Musica,9631.0,8.9
2078,Streamer_1078,Musica,14554.0,2.0
9279,Streamer_8279,Esports,32564.0,6.3
16887,Streamer_15887,Just Chatting,12938.0,8.5
19269,Streamer_18269,Musica,48443.0,8.1
15071,Streamer_14071,Just Chatting,27065.0,7.2
11691,Streamer_10691,Musica,42746.0,7.9
11003,Streamer_10003,Musica,25633.0,8.8
6553,Streamer_5553,Esports,45937.0,4.9
4665,Streamer_3665,Gaming,21642.0,5.3
12954,Streamer_11954,Gaming,14901.0,3.9
1002,Streamer_2,Just Chatting,45223.0,9.6
8057,Streamer_7057,Just Chatting,42452.0,4.4
7260,Streamer_6260,Musica,46701.0,8.4
7304,Streamer_6304,Arte,2124.0,2.0
10644,Streamer_9644,Just Chatting,35856.0,8.1
11610,Streamer_10610,Esports,518.0,1.5
8443,Streamer_7443,Musica,11957.0,2.9
14803,Streamer_13803,Gaming,10421.0,10.9
3087,Streamer_2087,Musica,20328.0,12.0
10817,Streamer_9817,Just Chatting,13579.0,3.0
4694,Streamer_3694,Esports,24140.0,9.9
19349,Streamer_18349,Esports,27827.0,2.6
17138,Streamer_16138,Arte,36269.0,6.5
4087,Streamer_3087,Gaming,10825.0,7.5
15570,Streamer_14570,Arte,48287.0,10.1
12212,Streamer_11212,Just Chatting,30187.0,6.9
18483,Streamer_17483,Esports,6139.0,6.6
12824,Streamer_11824,Gaming,5223.0,2.2
1192,Streamer_192,Esports,2720.0,6.8
16794,Streamer_15794,Arte,32699.0,1.4
12222,Streamer_11222,Esports,33926.0,1.4
9182,Streamer_8182,Musica,14003.0,7.8
11964,Streamer_10964,Arte,20521.0,11.7
2097,Streamer_1097,Gaming,33473.0,9.3
2206,Streamer_1206,Arte,29845.0,5.6
17979,Streamer_16979,Arte,33588.0,5.8
6447,Streamer_5447,Musica,3370.0,6.6
9303,Streamer_8303,Gaming,17230.0,6.8
9256,Streamer_8256,Musica,39542.0,6.5
16834,Streamer_15834,,40629.0,2.4
19483,Streamer_18483,Just Chatting,8716.0,10.4
6974,Streamer_5974,Musica,39246.0,7.1
6552,Streamer_5552,Musica,2147.0,1.4
17846,Streamer_16846,Esports,17009.0,10.1
17854,Streamer_16854,Arte,18898.0,9.4
20407,Streamer_19407,Musica,35548.0,5.8
16592,Streamer_15592,Esports,32261.0,3.3
4274,Streamer_3274,Musica,4621.0,11.7
13696,Streamer_12696,Esports,29163.0,3.8
8701,Streamer_7701,Esports,16237.0,8.6
15864,Streamer_14864,,11132.0,11.4
13175,Streamer_12175,Gaming,40608.0,1.9
11484,Streamer_10484,Gaming,40990.0,7.6
9544,Streamer_8544,Gaming,44789.0,2.4
19993,Streamer_18993,Arte,47198.0,4.9
16715,Streamer_15715,Esports,8009.0,8.1
11208,Streamer_10208,Musica,14153.0,9.3
6834,Streamer_5834,Esports,18852.0,1.6
17464,Streamer_16464,Gaming,32548.0,7.9
6145,Streamer_5145,Arte,31368.0,2.3
12047,Streamer_11047,Musica,7923.0,3.0
4533,Streamer_3533,Just Chatting,24772.0,3.6
15307,Streamer_14307,Esports,41321.0,4.0
12961,Streamer_11961,Just Chatting,22292.0,9.5
4801,Streamer_3801,Musica,32539.0,5.0
4256,Streamer_3256,Gaming,41683.0,8.4
7037,Streamer_6037,Just Chatting,10152.0,10.0
19198,Streamer_18198,Gaming,19141.0,9.6
2800,Streamer_1800,Just Chatting,43492.0,7.9
19674,Streamer_18674,Just Chatting,5993.0,4.6
16914,Streamer_15914,Arte,18868.0,3.6
5125,Streamer_4125,Arte,15992.0,4.2
8589,Streamer_7589,Musica,36303.0,6.7
9453,Streamer_8453,Musica,23663.0,9.0
19764,Streamer_18764,Just Chatting,13550.0,11.0
9591,Streamer_8591,Musica,29247.0,1.3
7619,Streamer_6619,Arte,39850.0,5.5
18415,Streamer_17415,Just Chatting,35359.0,7.2
18880,Streamer_17880,Gaming,31761.0,9.6
14634,Streamer_13634,Gaming,44749.0,8.6
10321,Streamer_9321,Arte,30570.0,11.9
5818,Streamer_4818,Musica,44726.0,11.9
16823,Streamer_15823,Just Chatting,338.0,2.5
12971,Streamer_11971,Musica,1065.0,9.2
11445,Streamer_10445,Just Chatting,20791.0,8.9
17898,Streamer_16898,Esports,35707.0,7.3
9936,Streamer_8936,Just Chatting,44564.0,1.3
11900,Streamer_10900,Just Chatting,45652.0,11.5
9974,Streamer_8974,Esports,6447.0,8.3
1975,Streamer_975,Arte,36215.0,10.9
9008,Streamer_8008,Musica,31154.0,4.0
7267,Streamer_6267,Esports,48880.0,7.4
8583,Streamer_7583,Just Chatting,48311.0,9.5
7478,Streamer_6478,Just Chatting,16677.0,6.9
1111,Streamer_111,Musica,34015.0,3.2
17373,Streamer_16373,Esports,47334.0,10.1
11020,Streamer_10020,Musica,27937.0,7.3
7531,Streamer_6531,Musica,9204.0,2.6
19107,Streamer_18107,Esports,24813.0,11.6
4386,Streamer_3386,Arte,49663.0,10.0
20275,Streamer_19275,Arte,,5.7
11811,Streamer_10811,Arte,7554.0,8.1
2309,Streamer_1309,Musica,35205.0,5.1
11935,Streamer_10935,Esports,35740.0,4.7
4312,Streamer_3312,Musica,38059.0,11.7
4290,Streamer_3290,Musica,28150.0,10.9
8453,Streamer_7453,Esports,9242.0,9.2
19814,Streamer_18814,Esports,25448.0,6.0
14724,Streamer_13724,Gaming,43557.0,2.9
16842,Streamer_15842,Just Chatting,7380.0,10.3
20001,Streamer_19001,Esports,36150.0,1.8
5263,Streamer_4263,Just Chatting,15662.0,5.9
6798,Streamer_5798,Just Chatting,12729.0,3.4
12357,Streamer_11357,Arte,5448.0,5.9
16353,Streamer_15353,Musica,35725.0,1.0
6366,Streamer_5366,Just Chatting,6273.0,9.2
8777,Streamer_7777,Just Chatting,42141.0,2.9
19581,Streamer_18581,Just Chatting,22126.0,3.8
16068,Streamer_15068,Just Chatting,38051.0,5.3
14579,Streamer_13579,,25467.0,10.2
14145,Streamer_13145,Esports,474.0,4.5
12676,Streamer_11676,Arte,48537.0,2.5
15957,Streamer_14957,Just Chatting,46496.0,5.6
3102,Streamer_2102,Esports,47870.0,11.5
18769,Streamer_17769,Esports,47617.0,10.7
15547,Streamer_14547,Arte,43886.0,1.6
10809,Streamer_9809,Gaming,9331.0,5.0
17283,Streamer_16283,Esports,2136.0,11.4
4349,Streamer_3349,Just Chatting,36583.0,9.8
3960,Streamer_2960,Arte,17722.0,7.4
9917,Streamer_8917,Arte,9047.0,1.4
12179,Streamer_11179,Gaming,12121.0,2.5
10626,Streamer_9626,Gaming,7285.0,10.7
7581,Streamer_6581,Gaming,1338.0,6.5
17498,Streamer_16498,Gaming,26711.0,9.6
14686,Streamer_13686,Just Chatting,24456.0,1.9
19347,Streamer_18347,Gaming,27281.0,7.7
15583,Streamer_14583,Just Chatting,12341.0,10.2
16149,Streamer_15149,Esports,12104.0,9.3
3198,Streamer_2198,Just Chatting,10872.0,8.6
15899,Streamer_14899,Gaming,10985.0,8.6
17462,Streamer_16462,Musica,4057.0,11.6
17976,Streamer_16976,Esports,7680.0,8.9
8284,Streamer_7284,Arte,11079.0,8.0
6007,Streamer_5007,Just Chatting,45145.0,8.3
5821,Streamer_4821,Gaming,9055.0,6.4
20359,Streamer_19359,Arte,21537.0,4.3
3096,Streamer_2096,Just Chatting,48768.0,5.6
16065,Streamer_15065,Musica,12887.0,1.7
14860,Streamer_13860,Arte,32616.0,7.9
9301,Streamer_8301,Esports,18684.0,2.7
5398,Streamer_4398,Gaming,1723.0,11.2
7381,Streamer_6381,Esports,15367.0,4.5
2216,Streamer_1216,Gaming,21485.0,3.7
10952,Streamer_9952,Just Chatting,39767.0,8.1
15561,Streamer_14561,Esports,7462.0,3.8
14736,Streamer_13736,Gaming,16820.0,10.0
7803,Streamer_6803,Musica,15484.0,9.8
19363,Streamer_18363,Musica,43494.0,3.9
18131,Streamer_17131,Esports,13991.0,10.5
20201,Streamer_19201,Gaming,25241.0,11.5
12161,Streamer_11161,Arte,5685.0,1.2
12567,Streamer_11567,Just Chatting,45779.0,10.9
12600,Streamer_11600,Arte,5642.0,9.2
8592,Streamer_7592,Gaming,36934.0,1.1
12283,Streamer_11283,Just Chatting,16891.0,9.8
18353,Streamer_17353,Arte,47915.0,6.9
20939,Streamer_19939,Musica,34982.0,10.3
3336,Streamer_2336,Musica,42631.0,4.1
13830,Streamer_12830,Gaming,5447.0,2.5
9804,Streamer_8804,Musica,2418.0,2.9
10132,Streamer_9132,Just Chatting,48179.0,5.7
2827,Streamer_1827,Esports,28399.0,5.2
6147,Streamer_5147,Gaming,19588.0,3.8
2575,Streamer_1575,Arte,9809.0,3.9
20667,Streamer_19667,Musica,27508.0,3.9
7179,Streamer_6179,Just Chatting,1520.0,5.8
8872,Streamer_7872,Just Chatting,12365.0,9.6
8394,Streamer_7394,Musica,22845.0,2.8
17705,Streamer_16705,Musica,24756.0,1.6
15641,Streamer_14641,Esports,13275.0,11.0
17849,Streamer_16849,Musica,39562.0,9.3
20590,Streamer_19590,Gaming,17540.0,6.4
7252,Streamer_6252,Arte,3083.0,5.0
14890,Streamer_13890,Musica,9513.0,4.7
19030,Streamer_18030,Esports,18731.0,7.5
17831,Streamer_16831,Esports,5577.0,1.1
1754,Streamer_754,Just Chatting,2503.0,10.2
5328,Streamer_4328,Esports,43839.0,9.5
4091,Streamer_3091,Musica,812.0,5.2
17802,Streamer_16802,Gaming,24881.0,4.2
4724,Streamer_3724,Musica,31866.0,1.5
12416,Streamer_11416,Arte,13002.0,1.2
12142,Streamer_11142,Arte,24629.0,4.6
2673,Streamer_1673,Esports,35410.0,9.0
3230,Streamer_2230,Gaming,37658.0,6.3
15866,Streamer_14866,Arte,3739.0,4.2
9548,Streamer_8548,Musica,24483.0,5.4
3669,Streamer_2669,Gaming,45509.0,8.9
10348,Streamer_9348,Gaming,47093.0,8.0
11595,Streamer_10595,Gaming,35368.0,8.0
12642,Streamer_11642,Just Chatting,44437.0,8.6
18873,Streamer_17873,Esports,36501.0,7.1
19341,Streamer_18341,Gaming,7121.0,10.0
9295,Streamer_8295,Gaming,43553.0,9.6
20699,Streamer_19699,Esports,19283.0,5.7
5812,Streamer_4812,Musica,,1.0
13544,Streamer_12544,Just Chatting,29221.0,6.3
14050,Streamer_13050,Arte,21656.0,8.0
17855,Streamer_16855,,16385.0,9.7
17951,Streamer_16951,Musica,10782.0,4.2
1696,Streamer_696,Gaming,29763.0,4.8
15769,Streamer_14769,Musica,45160.0,10.4
6509,Streamer_5509,Just Chatting,9156.0,4.9
8593,Streamer_7593,Arte,19076.0,11.5
1964,Streamer_964,Arte,37495.0,7.3
16683,Streamer_15683,Just Chatting,33347.0,9.5
3627,Streamer_2627,Arte,49245.0,1.7
13601,Streamer_12601,Arte,5527.0,3.6
12543,Streamer_11543,Musica,41721.0,9.3
13162,Streamer_12162,Just Chatting,26962.0,7.9
16495,Streamer_15495,Arte,17482.0,10.7
5435,Streamer_4435,Just Chatting,43335.0,6.4
14672,Streamer_13672,Esports,38550.0,1.9
12671,Streamer_11671,Arte,43301.0,11.7
14625,Streamer_13625,Esports,26047.0,1.5
18602,Streamer_17602,Arte,38828.0,1.5
10019,Streamer_9019,Arte,35782.0,4.4
18680,Streamer_17680,Musica,18130.0,3.3
1758,Streamer_758,Musica,32601.0,6.8
15257,Streamer_14257,Musica,1157.0,7.3
14384,Streamer_13384,Musica,4174.0,7.9
13838,Streamer_12838,Gaming,16050.0,11.0
3079,Streamer_2079,Musica,1803.0,3.9
9870,Streamer_8870,Musica,78.0,11.9
12301,Streamer_11301,Just Chatting,10442.0,10.7
10353,Streamer_9353,Musica,41179.0,8.5
18036,Streamer_17036,Esports,20357.0,8.5
18827,Streamer_17827,Esports,30724.0,2.5
17305,Streamer_16305,Arte,30727.0,7.8
19422,Streamer_18422,Just Chatting,1537.0,9.3
4595,Streamer_3595,Arte,11392.0,1.4
18085,Streamer_17085,Gaming,45688.0,9.3
3273,Streamer_2273,Esports,16905.0,10.8
9466,Streamer_8466,,7692.0,7.4
16994,Streamer_15994,Arte,15002.0,2.0
17107,Streamer_16107,Just Chatting,49454.0,5.0
9032,Streamer_8032,Musica,7754.0,11.6
6160,Streamer_5160,Gaming,21647.0,4.3
15895,Streamer_14895,Esports,46793.0,4.5
16821,Streamer_15821,Just Chatting,8351.0,11.2
12760,Streamer_11760,Arte,39225.0,10.5
17077,Streamer_16077,Just Chatting,22499.0,4.9
10932,Streamer_9932,Arte,25764.0,2.0
8002,Streamer_7002,Arte,1135.0,3.0
11213,Streamer_10213,Just Chatting,25666.0,9.7
1415,Streamer_415,Just Chatting,2747.0,4.9
19911,Streamer_18911,Gaming,36777.0,3.1
11569,Streamer_10569,Esports,12627.0,7.2
1692,Streamer_692,Arte,46465.0,5.3
8491,Streamer_7491,Arte,47614.0,4.0
19522,Streamer_18522,Esports,35791.0,3.9
12422,Streamer_11422,Gaming,1938.0,10.4
17900,Streamer_16900,Arte,19988.0,10.1
19185,Streamer_18185,Gaming,21764.0,9.7
12712,Streamer_11712,Esports,14686.0,8.1
12635,Streamer_11635,Esports,10675.0,5.2
20531,Streamer_19531,Arte,32370.0,6.1
12251,Streamer_11251,Arte,39149.0,1.8
12201,Streamer_11201,Musica,25040.0,3.7
18718,Streamer_17718,Esports,18343.0,4.2
3921,Streamer_2921,Esports,17944.0,9.4
6354,Streamer_5354,Esports,26087.0,4.1
20054,Streamer_19054,Arte,40289.0,11.8
6778,Streamer_5778,Gaming,9341.0,8.9
7682,Streamer_6682,Arte,34980.0,8.3
15015,Streamer_14015,Just Chatting,14229.0,2.1
17786,Streamer_16786,Esports,12640.0,2.8
18662,Streamer_17662,Esports,19879.0,3.3
4809,Streamer_3809,Musica,44375.0,6.2
16265,Streamer_15265,Gaming,39543.0,11.8
18495,Streamer_17495,Gaming,22845.0,2.0
16274,Streamer_15274,Gaming,38439.0,11.6
3381,Streamer_2381,Musica,38206.0,6.8
9254,Streamer_8254,Just Chatting,20992.0,9.7
3075,Streamer_2075,Musica,22533.0,2.0
8376,Streamer_7376,Arte,25053.0,1.1
16417,Streamer_15417,Arte,43215.0,2.3
2301,Streamer_1301,Just Chatting,7336.0,11.8
10025,Streamer_9025,Gaming,2394.0,7.5
1515,Streamer_515,Just Chatting,27100.0,3.7
11799,Streamer_10799,Just Chatting,1876.0,8.6
16875,Streamer_15875,Just Chatting,18939.0,4.2
11601,Streamer_10601,Musica,43543.0,7.2
10089,Streamer_9089,Musica,14853.0,4.3
7915,Streamer_6915,Arte,19431.0,9.8
4094,Streamer_3094,Esports,31546.0,1.7
4603,Streamer_3603,Esports,48230.0,6.4
13702,Streamer_12702,Arte,34403.0,8.8
10420,Streamer_9420,Arte,45981.0,10.8
8864,Streamer_7864,Just Chatting,42282.0,11.0
17324,Streamer_16324,Arte,5283.0,9.6
8639,Streamer_7639,Musica,21284.0,2.4
9318,Streamer_8318,Esports,12725.0,2.0
16278,Streamer_15278,Just Chatting,2394.0,2.0
19339,Streamer_18339,Esports,39814.0,9.8
9778,Streamer_8778,Arte,31152.0,11.6
15488,Streamer_14488,Gaming,34301.0,5.1
12737,Streamer_11737,Just Chatting,23490.0,2.2
9897,Streamer_8897,Just Chatting,28786.0,11.7
14406,Streamer_13406,Esports,32190.0,9.1
7145,Streamer_6145,Gaming,13680.0,4.8
8655,Streamer_7655,Just Chatting,6220.0,10.0
17130,Streamer_16130,Gaming,32794.0,8.3
7375,Streamer_6375,Esports,8043.0,2.6
13977,Streamer_12977,Gaming,33604.0,3.5
6254,Streamer_5254,Musica,,4.4
13291,Streamer_12291,Musica,31461.0,4.6
15723,Streamer_14723,Gaming,18480.0,10.2
13755,Streamer_12755,Arte,48846.0,9.1
14931,Streamer_13931,Just Chatting,45148.0,6.5
5312,Streamer_4312,Arte,29855.0,4.3
13477,Streamer_12477,Arte,4927.0,11.8
8028,Streamer_7028,Arte,42155.0,11.8
3785,Streamer_2785,Musica,33004.0,1.1
8613,Streamer_7613,Musica,31352.0,8.6
20419,Streamer_19419,Gaming,38552.0,5.9
10097,Streamer_9097,Arte,7867.0,11.9
2569,Streamer_1569,Arte,1230.0,8.9
7729,Streamer_6729,Musica,37466.0,8.9
20726,Streamer_19726,Arte,12593.0,5.5
20856,Streamer_19856,Arte,1572.0,2.9
13600,Streamer_12600,Just Chatting,39791.0,5.4
8503,Streamer_7503,Arte,17970.0,11.1
20617,Streamer_19617,Arte,18941.0,1.4
19357,Streamer_18357,Musica,2155.0,5.3
9257,Streamer_8257,Just Chatting,10554.0,4.4
19862,Streamer_18862,Musica,23016.0,1.5
9772,Streamer_8772,Gaming,14527.0,7.5
11206,Streamer_10206,Arte,32491.0,9.6
15064,Streamer_14064,Musica,22273.0,4.9
12588,Streamer_11588,Esports,34475.0,1.5
5063,Streamer_4063,Gaming,33625.0,4.4
14626,Streamer_13626,Arte,20602.0,5.6
16620,Streamer_15620,Gaming,36434.0,6.8
10647,Streamer_9647,Arte,3339.0,9.8
12983,Streamer_11983,Esports,14313.0,4.9
7541,Streamer_6541,Gaming,9106.0,11.5
20101,Streamer_19101,Just Chatting,18539.0,6.8
5315,Streamer_4315,Musica,29512.0,9.8
11625,Streamer_10625,Esports,10963.0,2.4
5188,Streamer_4188,Esports,40552.0,4.5
11863,Streamer_10863,Esports,44983.0,4.9
12639,Streamer_11639,Gaming,30302.0,3.2
10732,Streamer_9732,Gaming,30096.0,4.2
6098,Streamer_5098,Esports,19181.0,6.6
1427,Streamer_427,Just Chatting,16025.0,2.6
10073,Streamer_9073,Gaming,20885.0,5.1
18215,Streamer_17215,Musica,42117.0,4.1
20949,Streamer_19949,Gaming,42412.0,1.1
10539,Streamer_9539,Esports,27515.0,5.3
19807,Streamer_18807,Esports,562.0,2.6
9683,Streamer_8683,Just Chatting,42151.0,4.1
4865,Streamer_3865,Esports,47090.0,7.2
12690,Streamer_11690,Arte,112.0,7.9
1777,Streamer_777,Esports,42351.0,2.0
6785,Streamer_5785,Esports,14935.0,9.3
15200,Streamer_14200,Esports,28153.0,10.4
12806,Streamer_11806,Gaming,35810.0,8.8
2530,Streamer_1530,Gaming,30836.0,11.8
20197,Streamer_19197,Just Chatting,4719.0,2.7
9994,Streamer_8994,Arte,13126.0,10.0
3684,Streamer_2684,Musica,22869.0,11.8
2269,Streamer_1269,Esports,27386.0,7.5
18571,Streamer_17571,Gaming,25819.0,6.2
17725,Streamer_16725,Arte,42713.0,4.9
15972,Streamer_14972,Musica,758.0,2.4
19855,Streamer_18855,Musica,19612.0,3.2
19714,Streamer_18714,Esports,4940.0,5.0
11282,Streamer_10282,Arte,27644.0,1.1
4244,Streamer_3244,Musica,25860.0,3.8
15805,Streamer_14805,Gaming,4707.0,2.9
7109,Streamer_6109,Just Chatting,37025.0,4.4
11638,Streamer_10638,Musica,20980.0,8.1
16182,Streamer_15182,Gaming,10675.0,5.7
8081,Streamer_7081,Arte,3918.0,4.7
10209,Streamer_9209,Esports,2357.0,7.9
6726,Streamer_5726,Arte,49519.0,11.7
13180,Streamer_12180,Gaming,40442.0,4.3
7797,Streamer_6797,Arte,7168.0,3.6
11726,Streamer_10726,Musica,24271.0,6.7
18715,Streamer_17715,Musica,46621.0,10.9
7202,Streamer_6202,Musica,30702.0,10.9
13174,Streamer_12174,Esports,32267.0,7.7
10752,Streamer_9752,Arte,45692.0,9.5
15631,Streamer_14631,Arte,20993.0,5.9
17494,Streamer_16494,Just Chatting,11064.0,11.3
12464,Streamer_11464,Gaming,21544.0,11.1
18842,Streamer_17842,Just Chatting,34256.0,3.9
10150,Streamer_9150,Esports,42207.0,1.6
20757,Streamer_19757,Musica,9918.0,10.8
10468,Streamer_9468,Arte,6946.0,6.5
7873,Streamer_6873,Arte,37090.0,10.1
11246,Streamer_10246,Arte,3201.0,1.3
7993,Streamer_6993,Just Chatting,5917.0,4.1
19186,Streamer_18186,Musica,12169.0,1.8
16247,Streamer_15247,Musica,2231.0,6.9
2644,Streamer_1644,Esports,15429.0,7.4
7097,Streamer_6097,Esports,4594.0,2.0
9396,Streamer_8396,Just Chatting,47340.0,8.0
1995,Streamer_995,Just Chatting,9336.0,2.0
15815,Streamer_14815,Arte,43137.0,9.2
12565,Streamer_11565,Arte,30464.0,4.0
6629,Streamer_5629,Musica,33400.0,5.0
12733,Streamer_11733,Esports,34418.0,6.3
9997,Streamer_8997,Just Chatting,23382.0,7.6
13770,Streamer_12770,Esports,23302.0,1.3
20866,Streamer_19866,Arte,10547.0,8.4
4392,Streamer_3392,Esports,45170.0,3.3
5550,Streamer_4550,Musica,13350.0,6.5
15680,Streamer_14680,Arte,17816.0,4.4
18233,Streamer_17233,Just Chatting,39771.0,1.9
5445,Streamer_4445,,8884.0,4.9
9348,Streamer_8348,Arte,26165.0,7.2
7696,Streamer_6696,Gaming,22739.0,6.0
12851,Streamer_11851,Arte,9538.0,11.1
3041,Streamer_2041,Gaming,26144.0,1.1
10816,Streamer_9816,Arte,8831.0,5.1
10098,Streamer_9098,Musica,2607.0,8.5
11994,Streamer_10994,Just Chatting,40555.0,6.3
18278,Streamer_17278,Esports,22357.0,5.3
13744,Streamer_12744,Gaming,31435.0,10.3
2501,Streamer_1501,Esports,44074.0,8.3
1301,Streamer_301,Arte,49191.0,1.9
17165,Streamer_16165,Esports,12390.0,11.1
10259,Streamer_9259,Musica,25452.0,2.4
19364,Streamer_18364,Arte,7956.0,8.6
12444,Streamer_11444,Gaming,21569.0,6.9
8606,Streamer_7606,Musica,12190.0,8.8
10617,Streamer_9617,Arte,35119.0,11.6
14432,Streamer_13432,Arte,45240.0,10.2
4056,Streamer_3056,Gaming,9884.0,6.4
1665,Streamer_665,Arte,3476.0,6.1
19519,Streamer_18519,Esports,48267.0,2.5
20358,Streamer_19358,Gaming,36062.0,11.7
20206,Streamer_19206,Esports,1850.0,6.7
4907,Streamer_3907,Just Chatting,27153.0,7.4
6902,Streamer_5902,Gaming,11029.0,2.7
17479,Streamer_16479,Esports,36226.0,8.0
14886,Streamer_13886,Gaming,45566.0,5.0
7176,Streamer_6176,Esports,1352.0,11.4
4918,Streamer_3918,Arte,5101.0,9.2
1980,Streamer_980,Arte,17400.0,1.7
19060,Streamer_18060,Gaming,6028.0,6.0
6341,Streamer_5341,Gaming,19740.0,5.3
7692,Streamer_6692,Just Chatting,44729.0,2.7
17890,Streamer_16890,Gaming,39827.0,4.8
11967,Streamer_10967,Gaming,40761.0,5.3
18282,Streamer_17282,Arte,9078.0,3.6
1552,Streamer_552,Gaming,48367.0,4.7
8648,Streamer_7648,Arte,21216.0,7.7
3469,Streamer_2469,Esports,44839.0,9.8
13371,Streamer_12371,Just Chatting,33585.0,4.3
15396,Streamer_14396,Just Chatting,19081.0,5.7
19359,Streamer_18359,Gaming,42295.0,10.1
8720,Streamer_7720,Musica,7120.0,11.6
7721,Streamer_6721,Just Chatting,9836.0,4.1
19841,Streamer_18841,Musica,27910.0,8.8
5232,Streamer_4232,Esports,37490.0,9.2
13791,Streamer_12791,Esports,12753.0,9.7
3368,Streamer_2368,Musica,31658.0,3.9
14423,Streamer_13423,Esports,22899.0,9.1
3620,Streamer_2620,Esports,32802.0,7.5
1829,Streamer_829,Arte,16703.0,9.5
1729,Streamer_729,Just Chatting,14376.0,11.7
6846,Streamer_5846,Musica,27411.0,6.2
18110,Streamer_17110,Just Chatting,625.0,5.1
7808,Streamer_6808,Just Chatting,11930.0,5.1
11936,Streamer_10936,Musica,36676.0,2.2
7392,Streamer_6392,Gaming,2190.0,8.8
17122,Streamer_16122,Just Chatting,29859.0,1.9
13182,Streamer_12182,Just Chatting,5262.0,1.8
5290,Streamer_4290,Musica,36454.0,2.3
17193,Streamer_16193,Gaming,9067.0,1.3
3415,Streamer_2415,Just Chatting,12142.0,9.5
1344,Streamer_344,Esports,3929.0,9.5
20178,Streamer_19178,Esports,47717.0,5.1
20691,Streamer_19691,Esports,41222.0,9.0
7420,Streamer_6420,Gaming,8757.0,1.9
19421,Streamer_18421,Arte,7150.0,6.3
2967,Streamer_1967,Arte,38707.0,9.6
13091,Streamer_12091,,35755.0,11.4
19302,Streamer_18302,Just Chatting,38112.0,9.2
8009,Streamer_7009,Gaming,41531.0,8.4
18677,Streamer_17677,Esports,11665.0,9.7
12853,Streamer_11853,Musica,40444.0,1.0
10249,Streamer_9249,Gaming,14649.0,9.2
14280,Streamer_13280,Just Chatting,47273.0,3.3
18052,Streamer_17052,Arte,47447.0,9.1
15791,Streamer_14791,Musica,28856.0,11.4
4067,Streamer_3067,Musica,41449.0,1.8
2032,Streamer_1032,Gaming,48603.0,5.5
4199,Streamer_3199,Esports,41818.0,9.4
15141,Streamer_14141,Musica,12362.0,5.1
18219,Streamer_17219,Arte,16385.0,5.5
7570,Streamer_6570,Musica,37165.0,8.0
18024,Streamer_17024,Gaming,,2.3
2002,Streamer_1002,Arte,48143.0,4.1
15915,Streamer_14915,Gaming,12050.0,7.0
12317,Streamer_11317,Just Chatting,35225.0,1.3
5386,Streamer_4386,Musica,37259.0,6.4
8548,Streamer_7548,Just Chatting,15133.0,10.9
9151,Streamer_8151,Musica,22498.0,8.8
8310,Streamer_7310,Just Chatting,24396.0,9.0
15603,Streamer_14603,Just Chatting,39828.0,9.3
9712,Streamer_8712,Musica,17482.0,9.3
10232,Streamer_9232,Esports,28148.0,4.2
9209,Streamer_8209,Musica,14066.0,6.1
14057,Streamer_13057,Just Chatting,15628.0,6.1
11355,Streamer_10355,Just Chatting,13639.0,2.4
14151,Streamer_13151,Arte,23528.0,7.4
10662,Streamer_9662,Just Chatting,33107.0,10.4
4641,Streamer_3641,Esports,40084.0,4.3
19941,Streamer_18941,Arte,27013.0,7.6
18758,Streamer_17758,Just Chatting,19197.0,10.6
19822,Streamer_18822,Esports,12422.0,9.9
16852,Streamer_15852,Esports,32860.0,6.5
4258,Streamer_3258,Esports,35698.0,4.3
14942,Streamer_13942,Gaming,23665.0,2.3
8124,Streamer_7124,Musica,11180.0,5.6
17709,Streamer_16709,Gaming,28354.0,8.0
8419,Streamer_7419,Musica,19856.0,1.5
13061,Streamer_12061,Just Chatting,31342.0,4.7
17683,Streamer_16683,Gaming,29533.0,1.1
18048,Streamer_17048,Gaming,3956.0,6.2
16463,Streamer_15463,Musica,9128.0,8.0
19032,Streamer_18032,Just Chatting,13087.0,2.0
12686,Streamer_11686,Gaming,14252.0,11.2
8287,Streamer_7287,Musica,21302.0,4.0
11224,Streamer_10224,Gaming,13402.0,1.3
19265,Streamer_18265,Just Chatting,13106.0,11.6
17279,Streamer_16279,Gaming,44934.0,1.0
6831,Streamer_5831,Musica,2493.0,3.4
3120,Streamer_2120,Just Chatting,46749.0,11.8
4332,Streamer_3332,Just Chatting,38037.0,9.8
18626,Streamer_17626,Musica,21139.0,2.4
7656,Streamer_6656,Gaming,29943.0,1.2
2085,Streamer_1085,Gaming,39300.0,8.0
15569,Streamer_14569,Esports,11974.0,6.7
2816,Streamer_1816,Musica,38275.0,11.4
20431,Streamer_19431,Arte,28062.0,3.3
9653,Streamer_8653,Musica,43803.0,2.8
11104,Streamer_10104,Musica,10359.0,7.1
8370,Streamer_7370,Gaming,39654.0,6.4
18357,Streamer_17357,Gaming,41299.0,8.6
7792,Streamer_6792,Just Chatting,48035.0,3.2
17791,Streamer_16791,Arte,,5.7
8478,Streamer_7478,Gaming,28896.0,6.9
16532,Streamer_15532,Just Chatting,3856.0,11.8
20579,Streamer_19579,Musica,24381.0,5.9
10912,Streamer_9912,Esports,43871.0,10.9
13337,Streamer_12337,Arte,25231.0,7.4
10556,Streamer_9556,Arte,12489.0,10.6
20097,Streamer_19097,Esports,30776.0,3.3
5542,Streamer_4542,Musica,16449.0,7.8
17708,Streamer_16708,Gaming,21753.0,11.0
7112,Streamer_6112,Arte,49965.0,10.3
8155,Streamer_7155,Arte,45442.0,2.3
9856,Streamer_8856,Gaming,27491.0,9.4
3208,Streamer_2208,Gaming,33642.0,2.5
12002,Streamer_11002,Just Chatting,27413.0,7.0
17594,Streamer_16594,Gaming,22684.0,5.3
1890,Streamer_890,Musica,29394.0,3.4
15399,Streamer_14399,Just Chatting,5934.0,10.3
17716,Streamer_16716,Just Chatting,18062.0,5.7
18438,Streamer_17438,Musica,17877.0,2.6
8367,Streamer_7367,Gaming,41858.0,10.6
1967,Streamer_967,Arte,41754.0,11.4
1245,Streamer_245,Just Chatting,10095.0,6.7
20125,Streamer_19125,Gaming,10858.0,9.9
19984,Streamer_18984,Gaming,22296.0,8.1
11165,Streamer_10165,Just Chatting,29507.0,10.9
14668,Streamer_13668,Esports,23895.0,9.0
4341,Streamer_3341,Gaming,8346.0,8.2
2754,Streamer_1754,Musica,30322.0,6.9
14377,Streamer_13377,Esports,15477.0,8.2
6535,Streamer_5535,,1649.0,2.3
2323,Streamer_1323,Musica,30964.0,10.9
12145,Streamer_11145,Arte,25541.0,4.6
11645,Streamer_10645,Just Chatting,39332.0,10.8
13065,Streamer_12065,Arte,33733.0,1.9
2211,Streamer_1211,Just Chatting,39841.0,9.0
10322,Streamer_9322,Arte,6025.0,2.6
16283,Streamer_15283,Arte,42037.0,11.9
4369,Streamer_3369,Arte,43666.0,3.3
3787,Streamer_2787,Musica,34652.0,8.5
3039,Streamer_2039,Gaming,14183.0,11.7
15305,Streamer_14305,Just Chatting,38351.0,8.3
11115,Streamer_10115,Musica,30841.0,10.7
4718,Streamer_3718,Just Chatting,24305.0,5.7
15465,Streamer_14465,Gaming,3160.0,10.1
3021,Streamer_2021,Gaming,38620.0,8.4
19088,Streamer_18088,Musica,11251.0,5.4
11116,Streamer_10116,Gaming,15770.0,1.1
19945,Streamer_18945,Esports,9428.0,2.7
19672,Streamer_18672,Arte,4715.0,3.7
20205,Streamer_19205,Gaming,44011.0,7.2
18188,Streamer_17188,Arte,18987.0,8.9
15916,Streamer_14916,Just Chatting,23363.0,11.0
6422,,Arte,19989.0,3.0
12971,Streamer_11971,Musica,1065.0,9.2
1454,Streamer_454,Esports,46040.0,4.7
3342,Streamer_2342,Musica,26411.0,3.6
17253,Streamer_16253,Esports,31437.0,1.3
13435,Streamer_12435,Just Chatting,34258.0,11.5
19861,Streamer_18861,Musica,18155.0,7.4
20520,Streamer_19520,Musica,14929.0,10.5
1411,Streamer_411,Arte,42151.0,1.1
8037,Streamer_7037,Just Chatting,25187.0,8.0
2425,Streamer_1425,Arte,10330.0,10.0
15267,Streamer_14267,Just Chatting,30048.0,9.7
18832,Streamer_17832,Arte,48106.0,5.0
17766,Streamer_16766,Musica,15499.0,6.1
4416,Streamer_3416,Gaming,44795.0,10.3
12736,Streamer_11736,Esports,18991.0,9.9
7862,Streamer_6862,Arte,48540.0,7.8
5720,Streamer_4720,Musica,26779.0,1.7
10988,Streamer_9988,Arte,41193.0,1.9
12856,Streamer_11856,Just Chatting,39349.0,7.4
12913,Streamer_11913,Esports,31584.0,10.5
10279,Streamer_9279,Arte,15143.0,7.8
5396,Streamer_4396,Gaming,13225.0,4.7
13326,Streamer_12326,Just Chatting,23500.0,11.0
10312,Streamer_9312,Arte,27520.0,11.9
3587,Streamer_2587,Musica,4634.0,4.7
13835,Streamer_12835,Just Chatting,19035.0,3.2
2404,Streamer_1404,Esports,21782.0,8.6
6384,Streamer_5384,Gaming,18982.0,9.3
7452,Streamer_6452,Esports,19591.0,3.4
18570,Streamer_17570,Just Chatting,30485.0,5.8
12286,Streamer_11286,Just Chatting,19677.0,1.9
2880,Streamer_1880,Arte,41502.0,10.9
12580,Streamer_11580,Just Chatting,15871.0,5.1
3006,Streamer_2006,Arte,440.0,10.6
7965,Streamer_6965,Arte,12134.0,1.3
7615,Streamer_6615,Musica,17692.0,9.4
13059,Streamer_12059,Gaming,11251.0,3.8
10234,Streamer_9234,Just Chatting,34590.0,2.3
2956,Streamer_1956,Gaming,46638.0,1.8
10615,Streamer_9615,Esports,11696.0,9.3
4778,Streamer_3778,Gaming,2063.0,7.5
8985,Streamer_7985,Esports,33133.0,3.8
6589,Streamer_5589,Just Chatting,10550.0,7.1
8904,Streamer_7904,Esports,30074.0,1.5
11021,Streamer_10021,Esports,24382.0,3.4
4488,Streamer_3488,Arte,48931.0,2.8
13401,Streamer_12401,Gaming,14787.0,4.1
14704,Streamer_13704,Arte,48358.0,3.4
1403,Streamer_403,Arte,8281.0,9.3
3765,Streamer_2765,Musica,44184.0,2.6
1420,Streamer_420,Arte,8836.0,7.5
4299,Streamer_3299,Musica,28335.0,7.5
19250,Streamer_18250,Arte,12802.0,10.3
3317,Streamer_2317,Gaming,10148.0,1.8
18456,Streamer_17456,Esports,30350.0,2.5
16003,Streamer_15003,Musica,4209.0,9.8
6605,Streamer_5605,Just Chatting,11946.0,8.7
5589,Streamer_4589,Musica,5101.0,1.8
19748,Streamer_18748,Gaming,42033.0,9.1
11099,Streamer_10099,Musica,48096.0,7.6
13923,Streamer_12923,Esports,47447.0,8.2
6494,Streamer_5494,Musica,44120.0,1.3
11379,Streamer_10379,Musica,18964.0,8.7
3391,Streamer_2391,Gaming,1340.0,5.7
12228,Streamer_11228,Gaming,17458.0,1.9
15059,Streamer_14059,Musica,39254.0,4.8
15976,Streamer_14976,Arte,5197.0,6.6
7266,Streamer_6266,Esports,46181.0,10.7
3411,Streamer_2411,Gaming,47648.0,10.0
14527,Streamer_13527,Just Chatting,4811.0,6.6
5283,Streamer_4283,Esports,3791.0,6.3
12041,Streamer_11041,Esports,3449.0,5.0
20281,Streamer_19281,Esports,25482.0,8.9
2186,Streamer_1186,Esports,30633.0,6.7
8862,Streamer_7862,Gaming,28201.0,5.9
2617,Streamer_1617,Gaming,6078.0,3.3
13561,Streamer_12561,Esports,,2.3
17882,Streamer_16882,Just Chatting,23500.0,5.9
15676,Streamer_14676,Gaming,11004.0,8.9
7685,Streamer_6685,,30692.0,1.2
12793,Streamer_11793,Musica,21137.0,5.6
9133,Streamer_8133,Just Chatting,29584.0,9.4
1297,Streamer_297,Esports,10341.0,2.1
18141,Streamer_17141,Gaming,32573.0,5.0
12958,Streamer_11958,,26636.0,7.2
18582,Streamer_17582,Just Chatting,1778.0,10.8
20620,Streamer_19620,Just Chatting,34043.0,8.9
20554,Streamer_19554,Gaming,10284.0,7.9
1747,Streamer_747,Just Chatting,48421.0,11.9
14045,Streamer_13045,Esports,48735.0,12.0
14433,Streamer_13433,Esports,37571.0,11.1
9541,Streamer_8541,Arte,22945.0,5.2
1808,Streamer_808,Esports,48530.0,9.3
6805,Streamer_5805,Musica,12526.0,9.5
10718,Streamer_9718,Musica,38407.0,7.2
4670,Streamer_3670,Just Chatting,13015.0,10.0
1690,Streamer_690,Gaming,43941.0,7.7
1509,Streamer_509,Just Chatting,1469.0,8.8
15991,Streamer_14991,Esports,38013.0,4.4
11987,Streamer_10987,Arte,2493.0,11.5
6930,Streamer_5930,Esports,8894.0,9.5
18925,Streamer_17925,Just Chatting,9132.0,8.9
13303,Streamer_12303,,42483.0,4.7
1433,Streamer_433,Just Chatting,42444.0,6.9
16225,Streamer_15225,Gaming,42151.0,9.3
17856,Streamer_16856,Just Chatting,11798.0,3.4
8901,Streamer_7901,Esports,24251.0,10.3
18700,Streamer_17700,Gaming,45738.0,9.7
3233,Streamer_2233,Musica,21490.0,8.7
14992,Streamer_13992,Gaming,39696.0,3.8
20901,Streamer_19901,Just Chatting,14836.0,5.7
13027,Streamer_12027,Arte,42979.0,1.4
9503,Streamer_8503,Gaming,17853.0,12.0
13595,Streamer_12595,Musica,22259.0,7.2
14431,Streamer_13431,Gaming,9497.0,6.7
8987,Streamer_7987,Just Chatting,18741.0,10.0
17818,Streamer_16818,,13467.0,4.8
19447,Streamer_18447,Esports,31800.0,2.7
16396,Streamer_15396,Gaming,3022.0,10.9
7313,Streamer_6313,Gaming,18174.0,6.6
8130,Streamer_7130,Esports,42886.0,3.2
4417,Streamer_3417,Esports,41501.0,8.4
6614,Streamer_5614,Gaming,7341.0,10.1
12522,Streamer_11522,,11134.0,9.0
16095,Streamer_15095,Just Chatting,3912.0,8.8
16481,Streamer_15481,Musica,169.0,6.5
10791,Streamer_9791,Esports,44659.0,1.9
7535,Streamer_6535,Arte,9148.0,3.2
20391,Streamer_19391,Gaming,22599.0,1.3
12011,Streamer_11011,Musica,30290.0,5.1
5734,Streamer_4734,Musica,41371.0,4.2
2160,Streamer_1160,Musica,40931.0,10.0
4662,Streamer_3662,Esports,19511.0,3.4
3184,Streamer_2184,Just Chatting,49338.0,4.2
6467,Streamer_5467,Musica,6084.0,7.9
6799,Streamer_5799,Musica,39885.0,5.9
13292,Streamer_12292,Esports,32063.0,2.9
1120,Streamer_120,Just Chatting,1812.0,8.7
20302,Streamer_19302,Esports,18183.0,2.9
18173,Streamer_17173,Just Chatting,44721.0,10.8
6217,Streamer_5217,Gaming,7109.0,8.2
11226,Streamer_10226,Arte,49422.0,11.3
15302,Streamer_14302,Just Chatting,6382.0,8.9
9817,Streamer_8817,Esports,20571.0,9.2
5540,Streamer_4540,Arte,11011.0,1.4
9138,Streamer_8138,Arte,36085.0,7.6
17404,Streamer_16404,Arte,45405.0,4.9
13300,Streamer_12300,Arte,7183.0,4.8
14552,Streamer_13552,Gaming,9072.0,9.2
12388,Streamer_11388,Arte,33975.0,5.2
4371,Streamer_3371,Esports,19249.0,6.3
12119,Streamer_11119,Arte,12959.0,7.6
16882,Streamer_15882,Arte,45748.0,5.0
8975,Streamer_7975,Musica,17103.0,9.2
2520,Streamer_1520,Arte,7926.0,3.3
15900,Streamer_14900,Just Chatting,16465.0,7.9
12540,Streamer_11540,Arte,9333.0,2.2
14149,Streamer_13149,Esports,20581.0,4.2
19840,Streamer_18840,Just Chatting,29538.0,1.4
8506,Streamer_7506,Musica,29777.0,3.6
2557,Streamer_1557,Gaming,41626.0,12.0
5686,Streamer_4686,Gaming,40297.0,10.7
20790,Streamer_19790,Gaming,18941.0,11.1
16539,Streamer_15539,Arte,35343.0,9.7
2265,Streamer_1265,Musica,34610.0,6.0
13519,Streamer_12519,Gaming,3973.0,9.7
20371,Streamer_19371,Esports,4615.0,3.4
15985,Streamer_14985,Arte,6955.0,2.7
3761,Streamer_2761,Musica,40268.0,2.8
12285,Streamer_11285,Just Chatting,249.0,8.4
18033,Streamer_17033,Esports,47886.0,6.4
2038,Streamer_1038,Esports,10055.0,8.1
18087,Streamer_17087,Arte,37781.0,8.0
8797,Streamer_7797,Arte,37845.0,11.5
6355,Streamer_5355,Gaming,14770.0,7.7
13077,Streamer_12077,Just Chatting,29330.0,7.5
8302,Streamer_7302,Musica,42325.0,10.6
18285,Streamer_17285,Esports,29570.0,7.3
4652,Streamer_3652,Gaming,46578.0,1.6
13446,Streamer_12446,Musica,1869.0,6.6
14953,Streamer_13953,Arte,37743.0,8.1
7738,Streamer_6738,Esports,18115.0,3.5
1594,,Musica,49514.0,10.1
18071,Streamer_17071,Gaming,28680.0,2.5
5806,Streamer_4806,Musica,3332.0,2.2
8940,Streamer_7940,Musica,49588.0,7.9
12352,Streamer_11352,Arte,21888.0,7.6
10417,Streamer_9417,Just Chatting,5517.0,1.1
10013,Streamer_9013,Esports,37399.0,6.4
10593,Streamer_9593,Esports,43171.0,2.4
15852,Streamer_14852,Arte,15561.0,4.0
12312,Streamer_11312,Musica,3511.0,6.7
8001,Streamer_7001,Gaming,22051.0,6.9
18276,Streamer_17276,Musica,31444.0,4.9
7446,Streamer_6446,Arte,21430.0,11.7
19479,Streamer_18479,Just Chatting,46555.0,5.5
3014,Streamer_2014,Esports,44631.0,10.7
8230,Streamer_7230,Gaming,43592.0,3.0
14196,Streamer_13196,Musica,45413.0,11.5
20044,Streamer_19044,Musica,44169.0,7.8
16709,Streamer_15709,Arte,26430.0,6.5
14080,Streamer_13080,Esports,13624.0,1.8
2716,Streamer_1716,Just Chatting,4423.0,8.3
12246,Streamer_11246,Esports,21073.0,10.1
2165,Streamer_1165,Gaming,34073.0,1.4
5019,Streamer_4019,Gaming,19470.0,2.9
18569,Streamer_17569,Esports,49729.0,3.5
13748,Streamer_12748,Gaming,43867.0,10.5
3088,Streamer_2088,Musica,45723.0,2.2
4883,Streamer_3883,Just Chatting,3363.0,6.6
9127,Streamer_8127,Just Chatting,2304.0,2.2
15845,Streamer_14845,Arte,36624.0,11.3
13297,Streamer_12297,,28505.0,5.6
2486,Streamer_1486,Musica,44781.0,8.3
10571,Streamer_9571,Gaming,19250.0,2.6
20456,Streamer_19456,Just Chatting,16606.0,8.9
15974,Streamer_14974,Musica,14835.0,3.3
4170,Streamer_3170,Musica,26787.0,3.4
4645,Streamer_3645,Esports,36885.0,7.6
17106,Streamer_16106,Just Chatting,49758.0,2.3
15135,Streamer_14135,Musica,21879.0,5.7
14630,Streamer_13630,Esports,20602.0,1.2
18814,Streamer_17814,Just Chatting,20472.0,4.2
6322,Streamer_5322,Arte,37991.0,6.3
1382,Streamer_382,Musica,754.0,10.2
19666,Streamer_18666,Esports,43153.0,11.6
11888,Streamer_10888,Musica,48992.0,6.6
2846,Streamer_1846,Just Chatting,48410.0,4.7
9435,Streamer_8435,Musica,35779.0,5.9
15535,Streamer_14535,Gaming,10406.0,5.7
2181,Streamer_1181,Just Chatting,40302.0,3.7
20828,Streamer_19828,Gaming,12397.0,3.4
19257,Streamer_18257,Esports,40061.0,4.3
18464,Streamer_17464,Gaming,,10.0
12705,Streamer_11705,,978.0,9.5
19372,Streamer_18372,Esports,45262.0,4.4
4867,Streamer_3867,Arte,37881.0,4.9
6513,Streamer_5513,,10977.0,2.7
14569,Streamer_13569,Gaming,9595.0,11.8
20322,Streamer_19322,Arte,406.0,5.0
10572,Streamer_9572,Gaming,24151.0,8.9
9975,Streamer_8975,Gaming,21496.0,5.6
4409,Streamer_3409,Gaming,27965.0,8.7
9610,Streamer_8610,Arte,39991.0,8.0
2418,Streamer_1418,Just Chatting,2337.0,9.3
5737,,Gaming,11596.0,6.1
15120,Streamer_14120,Just Chatting,20463.0,4.9
14589,,Just Chatting,28703.0,5.6
13966,Streamer_12966,Arte,35406.0,2.3
6622,Streamer_5622,Musica,26868.0,10.0
6411,Streamer_5411,Arte,11686.0,2.4
6505,Streamer_5505,Esports,45549.0,11.8
1489,Streamer_489,Just Chatting,37640.0,5.5
9200,Streamer_8200,Esports,35590.0,3.9
18196,Streamer_17196,Esports,46499.0,10.5
13626,Streamer_12626,Just Chatting,14425.0,9.4
11800,Streamer_10800,Just Chatting,14690.0,10.1
20576,Streamer_19576,Just Chatting,27210.0,8.3
6942,Streamer_5942,Musica,25448.0,9.3
4931,Streamer_3931,Just Chatting,40376.0,5.9
6904,Streamer_5904,Gaming,37088.0,6.7
6054,Streamer_5054,Arte,24218.0,4.9
20877,Streamer_19877,Gaming,21931.0,1.4
7666,Streamer_6666,Esports,47190.0,2.3
20451,Streamer_19451,Arte,41619.0,4.2
20366,Streamer_19366,Musica,28298.0,7.0
6575,Streamer_5575,Gaming,38822.0,11.1
20415,Streamer_19415,Musica,6035.0,2.0
6581,Streamer_5581,Arte,29333.0,4.2
20238,Streamer_19238,Esports,30485.0,8.7
3114,Streamer_2114,Arte,16551.0,4.8
16580,Streamer_15580,Just Chatting,39688.0,7.9
5301,Streamer_4301,Esports,41627.0,10.3
13880,Streamer_12880,Arte,15064.0,6.4
16792,Streamer_15792,Just Chatting,19651.0,7.4
4739,Streamer_3739,Gaming,44651.0,9.0
7684,Streamer_6684,Just Chatting,1736.0,4.5
9656,Streamer_8656,Arte,39959.0,11.7
16457,Streamer_15457,Esports,17955.0,4.0
4956,Streamer_3956,Gaming,43203.0,10.5
15497,Streamer_14497,Musica,9423.0,5.9
2851,Streamer_1851,Arte,20412.0,7.9
6939,Streamer_5939,Musica,23888.0,4.2
13621,Streamer_12621,Just Chatting,194.0,8.3
1826,Streamer_826,Gaming,5310.0,4.2
18699,Streamer_17699,Musica,48942.0,10.8
18929,,Musica,26455.0,1.8
2810,Streamer_1810,Arte,,10.4
7086,Streamer_6086,,44008.0,10.6
15086,Streamer_14086,Gaming,32143.0,2.3
7203,Streamer_6203,Esports,36072.0,1.6
8588,Streamer_7588,Esports,21040.0,6.1
9797,Streamer_8797,Musica,46253.0,4.9
19097,Streamer_18097,Gaming,30187.0,9.2
3077,Streamer_2077,Arte,16111.0,2.2
14517,Streamer_13517,Musica,25951.0,10.3
10613,Streamer_9613,Arte,,1.7
9049,Streamer_8049,Just Chatting,42237.0,2.5
10085,Streamer_9085,Gaming,41337.0,1.6
1502,Streamer_502,Esports,24760.0,1.4
8397,Streamer_7397,Esports,1562.0,11.4
8428,Streamer_7428,Gaming,45250.0,8.9
5033,Streamer_4033,Gaming,30460.0,11.5
12786,Streamer_11786,Just Chatting,21566.0,7.1
17911,Streamer_16911,Arte,30627.0,1.3
7448,Streamer_6448,Just Chatting,655.0,5.2
13206,Streamer_12206,Gaming,36911.0,6.9
9003,Streamer_8003,Just Chatting,42391.0,2.6
1927,Streamer_927,Just Chatting,11691.0,1.5
15564,Streamer_14564,Arte,9641.0,2.2
2986,Streamer_1986,Esports,46139.0,10.4
19859,Streamer_18859,Just Chatting,39986.0,10.6
13932,Streamer_12932,Gaming,22933.0,8.4
17396,Streamer_16396,Just Chatting,21589.0,2.8
19011,Streamer_18011,Musica,10274.0,5.8
18120,Streamer_17120,Just Chatting,,8.2
10736,Streamer_9736,Musica,16305.0,5.9
15437,Streamer_14437,Just Chatting,18423.0,3.3
19696,Streamer_18696,Musica,48498.0,4.9
12046,Streamer_11046,Gaming,40555.0,4.0
5151,Streamer_4151,Gaming,7401.0,4.9
16177,Streamer_15177,Esports,45545.0,9.7
6848,Streamer_5848,Just Chatting,39814.0,8.9
16566,Streamer_15566,Esports,33452.0,8.3
12692,Streamer_11692,Gaming,8016.0,1.5
6329,Streamer_5329,Musica,5334.0,4.5
14069,Streamer_13069,Just Chatting,20194.0,1.3
16469,Streamer_15469,Gaming,21929.0,10.1
10599,Streamer_9599,Gaming,33200.0,1.3
16248,Streamer_15248,Just Chatting,19184.0,5.2
17729,Streamer_16729,Gaming,30630.0,11.9
13734,Streamer_12734,Arte,2332.0,1.6
12492,Streamer_11492,Arte,39547.0,11.3
7723,Streamer_6723,Just Chatting,29614.0,9.0
8796,Streamer_7796,Gaming,17640.0,11.6
12969,Streamer_11969,Arte,24451.0,8.4
2483,Streamer_1483,,6855.0,2.7
13066,Streamer_12066,Esports,25586.0,1.6
9320,Streamer_8320,Gaming,4038.0,1.0
19503,Streamer_18503,Arte,38392.0,5.0
2851,Streamer_1851,Arte,20412.0,7.9
17717,Streamer_16717,Arte,4941.0,9.6
14049,Streamer_13049,Esports,41800.0,2.7
1456,Streamer_456,Esports,35587.0,6.9
18930,Streamer_17930,Musica,12221.0,11.5
12309,Streamer_11309,Esports,17909.0,9.6
15430,Streamer_14430,Gaming,11350.0,6.8
6154,Streamer_5154,Arte,23234.0,10.1
9680,Streamer_8680,Arte,34180.0,6.2
3164,Streamer_2164,Arte,37.0,8.1
17299,Streamer_16299,Musica,5357.0,11.9
5752,Streamer_4752,Arte,21505.0,11.9
14762,Streamer_13762,Just Chatting,45698.0,6.0
11139,,Musica,41698.0,7.9
5787,Streamer_4787,Esports,46992.0,2.8
7184,Streamer_6184,Gaming,4269.0,8.4
13668,Streamer_12668,Esports,7218.0,3.9
9470,Streamer_8470,Just Chatting,30435.0,4.7
3404,Streamer_2404,Esports,14175.0,5.9
1294,Streamer_294,Just Chatting,3474.0,1.6
18617,Streamer_17617,Musica,15958.0,7.3
18947,Streamer_17947,Gaming,47082.0,1.6
3245,Streamer_2245,Musica,4676.0,6.9
15808,Streamer_14808,Gaming,17770.0,10.7
17262,Streamer_16262,Esports,46925.0,1.8
3509,Streamer_2509,Musica,8316.0,11.4
1372,Streamer_372,Esports,6623.0,8.3
17357,,Musica,47484.0,11.7
2317,Streamer_1317,Musica,7151.0,11.5
2551,Streamer_1551,Esports,14659.0,10.0
17511,Streamer_16511,Just Chatting,26998.0,6.5
3165,Streamer_2165,Just Chatting,31897.0,11.1
17929,Streamer_16929,Arte,19039.0,4.3
11837,Streamer_10837,Musica,47899.0,3.7
17502,Streamer_16502,Just Chatting,5489.0,4.4
16840,Streamer_15840,,23631.0,1.4
15619,Streamer_14619,Musica,49362.0,2.8
4429,Streamer_3429,Just Chatting,48233.0,9.4
3209,Streamer_2209,Esports,5648.0,11.2
4688,Streamer_3688,Gaming,10499.0,9.1
16755,Streamer_15755,Just Chatting,31011.0,10.3
18508,Streamer_17508,Gaming,20177.0,6.8
3844,Streamer_2844,Arte,11758.0,5.2
4810,Streamer_3810,Musica,33931.0,5.1
2337,Streamer_1337,Arte,19142.0,10.0
15111,Streamer_14111,Just Chatting,26906.0,3.4
5595,Streamer_4595,Just Chatting,2794.0,4.7
19468,Streamer_18468,Just Chatting,46578.0,2.1
4733,Streamer_3733,Musica,28860.0,7.6
2756,Streamer_1756,Gaming,752.0,6.9
8281,Streamer_7281,Esports,46188.0,9.6
9722,Streamer_8722,Esports,13524.0,10.3
8185,Streamer_7185,Arte,43001.0,7.2
19699,Streamer_18699,Just Chatting,28222.0,8.9
2158,Streamer_1158,Arte,668.0,6.2
19145,Streamer_18145,Just Chatting,4500.0,5.6
16947,Streamer_15947,Musica,10211.0,9.3
8253,Streamer_7253,Just Chatting,31783.0,10.6
20351,Streamer_19351,Gaming,42712.0,5.2
6563,Streamer_5563,Just Chatting,45893.0,4.2
2955,Streamer_1955,Musica,24396.0,2.5
3408,Streamer_2408,Just Chatting,9685.0,8.7
15666,Streamer_14666,Arte,5653.0,7.3
20402,Streamer_19402,Esports,12361.0,5.8
14632,Streamer_13632,,41678.0,10.6
5142,Streamer_4142,Esports,47921.0,6.3
15371,Streamer_14371,Gaming,18784.0,8.9
14987,Streamer_13987,Just Chatting,41711.0,10.1
12796,Streamer_11796,Musica,17914.0,9.7
6487,Streamer_5487,Arte,21024.0,7.2
13751,Streamer_12751,Musica,25594.0,4.0
20324,Streamer_19324,Musica,29169.0,2.7
11794,Streamer_10794,Esports,,8.4
10314,Streamer_9314,Musica,34313.0,10.1
3691,Streamer_2691,Arte,18174.0,4.0
5110,Streamer_4110,Gaming,33323.0,10.3
4410,Streamer_3410,Arte,34786.0,9.4
20871,Streamer_19871,Gaming,19216.0,7.0
2375,Streamer_1375,Just Chatting,1849.0,7.2
5359,Streamer_4359,Musica,43031.0,5.7
17184,,Just Chatting,32424.0,2.1
8698,Streamer_7698,Esports,19170.0,7.6
14405,Streamer_13405,Esports,28297.0,7.5
17874,Streamer_16874,Musica,27453.0,1.1
20249,Streamer_19249,Musica,45055.0,3.7
5662,Streamer_4662,Arte,22516.0,4.2
19575,Streamer_18575,Just Chatting,49450.0,10.8
17327,Streamer_16327,Musica,11843.0,9.6
7197,Streamer_6197,Musica,28150.0,6.5
5538,Streamer_4538,Musica,23200.0,3.9
1443,Streamer_443,Musica,31903.0,8.1
19908,Streamer_18908,Musica,1029.0,2.5
20659,Streamer_19659,Esports,15591.0,2.5
16995,Streamer_15995,Esports,21035.0,4.0
20843,Streamer_19843,Arte,46127.0,1.4
2008,Streamer_1008,Esports,36885.0,8.6
14865,Streamer_13865,Just Chatting,11269.0,3.7
14538,Streamer_13538,Esports,38703.0,6.2
19117,Streamer_18117,Just Chatting,11424.0,4.7
10333,Streamer_9333,,8177.0,5.6
9145,Streamer_8145,Gaming,49436.0,3.0
19515,Streamer_18515,Musica,36785.0,8.6
15670,Streamer_14670,Esports,36037.0,3.3
6822,Streamer_5822,Just Chatting,10428.0,5.4
9771,Streamer_8771,Gaming,30066.0,7.6
12213,Streamer_11213,Just Chatting,3332.0,11.1
18788,Streamer_17788,Arte,6655.0,8.0
13837,Streamer_12837,Arte,30820.0,10.7
5117,Streamer_4117,,48129.0,5.7
10653,Streamer_9653,Gaming,11012.0,8.1
8979,Streamer_7979,Gaming,36533.0,10.7
14345,Streamer_13345,Esports,703.0,2.5
3019,Streamer_2019,Musica,37370.0,6.8
9691,Streamer_8691,,1316.0,10.3
17182,Streamer_16182,Esports,19174.0,6.6
10660,Streamer_9660,Musica,9672.0,11.6
2058,Streamer_1058,Esports,39840.0,10.1
18573,Streamer_17573,Arte,45123.0,5.6
8194,Streamer_7194,Gaming,16384.0,6.2
1206,Streamer_206,Just Chatting,37079.0,5.7
16100,Streamer_15100,Esports,472.0,3.1
17667,Streamer_16667,Just Chatting,40650.0,9.9
11832,Streamer_10832,Just Chatting,8572.0,10.4
20251,Streamer_19251,Musica,27259.0,3.5
10424,Streamer_9424,Gaming,27812.0,3.7
6360,Streamer_5360,Arte,45254.0,8.4
8113,Streamer_7113,Arte,37893.0,11.2
11667,Streamer_10667,Arte,43088.0,4.1
4674,Streamer_3674,Gaming,22161.0,11.9
13336,Streamer_12336,Arte,28373.0,5.2
1170,Streamer_170,Gaming,26042.0,11.1
6861,Streamer_5861,Esports,17977.0,9.7
4029,Streamer_3029,Musica,20196.0,3.7
7459,Streamer_6459,Arte,23413.0,7.0
6430,Streamer_5430,Esports,48047.0,5.6
3645,Streamer_2645,Just Chatting,28168.0,9.0
15057,Streamer_14057,Arte,35303.0,6.7
9516,Streamer_8516,Musica,11211.0,2.6
14843,Streamer_13843,Just Chatting,30758.0,10.1
15917,Streamer_14917,Gaming,20663.0,3.5
15862,Streamer_14862,Esports,7117.0,2.0
6983,Streamer_5983,Just Chatting,11678.0,1.9
7151,Streamer_6151,Just Chatting,35019.0,5.4
13940,Streamer_12940,Esports,33880.0,3.9
5544,Streamer_4544,Esports,47844.0,11.2
9625,Streamer_8625,Esports,16222.0,11.1
12577,Streamer_11577,Gaming,26854.0,7.6
17500,Streamer_16500,Gaming,40221.0,11.0
19624,Streamer_18624,Musica,20299.0,5.0
20144,Streamer_19144,Just Chatting,40494.0,2.4
12378,Streamer_11378,Esports,15329.0,10.8
10506,Streamer_9506,Esports,2373.0,10.8
5329,Streamer_4329,Arte,47194.0,3.5
12656,Streamer_11656,Just Chatting,24517.0,3.7
18262,Streamer_17262,Just Chatting,38400.0,6.1
8226,Streamer_7226,Gaming,4521.0,5.7
19312,Streamer_18312,Just Chatting,11330.0,10.8
17682,Streamer_16682,Arte,49211.0,4.8
14194,Streamer_13194,Gaming,3198.0,8.9
11346,Streamer_10346,Esports,13401.0,7.8
9213,Streamer_8213,Just Chatting,21586.0,10.3
14979,Streamer_13979,Arte,46078.0,5.3
4904,Streamer_3904,Just Chatting,8922.0,7.3
10575,Streamer_9575,Just Chatting,3838.0,5.5
18568,Streamer_17568,Just Chatting,4452.0,5.5
8732,Streamer_7732,Arte,16740.0,10.8
2910,Streamer_1910,Esports,14655.0,9.6
12340,Streamer_11340,Just Chatting,35054.0,7.0
5105,Streamer_4105,Arte,48973.0,2.6
6522,Streamer_5522,Gaming,39556.0,3.3
2581,Streamer_1581,Just Chatting,8759.0,10.7
14965,Streamer_13965,Gaming,34187.0,3.4
9095,Streamer_8095,Just Chatting,46029.0,10.3
3534,Streamer_2534,Arte,38573.0,9.8
8143,Streamer_7143,Musica,9282.0,10.7
14618,Streamer_13618,Musica,43065.0,4.3
16922,Streamer_15922,Esports,42594.0,3.5
5478,Streamer_4478,Arte,8415.0,3.9
8612,Streamer_7612,Musica,27570.0,11.7
16391,Streamer_15391,Esports,22085.0,5.2
3066,Streamer_2066,Esports,20548.0,5.1
13801,Streamer_12801,Gaming,23471.0,6.6
2702,Streamer_1702,Gaming,5824.0,4.0
13450,Streamer_12450,,41481.0,3.3
19029,Streamer_18029,Arte,34067.0,9.3
17365,Streamer_16365,,15421.0,7.5
3067,Streamer_2067,Esports,18514.0,3.1
12104,Streamer_11104,,40073.0,7.4
10264,Streamer_9264,Just Chatting,14590.0,4.7
18236,Streamer_17236,Arte,33365.0,3.1
1528,Streamer_528,Just Chatting,10670.0,11.9
5031,Streamer_4031,Esports,28021.0,4.0
10151,Streamer_9151,Arte,45151.0,8.3
11661,Streamer_10661,Musica,28531.0,11.3
2951,Streamer_1951,Just Chatting,30503.0,7.4
12966,Streamer_11966,,2529.0,2.0
17969,Streamer_16969,Just Chatting,7957.0,11.0
15543,Streamer_14543,Musica,42955.0,7.7
5099,Streamer_4099,Arte,36502.0,9.9
13602,Streamer_12602,,6081.0,4.0
11866,Streamer_10866,Gaming,48860.0,10.0
7017,Streamer_6017,Just Chatting,14280.0,5.4
1251,Streamer_251,Musica,44349.0,4.0
11438,Streamer_10438,Just Chatting,5232.0,11.0
9566,Streamer_8566,Esports,49292.0,5.1
5008,Streamer_4008,,6161.0,5.6
4124,Streamer_3124,Musica,9731.0,1.3
15386,Streamer_14386,Gaming,36260.0,11.0
11854,Streamer_10854,Arte,28101.0,8.1
4500,Streamer_3500,Arte,21563.0,8.6
2591,Streamer_1591,Musica,11216.0,4.0
11647,Streamer_10647,Gaming,23031.0,1.9
17953,Streamer_16953,Gaming,1947.0,4.9
3680,Streamer_2680,Esports,15474.0,9.0
12753,Streamer_11753,Arte,27602.0,9.2
11100,Streamer_10100,Just Chatting,27710.0,2.7
14804,Streamer_13804,Gaming,27492.0,4.0
11162,Streamer_10162,Gaming,35478.0,11.8
12290,Streamer_11290,Esports,23688.0,2.0
6583,Streamer_5583,Esports,37103.0,5.1
9359,Streamer_8359,Arte,39900.0,5.0
2204,Streamer_1204,Arte,15915.0,2.4
7248,Streamer_6248,Musica,12091.0,10.7
12373,Streamer_11373,Arte,33903.0,10.5
15629,Streamer_14629,Arte,45657.0,7.4
17548,Streamer_16548,Musica,31344.0,1.2
18845,Streamer_17845,Musica,17410.0,2.5
15304,Streamer_14304,Musica,5185.0,2.2
6350,Streamer_5350,Just Chatting,248.0,6.5
7025,Streamer_6025,Esports,24677.0,1.6
1000,Streamer_0,Just Chatting,24116.0,2.0
3389,Streamer_2389,Gaming,23317.0,8.9
7939,Streamer_6939,Esports,7770.0,11.7
11508,Streamer_10508,Gaming,13912.0,9.2
2440,Streamer_1440,Arte,46809.0,5.3
18514,Streamer_17514,Just Chatting,36589.0,2.2
14232,Streamer_13232,Just Chatting,26839.0,9.3
8608,Streamer_7608,Gaming,28902.0,4.0
19746,Streamer_18746,Just Chatting,38195.0,3.8
5029,Streamer_4029,Just Chatting,3985.0,7.3
13360,Streamer_12360,Just Chatting,970.0,3.4
6003,Streamer_5003,Musica,20335.0,2.2
10003,Streamer_9003,Musica,12650.0,8.0
2154,Streamer_1154,Arte,45690.0,5.0
2819,Streamer_1819,,1317.0,1.4
8734,Streamer_7734,Gaming,32152.0,4.4
16777,Streamer_15777,Just Chatting,,5.3
16578,Streamer_15578,Esports,6101.0,6.4
14715,Streamer_13715,Gaming,21956.0,11.7
10188,Streamer_9188,Musica,38474.0,3.5
5027,Streamer_4027,Esports,48513.0,7.9
2775,Streamer_1775,Esports,45186.0,1.4
13082,Streamer_12082,Esports,21065.0,3.9
4137,Streamer_3137,Just Chatting,26082.0,8.4
18616,Streamer_17616,Esports,33289.0,8.1
5843,Streamer_4843,Musica,21853.0,8.8
15910,Streamer_14910,Just Chatting,48418.0,1.3
15303,Streamer_14303,Esports,8426.0,2.7
18145,Streamer_17145,Just Chatting,23529.0,7.0
9210,Streamer_8210,Arte,41079.0,9.6
19448,Streamer_18448,Arte,708.0,5.2
18022,Streamer_17022,Just Chatting,9332.0,7.8
9672,Streamer_8672,Just Chatting,32705.0,11.1
9504,Streamer_8504,Just Chatting,7686.0,1.3
12289,Streamer_11289,Esports,12571.0,10.7
18175,Streamer_17175,Just Chatting,13175.0,6.3
8044,Streamer_7044,Arte,33309.0,9.0
9118,Streamer_8118,Gaming,250.0,10.0
12891,Streamer_11891,Gaming,32776.0,8.5
7937,Streamer_6937,Arte,24396.0,10.7
6352,Streamer_5352,Gaming,44351.0,1.4
10142,Streamer_9142,Just Chatting,21802.0,5.1
5894,Streamer_4894,Just Chatting,36337.0,2.4
18591,Streamer_17591,Arte,40691.0,1.9
6771,Streamer_5771,Esports,20202.0,9.2
9805,Streamer_8805,Esports,8273.0,4.6
4939,Streamer_3939,Just Chatting,32057.0,10.4
7598,Streamer_6598,Musica,39886.0,9.3
20653,Streamer_19653,Gaming,1376.0,8.7
17248,Streamer_16248,Just Chatting,7746.0,6.4
1901,Streamer_901,,31740.0,7.3
9426,Streamer_8426,Arte,32397.0,11.2
6260,Streamer_5260,Arte,13523.0,4.5
1323,Streamer_323,Gaming,21155.0,11.7
5829,Streamer_4829,Esports,5131.0,4.8
5754,Streamer_4754,Gaming,37416.0,4.3
4130,,Gaming,44586.0,3.1
7049,Streamer_6049,Esports,11140.0,4.0
15756,Streamer_14756,Gaming,37411.0,8.1
3383,Streamer_2383,Arte,7431.0,1.8
17601,Streamer_16601,Musica,4825.0,9.4
18222,Streamer_17222,Esports,42648.0,7.9
2389,Streamer_1389,Arte,12479.0,8.9
2320,Streamer_1320,Arte,8694.0,1.7
20610,Streamer_19610,Esports,25474.0,2.8
11214,Streamer_10214,Musica,40129.0,6.1
4746,Streamer_3746,Gaming,7438.0,10.2
17496,Streamer_16496,Esports,2005.0,5.4
2495,Streamer_1495,Esports,47816.0,9.7
7012,Streamer_6012,Gaming,1906.0,3.8
3220,Streamer_2220,Musica,43652.0,8.7
3377,Streamer_2377,Just Chatting,21702.0,4.0
15672,Streamer_14672,Just Chatting,4447.0,9.6
4588,Streamer_3588,Musica,40146.0,3.2
7055,Streamer_6055,Gaming,38639.0,9.2
5217,Streamer_4217,Just Chatting,40483.0,11.1
9024,Streamer_8024,Just Chatting,6267.0,5.8
18859,Streamer_17859,Musica,48318.0,1.7
11818,Streamer_10818,Arte,41307.0,7.6
10438,Streamer_9438,Esports,17540.0,8.8
3665,Streamer_2665,Esports,43374.0,2.4
18458,Streamer_17458,Esports,26785.0,3.7
18252,Streamer_17252,Musica,46548.0,3.7
20556,Streamer_19556,Just Chatting,21834.0,1.8
5608,Streamer_4608,Gaming,29767.0,3.4
1017,Streamer_17,Esports,26169.0,6.3
11573,Streamer_10573,Arte,4500.0,1.7
4082,Streamer_3082,Musica,7535.0,8.1
17868,Streamer_16868,Arte,36392.0,7.0
13823,Streamer_12823,Musica,40392.0,9.5
9740,Streamer_8740,Arte,30838.0,3.5
9101,Streamer_8101,Esports,44470.0,4.4
14646,Streamer_13646,Gaming,14266.0,3.0
2542,Streamer_1542,Esports,22413.0,5.6
13798,Streamer_12798,Gaming,25990.0,10.5
1364,Streamer_364,Arte,33084.0,3.8
18914,Streamer_17914,Esports,19350.0,11.7
7554,Streamer_6554,Musica,17263.0,10.8
5434,Streamer_4434,Musica,9746.0,6.0
2685,Streamer_1685,Musica,37579.0,9.1
3700,Streamer_2700,Gaming,14706.0,4.2
5831,Streamer_4831,Gaming,7272.0,10.3
12838,Streamer_11838,Gaming,45450.0,6.3
6109,Streamer_5109,Esports,7800.0,1.6
5711,Streamer_4711,Just Chatting,17475.0,5.6
20057,Streamer_19057,Gaming,21168.0,3.7
15420,Streamer_14420,Arte,15262.0,10.6
20791,,Musica,25069.0,7.0
9688,Streamer_8688,Musica,32537.0,4.5
11301,Streamer_10301,Just Chatting,42859.0,8.2
20890,Streamer_19890,Arte,13385.0,5.1
4572,Streamer_3572,Esports,8275.0,1.5
1071,Streamer_71,Musica,36059.0,10.0
2033,Streamer_1033,Just Chatting,33066.0,4.2
2246,Streamer_1246,Just Chatting,23740.0,8.5
3328,Streamer_2328,Esports,44924.0,11.3
5224,Streamer_4224,Just Chatting,49934.0,1.3
12324,Streamer_11324,Gaming,3736.0,5.4
19314,Streamer_18314,Gaming,11698.0,3.2
17355,Streamer_16355,Arte,10881.0,9.2
11292,Streamer_10292,Esports,3831.0,11.7
8156,Streamer_7156,Arte,32299.0,2.6
20848,Streamer_19848,Gaming,18043.0,10.8
7306,Streamer_6306,Just Chatting,32411.0,6.5
3946,Streamer_2946,Arte,19005.0,4.4
16618,Streamer_15618,Esports,29848.0,6.0
8362,Streamer_7362,Arte,13297.0,4.9
19552,Streamer_18552,Musica,17400.0,2.8
6888,Streamer_5888,Just Chatting,24732.0,8.7
12318,Streamer_11318,Arte,35408.0,9.5
19898,Streamer_18898,Musica,15110.0,6.0
17935,Streamer_16935,Just Chatting,31697.0,3.9
19010,Streamer_18010,Arte,18930.0,6.3
17713,Streamer_16713,Gaming,8104.0,10.3
18864,Streamer_17864,Gaming,37998.0,10.2
2031,Streamer_1031,Musica,2561.0,3.7
10840,Streamer_9840,Esports,18138.0,7.2
8840,Streamer_7840,Just Chatting,29117.0,11.0
9326,Streamer_8326,Just Chatting,18029.0,5.7
7126,Streamer_6126,Arte,24324.0,1.7
2441,Streamer_1441,Esports,,1.3
8227,Streamer_7227,Musica,4151.0,5.9
4615,Streamer_3615,Arte,3152.0,2.4
6524,Streamer_5524,Just Chatting,5504.0,9.7
1739,Streamer_739,Arte,5767.0,3.8
5561,Streamer_4561,Musica,25937.0,8.5
18172,Streamer_17172,Arte,13758.0,7.7
15460,Streamer_14460,,10076.0,6.2
9735,Streamer_8735,Just Chatting,48959.0,6.8
4200,Streamer_3200,Musica,49602.0,9.1
12525,Streamer_11525,Musica,29744.0,1.8
15395,Streamer_14395,Arte,19126.0,9.3
14308,Streamer_13308,Gaming,34166.0,10.0
2641,Streamer_1641,Musica,37155.0,5.8
9179,Streamer_8179,Gaming,15352.0,11.4
18577,Streamer_17577,Esports,29894.0,10.0
15275,Streamer_14275,Esports,8622.0,9.3
17076,Streamer_16076,Just Chatting,19775.0,2.9
19401,Streamer_18401,Gaming,5008.0,4.7
9146,Streamer_8146,,8779.0,10.4
9922,Streamer_8922,Musica,14070.0,9.7
5176,Streamer_4176,Musica,38412.0,11.0
6948,Streamer_5948,Gaming,1016.0,11.4
19360,Streamer_18360,Arte,3812.0,2.8
12187,Streamer_11187,Musica,24869.0,10.3
10032,Streamer_9032,Gaming,17611.0,1.2
10218,Streamer_9218,Just Chatting,3717.0,2.6
10387,Streamer_9387,Arte,42576.0,9.0
9657,Streamer_8657,Esports,27094.0,11.7
4980,Streamer_3980,Just Chatting,15325.0,2.1
17772,Streamer_16772,Musica,25794.0,7.8
7762,Streamer_6762,Esports,23203.0,6.8
20825,Streamer_19825,Arte,43795.0,8.8
20976,Streamer_19976,Esports,37611.0,9.0
5503,Streamer_4503,Esports,40034.0,7.7
7380,Streamer_6380,Just Chatting,2744.0,2.5
8706,Streamer_7706,Gaming,19710.0,8.7
20868,Streamer_19868,Musica,39632.0,6.0
15183,Streamer_14183,Esports,887.0,8.1
3625,Streamer_2625,Just Chatting,47439.0,1.3
2573,Streamer_1573,Just Chatting,9946.0,5.1
20943,Streamer_19943,Arte,15844.0,9.6
13882,Streamer_12882,Esports,24388.0,7.6
14825,Streamer_13825,Gaming,28584.0,2.2
10033,Streamer_9033,Gaming,42080.0,5.6
13693,Streamer_12693,Gaming,6684.0,9.7
8198,Streamer_7198,Arte,,8.4
16395,Streamer_15395,Arte,20581.0,3.2
14165,Streamer_13165,Musica,24732.0,3.6
20744,Streamer_19744,Just Chatting,19897.0,8.2
12955,Streamer_11955,Just Chatting,8131.0,2.7
3735,Streamer_2735,Just Chatting,15833.0,10.3
19083,Streamer_18083,Just Chatting,23435.0,11.1
6810,Streamer_5810,Arte,14711.0,1.8
17549,Streamer_16549,Esports,9216.0,5.5
15493,Streamer_14493,Gaming,10912.0,2.8
14835,Streamer_13835,Gaming,31164.0,8.3
7366,Streamer_6366,Arte,47870.0,9.2
2017,Streamer_1017,Esports,12634.0,4.9
20119,Streamer_19119,Esports,16771.0,7.3
4012,Streamer_3012,Just Chatting,1949.0,11.0
2233,Streamer_1233,Esports,37899.0,4.8
1289,Streamer_289,Esports,46484.0,10.2
4327,Streamer_3327,Gaming,5194.0,8.7
12790,Streamer_11790,Esports,246.0,6.0
14636,Streamer_13636,Esports,29758.0,4.1
6713,Streamer_5713,Musica,15402.0,5.3
14747,Streamer_13747,Esports,42005.0,8.8
20582,Streamer_19582,Arte,32216.0,8.8
3971,Streamer_2971,Arte,49363.0,3.3
1241,Streamer_241,Gaming,42972.0,6.6
4714,Streamer_3714,Esports,14241.0,10.6
1336,Streamer_336,Gaming,28069.0,8.7
18606,Streamer_17606,Just Chatting,19292.0,1.1
2365,,Esports,9381.0,1.5
13547,Streamer_12547,Gaming,957.0,6.6
7403,Streamer_6403,Esports,26626.0,2.0
7959,Streamer_6959,Arte,11483.0,5.5
7320,Streamer_6320,Musica,48127.0,4.6
18031,Streamer_17031,Esports,14839.0,3.3
14278,Streamer_13278,Just Chatting,836.0,6.7
9892,Streamer_8892,Arte,47579.0,6.9
15273,Streamer_14273,Arte,17074.0,3.8
12319,Streamer_11319,Just Chatting,7046.0,10.9
12226,Streamer_11226,Esports,49449.0,11.2
5205,Streamer_4205,Esports,13223.0,5.8
20115,Streamer_19115,Gaming,,3.7
9191,Streamer_8191,Musica,29305.0,6.5
13424,Streamer_12424,Esports,16139.0,10.2
2256,Streamer_1256,Just Chatting,16283.0,5.5
11792,Streamer_10792,Esports,207.0,9.7
20377,Streamer_19377,Musica,2296.0,9.2
16405,Streamer_15405,Just Chatting,20585.0,7.7
1821,Streamer_821,Musica,26466.0,6.7
17830,Streamer_16830,Gaming,10238.0,1.4
10920,Streamer_9920,Arte,15850.0,3.6
13665,Streamer_12665,Just Chatting,14540.0,10.4
5694,Streamer_4694,Just Chatting,9547.0,8.8
16192,Streamer_15192,Just Chatting,2668.0,3.7
13038,Streamer_12038,Musica,2108.0,3.7
15926,Streamer_14926,Gaming,46245.0,9.4
14722,Streamer_13722,Musica,24168.0,4.9
13851,Streamer_12851,Musica,9728.0,11.0
15341,Streamer_14341,Gaming,42167.0,8.1
17582,Streamer_16582,Gaming,16565.0,7.4
10237,Streamer_9237,Arte,47340.0,4.7
4632,Streamer_3632,Just Chatting,23265.0,11.0
9498,Streamer_8498,Musica,23163.0,6.1
18197,Streamer_17197,Gaming,23194.0,2.8
17187,Streamer_16187,Musica,11712.0,5.1
8457,Streamer_7457,Arte,23569.0,4.7
12310,Streamer_11310,Esports,1219.0,6.1
5046,Streamer_4046,Musica,20079.0,5.5
19659,Streamer_18659,Arte,15156.0,1.8
16196,Streamer_15196,Gaming,24560.0,3.4
3849,Streamer_2849,Gaming,18108.0,8.2
15711,Streamer_14711,Just Chatting,6157.0,11.0
18674,Streamer_17674,Arte,5939.0,7.7
14130,Streamer_13130,Esports,23974.0,3.6
7742,Streamer_6742,Just Chatting,37887.0,8.0
7089,Streamer_6089,Just Chatting,37974.0,9.6
3994,Streamer_2994,Esports,37445.0,4.9
5626,Streamer_4626,Musica,29981.0,2.3
19242,Streamer_18242,Musica,11110.0,5.3
4140,Streamer_3140,Esports,22135.0,2.6
14955,Streamer_13955,Musica,38604.0,8.7
7842,Streamer_6842,Gaming,16245.0,1.8
1535,Streamer_535,Arte,280.0,5.7
16784,Streamer_15784,Just Chatting,451.0,7.6
9181,Streamer_8181,Musica,32912.0,6.5
13849,Streamer_12849,Arte,26364.0,3.7
7645,Streamer_6645,Arte,16378.0,1.2
8255,Streamer_7255,Gaming,47077.0,5.8
12812,Streamer_11812,Arte,6892.0,4.3
19938,Streamer_18938,Just Chatting,34519.0,3.0
1704,Streamer_704,Arte,5179.0,11.5
19279,Streamer_18279,Musica,23827.0,5.5
3842,Streamer_2842,Arte,49907.0,2.3
4902,Streamer_3902,Musica,24504.0,10.7
8049,Streamer_7049,Musica,49919.0,1.7
1700,Streamer_700,Just Chatting,23371.0,4.5
8644,Streamer_7644,Musica,29986.0,1.3
2719,Streamer_1719,,10058.0,6.6
4451,Streamer_3451,Musica,10834.0,1.5
1328,,Just Chatting,46392.0,11.9
18102,Streamer_17102,Gaming,17500.0,3.5
18679,Streamer_17679,Esports,38968.0,2.0
17488,Streamer_16488,Gaming,41224.0,1.9
18245,Streamer_17245,Arte,30067.0,8.9
7325,Streamer_6325,Musica,30180.0,10.2
4534,Streamer_3534,Musica,468.0,7.6
15262,Streamer_14262,Just Chatting,39476.0,7.2
10163,Streamer_9163,Arte,14920.0,10.0
10054,Streamer_9054,Arte,41058.0,8.2
19932,Streamer_18932,Arte,5808.0,4.9
14029,Streamer_13029,Just Chatting,27662.0,6.8
4255,Streamer_3255,Gaming,11538.0,5.6
4574,Streamer_3574,Esports,7708.0,5.5
5469,Streamer_4469,Esports,15681.0,6.0
17229,Streamer_16229,Just Chatting,21792.0,6.1
14186,Streamer_13186,Esports,29477.0,1.7
14515,Streamer_13515,Gaming,16995.0,5.5
16132,Streamer_15132,Musica,45111.0,8.4
14996,Streamer_13996,Musica,22832.0,7.2
6955,Streamer_5955,Just Chatting,26069.0,11.7
14408,Streamer_13408,Just Chatting,80.0,2.8
5216,Streamer_4216,Musica,38716.0,1.1
9555,Streamer_8555,Arte,31511.0,9.5
15198,Streamer_14198,Gaming,39861.0,3.7
9736,Streamer_8736,Esports,16070.0,7.7
11757,Streamer_10757,Musica,28170.0,7.2
20093,Streamer_19093,Just Chatting,1059.0,9.9
17908,Streamer_16908,Arte,21699.0,3.4
15839,Streamer_14839,Just Chatting,46145.0,6.2
5959,Streamer_4959,Arte,1156.0,5.0
8401,Streamer_7401,Just Chatting,28399.0,4.9
5536,Streamer_4536,Just Chatting,49354.0,2.2
15712,Streamer_14712,Arte,30112.0,5.5
5114,Streamer_4114,Gaming,21389.0,7.9
7415,Streamer_6415,Arte,34111.0,2.7
17909,Streamer_16909,Musica,7823.0,3.4
4945,Streamer_3945,Musica,13586.0,8.6
16807,Streamer_15807,Gaming,40657.0,4.6
20398,Streamer_19398,Musica,41334.0,6.9
17085,Streamer_16085,Just Chatting,10555.0,2.8
6315,Streamer_5315,Just Chatting,2886.0,2.9
5474,Streamer_4474,Musica,20498.0,2.7
12061,Streamer_11061,Arte,33673.0,8.0
6172,Streamer_5172,Just Chatting,20606.0,10.3
13230,Streamer_12230,Arte,30250.0,3.1
1591,Streamer_591,Just Chatting,19871.0,3.8
1303,Streamer_303,Just Chatting,23850.0,2.8
18166,Streamer_17166,Gaming,49512.0,12.0
18903,,Just Chatting,20256.0,4.6
18359,Streamer_17359,Arte,775.0,10.4
16222,Streamer_15222,Musica,3015.0,3.6
11019,Streamer_10019,Esports,38451.0,4.7
20532,Streamer_19532,Esports,32428.0,4.3
18951,Streamer_17951,Arte,39729.0,4.9
20445,Streamer_19445,Gaming,30091.0,7.4
17864,Streamer_16864,Arte,81.0,11.3
6550,Streamer_5550,Arte,4528.0,1.2
19958,Streamer_18958,Arte,39257.0,7.2
7442,Streamer_6442,Just Chatting,1232.0,7.0
1499,Streamer_499,Gaming,10409.0,8.4
10252,Streamer_9252,Just Chatting,33722.0,2.2
18587,Streamer_17587,Arte,15255.0,5.5
11394,,Gaming,,7.7
6592,Streamer_5592,Arte,42404.0,6.5
4157,Streamer_3157,Esports,17246.0,1.7
4892,Streamer_3892,Just Chatting,13915.0,4.1
11621,Streamer_10621,Just Chatting,28146.0,6.5
12599,Streamer_11599,Esports,17662.0,3.0
1638,,Esports,3457.0,3.6
3395,Streamer_2395,Gaming,24386.0,2.5
17615,Streamer_16615,Esports,6595.0,1.0
1191,Streamer_191,Musica,2883.0,4.5
1903,Streamer_903,Gaming,48692.0,8.6
5519,Streamer_4519,Esports,14731.0,11.8
4342,Streamer_3342,Arte,2143.0,6.1
20558,Streamer_19558,Esports,20755.0,8.9
12735,Streamer_11735,Arte,5046.0,7.8
6402,Streamer_5402,Musica,47476.0,1.1
13409,Streamer_12409,Esports,31529.0,9.3
17808,Streamer_16808,Musica,42449.0,2.8
4229,Streamer_3229,Gaming,25498.0,5.7
20899,Streamer_19899,Esports,31499.0,2.8
10476,Streamer_9476,Arte,5868.0,9.1
18716,Streamer_17716,Musica,41213.0,5.0
1979,Streamer_979,Gaming,35862.0,8.0
7789,Streamer_6789,Just Chatting,41270.0,2.1
20760,Streamer_19760,Just Chatting,20338.0,1.9
8421,Streamer_7421,Musica,17390.0,3.8
1788,Streamer_788,Esports,23581.0,2.5
1860,Streamer_860,Arte,47250.0,11.7
15441,Streamer_14441,Arte,8078.0,1.3
9602,Streamer_8602,Esports,32843.0,7.7
3367,Streamer_2367,Gaming,11436.0,3.2
19392,Streamer_18392,Musica,26652.0,2.8
3984,Streamer_2984,Arte,639.0,2.0
14003,Streamer_13003,Esports,29225.0,10.4
20907,Streamer_19907,Arte,18821.0,1.5
8783,Streamer_7783,Arte,10234.0,7.0
1725,Streamer_725,Just Chatting,4119.0,11.8
8455,Streamer_7455,Arte,39505.0,8.4
11751,Streamer_10751,Gaming,32105.0,6.5
3794,Streamer_2794,Esports,39106.0,10.2
1831,Streamer_831,Musica,15559.0,9.0
16812,Streamer_15812,Gaming,40060.0,11.1
1043,Streamer_43,Just Chatting,40072.0,1.1
16917,,Esports,29162.0,11.5
14928,Streamer_13928,Arte,28656.0,8.9
15330,Streamer_14330,Musica,43212.0,3.4
9463,Streamer_8463,Just Chatting,15357.0,1.1
15335,Streamer_14335,Musica,44740.0,9.3
15232,Streamer_14232,Esports,9606.0,10.8
15432,Streamer_14432,Esports,32419.0,6.6
18003,Streamer_17003,Esports,7650.0,2.5
13029,Streamer_12029,Arte,32153.0,11.0
12687,Streamer_11687,Musica,46316.0,5.0
8628,Streamer_7628,,40153.0,3.2
1330,Streamer_330,Arte,11545.0,9.4
9074,Streamer_8074,Arte,18806.0,5.0
13538,Streamer_12538,Musica,47487.0,5.8
17012,Streamer_16012,,15173.0,3.6
19878,Streamer_18878,Musica,2645.0,11.8
19206,Streamer_18206,Musica,29321.0,4.6
9531,Streamer_8531,Musica,43235.0,3.2
1311,Streamer_311,Arte,47614.0,9.0
5471,Streamer_4471,Gaming,5262.0,6.3
1042,Streamer_42,Musica,35305.0,4.8
2037,Streamer_1037,Musica,30201.0,6.1
12879,Streamer_11879,Musica,33587.0,11.8
14008,Streamer_13008,Gaming,455.0,5.1
2706,Streamer_1706,Gaming,58.0,8.7
9658,Streamer_8658,Gaming,14398.0,10.9
15110,Streamer_14110,Gaming,10302.0,8.8
7691,Streamer_6691,Gaming,11645.0,8.3
15404,Streamer_14404,Gaming,36954.0,1.3
8056,Streamer_7056,Just Chatting,12425.0,4.6
9407,Streamer_8407,Arte,35534.0,5.8
12033,Streamer_11033,Just Chatting,11378.0,9.8
2325,Streamer_1325,Just Chatting,10435.0,9.3
16120,Streamer_15120,,,6.2
1086,Streamer_86,Just Chatting,33434.0,3.4
15897,Streamer_14897,Esports,10959.0,9.0
13352,Streamer_12352,Just Chatting,30577.0,5.1
2895,Streamer_1895,Esports,13707.0,5.0
9058,Streamer_8058,Musica,46357.0,10.3
1390,Streamer_390,Gaming,9636.0,4.1
10371,Streamer_9371,Musica,6656.0,10.6
7251,Streamer_6251,Just Chatting,38623.0,4.7
6056,Streamer_5056,Just Chatting,26616.0,8.7
4941,Streamer_3941,Esports,12829.0,3.7
13203,Streamer_12203,Gaming,45987.0,5.9
6478,Streamer_5478,Esports,31434.0,1.2
9174,Streamer_8174,Esports,24243.0,2.2
20220,Streamer_19220,Arte,5257.0,5.6
5316,Streamer_4316,Just Chatting,24584.0,5.3
3462,Streamer_2462,Esports,11148.0,4.0
7073,Streamer_6073,Musica,15355.0,11.8
5015,Streamer_4015,Esports,27417.0,10.6
20436,Streamer_19436,Esports,23797.0,7.3
10812,Streamer_9812,Arte,12783.0,8.0
1517,Streamer_517,Esports,13697.0,2.1
6988,Streamer_5988,Musica,40243.0,7.1
20416,Streamer_19416,Arte,9751.0,3.9
13317,Streamer_12317,Esports,12988.0,9.9
20697,Streamer_19697,Esports,9611.0,1.8
11127,Streamer_10127,Just Chatting,15433.0,10.3
2282,Streamer_1282,Gaming,24149.0,6.4
3371,Streamer_2371,Arte,34827.0,1.6
3523,Streamer_2523,Gaming,8236.0,10.7
13373,Streamer_12373,Musica,39767.0,11.0
18543,Streamer_17543,Just Chatting,49078.0,6.9
12473,Streamer_11473,Just Chatting,45957.0,6.7
2417,Streamer_1417,Gaming,45203.0,10.8
18826,Streamer_17826,Gaming,5355.0,7.9
11351,Streamer_10351,Musica,13847.0,11.7
10205,Streamer_9205,Esports,13955.0,5.0
11642,Streamer_10642,Just Chatting,42287.0,7.3
2348,Streamer_1348,Musica,40459.0,3.7
15840,Streamer_14840,Arte,11625.0,1.3
13989,Streamer_12989,Esports,15286.0,1.2
18185,Streamer_17185,Just Chatting,44490.0,6.3
8682,Streamer_7682,Arte,24259.0,1.4
17588,Streamer_16588,Just Chatting,29102.0,1.5
13090,Streamer_12090,Just Chatting,30172.0,3.7
4856,Streamer_3856,Just Chatting,38721.0,6.2
9945,Streamer_8945,Just Chatting,42581.0,9.0
5743,Streamer_4743,Gaming,11712.0,11.5
5004,Streamer_4004,Esports,16043.0,4.4
6647,Streamer_5647,Esports,4497.0,2.4
19497,Streamer_18497,Musica,36024.0,3.2
10768,Streamer_9768,Esports,3709.0,7.5
12556,Streamer_11556,Arte,24502.0,7.8
1348,Streamer_348,Gaming,957.0,6.2
18532,Streamer_17532,Musica,23473.0,8.7
14311,Streamer_13311,Esports,2695.0,6.7
16751,Streamer_15751,Gaming,4155.0,8.8
18652,Streamer_17652,Arte,10910.0,9.2
7550,Streamer_6550,Gaming,27959.0,7.3
10502,Streamer_9502,Gaming,36914.0,1.2
13892,Streamer_12892,Gaming,35042.0,2.3
14614,Streamer_13614,Gaming,10066.0,10.0
10083,Streamer_9083,Musica,29086.0,11.8
12364,Streamer_11364,Musica,22597.0,2.8
5991,Streamer_4991,Arte,29716.0,3.8
15143,Streamer_14143,Musica,22885.0,5.8
9265,Streamer_8265,Arte,11613.0,11.3
17558,Streamer_16558,Esports,32283.0,4.8
14713,Streamer_13713,Esports,,3.8
18599,Streamer_17599,Just Chatting,19078.0,8.3
9790,Streamer_8790,Just Chatting,14755.0,9.9
13688,Streamer_12688,Gaming,41789.0,10.2
20081,Streamer_19081,Gaming,20607.0,4.3
10090,Streamer_9090,Just Chatting,3860.0,5.7
9346,Streamer_8346,Arte,28680.0,10.8
11448,Streamer_10448,Musica,16030.0,9.3
15457,Streamer_14457,Musica,15503.0,3.5
2167,Streamer_1167,Arte,18366.0,7.1
2162,Streamer_1162,Musica,47817.0,11.9
16798,Streamer_15798,Gaming,18330.0,2.2
9469,Streamer_8469,Just Chatting,34312.0,2.5
1222,Streamer_222,Just Chatting,11545.0,5.4
12496,Streamer_11496,Gaming,47031.0,7.7
2968,Streamer_1968,Arte,20918.0,1.6
15941,Streamer_14941,Esports,46168.0,2.6
20040,Streamer_19040,Just Chatting,49448.0,8.8
5750,Streamer_4750,Musica,27103.0,3.3
10699,Streamer_9699,Just Chatting,5130.0,2.3
14352,Streamer_13352,Just Chatting,34484.0,3.7
20526,Streamer_19526,Esports,9534.0,3.5
9863,Streamer_8863,Just Chatting,16330.0,8.0
16228,Streamer_15228,Just Chatting,20095.0,8.8
11823,Streamer_10823,Just Chatting,6241.0,5.5
10528,Streamer_9528,Musica,12358.0,3.8
11376,Streamer_10376,Arte,40528.0,7.3
8068,Streamer_7068,Musica,44462.0,9.3
14180,Streamer_13180,Musica,11522.0,5.4
6869,Streamer_5869,Musica,37679.0,10.7
11228,Streamer_10228,Musica,34792.0,2.7
3194,Streamer_2194,Musica,8081.0,10.3
15380,Streamer_14380,Musica,29004.0,10.9
10050,Streamer_9050,Musica,3801.0,3.5
19770,Streamer_18770,Just Chatting,29890.0,2.4
3424,Streamer_2424,Arte,38286.0,3.6
20229,Streamer_19229,Musica,37145.0,9.2
15722,Streamer_14722,Musica,10204.0,1.1
13041,Streamer_12041,Just Chatting,30849.0,1.2
12247,Streamer_11247,Esports,38899.0,11.7
20208,Streamer_19208,Gaming,31529.0,10.8
5749,Streamer_4749,Gaming,33256.0,10.1
4687,Streamer_3687,Esports,4898.0,9.5
4839,Streamer_3839,Musica,18258.0,5.0
19832,Streamer_18832,Musica,16640.0,9.7
13581,Streamer_12581,Arte,2350.0,3.5
2176,Streamer_1176,Gaming,44126.0,10.5
16410,Streamer_15410,Just Chatting,14360.0,2.8
13243,Streamer_12243,Esports,38210.0,5.5
1352,Streamer_352,Gaming,718.0,6.3
10765,Streamer_9765,Arte,28196.0,2.3
12127,Streamer_11127,Arte,13103.0,1.8
13233,Streamer_12233,Gaming,36332.0,7.6
17883,Streamer_16883,Arte,11105.0,3.1
19100,Streamer_18100,Arte,3439.0,10.3
5089,Streamer_4089,Arte,48078.0,7.6
2544,Streamer_1544,Esports,18008.0,10.9
19277,Streamer_18277,Just Chatting,10644.0,6.1
10268,Streamer_9268,Gaming,26886.0,4.0
15152,Streamer_14152,Esports,40961.0,3.2
8189,Streamer_7189,Just Chatting,21541.0,10.1
18148,Streamer_17148,Gaming,16552.0,6.7
4599,Streamer_3599,Gaming,42939.0,4.5
4150,Streamer_3150,Esports,8830.0,8.6
18854,Streamer_17854,Just Chatting,16645.0,1.4
15001,Streamer_14001,Esports,34995.0,2.4
7835,Streamer_6835,Gaming,17227.0,5.5
9063,Streamer_8063,Arte,28304.0,4.1
12919,Streamer_11919,Arte,6120.0,1.1
19792,Streamer_18792,Gaming,27940.0,8.4
9947,Streamer_8947,Arte,37584.0,8.2
10440,Streamer_9440,Just Chatting,39616.0,12.0
16472,Streamer_15472,Just Chatting,8644.0,1.5
2638,Streamer_1638,Arte,28126.0,6.5
7454,Streamer_6454,Arte,18756.0,5.3
16480,Streamer_15480,Just Chatting,43301.0,10.7
11872,Streamer_10872,Esports,7149.0,9.0
15758,Streamer_14758,Esports,44658.0,5.2
11706,Streamer_10706,Arte,28208.0,3.4
19005,Streamer_18005,Esports,13541.0,1.2
1005,Streamer_5,Gaming,23403.0,7.5
10740,Streamer_9740,Esports,29148.0,10.7
2547,Streamer_1547,Just Chatting,4839.0,5.9
14837,Streamer_13837,Esports,324.0,7.9
5422,Streamer_4422,Just Chatting,38944.0,7.4
4981,Streamer_3981,Gaming,15249.0,4.4
8044,Streamer_7044,Arte,33309.0,9.0
10257,Streamer_9257,Esports,23029.0,3.8
13590,Streamer_12590,Arte,11049.0,7.9
16970,Streamer_15970,Arte,42053.0,8.0
16612,Streamer_15612,Just Chatting,5128.0,1.8
1077,Streamer_77,Musica,20767.0,10.1
9650,Streamer_8650,Gaming,11195.0,11.7
13718,Streamer_12718,,9140.0,9.3
13889,Streamer_12889,Gaming,16753.0,5.9
4444,Streamer_3444,Gaming,13744.0,6.1
12112,Streamer_11112,Musica,8385.0,4.5
10481,Streamer_9481,Just Chatting,9133.0,6.1
15319,Streamer_14319,Musica,31578.0,2.5
20271,Streamer_19271,Gaming,4403.0,11.9
3103,Streamer_2103,Just Chatting,39346.0,3.8
4634,Streamer_3634,Just Chatting,48770.0,3.1
8327,Streamer_7327,Just Chatting,19906.0,3.0
11505,Streamer_10505,Gaming,25658.0,3.7
15018,Streamer_14018,Musica,16660.0,11.4
10789,Streamer_9789,Musica,13306.0,6.4
14594,Streamer_13594,Arte,,3.9
13609,Streamer_12609,Gaming,39548.0,2.1
9393,Streamer_8393,Esports,30753.0,2.9
19201,Streamer_18201,Just Chatting,7964.0,3.0
13160,Streamer_12160,Arte,42965.0,11.6
14457,Streamer_13457,Gaming,31225.0,3.6
15857,Streamer_14857,Arte,45715.0,9.5
17702,Streamer_16702,Just Chatting,13613.0,2.0
4339,Streamer_3339,Gaming,6828.0,11.8
4552,Streamer_3552,Musica,234.0,4.6
16758,Streamer_15758,Just Chatting,1767.0,3.3
13191,Streamer_12191,Arte,661.0,3.3
18763,Streamer_17763,Gaming,2015.0,3.0
1695,Streamer_695,Musica,19599.0,9.9
8663,Streamer_7663,Just Chatting,24524.0,8.4
4638,Streamer_3638,Gaming,47913.0,8.6
1654,Streamer_654,,48978.0,11.6
10895,Streamer_9895,Musica,20301.0,11.4
14572,Streamer_13572,Just Chatting,29394.0,11.9
11518,Streamer_10518,Arte,29610.0,10.9
9558,Streamer_8558,Gaming,24300.0,10.2
12650,Streamer_11650,Arte,2452.0,3.6
1669,Streamer_669,Esports,3469.0,8.2
15531,Streamer_14531,Musica,1730.0,1.0
5296,Streamer_4296,Gaming,29517.0,3.6
6975,Streamer_5975,Arte,44990.0,8.2
4753,Streamer_3753,Arte,18976.0,3.1
20449,Streamer_19449,Arte,40717.0,11.0
5339,Streamer_4339,Gaming,45767.0,3.9
17267,Streamer_16267,Just Chatting,48353.0,6.2
12089,Streamer_11089,Esports,49988.0,7.4
19018,Streamer_18018,Just Chatting,29103.0,10.0
9829,Streamer_8829,Just Chatting,27240.0,2.4
2651,Streamer_1651,Just Chatting,19904.0,4.6
10418,Streamer_9418,Musica,16344.0,4.9
6496,Streamer_5496,Esports,5107.0,10.7
6881,Streamer_5881,Just Chatting,27788.0,5.6
15178,Streamer_14178,Just Chatting,17163.0,5.3
16654,Streamer_15654,Arte,7500.0,6.5
8868,Streamer_7868,Esports,964.0,5.9
19454,Streamer_18454,Musica,49602.0,9.9
11363,Streamer_10363,Esports,46771.0,6.7
15428,Streamer_14428,Musica,40798.0,1.1
14047,Streamer_13047,Arte,47988.0,6.5
10771,Streamer_9771,Just Chatting,35986.0,10.3
10484,Streamer_9484,Gaming,30747.0,11.1
7994,Streamer_6994,Gaming,30530.0,1.8
8849,Streamer_7849,Just Chatting,40522.0,1.0
6453,Streamer_5453,Gaming,40513.0,2.1
10168,Streamer_9168,Esports,41409.0,11.2
8819,Streamer_7819,Just Chatting,27885.0,10.8
2696,Streamer_1696,Musica,39821.0,4.0
9341,Streamer_8341,Musica,47317.0,4.6
18725,Streamer_17725,Gaming,15593.0,10.7
11745,Streamer_10745,Just Chatting,24600.0,5.5
1418,Streamer_418,Gaming,35008.0,9.9
15811,Streamer_14811,Musica,9315.0,7.6
19725,Streamer_18725,Arte,48171.0,4.7
10723,Streamer_9723,Esports,2253.0,2.7
11005,Streamer_10005,Musica,6093.0,6.6
3861,Streamer_2861,Musica,46914.0,2.5
4894,Streamer_3894,Arte,36745.0,9.5
5592,Streamer_4592,Just Chatting,20027.0,6.0
2692,Streamer_1692,Gaming,37340.0,11.9
2941,Streamer_1941,Arte,39433.0,2.4
4096,Streamer_3096,Gaming,9504.0,10.7
1436,Streamer_436,Esports,13200.0,7.7
12361,Streamer_11361,Just Chatting,35142.0,6.7
4463,Streamer_3463,Musica,44792.0,3.1
5618,Streamer_4618,Musica,6187.0,1.2
17553,Streamer_16553,Just Chatting,3329.0,5.9
6523,Streamer_5523,Gaming,8669.0,11.5
6110,Streamer_5110,Esports,35939.0,4.9
17988,Streamer_16988,Gaming,19438.0,8.3
13097,Streamer_12097,Musica,15165.0,4.8
20819,Streamer_19819,Just Chatting,48477.0,4.8
15874,Streamer_14874,Arte,41668.0,6.1
7895,Streamer_6895,Arte,47668.0,11.7
20521,Streamer_19521,Arte,30067.0,5.9
10347,Streamer_9347,Esports,29639.0,4.0
18781,Streamer_17781,Just Chatting,,11.8
8403,Streamer_7403,Musica,4746.0,4.4
14621,Streamer_13621,Just Chatting,34647.0,9.3
11876,Streamer_10876,Arte,48684.0,9.7
19561,Streamer_18561,Musica,47298.0,3.7
3290,Streamer_2290,Arte,30490.0,3.3
17424,Streamer_16424,Gaming,47424.0,1.4
4679,Streamer_3679,Esports,3791.0,2.1
7036,Streamer_6036,Esports,35900.0,1.2
6539,Streamer_5539,Arte,9384.0,1.5
7385,Streamer_6385,Musica,47710.0,8.5
16386,Streamer_15386,Arte,3124.0,4.5
6530,Streamer_5530,Esports,3387.0,7.4
6897,Streamer_5897,Arte,15140.0,2.7
4780,Streamer_3780,Just Chatting,14880.0,1.2
18241,Streamer_17241,Gaming,29736.0,2.8
8967,Streamer_7967,Just Chatting,42580.0,8.8
6162,Streamer_5162,Gaming,16438.0,7.2
7804,Streamer_6804,Musica,35953.0,3.0
20247,Streamer_19247,Musica,49734.0,5.4
13107,Streamer_12107,Gaming,49460.0,9.6
14914,Streamer_13914,Just Chatting,5770.0,5.9
17703,Streamer_16703,Arte,3842.0,5.9
9646,Streamer_8646,Musica,17321.0,2.4
3451,Streamer_2451,Esports,15083.0,9.6
16202,Streamer_15202,Just Chatting,13024.0,10.9
10856,Streamer_9856,Gaming,49960.0,10.3
20080,Streamer_19080,Just Chatting,37284.0,7.4
7156,,Esports,47936.0,11.8
