ID_Envio,Region,Varietal,Destino,Botellas_Exportadas,Ingreso_Dolares
51726,Maipu,Malbec,Brasil,1466,18884.461686682862
52493,Maipu,Malbec,Brasil,1013,24506.11509037421
51759,Valle de Uco,Syrah,Brasil,1626,21792.60404332727
51671,Lujan de Cuyo,Syrah,UK,770,15954.244739053885
51368,Valle de Uco,Syrah,China,1308,24095.256504306646
50867,Maipu,Syrah,China,1486,19493.910943584113
50069,Maipu,Chardonnay,UK,811,19016.483127507443
51126,San Rafael,Malbec,USA,1369,23865.967904662222
52963,Valle de Uco,Cabernet Sauvignon,UK,1192,29157.139491837126
51310,San Rafael,Cabernet Sauvignon,USA,1313,22677.80776247624
52159,Lujan de Cuyo,Malbec,China,1205,20779.400418645688
52785,Valle de Uco,Malbec,Brasil,1526,15986.854896525425
50180,San Rafael,Cabernet Sauvignon,China,1120,11347.811720487416
52382,San Rafael,Syrah,Brasil,1720,26238.581094054454
50609,Lujan de Cuyo,Chardonnay,USA,636,7811.341176796628
53414,Maipu,Cabernet Sauvignon,China,900,11495.666001506255
52582,Maipu,Malbec,USA,1050,23420.973521557764
50367,Maipu,Syrah,China,758,11528.002191932914
50182,Valle de Uco,Malbec,USA,1917,20908.1759086407
51353,Maipu,Syrah,USA,1597,38310.86951283498
52369,Maipu,Cabernet Sauvignon,Brasil,1397,31412.77119161708
51478,Valle de Uco,Chardonnay,USA,1633,20960.135834674875
52229,Valle de Uco,Cabernet Sauvignon,Brasil,1509,34987.17447102102
52302,Valle de Uco,Syrah,Brasil,1375,25439.392837436368
50320,San Rafael,Chardonnay,China,897,20052.269739854368
51420,Maipu,Malbec,USA,1105,19965.61620115086
51065,Valle de Uco,Syrah,UK,1458,21011.746839404794
51066,Maipu,Syrah,China,1248,20656.520221761017
50911,San Rafael,Malbec,UK,1323,27545.17622814023
53104,Valle de Uco,Syrah,Brasil,1290,25442.206684509914
53029,Maipu,Syrah,UK,1102,26262.316351745278
51127,Lujan de Cuyo,Malbec,UK,1641,28951.288123622224
51512,Valle de Uco,Syrah,USA,846,18902.648577138516
51771,San Rafael,Chardonnay,China,1416,
53075,Lujan de Cuyo,Malbec,UK,1151,28742.568861755284
53125,San Rafael,Syrah,China,1631,18604.626403541148
52379,Valle de Uco,Cabernet Sauvignon,USA,1238,20219.20600099139
50064,Maipu,Chardonnay,USA,766,13367.558486421902
52169,San Rafael,Malbec,UK,1666,23175.596014304625
51550,Lujan de Cuyo,Chardonnay,Brasil,1395,34059.140415843474
50446,San Rafael,Malbec,UK,1405,31815.928570379376
53246,Valle de Uco,Chardonnay,UK,1087,20872.10485555233
50044,Lujan de Cuyo,Malbec,UK,1191,25475.86875517033
50534,Lujan de Cuyo,Cabernet Sauvignon,USA,1572,22969.92798706094
52651,Maipu,Cabernet Sauvignon,Brasil,771,11735.75837078654
51737,Valle de Uco,Malbec,Brasil,1365,19282.891012808937
53150,Maipu,Chardonnay,China,1021,18663.450396876215
51496,Maipu,Chardonnay,China,1657,18077.511727406865
51071,San Rafael,Syrah,USA,1252,24280.832486827447
53416,Valle de Uco,Chardonnay,USA,705,11260.712394780065
51735,San Rafael,Cabernet Sauvignon,UK,927,12743.228935393301
50267,Lujan de Cuyo,Syrah,China,985,13711.444073531075
52426,Valle de Uco,Malbec,China,1015,20687.329098414826
52120,Valle de Uco,Syrah,Brasil,1152,14105.285649896938
52816,Maipu,Syrah,Brasil,1122,24956.82909111004
52354,San Rafael,Syrah,Brasil,1340,21356.707112363456
52807,Lujan de Cuyo,Syrah,USA,615,
51205,Lujan de Cuyo,Malbec,UK,1331,14441.342435006956
51642,Valle de Uco,Chardonnay,China,835,13051.49308955961
50989,Lujan de Cuyo,Chardonnay,China,1717,36754.75513665194
50111,San Rafael,Cabernet Sauvignon,USA,1879,25821.796806438622
50142,Maipu,Malbec,Brasil,1446,20025.532073513772
52696,San Rafael,Malbec,China,668,10017.514891543042
53476,Valle de Uco,Chardonnay,Brasil,1670,26160.571178978917
53376,Lujan de Cuyo,Syrah,USA,1386,26642.901005307125
51099,Maipu,Malbec,UK,1007,11577.926052944002
50552,Lujan de Cuyo,Syrah,UK,912,11948.34191086243
51137,Valle de Uco,Chardonnay,Brasil,818,8830.510127145295
50447,Maipu,Syrah,China,1765,28375.046712893425
52327,Maipu,Malbec,China,1035,24286.705383895554
52049,San Rafael,Malbec,Brasil,1466,16975.153622205456
50470,Maipu,Syrah,USA,945,22954.06549308551
52907,Valle de Uco,Malbec,China,993,19963.365695240256
52754,Maipu,Cabernet Sauvignon,UK,1033,15655.694826513189
52822,San Rafael,Malbec,UK,903,9207.592014459418
50185,Valle de Uco,Malbec,UK,863,16801.64245988247
51060,Lujan de Cuyo,Syrah,USA,1157,17289.800698020244
51613,San Rafael,Chardonnay,USA,936,12934.67115678105
51469,Lujan de Cuyo,Chardonnay,USA,1530,20322.142590556585
50398,Maipu,Chardonnay,UK,1405,28661.8556948308
51547,Lujan de Cuyo,Malbec,Brasil,851,17715.02114536624
53146,Maipu,Syrah,UK,826,12995.355829268885
52784,Maipu,Cabernet Sauvignon,Brasil,1759,23038.062639390377
52715,Lujan de Cuyo,Malbec,UK,1253,14246.723443357523
53049,Valle de Uco,Chardonnay,USA,1383,30124.572142001034
50626,San Rafael,Chardonnay,Brasil,1270,20705.853674311755
50845,Maipu,Cabernet Sauvignon,USA,1412,20636.57635645031
50833,Lujan de Cuyo,Syrah,USA,834,8513.71712468332
50728,Lujan de Cuyo,Malbec,Brasil,1389,20457.94578946816
50269,San Rafael,Malbec,UK,503,6360.099834369268
51451,Maipu,Malbec,Brasil,1000,18388.27987430937
52454,Maipu,Syrah,Brasil,1375,28271.66062872191
52746,Lujan de Cuyo,Syrah,USA,1450,26661.61046107565
52762,Maipu,Cabernet Sauvignon,UK,845,13988.465408449672
51873,Valle de Uco,Chardonnay,USA,1597,31246.792420033464
52299,Maipu,Malbec,UK,966,13217.411650439615
50163,San Rafael,Chardonnay,China,1298,15184.252407675824
51677,Lujan de Cuyo,Chardonnay,UK,1301,24403.125526968724
53037,San Rafael,Chardonnay,Brasil,1473,19163.72699672768
51984,Valle de Uco,Cabernet Sauvignon,Brasil,1252,12639.44199191309
52998,Maipu,Syrah,UK,787,13957.551048444568
53374,Valle de Uco,Chardonnay,USA,1484,20890.725500788536
53441,Maipu,Malbec,USA,1302,16411.358256049887
50202,Valle de Uco,Cabernet Sauvignon,UK,1466,35642.977242988534
50978,Lujan de Cuyo,Cabernet Sauvignon,Brasil,906,22453.062257262412
50352,Lujan de Cuyo,Malbec,Brasil,1194,17245.94837519955
51675,Maipu,Syrah,China,1278,14378.329642248122
53031,Valle de Uco,Cabernet Sauvignon,UK,1268,19427.201211620253
53059,Lujan de Cuyo,Syrah,UK,1352,27104.20970619089
51422,Valle de Uco,Chardonnay,Brasil,1384,33339.06705612312
51365,San Rafael,Chardonnay,UK,1026,20308.612361302257
50124,San Rafael,Chardonnay,China,1355,18806.154838273997
51180,Lujan de Cuyo,Syrah,UK,1244,26762.806413594393
51263,Lujan de Cuyo,Chardonnay,Brasil,1565,17845.188340434288
51144,Valle de Uco,Malbec,UK,851,15347.28181509249
50278,San Rafael,Syrah,UK,1063,12530.360758619248
52001,San Rafael,Chardonnay,China,1480,20196.180921566756
51787,Maipu,Malbec,China,921,10160.184801853493
52724,Maipu,Malbec,Brasil,817,20140.77643144865
51086,San Rafael,Chardonnay,USA,790,10249.752049274164
51900,Valle de Uco,Syrah,China,819,16803.948118559227
53279,Lujan de Cuyo,Chardonnay,Brasil,1106,20171.707803979312
53156,Lujan de Cuyo,Syrah,China,964,15276.213102213405
52648,Valle de Uco,Syrah,Brasil,765,11432.814225279406
53006,San Rafael,Malbec,Brasil,1298,22204.029362868143
52546,San Rafael,Chardonnay,Brasil,1183,13847.439402376049
51750,Maipu,Chardonnay,Brasil,1166,15315.663916471976
52912,Maipu,Malbec,China,1417,24659.215924462507
52824,Lujan de Cuyo,Cabernet Sauvignon,China,1077,21904.01560572562
51463,Lujan de Cuyo,Syrah,USA,1237,13469.941636936657
50195,Valle de Uco,Cabernet Sauvignon,China,1122,23694.670688063274
53242,San Rafael,Cabernet Sauvignon,USA,1663,41465.353292922686
51054,Valle de Uco,Chardonnay,Brasil,1259,24004.269860119144
52726,Valle de Uco,Syrah,USA,1267,14776.830672859
53373,San Rafael,Cabernet Sauvignon,Brasil,1238,16006.453614209708
51890,Valle de Uco,Syrah,Brasil,917,19506.835947207335
51334,Lujan de Cuyo,Malbec,UK,1307,19262.759554375396
52796,San Rafael,Chardonnay,Brasil,1289,14635.10052158299
53413,Maipu,Syrah,China,1069,23503.157321991006
51844,Valle de Uco,Chardonnay,USA,481,6727.359934995902
53256,San Rafael,Cabernet Sauvignon,UK,1067,
52431,Lujan de Cuyo,Chardonnay,China,1070,15649.73462680207
50905,Valle de Uco,Cabernet Sauvignon,UK,1037,24822.75727411345
52625,Valle de Uco,Syrah,Brasil,1436,27378.692083236558
51486,San Rafael,Syrah,Brasil,1658,29777.78888768853
52353,San Rafael,Cabernet Sauvignon,Brasil,1198,19847.08223317751
52892,Valle de Uco,Cabernet Sauvignon,USA,1891,29309.573785493518
51408,San Rafael,Malbec,USA,1487,31838.98920107716
52605,Lujan de Cuyo,Cabernet Sauvignon,China,704,15650.636530151822
53402,Valle de Uco,Chardonnay,USA,775,19075.62786061115
52889,Maipu,Cabernet Sauvignon,USA,796,8197.853495977059
52537,Maipu,Chardonnay,USA,1024,14564.60831264406
53197,Valle de Uco,Syrah,USA,1912,33431.8046092961
51562,Lujan de Cuyo,Malbec,Brasil,1402,15022.299956766834
52482,San Rafael,Syrah,USA,1701,19820.992517498402
50823,Lujan de Cuyo,Cabernet Sauvignon,UK,843,9572.882421543187
50956,Maipu,Cabernet Sauvignon,UK,928,14682.418480330152
52093,Maipu,Malbec,USA,759,11622.443233294463
51616,Maipu,Malbec,UK,1442,18762.946941247526
51344,Maipu,Syrah,China,936,15768.936178013362
50910,Valle de Uco,Chardonnay,USA,1749,32051.763758517194
51747,Lujan de Cuyo,Syrah,USA,1176,14570.38471554672
53468,San Rafael,Chardonnay,UK,1278,22460.694344376807
51606,Maipu,Cabernet Sauvignon,UK,1228,14117.119220061166
50703,Maipu,Syrah,China,1123,18052.499228065648
52219,Maipu,Chardonnay,UK,991,15339.437873306217
50802,Valle de Uco,Chardonnay,China,955,17948.52338392075
51888,Lujan de Cuyo,Chardonnay,UK,1169,21186.98313605384
51294,Valle de Uco,Malbec,China,1542,26238.042164243434
53474,Valle de Uco,Cabernet Sauvignon,China,1189,13767.090139452985
50001,Lujan de Cuyo,Chardonnay,USA,1586,37370.52421211299
51951,San Rafael,Chardonnay,USA,996,24702.579391189713
51915,Valle de Uco,Malbec,China,904,22349.19178601775
51292,Valle de Uco,Chardonnay,UK,1018,17688.201272928945
53021,San Rafael,Cabernet Sauvignon,China,1120,22736.04116506283
51216,Lujan de Cuyo,Cabernet Sauvignon,China,1368,16080.793629504908
52590,Maipu,Cabernet Sauvignon,UK,1176,25838.186186746865
53224,Lujan de Cuyo,Cabernet Sauvignon,USA,1366,25357.79486754941
53147,Maipu,Malbec,UK,1172,25547.923951640503
51664,Lujan de Cuyo,Cabernet Sauvignon,USA,742,8191.005388097535
51039,San Rafael,Malbec,Brasil,789,11559.853222031643
53046,Maipu,Chardonnay,UK,824,15015.305133498234
50797,Maipu,Cabernet Sauvignon,China,1617,26534.99347622016
50599,San Rafael,Malbec,UK,743,16000.436656753478
51859,Lujan de Cuyo,Malbec,UK,1808,29626.671805379243
51059,Valle de Uco,Chardonnay,USA,1089,25831.413504480362
51328,Valle de Uco,Chardonnay,UK,1242,19220.60329689282
53468,San Rafael,Chardonnay,UK,1278,22460.694344376807
53192,Maipu,Malbec,USA,1599,25062.664895453785
51678,San Rafael,Syrah,UK,1118,12738.78607846772
50824,Valle de Uco,Cabernet Sauvignon,UK,926,10733.642595360954
50947,San Rafael,Cabernet Sauvignon,Brasil,934,19823.91325085066
52842,Lujan de Cuyo,Chardonnay,Brasil,932,10541.658183674492
50927,San Rafael,Malbec,China,38231,30087.820094686766
52001,San Rafael,Chardonnay,China,1480,20196.180921566756
50056,Lujan de Cuyo,Malbec,USA,1229,28074.626263869995
52677,Lujan de Cuyo,Syrah,UK,1371,14993.814296057108
51337,Lujan de Cuyo,Malbec,UK,1298,30355.607631475363
50271,San Rafael,Chardonnay,USA,1006,14212.924937221625
51301,San Rafael,Malbec,China,1270,20278.770875096492
51947,Valle de Uco,Cabernet Sauvignon,Brasil,1426,26843.29143144613
50856,San Rafael,Malbec,UK,1384,21955.981226733053
53426,Valle de Uco,Cabernet Sauvignon,USA,906,19143.548809534273
52514,San Rafael,Cabernet Sauvignon,Brasil,678,9283.477851076144
50246,Maipu,Chardonnay,USA,1556,20552.891229065826
50193,Lujan de Cuyo,Syrah,UK,1117,12720.621241460876
51141,Maipu,Chardonnay,Brasil,647,13514.762387374814
51730,San Rafael,Chardonnay,Brasil,1188,29399.834639644643
53109,San Rafael,Malbec,UK,1635,30811.28427219418
52976,Valle de Uco,Cabernet Sauvignon,China,933,15404.599179117515
53025,Maipu,Syrah,UK,654,8286.988061423524
52520,Maipu,Malbec,USA,1694,37225.74711371685
52568,Lujan de Cuyo,Syrah,USA,1229,20643.93667867743
53233,San Rafael,Syrah,UK,1030,17089.147656838657
52805,San Rafael,Chardonnay,UK,923,
51476,San Rafael,Cabernet Sauvignon,China,1004,23118.137321406888
52235,Lujan de Cuyo,Syrah,USA,1445,32989.31819616345
51720,Valle de Uco,Malbec,UK,549,10788.547496341043
52793,Maipu,Chardonnay,USA,1661,24668.890511315916
53120,Maipu,Cabernet Sauvignon,Brasil,1249,17862.74742595096
52092,Maipu,Cabernet Sauvignon,USA,1630,33359.777505379185
52485,Lujan de Cuyo,Cabernet Sauvignon,China,850,18394.491673010114
53453,San Rafael,Malbec,UK,1407,16089.784857725277
50838,Lujan de Cuyo,Syrah,China,1593,35968.131837484405
50661,San Rafael,Malbec,China,1151,21715.603394956273
51433,San Rafael,Cabernet Sauvignon,China,1231,22790.40096182052
51164,San Rafael,Chardonnay,China,637,13741.302214423222
50627,Valle de Uco,Syrah,UK,1781,23141.371496217354
52543,Valle de Uco,Malbec,UK,789,10415.536774120363
52983,San Rafael,Syrah,USA,1618,17456.93497513089
50567,San Rafael,Malbec,UK,1573,28511.49070275969
52777,Lujan de Cuyo,Malbec,China,1268,14014.752126956299
52362,Lujan de Cuyo,Syrah,UK,1466,14724.494385985015
50503,Lujan de Cuyo,Syrah,Brasil,1141,14046.876744297339
51047,Lujan de Cuyo,Malbec,Brasil,851,15116.010551036261
51467,Maipu,Malbec,USA,1345,29287.951645306486
50427,Lujan de Cuyo,Malbec,UK,1294,26384.4262646868
52690,Valle de Uco,Malbec,UK,1068,14593.938255828429
52641,Lujan de Cuyo,Malbec,Brasil,1137,15583.269508646275
51997,Maipu,Chardonnay,USA,1335,22617.897079174516
53234,Valle de Uco,Syrah,China,764,16275.304206371991
52866,Valle de Uco,Cabernet Sauvignon,Brasil,847,10415.40495947135
52351,Maipu,Malbec,China,1360,25344.869637379674
50439,Valle de Uco,Syrah,Brasil,710,11622.988653215194
51628,Valle de Uco,Cabernet Sauvignon,China,1147,24587.75513548919
51732,Lujan de Cuyo,Chardonnay,China,1337,14619.465967352377
52614,Valle de Uco,Syrah,USA,1295,29607.390516781303
50689,Lujan de Cuyo,Chardonnay,Brasil,1591,27318.516191608225
50449,Maipu,Syrah,China,1389,18688.106569951506
52072,Maipu,Cabernet Sauvignon,China,1095,27201.51920295113
53071,San Rafael,Syrah,China,1395,21154.512349350793
50901,San Rafael,Malbec,UK,1205,14786.5336988606
51285,Valle de Uco,Malbec,UK,1287,17022.963420096185
52275,Lujan de Cuyo,Syrah,UK,1635,37672.0556470883
50481,Valle de Uco,Malbec,China,1378,29263.765394566835
53133,Valle de Uco,Cabernet Sauvignon,Brasil,40961,8498.845675271488
52356,Lujan de Cuyo,Chardonnay,UK,1352,16275.231702180125
52763,Lujan de Cuyo,Chardonnay,Brasil,1135,23202.320015112608
53296,Lujan de Cuyo,Cabernet Sauvignon,USA,905,12329.358164298827
53383,San Rafael,Cabernet Sauvignon,China,849,17036.11880401352
50582,San Rafael,Malbec,USA,1276,23764.408103273046
51974,San Rafael,Chardonnay,UK,1285,25737.944488617766
50787,Valle de Uco,Malbec,USA,755,10426.569386346551
52477,Valle de Uco,Syrah,Brasil,967,16911.08806627202
51636,San Rafael,Malbec,China,1168,13481.7327242079
50482,Maipu,Malbec,China,1256,
51724,San Rafael,Cabernet Sauvignon,USA,1131,28207.45511659374
50359,San Rafael,Cabernet Sauvignon,USA,1531,21585.738390346825
53259,Maipu,Malbec,Brasil,892,10772.291031065448
51798,Lujan de Cuyo,Syrah,Brasil,1204,20025.501096385447
52121,Lujan de Cuyo,Cabernet Sauvignon,USA,1039,21193.584280986885
52971,Valle de Uco,Syrah,USA,1107,21879.28187980376
50396,Lujan de Cuyo,Malbec,USA,1052,18030.864202952536
51448,Valle de Uco,Syrah,China,771,12477.319388199772
52935,San Rafael,Malbec,USA,881,13099.94257722102
53074,Lujan de Cuyo,Malbec,UK,1395,21530.23450401845
52643,San Rafael,Cabernet Sauvignon,China,1261,13264.692987349767
52649,Maipu,Chardonnay,USA,636,15421.44625764276
50475,Maipu,Chardonnay,UK,783,14813.607023911605
52501,Lujan de Cuyo,Malbec,USA,980,19743.67416430498
52324,San Rafael,Syrah,USA,1248,19503.626659854497
52023,Valle de Uco,Chardonnay,USA,825,9095.224915751636
50731,Maipu,Syrah,China,1134,14353.333052658332
52211,Maipu,Syrah,Brasil,1068,22616.64136681084
53302,Lujan de Cuyo,Chardonnay,China,1785,19433.67771606094
52565,Maipu,Syrah,USA,1497,22306.0012723481
53047,Maipu,Chardonnay,UK,1109,24786.58025966326
51505,Maipu,Chardonnay,Brasil,961,19322.855776222834
50986,Lujan de Cuyo,Syrah,USA,1054,23755.092612158995
52357,Valle de Uco,Chardonnay,Brasil,1083,25795.287436151913
50522,Maipu,Cabernet Sauvignon,Brasil,1324,19985.366287171666
50501,Maipu,Malbec,USA,1034,22062.982177613994
50568,San Rafael,Cabernet Sauvignon,Brasil,886,12302.65721571916
50491,Maipu,Chardonnay,China,1240,28432.768949138765
52496,Valle de Uco,Cabernet Sauvignon,China,1135,13838.39510097919
50441,San Rafael,Cabernet Sauvignon,UK,363,7252.050261516095
52241,Valle de Uco,Syrah,Brasil,1433,30806.659561621607
52450,Lujan de Cuyo,Cabernet Sauvignon,USA,1667,18769.12679180377
52562,Valle de Uco,Cabernet Sauvignon,USA,1695,27835.570376905656
53222,Maipu,Cabernet Sauvignon,Brasil,1424,26178.593645009423
51326,San Rafael,Malbec,UK,1275,21453.87510445159
50508,Lujan de Cuyo,Syrah,Brasil,1107,
50881,Valle de Uco,Cabernet Sauvignon,USA,1033,13476.97090583229
52982,Valle de Uco,Cabernet Sauvignon,UK,1250,23526.217930283612
52154,Valle de Uco,Chardonnay,UK,1238,16315.687162541335
53448,Valle de Uco,Chardonnay,Brasil,378,4643.5899399461405
50698,San Rafael,Syrah,USA,1513,29693.936919507232
52449,Lujan de Cuyo,Cabernet Sauvignon,China,955,18608.798112615157
50704,San Rafael,Cabernet Sauvignon,Brasil,1450,20955.785764270993
50677,Valle de Uco,Chardonnay,China,1425,34083.63015937834
52479,Maipu,Syrah,USA,1116,19811.335044971907
51531,Maipu,Cabernet Sauvignon,USA,1112,14170.348560993549
52525,Maipu,Malbec,China,1129,25716.288597271756
52850,Maipu,Syrah,Brasil,1239,15364.414736110613
51199,Valle de Uco,Cabernet Sauvignon,UK,1389,34431.659398798896
52727,San Rafael,Chardonnay,UK,960,23652.61449013897
50920,Maipu,Malbec,USA,1133,18323.590471025538
50302,San Rafael,Chardonnay,China,1024,12307.749074227359
51742,Maipu,Chardonnay,Brasil,1548,36264.941027234345
50184,Lujan de Cuyo,Chardonnay,Brasil,1170,13680.477622230885
52782,Maipu,Chardonnay,Brasil,796,18087.505066474212
52397,Lujan de Cuyo,Malbec,USA,1262,14089.591151753879
51596,Maipu,Syrah,USA,713,7138.071114491404
53144,Valle de Uco,Malbec,Brasil,1188,23705.435468793614
52904,Maipu,Syrah,UK,1581,32814.65506025251
52803,Valle de Uco,Syrah,UK,958,18040.34421488801
50259,San Rafael,Chardonnay,USA,1335,25096.19239622968
51719,Valle de Uco,Syrah,China,895,20681.96799661669
51084,Lujan de Cuyo,Malbec,Brasil,1419,19684.458929112934
50060,Maipu,Chardonnay,UK,1366,18148.242388686616
50540,San Rafael,Chardonnay,China,1438,29445.99158761543
52723,Valle de Uco,Cabernet Sauvignon,China,884,9388.940706225112
50663,San Rafael,Syrah,Brasil,1723,31770.794542660693
51444,Maipu,Chardonnay,Brasil,1064,25566.109264212097
51303,San Rafael,Malbec,China,835,20045.15113640855
52901,Valle de Uco,Chardonnay,USA,1021,12461.611152968884
51147,San Rafael,Chardonnay,USA,1197,24891.687686978115
52213,Valle de Uco,Cabernet Sauvignon,Brasil,1096,19862.896439241686
52183,Maipu,Syrah,China,1420,29823.996235180864
50520,Valle de Uco,Chardonnay,Brasil,311,
51573,Maipu,Malbec,Brasil,1343,31581.010259136867
53166,Lujan de Cuyo,Syrah,USA,1420,26959.049903264335
52158,Maipu,Malbec,China,992,13099.659322067693
50798,San Rafael,Syrah,USA,886,14215.744777502623
52257,Maipu,Malbec,Brasil,1610,29565.216853571546
51855,Valle de Uco,Cabernet Sauvignon,Brasil,742,15177.950812938852
53105,Maipu,Syrah,Brasil,1251,19833.373361203434
52116,Valle de Uco,Syrah,USA,1210,15024.84500823866
52566,Maipu,Syrah,China,1762,27849.691874889853
52645,Maipu,Syrah,Brasil,1119,27151.707753679064
53323,Maipu,Syrah,China,812,18528.821214416865
53088,San Rafael,Cabernet Sauvignon,UK,1354,23902.622188712903
53098,San Rafael,Chardonnay,USA,617,14817.357098298786
51781,Valle de Uco,Syrah,China,1615,31390.34375375218
52467,San Rafael,Cabernet Sauvignon,USA,1156,22544.429483295367
52682,San Rafael,Syrah,USA,1056,12599.888750288119
50600,Lujan de Cuyo,Malbec,UK,1410,23444.790548214987
50361,Valle de Uco,Cabernet Sauvignon,China,1655,35177.547186320386
51404,Lujan de Cuyo,Cabernet Sauvignon,UK,1183,13773.502533691753
52113,San Rafael,Malbec,China,1205,26947.5231194116
53258,Maipu,Malbec,UK,1155,
52481,Maipu,Chardonnay,USA,750,8796.481158740511
52071,Lujan de Cuyo,Syrah,China,746,14758.677428414074
51266,San Rafael,Malbec,Brasil,1508,31017.781589013215
51095,Lujan de Cuyo,Malbec,China,1055,18542.668916335213
52048,San Rafael,Syrah,USA,1335,18680.59955733302
50126,Valle de Uco,Chardonnay,UK,1209,25415.64654030127
50743,Valle de Uco,Cabernet Sauvignon,UK,1406,27821.007594100713
52180,Maipu,Chardonnay,Brasil,1218,21868.55573476334
52810,Lujan de Cuyo,Chardonnay,USA,1203,26792.006694978943
51041,San Rafael,Cabernet Sauvignon,UK,1163,22275.483596934704
53228,Lujan de Cuyo,Cabernet Sauvignon,UK,820,16658.702245297984
53076,San Rafael,Malbec,UK,917,16897.318026402598
51152,Maipu,Syrah,Brasil,924,18232.884089168165
50350,San Rafael,Malbec,UK,1364,32070.51216833645
53140,Valle de Uco,Chardonnay,USA,887,10575.554416385377
51913,Valle de Uco,Syrah,China,601,14366.096479518157
52255,Lujan de Cuyo,Syrah,USA,1130,12303.246283201213
52006,Lujan de Cuyo,Chardonnay,Brasil,1029,17181.07781192461
50135,Maipu,Syrah,UK,611,8250.76227325136
51487,Valle de Uco,Cabernet Sauvignon,USA,18053,21919.23711702201
50760,Maipu,Syrah,UK,1237,23620.01469550843
50578,Lujan de Cuyo,Chardonnay,China,946,10077.81599097802
51176,Valle de Uco,Syrah,USA,1783,37295.997098699496
51423,San Rafael,Chardonnay,USA,1125,22913.718719299937
51346,San Rafael,Malbec,China,1696,36046.56599956623
52598,San Rafael,Cabernet Sauvignon,USA,1525,19782.30895928467
52702,Lujan de Cuyo,Malbec,China,1220,20904.58302346135
52209,Valle de Uco,Chardonnay,China,916,12132.620426520794
50480,Valle de Uco,Syrah,Brasil,771,11808.549413905148
50268,Maipu,Cabernet Sauvignon,China,1216,26714.82815306876
50117,Lujan de Cuyo,Malbec,UK,683,14361.17812033706
50554,Lujan de Cuyo,Syrah,UK,1166,27493.7754793227
53355,San Rafael,Malbec,China,1384,18818.4474401357
50834,Valle de Uco,Syrah,Brasil,707,11946.505739222985
53053,Maipu,Chardonnay,USA,1495,
51661,Valle de Uco,Syrah,China,795,7954.292320931278
50913,Maipu,Chardonnay,USA,1367,22614.877627567486
51040,Maipu,Cabernet Sauvignon,USA,1446,35308.88553946685
52107,Valle de Uco,Chardonnay,USA,466,9145.509491703493
52917,Maipu,Syrah,Brasil,1117,17020.319950194636
52161,Valle de Uco,Syrah,Brasil,1041,10504.5416908405
52507,Maipu,Malbec,China,1636,17553.433770294232
50432,Lujan de Cuyo,Cabernet Sauvignon,USA,1327,19091.782436024485
52392,Lujan de Cuyo,Malbec,Brasil,1296,19718.046950590906
51019,Maipu,Syrah,USA,1499,26512.548396039165
52534,Maipu,Syrah,UK,1404,26715.42419625754
52317,San Rafael,Cabernet Sauvignon,China,1510,28671.958675896953
51614,Lujan de Cuyo,Syrah,Brasil,1284,15446.680318585766
53090,Valle de Uco,Chardonnay,Brasil,861,20030.212941484948
53194,Lujan de Cuyo,Chardonnay,Brasil,1069,16562.46847983195
50801,Valle de Uco,Malbec,Brasil,1232,18667.675549832114
50177,San Rafael,Cabernet Sauvignon,Brasil,1301,17194.635509163396
52442,San Rafael,Malbec,USA,1364,
51193,Maipu,Chardonnay,UK,1161,17956.230170704686
51899,Maipu,Chardonnay,China,1300,23738.465759115523
51335,San Rafael,Chardonnay,USA,1430,21886.3007028153
52371,Maipu,Syrah,USA,1506,21001.41152802438
50078,Maipu,Syrah,UK,920,9668.381311203346
50531,Lujan de Cuyo,Cabernet Sauvignon,USA,830,20453.08492981969
51543,Lujan de Cuyo,Syrah,China,1375,25206.601395552974
50590,San Rafael,Cabernet Sauvignon,USA,944,12477.48022272986
51624,San Rafael,Chardonnay,China,962,12011.796981019863
51687,San Rafael,Chardonnay,Brasil,1358,29530.813477227817
50899,Maipu,Chardonnay,China,1102,24233.60382575585
52872,Maipu,Malbec,USA,774,18435.191113493296
52863,Maipu,Cabernet Sauvignon,China,2031,45124.88855671758
52019,San Rafael,Cabernet Sauvignon,China,1173,25619.943097437324
53395,San Rafael,Cabernet Sauvignon,UK,1561,17285.948024577465
52691,Valle de Uco,Syrah,Brasil,971,23327.126767149042
50414,Maipu,Malbec,USA,1308,21438.48564782651
51117,Valle de Uco,Syrah,USA,1768,23253.524633045334
52000,San Rafael,Syrah,Brasil,1624,37891.18362554519
52555,San Rafael,Chardonnay,USA,1351,32700.048812922087
53019,Lujan de Cuyo,Cabernet Sauvignon,Brasil,801,10715.067548645025
50602,Lujan de Cuyo,Cabernet Sauvignon,China,1279,20308.14162273043
50646,Lujan de Cuyo,Malbec,UK,1477,32913.12971560986
51944,Valle de Uco,Cabernet Sauvignon,UK,1242,13211.702829363421
52012,Valle de Uco,Malbec,USA,1688,30600.80244837873
50761,San Rafael,Syrah,USA,1808,38718.800766534194
52016,San Rafael,Chardonnay,China,860,12252.77010613319
52122,Lujan de Cuyo,Malbec,USA,780,14354.902666891834
50425,Lujan de Cuyo,Syrah,China,1800,
53445,Maipu,Syrah,UK,1075,18294.134283694188
52316,Maipu,Syrah,USA,854,16948.58123494537
51996,Lujan de Cuyo,Cabernet Sauvignon,Brasil,1074,24936.91496979235
50155,Maipu,Malbec,China,1105,12769.883008292734
52153,Maipu,Malbec,China,1697,37115.09956844692
52216,Maipu,Malbec,Brasil,1771,32375.580661830652
52292,San Rafael,Chardonnay,China,1340,14671.713462361622
53158,San Rafael,Malbec,China,1253,15342.92464136467
50395,Valle de Uco,Syrah,Brasil,1183,24943.307943601743
52540,Valle de Uco,Cabernet Sauvignon,Brasil,1901,21736.76925694031
50932,Lujan de Cuyo,Cabernet Sauvignon,UK,746,8320.616645689664
52304,San Rafael,Cabernet Sauvignon,Brasil,937,10347.7409754872
50073,San Rafael,Syrah,Brasil,1047,19071.67378167894
51479,San Rafael,Cabernet Sauvignon,UK,999,24325.25513733844
51544,Maipu,Cabernet Sauvignon,UK,1218,23483.808710522007
51242,San Rafael,Chardonnay,USA,1185,16172.09787760993
50705,Valle de Uco,Syrah,USA,1372,24291.471967203066
53114,Maipu,Cabernet Sauvignon,UK,1120,22821.28614165203
50964,San Rafael,Syrah,China,1079,16520.766093497805
50408,Maipu,Malbec,Brasil,1315,
50385,Maipu,Cabernet Sauvignon,Brasil,1666,31328.43036398266
53149,San Rafael,Chardonnay,China,1493,36496.52856742459
51548,Valle de Uco,Syrah,China,1426,
52515,Lujan de Cuyo,Malbec,China,1606,28970.113686151133
51312,Valle de Uco,Malbec,USA,1650,32303.49940602357
51349,Lujan de Cuyo,Chardonnay,UK,907,
50036,San Rafael,Syrah,China,1062,24286.735339472736
52452,Maipu,Malbec,China,1108,19584.072823166644
51981,Valle de Uco,Cabernet Sauvignon,USA,1404,32996.61929414176
51665,San Rafael,Cabernet Sauvignon,UK,1434,29273.995597421017
50768,Valle de Uco,Malbec,China,1552,33448.5290162737
50790,Lujan de Cuyo,Malbec,Brasil,673,8744.322555107767
52708,San Rafael,Cabernet Sauvignon,UK,1025,21693.668427778233
50533,Maipu,Malbec,China,1066,25081.86063849999
51688,Lujan de Cuyo,Chardonnay,UK,1415,19290.38673774147
50593,Lujan de Cuyo,Syrah,Brasil,1116,16010.769946884371
53028,San Rafael,Chardonnay,USA,1261,24655.012591749317
51295,Valle de Uco,Cabernet Sauvignon,UK,1706,38005.73329093848
50571,Lujan de Cuyo,Syrah,UK,1014,16251.00778496663
50004,Valle de Uco,Cabernet Sauvignon,UK,1182,21958.97138324235
51132,Lujan de Cuyo,Cabernet Sauvignon,USA,1201,16404.419707004243
52893,Valle de Uco,Malbec,China,1572,26535.781468835165
53412,San Rafael,Chardonnay,UK,1348,20656.90599661353
53008,Maipu,Syrah,Brasil,1201,17975.151381267246
52430,Maipu,Syrah,Brasil,999,23017.25889421713
50527,Valle de Uco,Malbec,Brasil,1338,
52134,Valle de Uco,Malbec,USA,872,14831.341424488914
50547,Lujan de Cuyo,Malbec,China,1210,21110.75748904584
52659,San Rafael,Malbec,USA,1250,28280.563927469666
50045,San Rafael,Chardonnay,Brasil,971,13826.148529254908
51050,San Rafael,Chardonnay,Brasil,782,14876.330276884715
51848,Maipu,Syrah,Brasil,1104,15223.149617892766
51774,Valle de Uco,Malbec,USA,1145,19398.148418599965
51850,Valle de Uco,Syrah,China,970,20633.51315108605
50769,San Rafael,Chardonnay,USA,1613,35169.11165765071
52146,San Rafael,Cabernet Sauvignon,USA,1397,31234.486648011298
51329,San Rafael,Malbec,Brasil,1471,18995.325003765298
53492,Lujan de Cuyo,Cabernet Sauvignon,China,818,15584.188251918207
52757,Maipu,Chardonnay,UK,1280,25590.404525165613
51339,Valle de Uco,Cabernet Sauvignon,UK,1671,34586.4771063299
51860,Lujan de Cuyo,Chardonnay,China,1832,44769.21549971575
52267,Maipu,Syrah,China,1484,31960.873670271565
53188,Maipu,Malbec,USA,974,19600.892681717803
53195,Lujan de Cuyo,Chardonnay,USA,1364,16654.43299264801
52672,Maipu,Syrah,USA,1276,23889.715865514994
50280,Valle de Uco,Chardonnay,USA,514,7231.717735544692
51569,San Rafael,Malbec,UK,625,10112.800081684461
51561,Lujan de Cuyo,Cabernet Sauvignon,UK,1314,20449.143850432312
52486,Lujan de Cuyo,Cabernet Sauvignon,China,1488,30846.038229576938
52668,Maipu,Cabernet Sauvignon,UK,1422,30994.239949966926
50027,Valle de Uco,Cabernet Sauvignon,Brasil,994,12252.69927534726
51440,Maipu,Malbec,Brasil,1441,
50299,San Rafael,Malbec,China,1545,20066.622211983056
53191,Lujan de Cuyo,Malbec,USA,1177,23105.660333629785
50732,Valle de Uco,Chardonnay,UK,1258,16309.268541535088
52047,Valle de Uco,Cabernet Sauvignon,Brasil,1417,23056.67868888219
51107,San Rafael,Cabernet Sauvignon,China,1296,27606.405205693063
52451,Maipu,Chardonnay,USA,1170,14389.79487276058
53281,Maipu,Cabernet Sauvignon,UK,1592,22709.65908212936
51682,Lujan de Cuyo,Syrah,Brasil,1200,13214.359163419374
50969,Valle de Uco,Cabernet Sauvignon,Brasil,1386,23012.373186971112
50521,San Rafael,Cabernet Sauvignon,UK,1395,24323.28974613814
50029,Valle de Uco,Chardonnay,China,1129,
50980,Maipu,Syrah,Brasil,1691,
52418,San Rafael,Chardonnay,China,801,14672.847256591202
52574,Lujan de Cuyo,Chardonnay,UK,1531,35585.01200160117
52951,Valle de Uco,Syrah,Brasil,977,17707.22194903812
51151,Valle de Uco,Malbec,USA,1202,14874.322167278397
50898,Maipu,Cabernet Sauvignon,Brasil,961,20591.19073777764
51275,Maipu,Syrah,Brasil,722,15143.143277749288
52873,Lujan de Cuyo,Malbec,China,1462,16824.835244044636
50217,San Rafael,Malbec,UK,1099,26597.747226637606
51119,Maipu,Malbec,USA,893,17670.301376597672
51835,San Rafael,Cabernet Sauvignon,Brasil,1052,22184.620595194177
52586,Valle de Uco,Malbec,Brasil,1134,22482.671991061092
52080,Maipu,Syrah,China,731,10403.98359543547
51604,Lujan de Cuyo,Syrah,USA,1070,21139.886656678173
52914,San Rafael,Cabernet Sauvignon,USA,1653,30804.393914707158
52471,Lujan de Cuyo,Cabernet Sauvignon,USA,1374,30050.60499493242
51652,Lujan de Cuyo,Chardonnay,UK,897,20663.00641078388
52926,Valle de Uco,Malbec,China,980,15064.414968615663
51639,Maipu,Syrah,USA,1758,35033.11522737959
51370,Valle de Uco,Cabernet Sauvignon,USA,1171,12605.08770397789
52401,Valle de Uco,Malbec,USA,1339,14601.954638994617
50125,San Rafael,Cabernet Sauvignon,UK,1358,26047.22355714179
50805,Lujan de Cuyo,Malbec,USA,934,16397.12415538602
52887,San Rafael,Malbec,China,1272,25935.19620952221
52067,Lujan de Cuyo,Malbec,China,1139,17846.66430983714
53254,Valle de Uco,Chardonnay,USA,1345,23165.705291427323
52505,Maipu,Malbec,UK,1044,21448.404019073736
51029,Maipu,Chardonnay,Brasil,1191,
53014,Maipu,Cabernet Sauvignon,USA,383,7457.325617029695
51112,San Rafael,Cabernet Sauvignon,Brasil,775,17735.399381079438
50046,Valle de Uco,Malbec,China,1225,27697.522699124755
50610,San Rafael,Malbec,Brasil,1852,28637.068957133095
51378,San Rafael,Syrah,China,1018,21535.166339940104
51215,Lujan de Cuyo,Chardonnay,Brasil,1267,17735.630114473617
51438,San Rafael,Malbec,UK,1562,26687.191356804924
51430,Lujan de Cuyo,Cabernet Sauvignon,USA,854,20736.153677141592
50788,San Rafael,Syrah,China,1347,28356.188580293874
51028,San Rafael,Cabernet Sauvignon,UK,760,17582.017219872614
52475,Maipu,Syrah,Brasil,1815,26761.981499509056
52202,Lujan de Cuyo,Cabernet Sauvignon,USA,1317,26211.653792594738
50688,Valle de Uco,Chardonnay,UK,1298,23710.112929752613
51045,Lujan de Cuyo,Syrah,Brasil,1441,
51101,Valle de Uco,Cabernet Sauvignon,UK,1739,32154.402084615762
50904,Valle de Uco,Malbec,Brasil,1187,28153.022623967354
53361,Valle de Uco,Cabernet Sauvignon,UK,1490,31046.83193544336
50369,Lujan de Cuyo,Cabernet Sauvignon,USA,1100,21239.048622501195
52936,Valle de Uco,Syrah,UK,1011,16196.695134623858
53467,San Rafael,Chardonnay,USA,948,21017.34511707765
52942,Lujan de Cuyo,Cabernet Sauvignon,Brasil,616,8271.33572927809
52852,Lujan de Cuyo,Malbec,UK,1209,29524.20528355054
53189,San Rafael,Chardonnay,China,1724,40175.59258823824
51621,Maipu,Malbec,Brasil,1842,44822.88257747857
52499,Lujan de Cuyo,Cabernet Sauvignon,UK,613,11168.73924372195
51580,Lujan de Cuyo,Syrah,Brasil,883,17373.71780035976
51051,Valle de Uco,Syrah,Brasil,1058,18166.724755689655
51237,San Rafael,Chardonnay,USA,1301,26372.77152718609
52380,Valle de Uco,Chardonnay,Brasil,767,13310.04330034349
51865,Valle de Uco,Chardonnay,USA,1367,
50345,Valle de Uco,Chardonnay,Brasil,854,9389.03963390908
52526,Maipu,Syrah,China,1068,13953.880181277136
53332,Lujan de Cuyo,Malbec,Brasil,1091,23275.34075122769
50494,Maipu,Syrah,China,1595,36641.84241843396
52585,Maipu,Syrah,China,780,14624.947739988951
52448,Maipu,Malbec,USA,1231,15729.604964598724
52783,Lujan de Cuyo,Malbec,UK,1227,
51749,Maipu,Cabernet Sauvignon,UK,1165,21631.50446240138
51793,Maipu,Syrah,UK,793,19642.98297941291
51436,Maipu,Malbec,China,1627,25002.94424840812
51631,Valle de Uco,Cabernet Sauvignon,Brasil,1022,14091.908122398278
52752,Valle de Uco,Chardonnay,UK,918,
52657,Valle de Uco,Syrah,USA,1174,26786.283353976287
52919,San Rafael,Cabernet Sauvignon,Brasil,1683,21307.695620509097
53351,Valle de Uco,Chardonnay,USA,1009,20990.121271245265
52200,Maipu,Malbec,Brasil,1270,19796.98361597684
52341,Lujan de Cuyo,Malbec,UK,1493,21648.50960688395
52387,Lujan de Cuyo,Chardonnay,USA,1275,23754.648387095564
52692,Valle de Uco,Chardonnay,Brasil,1171,
52373,Maipu,Malbec,Brasil,2009,26019.802976434494
50976,Maipu,Malbec,Brasil,1306,26060.80522398321
53490,Maipu,Syrah,USA,1753,42698.85730596956
51459,Lujan de Cuyo,Syrah,UK,1520,28471.823313559737
50283,Valle de Uco,Syrah,Brasil,1277,17392.88127792639
53259,Maipu,Malbec,Brasil,892,10772.291031065448
52173,Lujan de Cuyo,Syrah,Brasil,1200,15074.329290381449
50560,Valle de Uco,Cabernet Sauvignon,USA,964,10252.572829229912
52815,Maipu,Cabernet Sauvignon,UK,1296,26657.20145782178
52511,Maipu,Chardonnay,USA,765,17400.20001744081
51409,Maipu,Malbec,USA,883,19055.194193986208
53447,Lujan de Cuyo,Cabernet Sauvignon,China,1219,25967.72445820402
50592,San Rafael,Malbec,Brasil,1297,25085.382672211006
51058,Lujan de Cuyo,Cabernet Sauvignon,UK,1371,19917.257493336412
50909,Maipu,Syrah,USA,1359,32883.53456454956
51414,San Rafael,Syrah,UK,685,10544.484565887136
50479,San Rafael,Syrah,USA,1657,25256.64610669487
50700,Maipu,Cabernet Sauvignon,UK,951,10296.475710137207
50633,Maipu,Cabernet Sauvignon,Brasil,1668,31089.954273020034
51935,Lujan de Cuyo,Malbec,USA,1074,11125.429114640678
50108,Lujan de Cuyo,Cabernet Sauvignon,USA,1509,17484.94210901376
53213,Lujan de Cuyo,Syrah,China,886,9911.153948840756
51098,Lujan de Cuyo,Malbec,China,1029,14818.323010220145
50660,San Rafael,Chardonnay,UK,1324,28698.85028025422
52124,San Rafael,Chardonnay,China,842,14900.105936117723
51184,Valle de Uco,Chardonnay,UK,927,16771.960502077894
50511,San Rafael,Syrah,USA,1356,17748.817324896292
50998,Maipu,Cabernet Sauvignon,USA,884,15742.059199622421
50783,Maipu,Chardonnay,UK,635,11642.057648807737
50012,Maipu,Chardonnay,Brasil,1417,22050.21379831146
51803,Lujan de Cuyo,Chardonnay,Brasil,1518,36154.29494639577
50579,Valle de Uco,Malbec,UK,1318,13720.66385721461
52695,San Rafael,Malbec,Brasil,948,12944.427399310987
53431,Maipu,Chardonnay,UK,1150,20350.511133815075
50154,Maipu,Malbec,Brasil,1689,36347.17454725555
52396,Maipu,Cabernet Sauvignon,Brasil,867,11792.804775170342
50103,Lujan de Cuyo,Chardonnay,USA,862,17280.240945757287
50187,San Rafael,Chardonnay,UK,1226,14589.216728226464
50876,Valle de Uco,Malbec,China,1295,23988.842236142722
51862,Maipu,Malbec,Brasil,1555,34721.88052250827
50804,Valle de Uco,Chardonnay,USA,1615,19554.274664398778
52606,Maipu,Cabernet Sauvignon,Brasil,793,13409.442324614938
53276,Lujan de Cuyo,Syrah,China,1094,16094.802604692915
51009,Lujan de Cuyo,Malbec,Brasil,1897,
51679,Maipu,Cabernet Sauvignon,USA,1609,25486.221393728934
52524,Valle de Uco,Chardonnay,Brasil,1859,30467.246744209013
52725,San Rafael,Syrah,China,820,16594.070801144
51897,Valle de Uco,Cabernet Sauvignon,UK,702,14007.911779033397
51795,Valle de Uco,Malbec,UK,976,18169.467738091105
53048,San Rafael,Syrah,UK,1054,15785.407871266663
50523,Valle de Uco,Cabernet Sauvignon,UK,936,19679.880326038197
50296,Maipu,Cabernet Sauvignon,USA,1586,22045.063671664102
51748,Lujan de Cuyo,Cabernet Sauvignon,China,1722,17391.920367854986
53230,San Rafael,Syrah,UK,1197,29854.342207747224
52527,San Rafael,Syrah,Brasil,1142,18972.70287620443
51625,Maipu,Syrah,China,829,11890.001709750315
52985,San Rafael,Syrah,China,831,10632.502988372587
52172,San Rafael,Malbec,USA,1371,20677.82695939606
51260,San Rafael,Malbec,Brasil,1100,21589.54890964248
53153,Valle de Uco,Syrah,China,1422,27672.915170352808
51026,Maipu,Cabernet Sauvignon,USA,1489,31328.59773376835
50990,Lujan de Cuyo,Cabernet Sauvignon,UK,1430,16095.721326236886
52851,Lujan de Cuyo,Malbec,Brasil,1117,27682.94207025642
51790,San Rafael,Cabernet Sauvignon,Brasil,1001,10518.18041925478
52601,Valle de Uco,Syrah,China,1030,
50243,San Rafael,Cabernet Sauvignon,UK,1054,13856.10191067548
50238,Maipu,Cabernet Sauvignon,Brasil,932,22669.209024778866
51466,Maipu,Cabernet Sauvignon,USA,900,22309.763625232627
53210,Lujan de Cuyo,Malbec,Brasil,1145,
51298,Valle de Uco,Cabernet Sauvignon,USA,311,4429.013441694848
50424,Lujan de Cuyo,Syrah,UK,1656,30326.828444059447
52877,Valle de Uco,Chardonnay,UK,1198,27674.12994211461
52897,San Rafael,Syrah,UK,1194,14584.303264525612
50918,Maipu,Chardonnay,Brasil,1615,26460.033941230555
52837,Valle de Uco,Syrah,China,1607,23254.78961431529
51295,Valle de Uco,Cabernet Sauvignon,UK,1706,38005.73329093848
52717,San Rafael,Malbec,USA,1044,13343.808878887763
51691,San Rafael,Syrah,UK,876,10006.410275226923
50082,Valle de Uco,Syrah,USA,1779,37263.60817935947
50628,San Rafael,Syrah,UK,841,12749.057436444557
50051,Lujan de Cuyo,Chardonnay,USA,846,14488.091145694265
52728,Maipu,Chardonnay,Brasil,937,15037.200462794399
51379,Valle de Uco,Chardonnay,USA,1131,11461.901153405543
53175,San Rafael,Syrah,China,1064,16059.755333796638
52647,San Rafael,Syrah,USA,1004,20812.69800933239
51268,Maipu,Malbec,UK,1538,15401.711857684157
50748,Maipu,Cabernet Sauvignon,Brasil,1292,23387.539455102957
51811,Maipu,Chardonnay,China,988,15298.92207446938
50706,Lujan de Cuyo,Syrah,China,1911,39090.316184731404
52143,Lujan de Cuyo,Malbec,UK,1371,16952.741991942097
52149,Valle de Uco,Chardonnay,USA,1400,16521.69575793974
51861,Maipu,Chardonnay,China,1188,17278.06637279578
51208,Maipu,Malbec,China,1008,20198.520961680395
52039,Valle de Uco,Malbec,USA,723,8384.83794051103
51481,San Rafael,Malbec,China,1308,32380.918738491295
50373,Maipu,Cabernet Sauvignon,China,1382,32994.13787390481
50914,San Rafael,Cabernet Sauvignon,Brasil,1450,19159.431577111744
51893,Maipu,Syrah,UK,897,12053.835999762401
52239,Valle de Uco,Malbec,USA,37655,21807.354073376548
50536,Lujan de Cuyo,Chardonnay,Brasil,703,13274.308673663045
53477,Lujan de Cuyo,Cabernet Sauvignon,Brasil,1666,17663.677626240868
50114,San Rafael,Syrah,USA,1432,17810.4987518659
53415,Maipu,Syrah,UK,1293,25706.542102700932
51503,Valle de Uco,Malbec,Brasil,1323,29782.283360004458
53322,San Rafael,Chardonnay,USA,1536,16266.67505808598
53052,Lujan de Cuyo,Syrah,China,1312,20298.72115387755
51612,San Rafael,Cabernet Sauvignon,China,1183,16930.99572647739
50506,San Rafael,Syrah,UK,666,12298.643996116798
51709,Valle de Uco,Syrah,USA,1299,16302.819902947416
53396,San Rafael,Syrah,USA,27156,22526.16584568652
52556,Maipu,Chardonnay,USA,783,14734.202616387347
51986,San Rafael,Chardonnay,USA,1297,14547.247449349012
52750,San Rafael,Malbec,Brasil,1511,16181.390853831095
53081,Valle de Uco,Cabernet Sauvignon,UK,2015,39920.515877929094
52795,San Rafael,Malbec,China,1307,19629.034050537815
50868,Valle de Uco,Chardonnay,USA,626,6366.533657591775
50617,Lujan de Cuyo,Malbec,Brasil,979,19517.255765681788
52325,Lujan de Cuyo,Cabernet Sauvignon,China,1883,24500.783303219825
51672,San Rafael,Chardonnay,UK,1088,16567.27720597212
51513,San Rafael,Chardonnay,UK,1027,19150.47005695088
52961,Maipu,Malbec,Brasil,1183,19222.505620330154
50755,San Rafael,Syrah,Brasil,705,9510.974866038103
52748,San Rafael,Syrah,UK,980,10952.462986592089
50262,Maipu,Cabernet Sauvignon,Brasil,1322,31096.200818447483
50160,Lujan de Cuyo,Cabernet Sauvignon,China,950,23626.909089217872
53300,Valle de Uco,Syrah,Brasil,1008,22951.358888480117
50866,Maipu,Syrah,UK,887,21620.94922628988
51210,Maipu,Chardonnay,USA,1263,
51681,Maipu,Chardonnay,USA,1029,24244.134739407433
51912,Lujan de Cuyo,Cabernet Sauvignon,UK,1148,12338.687766216482
53472,Maipu,Chardonnay,USA,1397,30481.788610912092
50052,Maipu,Syrah,Brasil,1293,25016.374270700726
50738,Valle de Uco,Chardonnay,China,1180,21389.47182577589
52094,Maipu,Chardonnay,China,999,12261.56901034469
51314,Maipu,Chardonnay,USA,1376,14757.350077930067
51705,Maipu,Chardonnay,Brasil,1548,15896.920798512156
50357,Maipu,Cabernet Sauvignon,UK,1591,26366.831979770945
51643,Valle de Uco,Malbec,China,1322,19189.67186701801
51954,Valle de Uco,Chardonnay,UK,1175,24773.164110724127
52977,San Rafael,Syrah,Brasil,1494,32473.591361652343
52389,Lujan de Cuyo,Syrah,China,1284,22366.84462792672
50931,Maipu,Cabernet Sauvignon,USA,1135,21616.538961962462
50572,Valle de Uco,Chardonnay,UK,31605,31734.49936014818
52621,Valle de Uco,Chardonnay,UK,915,17582.09202698708
50649,San Rafael,Cabernet Sauvignon,USA,975,21637.911337186943
51575,Maipu,Malbec,Brasil,538,13190.985269004983
52665,Valle de Uco,Chardonnay,China,1560,29608.64856961923
51916,Lujan de Cuyo,Cabernet Sauvignon,UK,1147,22330.54816838351
52875,Lujan de Cuyo,Syrah,UK,731,13982.680639549773
52323,Maipu,Chardonnay,USA,1280,28478.583216996885
50684,San Rafael,Chardonnay,Brasil,1378,31449.735918325892
53489,Maipu,Syrah,UK,1306,23486.12106021127
52187,San Rafael,Chardonnay,UK,847,16463.308230193394
50557,San Rafael,Malbec,Brasil,1282,18282.94491500145
52409,Valle de Uco,Cabernet Sauvignon,USA,1543,17003.360234920678
51551,San Rafael,Cabernet Sauvignon,USA,1257,22603.437744251605
52170,San Rafael,Malbec,Brasil,1025,16206.318641138083
51490,Lujan de Cuyo,Chardonnay,UK,1445,26791.516841693116
51427,Valle de Uco,Syrah,Brasil,1141,25987.663997644195
51957,San Rafael,Chardonnay,UK,1330,
52070,San Rafael,Chardonnay,China,1193,14498.721006940343
53472,Maipu,Chardonnay,USA,1397,30481.788610912092
51564,Maipu,Syrah,China,1575,25397.565536799226
53237,Maipu,Cabernet Sauvignon,UK,1185,28009.575402782903
52340,Valle de Uco,Chardonnay,Brasil,1635,27278.50438540666
51998,Valle de Uco,Syrah,USA,771,14571.268643875668
52245,Maipu,Syrah,Brasil,1881,19624.209752207564
52600,San Rafael,Malbec,USA,1353,19480.9679894036
51360,Maipu,Cabernet Sauvignon,USA,675,9498.780308477135
53078,Maipu,Malbec,USA,770,10196.160917464647
50549,Maipu,Chardonnay,Brasil,802,16170.97159738546
50118,Lujan de Cuyo,Syrah,Brasil,1819,25595.596911251057
50624,San Rafael,Chardonnay,USA,1042,26037.4830351268
50940,Valle de Uco,Chardonnay,Brasil,988,16009.828654145786
50851,San Rafael,Cabernet Sauvignon,USA,1452,21716.157488803165
50776,San Rafael,Malbec,USA,1298,19944.40624195021
51358,Valle de Uco,Chardonnay,USA,986,22870.964223668827
52550,Maipu,Malbec,China,1384,34321.82083068298
53135,Valle de Uco,Malbec,China,1211,22392.87187104941
51754,Maipu,Syrah,USA,950,15247.11614992077
52921,San Rafael,Cabernet Sauvignon,China,1312,31424.741360660486
52578,Maipu,Syrah,USA,2076,22341.83717738326
51581,Lujan de Cuyo,Syrah,USA,918,
51895,Valle de Uco,Malbec,Brasil,1179,16785.81031317531
52462,Lujan de Cuyo,Syrah,China,1445,27483.3406903554
52922,San Rafael,Cabernet Sauvignon,UK,1262,29128.740549157523
53221,Valle de Uco,Cabernet Sauvignon,Brasil,1308,21530.898970275553
53462,Maipu,Chardonnay,China,1434,30659.841577084022
50791,Valle de Uco,Cabernet Sauvignon,USA,1146,22639.348643404144
50580,Maipu,Chardonnay,UK,797,18419.159017835023
52339,San Rafael,Malbec,UK,1321,22464.88722337046
50637,Valle de Uco,Chardonnay,USA,1566,28052.854916903303
51907,San Rafael,Cabernet Sauvignon,UK,935,20425.583120501058
51097,Lujan de Cuyo,Cabernet Sauvignon,Brasil,1506,28169.048489377717
51288,Valle de Uco,Syrah,USA,1212,29104.62820385286
52269,Maipu,Chardonnay,UK,1246,30952.191680453143
50739,Lujan de Cuyo,Malbec,Brasil,1588,16352.37546416743
50007,Lujan de Cuyo,Syrah,USA,768,17402.371092344107
51148,Maipu,Malbec,Brasil,1286,30749.824336568156
51725,Maipu,Chardonnay,USA,1076,14926.328584145818
52476,Lujan de Cuyo,Syrah,Brasil,1330,30411.526219416257
52830,San Rafael,Cabernet Sauvignon,USA,1098,21190.884669659492
50212,Valle de Uco,Cabernet Sauvignon,Brasil,1582,29765.61295316044
50618,Maipu,Cabernet Sauvignon,Brasil,1406,27424.15785519957
52150,Lujan de Cuyo,Syrah,China,1239,22369.342668585905
51226,San Rafael,Chardonnay,UK,1180,26636.440594035048
51247,Lujan de Cuyo,Chardonnay,Brasil,1279,
50208,Valle de Uco,Malbec,UK,1508,18200.996934554663
51932,Valle de Uco,Cabernet Sauvignon,Brasil,28133,11705.027617586791
53173,Valle de Uco,Chardonnay,UK,1264,28647.218151704066
51458,Valle de Uco,Chardonnay,UK,1783,35687.49145235186
51886,Maipu,Malbec,China,1640,38402.972641980654
50418,Lujan de Cuyo,Cabernet Sauvignon,Brasil,914,17429.894215334203
52322,Lujan de Cuyo,Cabernet Sauvignon,USA,1536,33533.61544846764
52539,Lujan de Cuyo,Cabernet Sauvignon,Brasil,918,13191.461246094073
50789,Valle de Uco,Cabernet Sauvignon,China,1555,26289.64217074002
51277,San Rafael,Chardonnay,China,1216,19928.137179217203
51394,Valle de Uco,Syrah,China,1601,29521.306346841542
50924,Maipu,Cabernet Sauvignon,Brasil,1434,28328.18378267646
50722,Valle de Uco,Cabernet Sauvignon,China,1422,17379.677012876553
51174,San Rafael,Malbec,UK,1306,21806.621863192948
51894,San Rafael,Cabernet Sauvignon,Brasil,1609,29064.691694542955
52123,Maipu,Malbec,UK,1566,26557.046466022322
52633,San Rafael,Cabernet Sauvignon,Brasil,1069,22720.487576975167
52168,Valle de Uco,Chardonnay,China,964,12472.893208814276
50140,Lujan de Cuyo,Chardonnay,UK,1399,17957.315815674756
50348,Lujan de Cuyo,Malbec,Brasil,1746,37264.79272979204
51044,Lujan de Cuyo,Chardonnay,China,1447,31207.289445882452
50605,Maipu,Cabernet Sauvignon,China,1153,
51941,Maipu,Cabernet Sauvignon,USA,1056,21309.397975896856
50968,San Rafael,Malbec,Brasil,1142,20049.326231146628
51331,Valle de Uco,Syrah,UK,1236,28422.25379097704
50176,Valle de Uco,Chardonnay,UK,1890,36464.18225606593
51982,Valle de Uco,Chardonnay,USA,1454,23876.662957482
51321,Valle de Uco,Malbec,China,734,9298.822564539663
53424,Maipu,Syrah,China,1215,24414.12696101136
50237,Lujan de Cuyo,Malbec,China,1568,32660.010510975135
51763,Maipu,Cabernet Sauvignon,Brasil,1285,21881.692811190384
51826,Maipu,Syrah,UK,710,14887.663124810371
52197,San Rafael,Syrah,China,687,10675.028929480253
51805,Lujan de Cuyo,Chardonnay,Brasil,1440,31699.115024585135
51020,Maipu,Cabernet Sauvignon,Brasil,1088,12252.653760702127
52635,Maipu,Malbec,USA,959,21519.14116997824
51494,San Rafael,Malbec,Brasil,1110,12285.80125243796
50286,Lujan de Cuyo,Malbec,USA,1631,26705.78189041963
50667,Lujan de Cuyo,Malbec,UK,1217,
53285,Lujan de Cuyo,Chardonnay,UK,921,19335.811506224123
50681,Maipu,Syrah,Brasil,1523,19276.75019990632
52054,San Rafael,Chardonnay,UK,1960,32793.22370759371
50813,Valle de Uco,Cabernet Sauvignon,UK,1808,39411.625557162326
51475,Maipu,Chardonnay,USA,1707,33407.282453545326
51603,Valle de Uco,Cabernet Sauvignon,USA,726,17926.690210243658
51264,Valle de Uco,Chardonnay,Brasil,1397,28357.55655082054
51977,Maipu,Syrah,China,1547,35804.447008470874
50699,Lujan de Cuyo,Cabernet Sauvignon,USA,1121,12678.616604373969
50772,Valle de Uco,Cabernet Sauvignon,USA,1039,12847.171914161137
50707,Lujan de Cuyo,Malbec,UK,1081,19557.17071580531
53055,Maipu,Syrah,UK,1222,20897.879683717132
52742,Valle de Uco,Malbec,China,755,8804.193356462381
51823,Lujan de Cuyo,Syrah,China,843,16931.90709535119
53305,Maipu,Chardonnay,Brasil,1184,19662.401431603404
51165,Lujan de Cuyo,Cabernet Sauvignon,China,1438,17738.379650519902
52374,San Rafael,Malbec,USA,1451,33878.633254168424
50938,Valle de Uco,Chardonnay,China,860,19267.164986227857
53268,Lujan de Cuyo,Chardonnay,China,1041,14932.982515485885
52288,Valle de Uco,Malbec,China,1526,24359.524871907306
51415,San Rafael,Chardonnay,Brasil,1333,25652.2143950602
53475,Maipu,Chardonnay,UK,1610,36510.82968017481
52226,Maipu,Malbec,UK,1677,24105.63219520942
51704,Maipu,Cabernet Sauvignon,USA,1328,31982.73831901839
51504,Maipu,Cabernet Sauvignon,UK,902,21688.3688970283
50753,Maipu,Syrah,USA,873,10195.232686429868
53391,Maipu,Syrah,USA,1161,17292.09881892943
52806,Maipu,Malbec,China,1023,18871.308437260308
52289,Maipu,Chardonnay,Brasil,1056,16564.12532010398
51800,Maipu,Syrah,Brasil,1286,29641.49367801532
53482,Maipu,Cabernet Sauvignon,China,1154,12747.028376455073
52473,Valle de Uco,Syrah,UK,988,21911.10056237388
53386,San Rafael,Cabernet Sauvignon,China,790,19405.166485236372
51952,Maipu,Syrah,Brasil,1187,29577.54227343407
52375,San Rafael,Malbec,China,1499,16477.69502531499
53318,Maipu,Malbec,Brasil,539,13177.35041266113
53219,San Rafael,Cabernet Sauvignon,USA,900,22317.925838668823
51327,Maipu,Chardonnay,Brasil,1499,17016.762637776064
51758,Maipu,Malbec,UK,1324,24109.719614233458
51771,San Rafael,Chardonnay,China,1416,33339.784213017
51882,San Rafael,Cabernet Sauvignon,China,1327,19504.033784802683
51362,Maipu,Malbec,USA,1438,23497.570040021485
53450,San Rafael,Malbec,UK,1359,24821.62263451401
52541,Maipu,Syrah,Brasil,1513,20546.21460647982
52510,Maipu,Syrah,UK,1363,18227.035131895565
51695,Valle de Uco,Cabernet Sauvignon,Brasil,1276,29379.092261977083
51109,San Rafael,Cabernet Sauvignon,China,1543,16963.083299961876
52991,San Rafael,Cabernet Sauvignon,USA,1180,
50249,Lujan de Cuyo,Syrah,UK,1533,33127.03350246146
50024,San Rafael,Chardonnay,Brasil,762,
50247,Maipu,Chardonnay,UK,1634,38874.088139094994
50161,Lujan de Cuyo,Chardonnay,USA,1724,36240.024667544276
50724,Valle de Uco,Cabernet Sauvignon,UK,1038,21616.395154645597
53215,San Rafael,Malbec,China,931,11041.1156269374
53180,Valle de Uco,Syrah,UK,1518,34536.088368893325
51407,Lujan de Cuyo,Malbec,UK,1516,25193.08909051226
51565,San Rafael,Chardonnay,UK,947,16111.570945102705
53068,Valle de Uco,Cabernet Sauvignon,USA,1285,25228.275587395496
51988,San Rafael,Malbec,UK,1343,28474.81138530745
52910,San Rafael,Cabernet Sauvignon,Brasil,1165,18453.77059008283
53185,Lujan de Cuyo,Syrah,China,801,17409.631931273972
51689,Maipu,Cabernet Sauvignon,China,988,22646.767701052675
52551,San Rafael,Malbec,UK,1629,23259.632762826088
53115,Lujan de Cuyo,Syrah,USA,842,11756.561101273483
52180,Maipu,Chardonnay,Brasil,1218,21868.55573476334
52249,San Rafael,Cabernet Sauvignon,USA,1423,34823.9709990588
51909,Lujan de Cuyo,Chardonnay,UK,1291,13627.300688320376
52755,Valle de Uco,Cabernet Sauvignon,Brasil,768,13410.609654520897
51309,Valle de Uco,Chardonnay,Brasil,1022,22974.96129600335
52857,San Rafael,Cabernet Sauvignon,USA,1547,17666.87457957621
51012,San Rafael,Syrah,China,1109,26108.425366007945
51583,Lujan de Cuyo,Syrah,China,526,6467.963019363537
50127,Maipu,Cabernet Sauvignon,USA,883,20445.75070336635
51002,San Rafael,Cabernet Sauvignon,UK,773,11168.72756190712
50562,Maipu,Malbec,UK,1063,19813.675590325765
51187,San Rafael,Syrah,USA,1180,26975.741346392635
52964,Maipu,Syrah,USA,1032,
51049,Maipu,Malbec,Brasil,1101,21261.09482611501
52843,Valle de Uco,Syrah,Brasil,1271,20534.191333510786
52276,Valle de Uco,Cabernet Sauvignon,Brasil,1256,21882.49696343652
52607,San Rafael,Syrah,UK,1405,24753.98256596794
53238,Maipu,Cabernet Sauvignon,Brasil,1207,13835.969256577288
53241,Maipu,Malbec,USA,1348,
50344,Valle de Uco,Syrah,China,878,13995.571492551508
50985,Valle de Uco,Cabernet Sauvignon,China,1268,30450.408151774423
52151,Maipu,Malbec,Brasil,917,10651.017691280313
51645,Maipu,Cabernet Sauvignon,UK,1644,24911.807640508498
51035,San Rafael,Cabernet Sauvignon,USA,835,8370.560650554215
50332,Lujan de Cuyo,Syrah,China,1041,24594.272935183864
52368,San Rafael,Chardonnay,USA,1510,33732.442412756536
52218,San Rafael,Chardonnay,USA,1151,16642.035099674
53203,Valle de Uco,Cabernet Sauvignon,Brasil,902,20896.68827247745
51587,San Rafael,Chardonnay,USA,1205,28862.469051283173
51359,San Rafael,Chardonnay,USA,912,11398.628587291136
53357,Lujan de Cuyo,Cabernet Sauvignon,China,1067,20664.06479681154
50209,San Rafael,Malbec,USA,791,17988.268964063132
52137,Valle de Uco,Cabernet Sauvignon,Brasil,1393,21520.04083238067
50678,San Rafael,Chardonnay,USA,1098,13152.254820401513
51739,Maipu,Chardonnay,USA,867,8801.081634723161
51521,Maipu,Cabernet Sauvignon,USA,872,13042.737883823158
51452,San Rafael,Syrah,Brasil,1311,23236.226258327493
50380,Lujan de Cuyo,Syrah,Brasil,1288,19770.05693700945
51666,Valle de Uco,Cabernet Sauvignon,USA,783,17539.789443548576
52888,Valle de Uco,Chardonnay,UK,1267,21547.75895536576
50583,Lujan de Cuyo,Cabernet Sauvignon,China,1252,23433.15423513317
52468,Maipu,Syrah,Brasil,801,9171.83332270883
52037,Maipu,Chardonnay,USA,1164,26612.118911669782
51905,Maipu,Syrah,China,1192,23929.889070854002
50977,Valle de Uco,Syrah,Brasil,23740,13639.110446107692
50224,Maipu,Syrah,China,1141,15207.765704182908
51541,Lujan de Cuyo,Cabernet Sauvignon,UK,819,9034.708990646312
50197,Maipu,Syrah,Brasil,1133,25899.887340459878
50458,Lujan de Cuyo,Syrah,China,1240,23350.929583955352
52265,Maipu,Cabernet Sauvignon,China,995,16746.032875379246
51584,Maipu,Syrah,China,1065,18178.40685456198
53275,San Rafael,Cabernet Sauvignon,Brasil,1508,25385.308214286488
53011,Lujan de Cuyo,Cabernet Sauvignon,Brasil,1210,26733.30950718703
51806,Valle de Uco,Malbec,China,1239,22093.026424071544
51219,San Rafael,Syrah,UK,1098,27034.31091693219
52502,Valle de Uco,Syrah,China,993,16898.727147550617
50099,Valle de Uco,Syrah,Brasil,1350,17957.854025289274
51812,Maipu,Chardonnay,UK,806,18084.715607220005
52792,Maipu,Cabernet Sauvignon,China,1111,16845.492369885294
52345,Maipu,Cabernet Sauvignon,UK,1582,25826.03371572651
52236,Lujan de Cuyo,Syrah,China,1853,29230.044120875395
51280,Valle de Uco,Malbec,UK,1069,19082.884622554535
53155,Lujan de Cuyo,Syrah,Brasil,1188,23765.322120073957
51755,Maipu,Chardonnay,China,920,20796.251476178168
50009,Maipu,Malbec,Brasil,1181,24648.051645322266
53427,San Rafael,Chardonnay,USA,443,7163.063644361079
51847,Maipu,Chardonnay,Brasil,1472,28257.837169563365
51351,Maipu,Syrah,USA,714,16297.901897819229
50450,Lujan de Cuyo,Chardonnay,UK,1575,26738.579193955484
51611,Lujan de Cuyo,Chardonnay,Brasil,848,20139.567422302865
50930,San Rafael,Cabernet Sauvignon,USA,1909,25200.08709789515
51744,Valle de Uco,Cabernet Sauvignon,Brasil,1294,19487.91479249194
52234,Valle de Uco,Malbec,USA,1222,14043.533076832025
52956,Lujan de Cuyo,Syrah,Brasil,1292,26392.340653743984
53473,Maipu,Syrah,USA,1229,15161.561690481347
51946,Maipu,Chardonnay,China,1025,22690.882147572975
50492,Lujan de Cuyo,Syrah,China,1410,34190.518090435195
51728,Maipu,Malbec,China,910,14545.967565757534
52891,Valle de Uco,Chardonnay,USA,1192,17436.126601291195
52456,Maipu,Cabernet Sauvignon,USA,1523,37737.14348150397
50363,Valle de Uco,Malbec,China,515,9581.923364934855
52419,Maipu,Chardonnay,Brasil,1189,28077.454359457446
51926,Valle de Uco,Malbec,Brasil,1157,13030.952606212762
51302,Valle de Uco,Chardonnay,UK,892,11134.557012529775
52030,Maipu,Chardonnay,China,1014,15364.267102978889
51397,Lujan de Cuyo,Malbec,China,1051,20694.014815658033
52381,Valle de Uco,Syrah,Brasil,1101,25104.203250907565
52386,Lujan de Cuyo,Malbec,China,1664,18204.270021847133
50657,Maipu,Chardonnay,USA,1639,19135.430586311104
52735,Maipu,Cabernet Sauvignon,USA,1672,16871.728782960443
51382,San Rafael,Syrah,UK,1224,21471.295181402293
52975,Valle de Uco,Chardonnay,UK,1103,25669.177029515788
50595,San Rafael,Cabernet Sauvignon,Brasil,1080,20246.17472465838
53229,Lujan de Cuyo,Syrah,UK,1246,26550.886345369203
52025,Lujan de Cuyo,Malbec,USA,1920,20147.113454681217
50375,San Rafael,Malbec,UK,1072,10758.658387301468
51198,Maipu,Malbec,USA,1265,15341.953337383231
51500,Valle de Uco,Cabernet Sauvignon,USA,1155,11918.294848209187
50013,Lujan de Cuyo,Chardonnay,China,1361,21428.30314231735
53165,San Rafael,Syrah,Brasil,1741,19089.682711369904
51987,Lujan de Cuyo,Syrah,UK,998,16417.29186893731
52597,Maipu,Malbec,USA,1014,21537.270213835196
50310,Lujan de Cuyo,Cabernet Sauvignon,USA,923,15408.772845717494
50742,Maipu,Cabernet Sauvignon,UK,1456,21219.10936804986
52663,Valle de Uco,Syrah,Brasil,1318,22122.846870662335
50887,Maipu,Cabernet Sauvignon,USA,810,14866.727514525686
52402,Lujan de Cuyo,Chardonnay,USA,1239,20759.399126520057
52570,Lujan de Cuyo,Malbec,UK,1291,
52423,Lujan de Cuyo,Cabernet Sauvignon,China,1450,35384.47476692557
51629,Valle de Uco,Cabernet Sauvignon,China,889,20855.099814501526
52786,San Rafael,Syrah,China,1502,33451.93874444033
51070,Maipu,Chardonnay,China,1260,22221.15407844074
52328,Maipu,Syrah,Brasil,1117,27652.871652569916
50837,Maipu,Syrah,Brasil,735,12509.873304636812
53252,Valle de Uco,Malbec,USA,1259,20325.971470615994
50612,Maipu,Cabernet Sauvignon,UK,859,19439.876866793416
53393,San Rafael,Syrah,USA,1543,15566.534610950295
50223,Lujan de Cuyo,Cabernet Sauvignon,China,886,17482.382530560775
51363,Maipu,Syrah,UK,1385,15170.449068710825
52015,Valle de Uco,Chardonnay,China,879,14489.076075078037
51880,San Rafael,Cabernet Sauvignon,China,1388,31051.037912101194
51633,Valle de Uco,Malbec,Brasil,1141,24014.79004030512
52466,San Rafael,Chardonnay,China,1326,17920.415897725165
53244,Maipu,Chardonnay,UK,1214,16406.580335611627
53123,San Rafael,Malbec,USA,1115,15948.62324982985
50076,Maipu,Malbec,USA,1160,26375.40387490745
53183,Maipu,Malbec,Brasil,767,10767.455185644969
52587,Lujan de Cuyo,Syrah,USA,1245,
51854,Lujan de Cuyo,Syrah,USA,1044,17692.741862781353
51992,San Rafael,Chardonnay,China,1140,12591.735858246158
52712,Maipu,Malbec,USA,1944,25292.07729046738
51908,Valle de Uco,Chardonnay,China,887,22166.53309214868
51442,Lujan de Cuyo,Cabernet Sauvignon,UK,1611,21685.413104472438
51130,San Rafael,Cabernet Sauvignon,Brasil,756,11196.037648842404
52384,San Rafael,Malbec,Brasil,1153,28066.08731759824
50848,Lujan de Cuyo,Cabernet Sauvignon,Brasil,1429,25297.413899540843
53310,Maipu,Syrah,Brasil,1253,30135.86601404871
51023,San Rafael,Chardonnay,UK,1232,16991.51118054862
50351,Valle de Uco,Syrah,UK,828,19139.968021994417
50517,Lujan de Cuyo,Malbec,USA,1554,32431.937431138234
52254,San Rafael,Chardonnay,USA,1432,23433.83608766083
51075,Lujan de Cuyo,Syrah,USA,922,12486.413760853593
53208,Maipu,Malbec,Brasil,973,23542.19685861183
52127,Lujan de Cuyo,Cabernet Sauvignon,USA,1374,29418.211946238993
50360,Maipu,Cabernet Sauvignon,Brasil,1511,27564.973826447324
50558,Valle de Uco,Chardonnay,UK,1177,16530.403515193677
51883,Valle de Uco,Syrah,Brasil,881,21445.364804084133
51978,Valle de Uco,Chardonnay,Brasil,1528,18025.423464541687
53314,San Rafael,Chardonnay,USA,1354,28022.660419909076
52779,Lujan de Cuyo,Malbec,Brasil,1534,35710.87362309775
52079,San Rafael,Cabernet Sauvignon,UK,1388,
52823,Valle de Uco,Chardonnay,UK,763,13626.19212843119
51405,Valle de Uco,Malbec,Brasil,1591,31309.582383068144
50392,Maipu,Syrah,USA,1061,26036.95264298862
50659,Valle de Uco,Chardonnay,UK,1358,26521.681458717827
50518,Maipu,Syrah,China,1212,25550.55785672438
50094,Lujan de Cuyo,Malbec,Brasil,853,11526.267671015481
50075,Valle de Uco,Malbec,USA,1328,24290.76210368476
52086,Lujan de Cuyo,Syrah,Brasil,774,11758.776246974267
52186,San Rafael,Syrah,Brasil,1857,25489.100241201264
52749,Maipu,Syrah,China,1074,14924.421480094197
50679,Valle de Uco,Chardonnay,China,571,6463.219360269244
51256,Maipu,Chardonnay,USA,1698,17837.288165451442
51315,Lujan de Cuyo,Malbec,UK,795,9435.309632919369
51220,Maipu,Cabernet Sauvignon,China,1263,16954.910362925122
51223,Valle de Uco,Chardonnay,Brasil,1356,27566.070734096447
52787,San Rafael,Syrah,USA,1435,14755.780785039755
50601,Lujan de Cuyo,Cabernet Sauvignon,UK,1009,11238.968646632293
51454,Maipu,Chardonnay,Brasil,947,17400.761989842136
53407,San Rafael,Chardonnay,UK,1345,17331.16944156756
53247,Lujan de Cuyo,Cabernet Sauvignon,UK,1473,36014.401892477596
52199,Lujan de Cuyo,Malbec,China,586,12981.063257565473
51557,Lujan de Cuyo,Cabernet Sauvignon,USA,1260,23994.048716322322
50897,Valle de Uco,Chardonnay,China,937,9443.84747399213
52047,Valle de Uco,Cabernet Sauvignon,Brasil,1417,23056.67868888219
52441,Maipu,Chardonnay,UK,725,8112.969788757721
53198,Maipu,Syrah,China,1374,28861.7388111738
51078,Valle de Uco,Malbec,UK,1464,33468.74831695539
50167,Valle de Uco,Syrah,USA,1173,21714.000351470917
50840,Maipu,Syrah,UK,1007,25148.008872476505
50095,San Rafael,Syrah,Brasil,903,16628.529088696527
53038,Maipu,Cabernet Sauvignon,China,1441,20164.880518235364
50928,San Rafael,Malbec,USA,1136,27369.1084786788
50828,Lujan de Cuyo,Malbec,China,1758,23058.36258936137
53102,Lujan de Cuyo,Chardonnay,China,1523,
50289,Lujan de Cuyo,Syrah,China,617,13665.14445520137
53159,Maipu,Malbec,UK,1354,20865.19544991951
52002,Lujan de Cuyo,Malbec,USA,1674,24301.898247775116
52538,Maipu,Syrah,Brasil,1853,40550.755651476924
50234,Lujan de Cuyo,Malbec,UK,1251,20545.65163621965
50274,San Rafael,Cabernet Sauvignon,Brasil,1075,18147.01869787995
51089,Valle de Uco,Chardonnay,UK,963,19544.016623236614
53016,Valle de Uco,Syrah,China,1068,14223.639914196945
52198,San Rafael,Malbec,China,1604,31360.00599562199
50416,Lujan de Cuyo,Syrah,China,930,20759.748075948482
50328,San Rafael,Chardonnay,USA,819,12693.555019909125
50426,Lujan de Cuyo,Syrah,USA,1156,22999.623242220787
51269,San Rafael,Malbec,China,610,12675.164931774983
50632,Maipu,Malbec,China,1169,25188.82857373896
53378,Valle de Uco,Syrah,China,1002,22970.77326403345
51140,Valle de Uco,Malbec,Brasil,1446,34515.52326198342
50923,Maipu,Syrah,Brasil,705,13528.738868974455
50368,San Rafael,Syrah,Brasil,995,23315.529085676946
52584,Lujan de Cuyo,Cabernet Sauvignon,UK,1141,22663.40144672023
51617,San Rafael,Malbec,UK,1058,10913.352142058942
53260,Valle de Uco,Chardonnay,Brasil,1098,11590.687410690274
52212,Maipu,Cabernet Sauvignon,USA,2031,42378.749728030816
50711,San Rafael,Chardonnay,UK,1637,16720.56802662553
50587,Maipu,Malbec,USA,819,13953.08719315047
51745,Lujan de Cuyo,Cabernet Sauvignon,Brasil,764,16603.544156353164
50388,Maipu,Malbec,UK,1397,25427.10581523607
52162,Valle de Uco,Malbec,UK,1206,18907.887561804542
51278,Valle de Uco,Cabernet Sauvignon,Brasil,1009,16434.113898295647
51922,San Rafael,Syrah,Brasil,1065,25724.533550600467
51553,Lujan de Cuyo,Cabernet Sauvignon,China,918,18020.664078691283
51686,Valle de Uco,Cabernet Sauvignon,China,1407,25402.885910718764
51868,Valle de Uco,Cabernet Sauvignon,UK,1586,33848.84276587271
52027,Lujan de Cuyo,Cabernet Sauvignon,UK,1247,27521.52888123949
51610,San Rafael,Malbec,USA,1351,20343.84961104437
50172,Valle de Uco,Malbec,USA,1443,16079.209616582524
50642,Valle de Uco,Malbec,UK,1073,21767.52058054187
53471,San Rafael,Syrah,Brasil,584,14500.89652447518
51032,Lujan de Cuyo,Syrah,China,1175,13530.4899572235
52242,Maipu,Cabernet Sauvignon,China,1721,22919.819849587395
51052,Valle de Uco,Syrah,USA,1186,21231.208985794274
52937,Maipu,Chardonnay,China,1058,22683.373095917468
52044,San Rafael,Syrah,Brasil,655,9959.592336395177
50215,San Rafael,Chardonnay,Brasil,1389,16899.526960544867
52043,Valle de Uco,Malbec,UK,714,11225.899616319823
50011,Lujan de Cuyo,Cabernet Sauvignon,UK,1093,21730.427547508996
51373,San Rafael,Chardonnay,USA,1376,31950.370105703943
53382,Lujan de Cuyo,Malbec,UK,1310,13219.260342647503
51529,Valle de Uco,Syrah,Brasil,1439,25617.547033432522
53379,San Rafael,Chardonnay,USA,1366,28094.636616419608
52620,Valle de Uco,Malbec,Brasil,740,7600.946037564767
50814,Lujan de Cuyo,Malbec,UK,1247,15999.86391676639
53077,San Rafael,Cabernet Sauvignon,Brasil,1511,28352.13071419451
51480,San Rafael,Chardonnay,UK,1025,18847.26968718484
52014,Lujan de Cuyo,Malbec,China,1626,38975.93582431139
51836,Lujan de Cuyo,Malbec,USA,894,14744.85410474623
53327,Maipu,Chardonnay,UK,1974,36178.2933821792
51167,Lujan de Cuyo,Chardonnay,China,1287,29923.313856146084
50935,San Rafael,Syrah,China,1436,19806.76299191141
52820,San Rafael,Cabernet Sauvignon,China,1712,24306.12702676641
53216,Valle de Uco,Chardonnay,China,768,14773.845438494314
50853,San Rafael,Malbec,UK,1468,27968.50870522781
53112,Maipu,Syrah,Brasil,1510,28081.584198523862
52941,Lujan de Cuyo,Chardonnay,China,1016,17573.39259584822
50109,Valle de Uco,Cabernet Sauvignon,Brasil,1359,15093.081143371443
52828,Valle de Uco,Syrah,China,1243,20957.41459874819
53190,Valle de Uco,Cabernet Sauvignon,Brasil,1286,19490.929875561415
51250,Lujan de Cuyo,Syrah,Brasil,767,17141.52789486304
51410,San Rafael,Malbec,China,1215,23718.089002124205
50983,Maipu,Syrah,Brasil,1522,18693.710880868366
51307,Maipu,Chardonnay,China,1659,26416.430386674634
51820,Valle de Uco,Chardonnay,UK,1072,25492.912348525344
52572,Maipu,Syrah,UK,1104,24145.849618066037
50221,Lujan de Cuyo,Chardonnay,China,1244,
50922,Valle de Uco,Malbec,Brasil,1173,13738.051471905288
53084,Lujan de Cuyo,Cabernet Sauvignon,USA,1239,17258.04471093598
52706,Valle de Uco,Cabernet Sauvignon,UK,1190,19799.177480712784
51336,Maipu,Chardonnay,UK,1162,26035.811817924692
51924,San Rafael,Cabernet Sauvignon,USA,1616,27326.74590328853
51048,San Rafael,Cabernet Sauvignon,Brasil,814,12516.085776971258
50908,Valle de Uco,Cabernet Sauvignon,USA,1432,34946.89363996893
53420,Lujan de Cuyo,Syrah,China,1377,29618.81920764645
52661,Lujan de Cuyo,Chardonnay,China,726,17620.335094915732
52617,Maipu,Chardonnay,UK,94,1840.8431785047592
51706,Lujan de Cuyo,Malbec,China,1337,27676.15503267718
50376,San Rafael,Chardonnay,China,1195,19768.138973040306
52915,Maipu,Malbec,China,1329,16067.738740128418
53072,Lujan de Cuyo,Cabernet Sauvignon,UK,1454,15448.096010857527
51676,Valle de Uco,Chardonnay,USA,1132,13667.094597201727
51591,Valle de Uco,Syrah,USA,1127,13736.366975073202
50594,Lujan de Cuyo,Chardonnay,UK,1244,24506.42458484266
52660,Maipu,Chardonnay,China,974,19540.508111191346
52817,Maipu,Malbec,China,645,6909.323240146851
52355,Valle de Uco,Chardonnay,USA,528,6877.141564573454
53119,Maipu,Chardonnay,UK,959,13798.783392627682
53117,Lujan de Cuyo,Syrah,China,1345,29794.66420656043
50849,San Rafael,Syrah,China,822,15517.47777396565
52492,Maipu,Malbec,China,851,14189.819618097954
51690,Lujan de Cuyo,Cabernet Sauvignon,China,1350,31772.949561387766
51006,Maipu,Cabernet Sauvignon,UK,909,16476.040547233457
50949,Lujan de Cuyo,Malbec,Brasil,999,11320.143196448464
52654,San Rafael,Cabernet Sauvignon,China,1402,20280.683271259684
51261,San Rafael,Chardonnay,Brasil,1408,23610.205736056967
50673,San Rafael,Syrah,UK,1529,18002.82723028887
53110,Lujan de Cuyo,Cabernet Sauvignon,China,1658,23194.410372409973
50143,Maipu,Syrah,UK,1625,27544.476162303854
51825,Maipu,Cabernet Sauvignon,China,742,13207.840006888182
53430,Maipu,Chardonnay,China,1578,17387.147978331017
52455,Valle de Uco,Chardonnay,USA,709,10521.775945544794
50058,Valle de Uco,Chardonnay,UK,1414,24139.15599246918
52836,Maipu,Cabernet Sauvignon,UK,1608,30791.694162663483
51001,San Rafael,Syrah,UK,1446,20125.16955885128
50290,Lujan de Cuyo,Cabernet Sauvignon,China,691,14096.364524089617
51608,Lujan de Cuyo,Syrah,China,1228,14282.707189693208
52101,Maipu,Malbec,UK,927,14600.38788144465
51091,Maipu,Malbec,USA,1445,33639.33141988232
50672,Valle de Uco,Chardonnay,China,1078,24222.74586242672
50720,San Rafael,Malbec,Brasil,951,18738.359506504323
52535,Lujan de Cuyo,Chardonnay,UK,912,9261.574857649726
51057,San Rafael,Chardonnay,China,1164,18623.90028763644
51443,San Rafael,Cabernet Sauvignon,UK,1699,27690.552711982207
50746,Lujan de Cuyo,Syrah,China,999,21036.909382177873
52638,Maipu,Malbec,UK,401,7207.884028896057
51139,Maipu,Syrah,Brasil,1124,15788.310753731554
53451,Valle de Uco,Syrah,China,368,6932.687267985816
51927,San Rafael,Syrah,Brasil,944,20189.769701607438
51815,Valle de Uco,Chardonnay,USA,1715,38919.20077929815
51637,Maipu,Syrah,UK,1286,17828.848965849756
52831,Valle de Uco,Chardonnay,China,820,12779.18929091753
51674,Valle de Uco,Chardonnay,China,1312,25494.31120511505
52411,Valle de Uco,Syrah,USA,1076,13692.46747052447
50519,San Rafael,Cabernet Sauvignon,Brasil,844,15326.278393644481
50149,Lujan de Cuyo,Chardonnay,China,872,15697.28013298588
52145,Maipu,Syrah,UK,1162,18721.949128983084
52033,Valle de Uco,Cabernet Sauvignon,USA,1230,15454.222936169755
52416,Lujan de Cuyo,Malbec,China,799,17857.42005330313
52756,Lujan de Cuyo,Syrah,UK,1834,43338.97736191646
50132,Maipu,Cabernet Sauvignon,China,226,5060.894437888656
51061,Lujan de Cuyo,Chardonnay,UK,866,20542.656134405428
52204,San Rafael,Chardonnay,China,1151,25081.461636665295
50463,Lujan de Cuyo,Chardonnay,China,1503,30423.89919832755
51401,San Rafael,Cabernet Sauvignon,Brasil,1092,11991.904308004978
51680,Maipu,Malbec,China,978,22252.537919074282
50774,Valle de Uco,Malbec,UK,1512,25118.002548341843
50607,San Rafael,Malbec,China,2111,23933.725731451235
51206,Valle de Uco,Malbec,USA,719,15764.631277194178
53202,Valle de Uco,Cabernet Sauvignon,Brasil,1421,30800.558585356157
52930,Lujan de Cuyo,Chardonnay,UK,615,10943.696865150941
53232,Valle de Uco,Chardonnay,Brasil,1350,15006.71705326483
52248,Lujan de Cuyo,Cabernet Sauvignon,UK,1000,19484.483887838367
52669,Maipu,Cabernet Sauvignon,Brasil,704,15554.378798274829
50372,Maipu,Chardonnay,China,852,18553.142729852367
51833,San Rafael,Cabernet Sauvignon,China,1598,22003.294205701848
51533,Valle de Uco,Cabernet Sauvignon,USA,877,20170.178120270393
50563,Valle de Uco,Cabernet Sauvignon,USA,1207,13859.912683481047
52615,Maipu,Chardonnay,Brasil,1565,30434.56324831533
51857,San Rafael,Cabernet Sauvignon,UK,782,13079.720739273424
50854,Valle de Uco,Malbec,USA,1773,22812.50218852183
53220,Lujan de Cuyo,Cabernet Sauvignon,UK,1018,15797.551547872712
52503,Lujan de Cuyo,Cabernet Sauvignon,USA,1629,25868.587798157976
52627,Lujan de Cuyo,Malbec,Brasil,1147,20848.91117534078
50113,Maipu,Cabernet Sauvignon,USA,1281,21284.615496738676
53204,Maipu,Syrah,UK,1915,41073.47987222458
51385,San Rafael,Malbec,Brasil,1481,16405.32002576923
52400,Maipu,Malbec,China,605,11646.157654057371
52377,Lujan de Cuyo,Syrah,USA,1357,21430.75118010308
50952,Maipu,Cabernet Sauvignon,UK,1307,13733.582057502901
52899,Valle de Uco,Chardonnay,China,1348,15985.685877735168
53249,San Rafael,Malbec,USA,1315,13871.621501463642
53168,Maipu,Malbec,USA,1598,37067.455148380686
53292,Maipu,Chardonnay,USA,803,9018.79471858964
50735,Lujan de Cuyo,Chardonnay,Brasil,963,16886.35332928846
51024,Lujan de Cuyo,Cabernet Sauvignon,UK,1521,24374.147542537514
50466,San Rafael,Syrah,China,1300,29151.798228925887
53207,Lujan de Cuyo,Chardonnay,USA,1768,39400.33718065197
51239,Lujan de Cuyo,Cabernet Sauvignon,Brasil,805,18770.950169413365
51801,San Rafael,Chardonnay,UK,837,13942.056861083884
52978,Maipu,Cabernet Sauvignon,UK,1178,17646.649700509606
50362,Lujan de Cuyo,Syrah,USA,1443,35558.0628570138
51673,Valle de Uco,Cabernet Sauvignon,China,1114,22969.195813538954
50412,Lujan de Cuyo,Malbec,China,1295,31388.800092369576
51241,San Rafael,Chardonnay,UK,1095,19479.159942886614
51153,Maipu,Chardonnay,China,1066,22429.17856627837
52460,Valle de Uco,Cabernet Sauvignon,Brasil,901,13067.347955990415
50468,Maipu,Cabernet Sauvignon,China,1393,32413.042507816706
52984,Valle de Uco,Chardonnay,China,1161,27722.54135179576
52569,Lujan de Cuyo,Malbec,UK,1413,18006.182316009075
52958,San Rafael,Syrah,UK,27498,15042.858823645847
51224,Valle de Uco,Malbec,China,1357,24278.972837023975
50493,Valle de Uco,Syrah,Brasil,1667,39785.06262752784
50236,Maipu,Malbec,China,1263,13515.753967616289
53419,Valle de Uco,Malbec,China,892,16214.022086686333
50770,Maipu,Chardonnay,China,1488,35857.39741670569
51979,Valle de Uco,Malbec,Brasil,1887,23474.86102274184
51891,San Rafael,Malbec,UK,1230,12631.419142942861
51018,San Rafael,Malbec,Brasil,870,9194.955407948335
53051,Valle de Uco,Chardonnay,Brasil,422,5496.390907654049
50245,San Rafael,Syrah,China,1381,16883.51460720256
50203,Maipu,Chardonnay,Brasil,1768,24128.571418569332
51489,Lujan de Cuyo,Malbec,Brasil,1116,27790.11049580128
50829,Lujan de Cuyo,Malbec,Brasil,1323,20188.98730306681
50565,San Rafael,Syrah,UK,1391,18102.878616699665
52753,Lujan de Cuyo,Chardonnay,UK,786,9948.185520884384
50469,Valle de Uco,Syrah,Brasil,1382,19048.225338492204
51361,San Rafael,Malbec,China,1002,13171.10143119861
52246,Maipu,Cabernet Sauvignon,USA,1103,11428.217340519615
50204,Maipu,Cabernet Sauvignon,Brasil,1305,16683.949248606878
52117,San Rafael,Malbec,Brasil,851,14667.362559758256
52309,Lujan de Cuyo,Syrah,USA,1421,22935.078331003395
50664,Lujan de Cuyo,Syrah,UK,1146,23388.84561180114
52152,San Rafael,Cabernet Sauvignon,USA,1305,17810.932569699915
50049,Maipu,Malbec,UK,750,11820.762627820182
50878,San Rafael,Syrah,Brasil,859,12334.640502150558
50846,Lujan de Cuyo,Chardonnay,UK,1297,31504.750265132814
51399,San Rafael,Cabernet Sauvignon,USA,1506,24761.030645497554
53264,Valle de Uco,Malbec,China,1142,24554.445049157795
51453,Valle de Uco,Syrah,UK,1188,18012.43588016204
52082,San Rafael,Cabernet Sauvignon,UK,1448,22586.77068114157
53167,Valle de Uco,Syrah,China,1115,26436.615847141198
50497,Maipu,Cabernet Sauvignon,China,1304,25025.603790049263
52484,Maipu,Syrah,Brasil,927,19322.646072359097
50611,Maipu,Chardonnay,Brasil,1148,24476.422061112135
50356,San Rafael,Syrah,China,1119,24108.5371619922
50162,Valle de Uco,Syrah,UK,1382,25376.476966289247
52393,Valle de Uco,Syrah,Brasil,1370,22510.139636826596
52909,Maipu,Cabernet Sauvignon,China,723,12380.001271518524
51213,San Rafael,Chardonnay,USA,956,19404.638142646658
50451,Valle de Uco,Malbec,UK,1254,22784.010546691792
51509,Valle de Uco,Chardonnay,USA,1021,14586.183533010328
52436,Maipu,Malbec,Brasil,1145,12949.731415580183
51956,Lujan de Cuyo,Chardonnay,China,1145,17968.385557833237
50524,San Rafael,Chardonnay,China,754,10913.376865687049
50591,Lujan de Cuyo,Chardonnay,UK,787,19516.72344097733
50777,Maipu,Malbec,China,1511,24909.11012101721
51081,Lujan de Cuyo,Syrah,China,1135,24680.05381159863
50349,San Rafael,Cabernet Sauvignon,USA,964,21613.707484862676
50953,Valle de Uco,Malbec,USA,1018,14071.947852121859
51142,Lujan de Cuyo,Chardonnay,UK,1092,27088.81784639534
51077,Lujan de Cuyo,Chardonnay,Brasil,1398,19065.974786588107
50513,Maipu,Syrah,Brasil,1002,20180.95475364372
52954,Valle de Uco,Chardonnay,China,1078,25717.2453677464
51653,San Rafael,Chardonnay,UK,613,15181.769506798917
52591,Lujan de Cuyo,Cabernet Sauvignon,China,1248,16021.564140396948
50435,Maipu,Syrah,Brasil,1516,23752.106643906383
51772,Lujan de Cuyo,Cabernet Sauvignon,China,1184,12059.15997035046
52698,San Rafael,Syrah,China,1234,25563.716128609365
51590,Valle de Uco,Syrah,USA,1070,17492.347754641196
51930,Valle de Uco,Cabernet Sauvignon,USA,1601,20288.795708973965
53022,Maipu,Chardonnay,UK,1737,41146.923360172594
50487,Lujan de Cuyo,Syrah,USA,1334,23329.327417115375
50389,San Rafael,Cabernet Sauvignon,China,1206,19313.915367126647
52291,Valle de Uco,Syrah,China,946,19366.299180960315
53243,San Rafael,Chardonnay,China,1271,19301.404944688864
50431,Lujan de Cuyo,Cabernet Sauvignon,Brasil,2030,44779.41512780442
52272,Maipu,Cabernet Sauvignon,China,1230,17536.90180997503
52882,San Rafael,Cabernet Sauvignon,UK,1338,15967.376691655976
51655,San Rafael,Cabernet Sauvignon,China,1065,14604.955695612492
50379,Valle de Uco,Cabernet Sauvignon,UK,1368,15105.870161208813
52770,Lujan de Cuyo,Malbec,USA,1270,27420.165185906804
51429,Valle de Uco,Cabernet Sauvignon,USA,1254,14401.75309579454
53130,Maipu,Cabernet Sauvignon,China,1619,34304.096547598354
51043,Valle de Uco,Syrah,China,1672,25059.93931763095
52989,Maipu,Syrah,China,856,12071.8187449699
51094,Maipu,Chardonnay,UK,1114,16948.60467340982
52738,San Rafael,Chardonnay,China,1711,37104.021074737095
51757,Maipu,Cabernet Sauvignon,UK,931,19952.261478203556
51906,Valle de Uco,Malbec,Brasil,1103,19639.247994443653
51872,Lujan de Cuyo,Chardonnay,UK,1712,31648.202551273902
53499,Lujan de Cuyo,Chardonnay,Brasil,1301,22973.198989359462
50039,San Rafael,Cabernet Sauvignon,UK,1440,29818.695933946157
52130,Lujan de Cuyo,Malbec,China,1197,23983.523897128583
52220,Valle de Uco,Syrah,Brasil,1566,23871.62999135309
52035,San Rafael,Malbec,USA,1354,25740.214056331504
50939,Lujan de Cuyo,Cabernet Sauvignon,USA,1531,26481.205194970018
52883,Maipu,Cabernet Sauvignon,USA,1786,37942.83036478669
51465,San Rafael,Cabernet Sauvignon,UK,769,9025.17391740341
52811,Valle de Uco,Syrah,Brasil,884,18268.502159594605
51855,Valle de Uco,Cabernet Sauvignon,Brasil,742,15177.950812938852
51707,Valle de Uco,Syrah,UK,1455,32779.39766333817
52148,Maipu,Syrah,China,1515,15317.133075172163
51552,Valle de Uco,Malbec,USA,1003,17055.34794185958
52769,Maipu,Cabernet Sauvignon,China,786,9316.044009762552
51160,Valle de Uco,Syrah,Brasil,1450,21220.034992725585
50875,Maipu,Cabernet Sauvignon,UK,793,9352.657919370024
53390,Maipu,Cabernet Sauvignon,UK,775,8043.006168895754
53400,Valle de Uco,Cabernet Sauvignon,China,1111,21471.740036737454
52040,Maipu,Chardonnay,Brasil,1025,12619.72595741158
52675,Lujan de Cuyo,Cabernet Sauvignon,Brasil,1557,35044.10101172412
52945,Lujan de Cuyo,Chardonnay,China,676,10073.208283098505
52177,Maipu,Chardonnay,China,1013,21814.929391107773
52561,San Rafael,Syrah,China,1141,23340.359446143062
53266,Lujan de Cuyo,Malbec,USA,1569,31474.32825728083
52623,Maipu,Malbec,USA,1420,14437.15929379764
52577,Lujan de Cuyo,Cabernet Sauvignon,Brasil,1214,21904.332267576203
51887,Valle de Uco,Chardonnay,USA,1103,22063.022512811272
50087,San Rafael,Cabernet Sauvignon,UK,1153,15045.150016858111
53389,Maipu,Cabernet Sauvignon,USA,1142,20382.85909956317
52838,Lujan de Cuyo,Cabernet Sauvignon,Brasil,1139,22703.28693979004
52465,Valle de Uco,Chardonnay,China,909,21232.63246937023
53380,San Rafael,Syrah,UK,1202,25310.767872230008
50811,Lujan de Cuyo,Syrah,UK,1169,20456.272173614776
51782,Lujan de Cuyo,Malbec,China,1285,24620.261335585084
50055,Maipu,Chardonnay,UK,578,9184.693088144724
52222,Lujan de Cuyo,Syrah,China,1395,29034.281831941265
51273,Maipu,Malbec,USA,601,11557.912207541596
51856,San Rafael,Syrah,UK,1192,13379.3772353113
51387,Valle de Uco,Chardonnay,China,880,12883.533093937927
52845,San Rafael,Chardonnay,China,1062,23366.07770978797
52776,Maipu,Malbec,UK,1042,18247.6182068405
50852,Lujan de Cuyo,Cabernet Sauvignon,USA,1152,
50957,Maipu,Syrah,UK,1252,24579.563382104494
51762,San Rafael,Malbec,UK,1049,11963.44184519444
50997,Lujan de Cuyo,Syrah,China,719,11675.784147628427
53444,Lujan de Cuyo,Cabernet Sauvignon,China,702,15239.41810458434
50227,San Rafael,Chardonnay,China,1902,37195.33775620061
51582,Maipu,Cabernet Sauvignon,China,989,16593.38028882028
51963,Lujan de Cuyo,Malbec,China,1179,26335.73203995494
51090,Valle de Uco,Malbec,UK,1600,16804.83774711713
51324,Valle de Uco,Cabernet Sauvignon,Brasil,1734,20401.804141669974
53199,Lujan de Cuyo,Chardonnay,UK,1322,14829.272916879141
53330,Maipu,Syrah,UK,910,17196.069617908186
50933,Valle de Uco,Malbec,UK,1586,24004.500264479033
50006,Maipu,Malbec,Brasil,1527,34341.10515494222
50793,Valle de Uco,Malbec,USA,957,14609.398812648014
51371,Valle de Uco,Malbec,China,1290,25701.737877806685
53480,San Rafael,Syrah,USA,1078,17891.881494406774
51566,Lujan de Cuyo,Malbec,USA,1267,17770.9529045971
51701,Valle de Uco,Cabernet Sauvignon,UK,1448,18524.502030471005
52518,Lujan de Cuyo,Malbec,Brasil,1118,13883.161078375637
51743,Valle de Uco,Cabernet Sauvignon,USA,1357,19007.411207475598
52415,Maipu,Cabernet Sauvignon,USA,1290,23346.06634537112
52365,Maipu,Syrah,China,1633,22732.359704904113
50687,San Rafael,Malbec,Brasil,845,11259.466088557567
52221,San Rafael,Syrah,UK,1419,22153.44643136648
51200,San Rafael,Cabernet Sauvignon,UK,1248,24538.875523900966
52730,Lujan de Cuyo,Cabernet Sauvignon,USA,1493,30680.109437784977
51967,Valle de Uco,Chardonnay,UK,1575,21175.661970872527
51113,Valle de Uco,Malbec,USA,1547,34647.76762757642
51188,Valle de Uco,Syrah,UK,1595,21029.463567542116
51431,Lujan de Cuyo,Syrah,China,1539,34894.07732578434
51128,Lujan de Cuyo,Chardonnay,USA,1203,24121.647487949253
52745,Valle de Uco,Cabernet Sauvignon,UK,1140,24978.598834483306
52210,San Rafael,Malbec,UK,1112,19855.84821454221
50464,Lujan de Cuyo,Malbec,USA,1849,26077.450299524662
52347,Maipu,Syrah,Brasil,29372,31674.923867787653
52438,San Rafael,Malbec,UK,1231,15135.358261066785
50750,Valle de Uco,Syrah,China,1845,43073.13967563938
51929,Valle de Uco,Chardonnay,Brasil,1201,13773.042279911431
53010,Lujan de Cuyo,Malbec,USA,768,9921.109159258676
52346,San Rafael,Malbec,Brasil,1000,19156.459480431393
52860,San Rafael,Cabernet Sauvignon,Brasil,1489,35172.245641940695
53063,Valle de Uco,Malbec,China,1210,29895.709453728683
51526,Maipu,Chardonnay,USA,1650,26708.566620372814
53152,Maipu,Syrah,China,1422,30892.95562315551
52813,San Rafael,Chardonnay,USA,1359,25963.45906678193
52913,Maipu,Chardonnay,China,1210,25062.411316409696
53162,Lujan de Cuyo,Syrah,USA,1151,23273.623059296817
53122,Maipu,Syrah,China,1098,26906.062897607153
53337,Maipu,Chardonnay,China,1280,24374.042330621018
53012,Maipu,Cabernet Sauvignon,USA,1622,23698.80396582487
51105,San Rafael,Syrah,USA,968,16886.478294191253
52862,Lujan de Cuyo,Chardonnay,Brasil,955,15379.833927364502
51976,San Rafael,Chardonnay,UK,1157,14155.587366991627
50697,San Rafael,Syrah,USA,1270,16795.57387170681
50150,Valle de Uco,Malbec,Brasil,1100,25134.874024371115
52102,Valle de Uco,Syrah,Brasil,1497,27600.73412384011
51965,Lujan de Cuyo,Chardonnay,UK,1428,29991.869703490655
52699,San Rafael,Chardonnay,Brasil,949,21056.378924172503
53064,Valle de Uco,Chardonnay,UK,1301,18248.726643449438
50744,Maipu,Malbec,UK,1357,21635.19204252631
52247,Maipu,Cabernet Sauvignon,USA,1287,20880.669525351037
50994,San Rafael,Syrah,UK,552,11839.647233095482
50613,San Rafael,Cabernet Sauvignon,UK,984,10711.326582826932
53095,Maipu,Syrah,USA,1490,29252.015666208616
51340,Lujan de Cuyo,Chardonnay,China,1047,20880.482865964892
53404,Lujan de Cuyo,Syrah,China,1385,33437.869190254176
51656,Valle de Uco,Chardonnay,Brasil,1218,30254.341161113894
53348,Maipu,Syrah,USA,1131,17859.297585551234
53352,Lujan de Cuyo,Chardonnay,China,761,9290.234275956718
51829,San Rafael,Syrah,USA,1127,25486.183818615864
50754,Lujan de Cuyo,Cabernet Sauvignon,Brasil,1810,34686.3447893027
50152,Valle de Uco,Chardonnay,USA,1468,18001.136437003213
52196,Lujan de Cuyo,Syrah,UK,990,12656.358694364131
51499,Maipu,Cabernet Sauvignon,USA,884,11885.823867851435
51903,Maipu,Malbec,China,751,9460.2695805989
53438,Maipu,Chardonnay,USA,1261,15837.125806026464
51685,Lujan de Cuyo,Malbec,USA,1387,25703.923890580365
51885,San Rafael,Malbec,UK,1748,32256.726374005546
52780,Valle de Uco,Cabernet Sauvignon,USA,1409,19052.858732834273
52194,Valle de Uco,Malbec,Brasil,1160,20612.554681906902
51508,Valle de Uco,Syrah,China,1363,28198.045557362155
50037,Maipu,Syrah,China,1202,26994.546452822367
51715,Lujan de Cuyo,Malbec,Brasil,1051,21337.60003462004
53399,Maipu,Chardonnay,USA,1346,28018.250820282912
51632,Lujan de Cuyo,Cabernet Sauvignon,China,1624,26746.61022206666
50532,Valle de Uco,Cabernet Sauvignon,UK,1678,21267.891381713747
52251,Lujan de Cuyo,Malbec,China,1637,17250.77940542466
52687,Valle de Uco,Cabernet Sauvignon,China,1610,33268.65403147323
53354,San Rafael,Chardonnay,UK,990,21199.99361644033
50778,Valle de Uco,Malbec,USA,1544,16917.82783568745
52192,Maipu,Malbec,Brasil,1807,32205.332171150472
51648,Valle de Uco,Syrah,Brasil,1095,19595.680115929354
51874,Valle de Uco,Cabernet Sauvignon,China,1064,11593.722688986816
52849,Valle de Uco,Malbec,China,1100,14015.746965330696
52487,Lujan de Cuyo,Malbec,Brasil,1055,14658.931800248552
52973,Lujan de Cuyo,Malbec,China,1220,24668.36892125254
52280,Valle de Uco,Cabernet Sauvignon,China,1264,30287.750599049818
52459,Maipu,Syrah,UK,1121,25187.102400057855
51356,Valle de Uco,Syrah,Brasil,804,13881.915853177612
50495,Maipu,Syrah,China,1522,15620.28586853963
51038,Valle de Uco,Chardonnay,USA,1460,23186.168602708975
50440,Maipu,Chardonnay,USA,1126,20528.641052155588
52579,Maipu,Syrah,Brasil,1540,27423.56501324324
53464,San Rafael,Syrah,China,1675,18822.214235626256
50526,Lujan de Cuyo,Cabernet Sauvignon,China,1045,17804.771490381387
52333,Maipu,Malbec,USA,1304,14464.918915437594
52408,Lujan de Cuyo,Syrah,USA,1370,30101.26952349677
50820,San Rafael,Syrah,UK,1485,26137.40216545209
51594,Lujan de Cuyo,Malbec,China,834,9174.108548936552
52129,San Rafael,Chardonnay,Brasil,1296,31162.05943160443
52554,Maipu,Syrah,China,1392,24816.340228860434
50164,Lujan de Cuyo,Chardonnay,Brasil,1145,13352.166191589187
53127,San Rafael,Cabernet Sauvignon,UK,1433,26978.107371728755
51723,San Rafael,Syrah,UK,337,6589.1797839329665
50553,Valle de Uco,Cabernet Sauvignon,China,1443,34301.91771336548
52233,San Rafael,Malbec,USA,1388,22862.25172263248
51635,San Rafael,Cabernet Sauvignon,China,1147,27865.49946605204
52140,Valle de Uco,Syrah,Brasil,1323,21943.63534189706
53120,Maipu,Cabernet Sauvignon,Brasil,1249,17862.74742595096
51276,Lujan de Cuyo,Chardonnay,USA,817,9356.790737225752
50253,San Rafael,Chardonnay,Brasil,1334,
52178,Lujan de Cuyo,Malbec,Brasil,1540,28563.257089027833
50313,Maipu,Syrah,USA,884,13544.183185975318
52343,Valle de Uco,Chardonnay,China,1351,32207.93756844934
50710,Maipu,Cabernet Sauvignon,USA,1835,44078.94775982578
50413,San Rafael,Malbec,UK,913,16971.688762419657
51539,San Rafael,Cabernet Sauvignon,UK,957,11707.758080175174
52378,Valle de Uco,Chardonnay,Brasil,1269,
51918,Lujan de Cuyo,Chardonnay,Brasil,783,10537.69335067693
50729,San Rafael,Syrah,USA,1528,34721.6732138073
50419,Lujan de Cuyo,Malbec,China,984,10075.224404346529
51300,Lujan de Cuyo,Syrah,UK,1523,31936.300597075995
52666,Valle de Uco,Syrah,China,1033,14063.319571219836
52972,Valle de Uco,Chardonnay,USA,841,20878.57323610953
52801,Lujan de Cuyo,Chardonnay,USA,1289,15885.425880428309
53205,Valle de Uco,Cabernet Sauvignon,UK,1280,26230.815526008446
51796,Valle de Uco,Cabernet Sauvignon,China,652,11854.579223928513
51181,San Rafael,Syrah,China,1139,24910.878982217047
50955,Maipu,Chardonnay,Brasil,1135,14785.363759500258
51355,Lujan de Cuyo,Chardonnay,Brasil,902,19118.65694845369
53141,Lujan de Cuyo,Cabernet Sauvignon,Brasil,1031,17929.954287526303
52894,Lujan de Cuyo,Chardonnay,UK,1052,11671.53956363008
50134,Lujan de Cuyo,Malbec,China,1073,19344.158018353108
53435,Maipu,Cabernet Sauvignon,UK,1403,30290.026899765453
50230,Lujan de Cuyo,Syrah,UK,1239,17085.753390032776
51145,Valle de Uco,Syrah,Brasil,892,15235.572953530547
52298,Valle de Uco,Cabernet Sauvignon,China,1604,20226.311277976252
50314,Lujan de Cuyo,Syrah,UK,703,13199.460037182413
52950,Valle de Uco,Malbec,China,1501,24227.008832942727
50963,Valle de Uco,Chardonnay,USA,42899,23478.682633819506
52344,Valle de Uco,Syrah,USA,1320,24256.25817918561
51837,Maipu,Malbec,China,1154,12142.504295603514
51472,San Rafael,Malbec,USA,1028,23358.739047234554
53301,Maipu,Malbec,USA,1437,17501.49345552431
50242,Lujan de Cuyo,Chardonnay,UK,764,13786.992639938848
50863,San Rafael,Chardonnay,China,1506,21451.632203799953
51663,Valle de Uco,Malbec,Brasil,1060,23826.83209264145
52575,Lujan de Cuyo,Syrah,UK,1873,43201.13102987599
52834,Lujan de Cuyo,Syrah,China,1023,19764.171977163536
50159,Lujan de Cuyo,Cabernet Sauvignon,Brasil,861,17302.19232018593
51760,Valle de Uco,Cabernet Sauvignon,Brasil,840,15905.296451802822
52100,San Rafael,Syrah,USA,1138,25714.079503012705
53107,Lujan de Cuyo,Syrah,UK,1186,26408.91271517797
50665,Valle de Uco,Cabernet Sauvignon,UK,1722,17292.504943453263
53209,Valle de Uco,Syrah,China,1009,19456.228802157108
51516,San Rafael,Syrah,China,1671,18498.766117045674
51068,Maipu,Cabernet Sauvignon,USA,1326,30125.536413217334
50151,Lujan de Cuyo,Chardonnay,UK,1649,39950.244047495245
50604,Valle de Uco,Syrah,Brasil,1208,
51712,San Rafael,Cabernet Sauvignon,USA,826,9960.824877905687
52747,Lujan de Cuyo,Syrah,China,1016,15289.8129044407
50371,San Rafael,Cabernet Sauvignon,China,49191,16942.257748265674
50171,Maipu,Chardonnay,Brasil,1253,20245.097300454647
51896,Valle de Uco,Malbec,Brasil,1038,24791.927226112963
51462,Valle de Uco,Cabernet Sauvignon,USA,881,12047.47117351344
52611,Valle de Uco,Chardonnay,China,1421,17971.637135241173
50222,San Rafael,Chardonnay,USA,993,10825.55321438038
52521,Lujan de Cuyo,Syrah,Brasil,1005,14912.836051669752
50168,Maipu,Syrah,Brasil,1404,27723.963105313513
51159,Maipu,Syrah,USA,568,7967.010220147283
51036,Valle de Uco,Cabernet Sauvignon,Brasil,1394,21287.38832725001
52655,Valle de Uco,Chardonnay,UK,1554,36457.410042913296
50803,Valle de Uco,Chardonnay,USA,1327,13397.391540806633
51419,Maipu,Syrah,UK,1226,23726.64326427043
52385,Valle de Uco,Malbec,China,1601,24962.063430369482
53356,San Rafael,Cabernet Sauvignon,Brasil,1404,24534.171901129073
51204,San Rafael,Cabernet Sauvignon,Brasil,1367,26547.124743420332
51115,San Rafael,Syrah,Brasil,667,7160.3391520240675
52833,Valle de Uco,Malbec,UK,1356,16494.78651865131
52970,Valle de Uco,Malbec,Brasil,1460,16879.890735820514
51067,San Rafael,Chardonnay,UK,1788,24327.74714962979
52342,Maipu,Cabernet Sauvignon,Brasil,1433,16395.114295989373
51892,Lujan de Cuyo,Syrah,Brasil,1507,34494.795719984235
50488,Valle de Uco,Malbec,China,1242,20942.722613856135
52463,San Rafael,Malbec,China,1201,16808.184890133332
51794,San Rafael,Syrah,USA,1355,27525.573129137785
52277,Valle de Uco,Cabernet Sauvignon,China,1079,22849.939569222282
51780,San Rafael,Chardonnay,UK,1689,25499.560764596812
52549,Lujan de Cuyo,Malbec,China,1348,14057.838670799025
51853,Maipu,Malbec,Brasil,846,11174.442236060942
50702,San Rafael,Chardonnay,USA,1039,21571.6916527392
50129,Lujan de Cuyo,Syrah,USA,1428,35473.95558883542
50666,Valle de Uco,Chardonnay,China,1464,31393.189213880458
50635,Maipu,Syrah,China,1513,30112.792750774774
51940,Valle de Uco,Malbec,Brasil,1331,24218.263439903414
52886,Lujan de Cuyo,Syrah,USA,1519,34942.21379299702
51769,Lujan de Cuyo,Syrah,China,906,9847.956150060625
50032,San Rafael,Cabernet Sauvignon,UK,1227,12384.325847954486
52928,San Rafael,Malbec,UK,947,10361.16735134745
52338,Maipu,Chardonnay,UK,1753,21966.16890909303
50764,Lujan de Cuyo,Malbec,UK,1007,15304.046215232302
51244,Lujan de Cuyo,Cabernet Sauvignon,Brasil,1316,14085.567637244802
52026,Maipu,Chardonnay,UK,856,15346.228376441553
52868,Maipu,Chardonnay,UK,1246,13903.616181936919
52994,Maipu,Chardonnay,UK,1132,25606.71256863852
50186,Valle de Uco,Cabernet Sauvignon,UK,836,11839.646226495663
51620,Maipu,Cabernet Sauvignon,China,804,8996.538637572514
50597,Maipu,Malbec,USA,606,9023.229121142691
53446,San Rafael,Malbec,Brasil,1224,27396.61918421357
52878,Lujan de Cuyo,Syrah,USA,1655,34887.55492089434
52788,Valle de Uco,Cabernet Sauvignon,China,1731,27855.612726241678
50198,San Rafael,Syrah,UK,1186,24657.6932282212
52797,San Rafael,Cabernet Sauvignon,USA,1408,34890.204390308805
52900,Valle de Uco,Chardonnay,China,1579,19192.78798258041
50771,Maipu,Syrah,UK,1131,21170.034185047018
52818,San Rafael,Syrah,USA,1356,23006.958180684866
50260,Lujan de Cuyo,Malbec,UK,1006,21472.18879440601
51936,Maipu,Malbec,USA,947,20976.12978572118
50950,Lujan de Cuyo,Syrah,China,897,14401.711142672006
50062,Valle de Uco,Cabernet Sauvignon,USA,1443,35283.6267621005
50643,Lujan de Cuyo,Syrah,USA,618,14277.354258479265
52798,San Rafael,Chardonnay,USA,1228,26121.851274316206
52258,Lujan de Cuyo,Syrah,USA,1317,14571.18310605874
50053,Maipu,Syrah,USA,1082,22350.93029001761
50144,San Rafael,Cabernet Sauvignon,China,727,9236.826482052655
52156,Maipu,Cabernet Sauvignon,USA,817,11893.211175474746
52523,Maipu,Malbec,China,628,8782.628119441833
50263,San Rafael,Malbec,China,1676,
52287,San Rafael,Cabernet Sauvignon,China,1292,31150.90547401076
50880,San Rafael,Syrah,Brasil,861,20565.094599540833
50364,Valle de Uco,Chardonnay,Brasil,1392,18226.46497591228
52076,Lujan de Cuyo,Cabernet Sauvignon,China,881,17520.369497136544
50220,San Rafael,Malbec,Brasil,1573,23189.015223833085
51281,Lujan de Cuyo,Malbec,USA,1273,14552.260873598789
52088,San Rafael,Syrah,Brasil,1408,33498.854343712475
50304,San Rafael,Syrah,USA,992,22699.34042232777
52009,Valle de Uco,Malbec,USA,1497,21371.932313544818
51570,Maipu,Chardonnay,China,791,8248.434087663412
52558,Maipu,Malbec,USA,1962,22993.28250625654
52474,Lujan de Cuyo,Malbec,UK,1251,19070.379617681076
52470,Valle de Uco,Cabernet Sauvignon,China,967,15303.633455150324
51602,San Rafael,Cabernet Sauvignon,Brasil,1719,42111.48892282581
52536,San Rafael,Cabernet Sauvignon,Brasil,1767,42257.73262785864
50138,San Rafael,Malbec,USA,1624,19873.71337346501
50225,Valle de Uco,Malbec,USA,896,11363.173052883834
52631,Lujan de Cuyo,Chardonnay,Brasil,1256,30578.950639028455
50900,Lujan de Cuyo,Cabernet Sauvignon,China,1677,34935.68981920697
52596,San Rafael,Syrah,China,1172,15246.41021502009
52231,San Rafael,Malbec,UK,1540,15955.193618546553
51846,Maipu,Malbec,China,1000,14360.458021057233
50528,Valle de Uco,Cabernet Sauvignon,USA,1283,13748.352691186486
52428,San Rafael,Chardonnay,China,748,17544.3645660053
53339,Valle de Uco,Chardonnay,USA,1046,16027.355629545307
51320,Valle de Uco,Chardonnay,UK,1229,27274.37151696441
51185,Lujan de Cuyo,Cabernet Sauvignon,UK,1316,30587.946211732302
51124,Maipu,Malbec,Brasil,1007,13040.823687511105
52639,Valle de Uco,Malbec,Brasil,1298,18026.415155934046
50694,Valle de Uco,Syrah,USA,1389,33337.02752229632
51017,San Rafael,Cabernet Sauvignon,USA,1034,
50141,Lujan de Cuyo,Malbec,UK,1026,20327.711564772228
50589,San Rafael,Chardonnay,USA,993,14379.644455686655
50397,Lujan de Cuyo,Chardonnay,USA,1160,17462.514082850255
50174,Valle de Uco,Malbec,USA,1446,31071.9810510863
51172,San Rafael,Chardonnay,Brasil,1492,24356.060169885975
50973,Maipu,Malbec,Brasil,908,13284.0074246211
51511,Valle de Uco,Malbec,China,1110,17293.491369172174
53485,Maipu,Chardonnay,UK,1418,19310.680059000486
50145,Valle de Uco,Chardonnay,USA,1385,24160.829971077073
50996,San Rafael,Chardonnay,Brasil,1393,18435.995453245283
50383,Lujan de Cuyo,Malbec,Brasil,1115,16148.636171610651
53342,Valle de Uco,Cabernet Sauvignon,USA,239,4826.217274348495
52603,Maipu,Syrah,China,1172,14026.348031888225
52656,San Rafael,Cabernet Sauvignon,UK,1077,26209.423619025554
51010,Lujan de Cuyo,Cabernet Sauvignon,USA,955,20511.721194754704
51131,San Rafael,Chardonnay,USA,800,9051.82858343247
51858,Lujan de Cuyo,Chardonnay,China,743,15010.441051059614
50085,San Rafael,Syrah,UK,1561,28109.861826671084
50716,Valle de Uco,Cabernet Sauvignon,China,1421,14931.040956579873
50712,Valle de Uco,Malbec,UK,1431,33671.440397638995
51104,San Rafael,Chardonnay,China,588,13184.50966255309
52819,Maipu,Syrah,UK,1017,14892.62924869526
52051,San Rafael,Malbec,China,1151,24331.195134939964
51468,Lujan de Cuyo,Syrah,China,821,15939.776125336977
51506,San Rafael,Cabernet Sauvignon,Brasil,1449,23584.09601203401
50196,Valle de Uco,Malbec,UK,817,19787.276138071626
53034,Valle de Uco,Cabernet Sauvignon,China,1234,29050.24934064532
52580,Lujan de Cuyo,Malbec,Brasil,1511,18789.060509072307
50636,San Rafael,Chardonnay,Brasil,1497,29289.4442642706
52947,Maipu,Syrah,USA,1229,22862.95182129823
52421,Valle de Uco,Syrah,Brasil,1302,14933.326143309358
50381,Valle de Uco,Chardonnay,USA,1346,26183.560083890803
52103,Maipu,Cabernet Sauvignon,Brasil,1315,23574.359933292475
51813,Valle de Uco,Cabernet Sauvignon,Brasil,1724,29555.96022457565
51607,Lujan de Cuyo,Syrah,UK,701,16428.13490717477
52041,Valle de Uco,Chardonnay,USA,1145,13242.839035656893
52095,San Rafael,Syrah,UK,1119,21184.1848575255
50120,Lujan de Cuyo,Cabernet Sauvignon,USA,24639,30859.71361149654
50786,Valle de Uco,Syrah,UK,1067,20254.351085895432
51262,Lujan de Cuyo,Syrah,Brasil,1650,21777.07173343723
52447,Lujan de Cuyo,Cabernet Sauvignon,USA,1095,25837.33264666212
52825,Lujan de Cuyo,Malbec,UK,1440,19942.064421709118
53307,Lujan de Cuyo,Chardonnay,USA,978,23872.44780928924
50954,Valle de Uco,Cabernet Sauvignon,USA,1038,20077.82993586942
51867,Valle de Uco,Cabernet Sauvignon,Brasil,1167,28447.937790501583
53143,Valle de Uco,Chardonnay,USA,1155,18866.13781333769
53343,Maipu,Syrah,Brasil,1180,14248.78302485495
51313,San Rafael,Syrah,UK,748,12176.4200169894
51243,Valle de Uco,Cabernet Sauvignon,UK,920,10486.583262834973
52390,Lujan de Cuyo,Syrah,China,1138,13105.79142236944
51640,Maipu,Chardonnay,UK,1430,25053.837996026443
51786,Lujan de Cuyo,Cabernet Sauvignon,UK,1019,11170.508479639397
51971,Lujan de Cuyo,Cabernet Sauvignon,UK,1196,13471.562731227863
53181,Maipu,Chardonnay,USA,1301,17705.31719112649
50946,Maipu,Malbec,China,1242,12493.583233518593
53398,San Rafael,Syrah,Brasil,972,20693.626681400758
52952,Maipu,Chardonnay,China,1442,15541.322903280085
52370,Maipu,Malbec,USA,1137,18651.8355036908
50670,San Rafael,Malbec,UK,1359,15620.072347526215
50210,Maipu,Chardonnay,Brasil,967,18141.64065832991
52321,Maipu,Cabernet Sauvignon,USA,1316,18893.208429931503
50567,San Rafael,Malbec,UK,1573,28511.49070275969
53421,Valle de Uco,Syrah,UK,750,14527.34366746355
50921,Lujan de Cuyo,Malbec,Brasil,967,11337.012048777417
52376,San Rafael,Cabernet Sauvignon,UK,1612,35623.33709843583
50807,Valle de Uco,Syrah,UK,993,14411.215500581671
52024,Maipu,Syrah,China,1167,21204.429112225505
50191,Valle de Uco,Cabernet Sauvignon,China,824,12597.280581591825
50403,San Rafael,Cabernet Sauvignon,Brasil,1312,20457.618780682387
51168,Valle de Uco,Malbec,USA,351,5669.258849946275
51477,Lujan de Cuyo,Cabernet Sauvignon,China,1823,23471.76096021391
52383,Maipu,Cabernet Sauvignon,USA,1424,22748.628676605313
52017,Maipu,Cabernet Sauvignon,UK,1254,17050.958073034046
50165,Lujan de Cuyo,Syrah,China,1085,15448.344154560435
52259,Maipu,Chardonnay,USA,1043,16326.603527707526
50671,Maipu,Syrah,China,1254,27606.040457411786
53381,San Rafael,Malbec,USA,1186,22526.62905795195
51571,Valle de Uco,Malbec,UK,1295,23910.08753735067
50442,Valle de Uco,Malbec,China,647,10731.189108049637
50550,Valle de Uco,Syrah,China,1041,14179.593002444917
53434,San Rafael,Chardonnay,UK,2193,32071.364961727188
50406,Lujan de Cuyo,Chardonnay,Brasil,1002,24674.287870345965
51931,San Rafael,Syrah,Brasil,1290,20302.232117831874
51816,Lujan de Cuyo,Chardonnay,USA,1449,26277.153094498815
52332,Maipu,Malbec,Brasil,1157,25813.134153466126
52349,San Rafael,Malbec,UK,1689,30991.201931304542
51397,Lujan de Cuyo,Malbec,China,1051,20694.014815658033
51402,Valle de Uco,Malbec,USA,907,20306.991145446744
53227,Maipu,Syrah,USA,1001,10024.45325705509
50516,San Rafael,Chardonnay,UK,1050,15560.436001939117
51254,Maipu,Malbec,Brasil,1468,32912.75913501174
52713,San Rafael,Chardonnay,USA,1292,15776.068117379575
50979,Valle de Uco,Malbec,USA,1701,35763.95793836598
50254,Maipu,Malbec,USA,1436,18504.4785110713
52848,Lujan de Cuyo,Malbec,USA,1126,13026.566399434609
53262,Lujan de Cuyo,Malbec,Brasil,1089,15815.052275667349
53201,Valle de Uco,Syrah,UK,1013,11409.142949476827
53169,Valle de Uco,Malbec,USA,883,16327.550000220113
52109,Maipu,Syrah,UK,1140,15785.68822241307
50453,Maipu,Syrah,Brasil,1348,20199.708372793797
53206,Maipu,Cabernet Sauvignon,China,1187,14621.070213182238
50323,Lujan de Cuyo,Syrah,USA,1285,15021.530355810866
50250,Lujan de Cuyo,Syrah,Brasil,939,17446.77811030069
52732,Valle de Uco,Cabernet Sauvignon,USA,128,2441.789296916465
52361,Lujan de Cuyo,Chardonnay,China,1555,19260.621526197054
51501,San Rafael,Chardonnay,Brasil,808,14162.417946460364
53126,Valle de Uco,Cabernet Sauvignon,China,1531,27962.94961937222
51532,Lujan de Cuyo,Syrah,USA,1229,22657.811283272134
53298,Maipu,Syrah,USA,1592,38374.61416926663
51870,Valle de Uco,Syrah,USA,1493,
51413,San Rafael,Chardonnay,Brasil,1425,18946.937414265598
52685,Lujan de Cuyo,Malbec,UK,1376,33601.18049628934
50098,Valle de Uco,Chardonnay,USA,1523,23576.093954510347
50810,Maipu,Cabernet Sauvignon,USA,1188,
52967,Valle de Uco,Malbec,UK,1784,34212.81613175763
51568,Maipu,Malbec,UK,1092,11358.289351002659
50030,Valle de Uco,Syrah,UK,1008,19376.047544582718
50826,Lujan de Cuyo,Syrah,China,1370,23461.166662406635
51282,Maipu,Syrah,Brasil,1446,19910.943239751265
50042,Valle de Uco,Syrah,China,1509,34180.523520985436
52853,Lujan de Cuyo,Malbec,USA,699,13016.149674598828
50411,San Rafael,Syrah,USA,1358,23307.13385126973
50252,San Rafael,Syrah,China,1147,28542.53257403947
52058,Lujan de Cuyo,Chardonnay,USA,1472,20617.744229727
52758,Lujan de Cuyo,Syrah,China,749,16681.169039089425
51080,Maipu,Chardonnay,Brasil,1562,27859.212649008306
52427,Valle de Uco,Chardonnay,UK,1171,15831.159089707453
51814,San Rafael,Syrah,Brasil,1298,19418.892105896604
51169,San Rafael,Malbec,Brasil,1343,20692.728089742533
53334,Maipu,Cabernet Sauvignon,Brasil,1287,25404.692650819055
51650,Valle de Uco,Syrah,Brasil,860,
52022,Maipu,Malbec,USA,1072,25318.06255152624
52859,San Rafael,Malbec,Brasil,835,15946.166339682915
50499,Maipu,Syrah,USA,1455,19830.067188884103
52729,Valle de Uco,Chardonnay,China,1376,32260.123696096223
52412,San Rafael,Cabernet Sauvignon,USA,1452,20475.101930498306
51186,San Rafael,Chardonnay,Brasil,1266,16510.4391053661
52553,Valle de Uco,Cabernet Sauvignon,UK,1070,22556.498342588817
52714,Valle de Uco,Cabernet Sauvignon,USA,1029,24462.672356535793
51008,Lujan de Cuyo,Chardonnay,USA,1324,21253.161792463266
52711,Lujan de Cuyo,Cabernet Sauvignon,Brasil,1487,16036.920469033741
50340,Lujan de Cuyo,Syrah,Brasil,1431,20898.92989820388
51515,Lujan de Cuyo,Chardonnay,Brasil,1008,14784.488579283361
50090,San Rafael,Malbec,USA,1072,14029.564112922228
52997,Lujan de Cuyo,Cabernet Sauvignon,USA,545,10601.085879758386
50767,Maipu,Malbec,China,1509,32681.54464936728
51622,Valle de Uco,Chardonnay,Brasil,1374,27697.597243905333
50173,Lujan de Cuyo,Malbec,UK,1117,25755.678745776182
50936,Lujan de Cuyo,Syrah,China,1212,22368.903066448715
52059,Lujan de Cuyo,Chardonnay,UK,620,13903.30685095264
51384,San Rafael,Chardonnay,Brasil,1355,14525.794463636503
53375,Valle de Uco,Syrah,USA,1144,16823.99345559799
52176,Lujan de Cuyo,Syrah,China,1140,21852.624760107716
53020,San Rafael,Malbec,Brasil,1115,24719.50804951344
52300,Maipu,Cabernet Sauvignon,China,1074,23359.065825701076
51082,Maipu,Cabernet Sauvignon,Brasil,841,10067.129459085225
53456,Maipu,Cabernet Sauvignon,China,934,21579.702255925153
50331,Maipu,Chardonnay,Brasil,1263,16125.607518339735
50486,Lujan de Cuyo,Cabernet Sauvignon,Brasil,903,13194.819128025552
50686,San Rafael,Malbec,China,778,10050.558261528142
51022,San Rafael,Chardonnay,Brasil,1013,23407.693348634686
50734,Lujan de Cuyo,Chardonnay,USA,1549,28709.565217159932
52217,Lujan de Cuyo,Cabernet Sauvignon,UK,951,15879.345769286007
51731,San Rafael,Cabernet Sauvignon,UK,1231,27144.201061502154
51641,Lujan de Cuyo,Syrah,USA,1600,37405.84236616396
51607,Lujan de Cuyo,Syrah,UK,701,16428.13490717477
52559,Valle de Uco,Chardonnay,Brasil,1218,25247.44766174742
52630,Maipu,Chardonnay,UK,1396,28993.682298161748
52081,San Rafael,Syrah,Brasil,987,23329.975714828644
51999,Maipu,Chardonnay,UK,1153,27821.988840099577
50874,San Rafael,Chardonnay,UK,1474,28564.559709058256
50137,Maipu,Chardonnay,Brasil,904,9767.912719195872
50106,Valle de Uco,Chardonnay,China,1346,24129.004064733555
50128,Maipu,Malbec,UK,1586,
51839,San Rafael,Chardonnay,UK,1466,24734.35423638193
52610,San Rafael,Syrah,China,685,6962.258489770162
52548,San Rafael,Cabernet Sauvignon,Brasil,1502,32489.365903400852
50166,San Rafael,Malbec,UK,1177,11809.468554825942
50621,Valle de Uco,Malbec,UK,1224,23300.553223253166
50181,Maipu,Syrah,Brasil,1422,21721.474627555013
53324,San Rafael,Syrah,UK,1595,21715.1529767876
52260,San Rafael,Cabernet Sauvignon,UK,1189,24551.741065942948
51818,San Rafael,Cabernet Sauvignon,UK,1714,30605.088766122204
52736,Valle de Uco,Syrah,UK,1107,27425.294518094917
52057,Valle de Uco,Syrah,UK,1136,20143.19271460592
51669,San Rafael,Malbec,USA,854,17232.15672731844
52319,Lujan de Cuyo,Malbec,UK,722,16074.368152771078
50944,Lujan de Cuyo,Syrah,Brasil,1156,12101.126643578376
51069,Valle de Uco,Malbec,USA,1184,27321.159256460964
50652,Valle de Uco,Malbec,Brasil,1188,14104.356188978365
51799,Maipu,Cabernet Sauvignon,China,1313,21559.14066711579
52592,Maipu,Malbec,Brasil,1013,10757.662612389266
53196,San Rafael,Cabernet Sauvignon,USA,1449,19127.780079467175
51291,Maipu,Cabernet Sauvignon,UK,1947,30122.89251931494
50888,San Rafael,Chardonnay,Brasil,1607,23036.98681525018
53341,Maipu,Syrah,Brasil,1251,16380.83379760719
52283,Lujan de Cuyo,Malbec,Brasil,742,15800.477096240329
50892,Valle de Uco,Chardonnay,Brasil,1215,17532.795095404264
52960,Valle de Uco,Chardonnay,UK,1178,24794.23216731938
53422,Maipu,Cabernet Sauvignon,China,1387,
53093,Maipu,Malbec,China,922,21090.469033788646
50091,Lujan de Cuyo,Malbec,UK,1178,12843.282054006419
52372,Valle de Uco,Chardonnay,China,1416,26117.037580491422
51391,Valle de Uco,Syrah,Brasil,1245,23804.0345816841
51601,Maipu,Cabernet Sauvignon,UK,1367,28391.781287843183
53203,Valle de Uco,Cabernet Sauvignon,Brasil,902,20896.68827247745
51171,Valle de Uco,Syrah,Brasil,969,18765.942372538284
50800,Valle de Uco,Chardonnay,Brasil,1208,20984.415285504514
51403,San Rafael,Cabernet Sauvignon,Brasil,1170,22379.325254459014
52020,Lujan de Cuyo,Chardonnay,USA,1127,12408.445362076469
53429,San Rafael,Chardonnay,China,1502,32803.73360936621
50377,Maipu,Malbec,Brasil,1424,21641.51553809248
51004,Lujan de Cuyo,Cabernet Sauvignon,China,899,14855.094277460588
50559,Valle de Uco,Cabernet Sauvignon,Brasil,1179,17512.107940433605
51374,San Rafael,Cabernet Sauvignon,USA,603,9224.465945411628
51393,Lujan de Cuyo,Syrah,Brasil,1367,29033.211230698897
51034,Valle de Uco,Chardonnay,Brasil,1285,22352.28180714587
50515,Maipu,Chardonnay,Brasil,1413,23016.059787856753
51514,Lujan de Cuyo,Malbec,Brasil,1484,29329.414956338158
51380,San Rafael,Malbec,China,1732,32556.139237135772
52959,San Rafael,Malbec,China,1308,16431.28788213555
52444,Lujan de Cuyo,Malbec,China,940,13277.943274262188
51779,Maipu,Chardonnay,USA,1220,23897.685985068707
52163,San Rafael,Malbec,China,1372,33369.46157857032
52874,Valle de Uco,Syrah,UK,1336,26632.313478683467
52513,Maipu,Cabernet Sauvignon,USA,1080,12682.335361140153
52640,Maipu,Cabernet Sauvignon,USA,907,20527.521170034142
52500,Lujan de Cuyo,Cabernet Sauvignon,USA,1058,15965.258931286735
50862,Lujan de Cuyo,Chardonnay,UK,1421,14326.113265872636
51734,Maipu,Malbec,China,672,16268.313913900347
52360,San Rafael,Cabernet Sauvignon,Brasil,1401,34000.426619585
51432,Valle de Uco,Malbec,China,584,9234.467450052538
53483,San Rafael,Malbec,UK,802,14223.00094786606
52046,San Rafael,Cabernet Sauvignon,USA,957,15110.4761444442
51425,Maipu,Malbec,UK,1072,16381.191097333385
50333,Lujan de Cuyo,Syrah,UK,1258,13452.024647744665
53466,San Rafael,Chardonnay,USA,1388,14385.369330065938
53465,Lujan de Cuyo,Syrah,Brasil,753,14368.499936464053
52230,San Rafael,Chardonnay,UK,1285,16742.748311169777
50088,San Rafael,Cabernet Sauvignon,UK,582,10112.401845680963
51716,Maipu,Malbec,Brasil,1841,34127.082311238286
50498,Maipu,Cabernet Sauvignon,UK,1366,24193.2595093196
52205,Lujan de Cuyo,Malbec,China,1031,10914.059260106229
52624,San Rafael,Malbec,UK,856,17055.069103939502
50890,San Rafael,Cabernet Sauvignon,UK,1644,30064.930972930204
52613,Lujan de Cuyo,Chardonnay,China,1274,21820.532505450148
50213,Lujan de Cuyo,Cabernet Sauvignon,Brasil,1383,19946.70958585982
52829,Valle de Uco,Chardonnay,China,767,15256.141110077373
52352,Maipu,Cabernet Sauvignon,UK,1040,25385.30710113957
51527,San Rafael,Cabernet Sauvignon,Brasil,1155,24004.5842932089
50315,Maipu,Cabernet Sauvignon,USA,924,22894.108915017347
51289,San Rafael,Chardonnay,Brasil,1559,28967.616302706985
50015,Lujan de Cuyo,Cabernet Sauvignon,China,1527,17472.099738001474
50420,Lujan de Cuyo,Chardonnay,USA,1644,18537.624049318874
51157,Lujan de Cuyo,Syrah,Brasil,1361,29505.714164069872
53003,Lujan de Cuyo,Malbec,USA,1095,20734.400534526445
53486,Maipu,Malbec,UK,1059,13852.966053831962
52207,Valle de Uco,Malbec,Brasil,1192,29111.577493004163
53142,Maipu,Chardonnay,UK,1441,35467.22744196307
53440,Valle de Uco,Cabernet Sauvignon,Brasil,1076,21505.1849497169
51225,San Rafael,Syrah,UK,853,16453.68613048171
51424,Valle de Uco,Malbec,Brasil,1013,20954.805346202553
52399,Lujan de Cuyo,Cabernet Sauvignon,UK,1349,25168.527109414794
50574,San Rafael,Syrah,UK,1334,32976.43568095053
50014,Valle de Uco,Chardonnay,UK,1399,28893.957599310677
50347,San Rafael,Chardonnay,USA,843,10007.188771382564
53056,Valle de Uco,Syrah,USA,1123,13067.344146831816
52425,Maipu,Syrah,China,783,13007.975322964401
50276,Valle de Uco,Malbec,Brasil,1257,18470.532237866522
50915,Lujan de Cuyo,Malbec,China,1174,16088.236122792863
50297,Maipu,Cabernet Sauvignon,USA,1270,14829.308109355525
53394,Lujan de Cuyo,Malbec,UK,1201,16679.437450869875
51343,Valle de Uco,Chardonnay,USA,698,
51627,Lujan de Cuyo,Syrah,Brasil,1229,21483.055884413137
52689,Lujan de Cuyo,Cabernet Sauvignon,USA,1336,25957.8321859431
52676,Lujan de Cuyo,Chardonnay,Brasil,1368,31618.03770941006
50474,Maipu,Syrah,USA,1167,18933.946654745483
50775,Lujan de Cuyo,Cabernet Sauvignon,UK,941,9490.422905878848
53082,San Rafael,Chardonnay,Brasil,1251,19710.723653004294
50773,Valle de Uco,Syrah,Brasil,1218,16946.583020387356
51434,Valle de Uco,Malbec,UK,1899,31171.20719017568
51007,Lujan de Cuyo,Cabernet Sauvignon,UK,932,17769.227998060283
53370,San Rafael,Syrah,Brasil,789,12445.279424550394
50443,Valle de Uco,Cabernet Sauvignon,UK,1299,26734.34290270189
53085,Maipu,Syrah,Brasil,949,21926.49844765468
50847,San Rafael,Chardonnay,Brasil,749,13720.248854208983
52876,San Rafael,Malbec,UK,1535,25942.961368545297
51445,Maipu,Chardonnay,USA,765,10581.846538061556
53002,Maipu,Cabernet Sauvignon,Brasil,732,15546.718230545679
52087,Maipu,Malbec,UK,1381,18859.04793138281
50662,Lujan de Cuyo,Syrah,Brasil,906,20454.614243379398
50402,Maipu,Malbec,Brasil,981,18475.604097399082
50316,Valle de Uco,Malbec,China,1421,18913.41312076127
53282,Valle de Uco,Chardonnay,Brasil,1271,29922.661481015813
50806,Lujan de Cuyo,Malbec,Brasil,1538,26724.175652133417
52533,Lujan de Cuyo,Malbec,Brasil,1110,24440.789570628876
50653,Maipu,Malbec,UK,1277,14809.951368085887
50068,Lujan de Cuyo,Syrah,Brasil,685,12556.926256091972
50423,San Rafael,Malbec,China,1340,32781.020345761004
53437,Lujan de Cuyo,Malbec,Brasil,1002,13477.114028621874
50556,Valle de Uco,Malbec,USA,1642,23346.81912042819
52078,Maipu,Syrah,USA,1088,
52949,Valle de Uco,Cabernet Sauvignon,USA,877,15111.407922460541
51083,Lujan de Cuyo,Chardonnay,Brasil,1235,15455.345947521771
52188,Lujan de Cuyo,Cabernet Sauvignon,China,1275,19587.44805213429
51708,Lujan de Cuyo,Cabernet Sauvignon,UK,947,15942.457271327681
52439,Maipu,Syrah,China,733,10518.364235778747
50749,San Rafael,Syrah,UK,1458,33572.24033617388
51426,Lujan de Cuyo,Chardonnay,UK,1703,18430.40039156905
51345,Lujan de Cuyo,Malbec,USA,716,12988.304757945692
50796,Lujan de Cuyo,Syrah,USA,1173,20300.04060265339
51783,Maipu,Syrah,USA,877,18744.91968978948
53493,San Rafael,Chardonnay,USA,1017,10825.472928223058
50850,Valle de Uco,Chardonnay,UK,1038,25625.077114786003
52432,Valle de Uco,Cabernet Sauvignon,USA,558,6644.343888330305
51556,San Rafael,Cabernet Sauvignon,China,1026,21085.16499156697
51376,San Rafael,Syrah,China,1290,29033.477588882182
51864,San Rafael,Syrah,Brasil,1017,18972.32697339841
52800,Valle de Uco,Cabernet Sauvignon,UK,1421,18246.316731329993
52986,Valle de Uco,Chardonnay,USA,1098,26275.946941362425
52318,Lujan de Cuyo,Syrah,Brasil,965,18833.226938716896
51447,Valle de Uco,Cabernet Sauvignon,USA,1652,25421.24464490082
51989,Lujan de Cuyo,Syrah,UK,1480,16204.227777235265
52612,San Rafael,Chardonnay,China,1022,21382.38750635449
52440,Lujan de Cuyo,Malbec,Brasil,1134,12548.733465665679
51589,Lujan de Cuyo,Chardonnay,China,1045,20273.543011944894
53333,San Rafael,Malbec,China,1025,21206.2233301567
52111,Valle de Uco,Syrah,Brasil,1039,15901.353017941354
52890,Valle de Uco,Syrah,China,1488,18154.19948718448
50300,Valle de Uco,Chardonnay,UK,1034,21149.16136535758
51073,Lujan de Cuyo,Chardonnay,China,1023,23926.33713343142
51272,San Rafael,Cabernet Sauvignon,Brasil,1419,15610.533855254893
52413,Maipu,Syrah,USA,1247,18167.873617263434
52925,Valle de Uco,Cabernet Sauvignon,Brasil,1357,28654.497703469442
50548,Lujan de Cuyo,Chardonnay,Brasil,1691,21192.474542680327
51348,San Rafael,Chardonnay,UK,1038,14357.239235624222
53248,Valle de Uco,Malbec,UK,1287,13215.399456454123
52814,Lujan de Cuyo,Syrah,Brasil,978,18890.952006838976
52686,Lujan de Cuyo,Cabernet Sauvignon,China,794,10955.984770876139
52840,Maipu,Cabernet Sauvignon,Brasil,1498,30031.6430182391
52480,Maipu,Chardonnay,Brasil,1641,18596.939131966203
51428,Maipu,Syrah,China,1808,21102.982128836073
53306,Lujan de Cuyo,Cabernet Sauvignon,USA,752,
51325,Maipu,Cabernet Sauvignon,China,1449,35396.25063258223
52285,Valle de Uco,Cabernet Sauvignon,USA,1247,14045.331173355835
51618,Valle de Uco,Syrah,USA,1277,18777.35495830317
51396,Valle de Uco,Malbec,UK,1275,30827.734215232802
53039,San Rafael,Cabernet Sauvignon,UK,1269,
52301,Maipu,Syrah,UK,668,12482.605333593383
51103,San Rafael,Chardonnay,Brasil,929,18024.83908583427
50546,San Rafael,Syrah,Brasil,752,8562.858730687092
52927,Valle de Uco,Syrah,UK,965,19798.133066279137
50330,Valle de Uco,Cabernet Sauvignon,Brasil,957,16706.558124902975
52995,San Rafael,Chardonnay,China,1062,22373.92901824519
52765,Maipu,Chardonnay,UK,1110,25170.455664114997
52337,San Rafael,Chardonnay,China,1035,10893.820861735994
52775,Lujan de Cuyo,Cabernet Sauvignon,Brasil,933,21479.82947108536
51852,Lujan de Cuyo,Cabernet Sauvignon,Brasil,1233,13168.948053211921
51013,Maipu,Cabernet Sauvignon,Brasil,1375,31113.95118028887
51357,Valle de Uco,Malbec,USA,1450,35028.02383685126
51623,San Rafael,Syrah,Brasil,1495,32262.436497215636
51196,San Rafael,Malbec,UK,1056,15153.030567502894
50765,Maipu,Malbec,UK,1238,17350.219495210193
51283,Maipu,Chardonnay,USA,915,
51111,Valle de Uco,Malbec,China,1203,22832.936554666925
51449,Lujan de Cuyo,Syrah,USA,1133,13446.31128143405
51714,Maipu,Cabernet Sauvignon,USA,1611,16358.04836880971
53275,San Rafael,Cabernet Sauvignon,Brasil,1508,25385.308214286488
50937,Lujan de Cuyo,Cabernet Sauvignon,China,1539,25901.612309232834
50123,San Rafael,Chardonnay,USA,1116,24474.958696143352
52802,Maipu,Malbec,UK,1104,21974.608556870196
50235,Lujan de Cuyo,Malbec,USA,1209,28231.05982454934
53326,Lujan de Cuyo,Cabernet Sauvignon,Brasil,825,18627.21803707844
50089,Maipu,Chardonnay,Brasil,1525,18439.44984187641
50544,Lujan de Cuyo,Cabernet Sauvignon,USA,1078,22194.980796007374
50061,Lujan de Cuyo,Cabernet Sauvignon,UK,1482,29803.480935027117
51201,Valle de Uco,Cabernet Sauvignon,Brasil,1060,21424.697291165223
50110,Valle de Uco,Chardonnay,China,1221,14027.317475595577
51520,Maipu,Malbec,USA,986,19823.330277027606
52406,Valle de Uco,Malbec,China,1626,34907.94568334594
51534,Lujan de Cuyo,Syrah,USA,1276,22696.60317550745
52090,San Rafael,Syrah,USA,907,13004.11248895447
53367,Valle de Uco,Chardonnay,Brasil,1220,30262.98697370941
52085,San Rafael,Cabernet Sauvignon,USA,1382,21444.835670281187
50185,Valle de Uco,Malbec,UK,863,16801.64245988247
52252,Valle de Uco,Malbec,USA,1219,19238.024280326306
50836,Valle de Uco,Syrah,Brasil,1219,20554.53153111113
52097,Maipu,Chardonnay,UK,1359,31993.668568024226
50404,Valle de Uco,Cabernet Sauvignon,China,1557,18948.94202688655
51253,Valle de Uco,Chardonnay,China,1085,19874.247647918644
51248,Valle de Uco,Cabernet Sauvignon,UK,1306,26966.493548315728
51236,Lujan de Cuyo,Malbec,China,1222,19141.603257942876
52214,Maipu,Chardonnay,Brasil,1045,26094.416266550084
50792,San Rafael,Syrah,UK,937,14086.404056473168
50338,San Rafael,Chardonnay,UK,1689,19672.1491696052
52544,Valle de Uco,Cabernet Sauvignon,UK,932,19280.054961074475
51939,Maipu,Chardonnay,UK,809,19868.36842094986
51398,Lujan de Cuyo,Malbec,USA,1458,25034.391870886382
51259,Valle de Uco,Cabernet Sauvignon,UK,1211,29876.9496949932
52931,Maipu,Chardonnay,USA,1724,30109.631080825442
50879,Lujan de Cuyo,Chardonnay,UK,1392,25775.44346866896
51485,Lujan de Cuyo,Malbec,USA,679,8602.426845582388
51143,Valle de Uco,Malbec,Brasil,1651,40726.30463708497
52164,San Rafael,Cabernet Sauvignon,UK,1243,18132.383632385005
53043,Lujan de Cuyo,Syrah,China,1497,19792.044636072544
52144,Valle de Uco,Syrah,Brasil,1649,18456.16858716401
50415,Maipu,Syrah,Brasil,1066,18095.596840482172
51110,Lujan de Cuyo,Cabernet Sauvignon,USA,1372,13786.781321590426
51711,Maipu,Chardonnay,USA,1184,21573.098580354228
53079,Lujan de Cuyo,Malbec,UK,713,15871.911688111617
50291,Valle de Uco,Malbec,UK,1860,22585.17030974723
52650,San Rafael,Chardonnay,UK,1575,18600.91425038135
51249,Valle de Uco,Syrah,UK,1476,20432.719819136397
50146,San Rafael,Chardonnay,UK,705,8160.3264126319755
53164,San Rafael,Syrah,UK,1966,48241.29171253239
50307,Lujan de Cuyo,Cabernet Sauvignon,Brasil,1205,24764.342569975917
52166,Lujan de Cuyo,Cabernet Sauvignon,USA,1180,16800.977666699593
52741,Lujan de Cuyo,Malbec,UK,949,12251.00070249659
50510,San Rafael,Chardonnay,USA,905,18209.904002596246
50083,Maipu,Chardonnay,USA,760,18802.96961557335
50378,Lujan de Cuyo,Syrah,Brasil,1122,15509.997802800059
50417,San Rafael,Malbec,USA,1079,24955.94223327958
51955,San Rafael,Chardonnay,China,1339,32484.855299160095
51134,San Rafael,Chardonnay,Brasil,1052,14759.311450006975
51934,San Rafael,Cabernet Sauvignon,UK,1459,34164.90228149267
52084,Lujan de Cuyo,Chardonnay,China,764,18731.475567159705
52913,Maipu,Chardonnay,China,1210,25062.411316409696
50835,Maipu,Malbec,Brasil,1374,19439.419000921698
51330,Maipu,Cabernet Sauvignon,USA,1319,19689.041664461914
52761,Valle de Uco,Cabernet Sauvignon,USA,1207,25532.75010347054
50116,San Rafael,Cabernet Sauvignon,China,992,13067.362960185968
53066,San Rafael,Malbec,USA,791,11110.93254212204
50429,Maipu,Syrah,China,869,18590.291832001858
52270,Maipu,Malbec,Brasil,1397,17137.19943966771
51383,Valle de Uco,Syrah,USA,1081,19751.215604555506
52483,Lujan de Cuyo,Malbec,China,1406,18951.533240359266
50763,Maipu,Syrah,China,735,11710.976623288223
50294,San Rafael,Chardonnay,UK,880,21934.616052832418
50598,Maipu,Chardonnay,UK,1020,10291.376779779197
50112,Lujan de Cuyo,Cabernet Sauvignon,China,1575,24290.52417114309
51092,San Rafael,Syrah,Brasil,1502,19110.653652406538
52497,Maipu,Syrah,China,1198,27813.613993405535
50886,San Rafael,Chardonnay,China,783,7858.073296563407
53060,Valle de Uco,Syrah,Brasil,1408,25341.934493264096
52721,San Rafael,Malbec,USA,1218,23715.999356988938
53345,Maipu,Syrah,Brasil,1066,
50752,Valle de Uco,Chardonnay,USA,893,
51305,Valle de Uco,Cabernet Sauvignon,China,1056,12845.747568957
50326,San Rafael,Malbec,China,1285,31432.11196680704
51901,Valle de Uco,Syrah,China,500,12428.995988674107
53257,Valle de Uco,Malbec,USA,1706,41429.36363232327
52083,Lujan de Cuyo,Chardonnay,China,1475,20527.972776709794
52720,Maipu,Chardonnay,UK,1643,29322.774452745183
52902,San Rafael,Cabernet Sauvignon,USA,1541,32287.819868469054
51072,San Rafael,Cabernet Sauvignon,USA,1391,29128.450762113363
53261,San Rafael,Syrah,Brasil,1002,11237.89803414838
53015,Lujan de Cuyo,Malbec,UK,1147,21339.739534321532
51670,Maipu,Cabernet Sauvignon,UK,1080,12074.50114167216
50745,Maipu,Malbec,China,1213,22878.3561248107
53294,Valle de Uco,Cabernet Sauvignon,Brasil,1505,30887.48434853462
50751,Maipu,Chardonnay,China,1506,30203.187654191355
50366,Valle de Uco,Cabernet Sauvignon,Brasil,1133,22129.892410804656
50967,Lujan de Cuyo,Syrah,USA,964,11059.065487366315
52864,Maipu,Chardonnay,China,1376,
52743,Lujan de Cuyo,Chardonnay,UK,897,18888.10592641303
51146,Lujan de Cuyo,Chardonnay,UK,1161,16075.901865828213
51810,Maipu,Malbec,USA,1132,20600.120739734804
52652,San Rafael,Cabernet Sauvignon,China,1678,36411.224854816035
52094,Maipu,Chardonnay,China,999,12261.56901034469
53121,Maipu,Syrah,USA,1171,27500.905599063506
51579,Lujan de Cuyo,Cabernet Sauvignon,USA,1495,27322.778186503157
51881,San Rafael,Malbec,UK,1531,32630.203310237837
52844,Lujan de Cuyo,Malbec,China,1162,28303.50342538706
52115,Maipu,Chardonnay,UK,1682,21201.974131193674
51411,Valle de Uco,Syrah,USA,1485,28566.632308576016
51576,Valle de Uco,Syrah,China,846,9136.819753701255
52055,Valle de Uco,Syrah,USA,1315,14315.84225008062
53138,Maipu,Syrah,China,1299,28118.10293457699
51473,Valle de Uco,Cabernet Sauvignon,USA,1402,29503.27226676439
53179,Lujan de Cuyo,Malbec,USA,1567,29128.154379711614
51037,Maipu,Chardonnay,Brasil,1161,15902.4054066153
50638,San Rafael,Syrah,USA,1015,22487.830764108596
50934,Maipu,Syrah,UK,1734,23002.76590238447
51484,Maipu,Syrah,UK,832,9578.908451614949
51166,Lujan de Cuyo,Syrah,China,1045,17415.030429113238
51615,Valle de Uco,Chardonnay,China,1702,19962.5245293331
50714,Maipu,Malbec,UK,1362,29604.38886451141
50281,Valle de Uco,Malbec,China,1908,
52262,Valle de Uco,Cabernet Sauvignon,China,2098,49304.21167264299
53132,Maipu,Malbec,China,1156,27006.51525050918
52798,San Rafael,Chardonnay,USA,1228,26121.851274316206
51727,Maipu,Chardonnay,USA,1410,31049.275745834755
52011,Maipu,Syrah,China,1352,30066.12407248891
51659,Lujan de Cuyo,Chardonnay,UK,1399,28284.56347502292
52965,Lujan de Cuyo,Chardonnay,Brasil,1381,16645.28337695585
53036,Maipu,Cabernet Sauvignon,UK,1673,41082.912601304095
53289,Maipu,Cabernet Sauvignon,China,1404,22367.287855407085
52308,Valle de Uco,Syrah,USA,1544,31079.71430698348
51736,Lujan de Cuyo,Cabernet Sauvignon,China,789,12798.922134522567
52709,San Rafael,Chardonnay,USA,1395,20918.69754229225
50038,Valle de Uco,Chardonnay,UK,1655,21112.810657063135
52608,San Rafael,Cabernet Sauvignon,China,1354,22770.08398111694
50500,Valle de Uco,Cabernet Sauvignon,China,1373,19276.48262679358
51015,Valle de Uco,Cabernet Sauvignon,USA,1006,10477.24214784915
50322,San Rafael,Malbec,China,1779,22475.646385638902
52268,Lujan de Cuyo,Cabernet Sauvignon,Brasil,817,19253.846391446823
51410,San Rafael,Malbec,China,1215,23718.089002124205
50507,San Rafael,Malbec,China,1016,18849.619019875965
51471,Maipu,Chardonnay,Brasil,1542,25627.29372580576
53176,Maipu,Syrah,China,1626,
53231,Lujan de Cuyo,Syrah,Brasil,1470,29693.025545062428
50484,Lujan de Cuyo,Malbec,China,1072,21409.420428943853
53058,Valle de Uco,Cabernet Sauvignon,China,1378,33066.444884710145
50689,Lujan de Cuyo,Chardonnay,Brasil,1591,27318.516191608225
50309,Lujan de Cuyo,Malbec,UK,2036,25113.087711220942
52065,San Rafael,Syrah,USA,1168,26667.413896629612
51960,Maipu,Syrah,USA,1475,30808.92959046873
50781,San Rafael,Malbec,UK,1131,
53344,San Rafael,Chardonnay,China,1809,34058.3955653154
50033,San Rafael,Malbec,China,902,20836.516500617105
50644,San Rafael,Cabernet Sauvignon,USA,1260,24462.272424109637
50575,Valle de Uco,Malbec,China,1348,16383.498343190357
50619,Valle de Uco,Malbec,UK,1280,16995.563788175168
50334,Valle de Uco,Syrah,Brasil,1053,12886.724580867944
51121,Valle de Uco,Chardonnay,UK,1629,24536.13345219311
53418,San Rafael,Chardonnay,Brasil,1347,22523.011297761113
53103,San Rafael,Cabernet Sauvignon,China,1097,21147.095941014533
50708,Lujan de Cuyo,Chardonnay,Brasil,1540,36117.75598626847
51096,Maipu,Chardonnay,Brasil,1087,21882.253269687895
50841,Lujan de Cuyo,Chardonnay,UK,1366,15506.750198817066
51207,Maipu,Cabernet Sauvignon,Brasil,1741,27238.31160423228
50585,Lujan de Cuyo,Malbec,Brasil,960,15733.543501210674
52075,Maipu,Cabernet Sauvignon,China,700,15738.331195602404
50192,Valle de Uco,Cabernet Sauvignon,China,1040,23255.156915752705
51773,Valle de Uco,Syrah,Brasil,1412,17452.53111859723
52147,Lujan de Cuyo,Cabernet Sauvignon,USA,1027,23790.62467630546
50040,Valle de Uco,Cabernet Sauvignon,USA,1685,20955.546843722273
52189,Lujan de Cuyo,Cabernet Sauvignon,USA,919,
51270,Lujan de Cuyo,Syrah,UK,996,20646.66535212577
51149,San Rafael,Malbec,UK,1164,25318.83020696866
53186,Maipu,Malbec,Brasil,1666,23709.47687316352
50303,San Rafael,Syrah,USA,1616,16254.96835043122
51273,Maipu,Malbec,USA,601,11557.912207541596
51446,San Rafael,Syrah,USA,1213,27037.599658054787
50737,Lujan de Cuyo,Chardonnay,UK,1824,19095.278072962392
51559,San Rafael,Malbec,UK,1081,20393.17625404619
50444,Maipu,Chardonnay,UK,1530,27276.45931043891
52704,Valle de Uco,Cabernet Sauvignon,UK,837,19701.72719233471
50214,Maipu,Syrah,China,1158,24927.033511690053
50179,San Rafael,Chardonnay,USA,986,22818.53598310255
51323,Lujan de Cuyo,Malbec,Brasil,1363,22701.517522044367
51522,Valle de Uco,Syrah,China,857,19680.01261707249
50871,Valle de Uco,Syrah,Brasil,863,20135.02083256578
50779,Maipu,Malbec,USA,1391,30560.792817412257
50843,San Rafael,Cabernet Sauvignon,China,1016,21200.86610869281
52181,Valle de Uco,Syrah,Brasil,1141,27544.225756459535
50066,Maipu,Syrah,Brasil,1296,25713.90690466182
52731,Lujan de Cuyo,Malbec,USA,1001,11255.32919213381
50275,Maipu,Chardonnay,USA,1648,40397.1434294977
52969,Maipu,Malbec,USA,1441,15694.001511442046
52646,Valle de Uco,Chardonnay,USA,1019,15222.132379301338
50233,San Rafael,Syrah,China,1617,25552.61166913815
52609,Valle de Uco,Chardonnay,China,1114,15593.73717476863
52469,San Rafael,Cabernet Sauvignon,UK,1423,26749.00001260315
52924,Maipu,Syrah,USA,1158,12964.88212190812
50100,Lujan de Cuyo,Malbec,USA,1067,12355.903380103096
51821,San Rafael,Malbec,UK,869,
50629,San Rafael,Malbec,China,1574,33007.53083061666
51258,Maipu,Syrah,UK,1493,29483.407581845495
50059,San Rafael,Syrah,USA,1431,22921.161151474036
51776,Maipu,Cabernet Sauvignon,Brasil,870,12913.958499327357
52157,Maipu,Syrah,China,976,18353.888053605544
53459,San Rafael,Malbec,UK,1092,19829.464824680508
50762,San Rafael,Cabernet Sauvignon,Brasil,939,19236.760152904113
53083,Maipu,Chardonnay,UK,1489,29290.217301568846
50502,San Rafael,Cabernet Sauvignon,Brasil,1128,23371.478733386943
52932,Lujan de Cuyo,Malbec,China,1020,12499.00960493453
53255,Maipu,Malbec,USA,1026,17020.483147715986
50000,Maipu,Chardonnay,Brasil,1203,26641.47908553523
51498,Valle de Uco,Malbec,UK,1162,20185.98744892581
50692,Valle de Uco,Syrah,Brasil,1288,22050.803473685384
53062,Lujan de Cuyo,Cabernet Sauvignon,Brasil,1249,28679.09310811084
53013,San Rafael,Malbec,Brasil,1590,24033.196873873178
52944,Valle de Uco,Cabernet Sauvignon,Brasil,1753,25229.794039400767
51087,Valle de Uco,Chardonnay,USA,1200,14932.771795011971
52273,Maipu,Chardonnay,China,773,18045.812436700973
52588,San Rafael,Malbec,Brasil,1115,24842.91299381746
53070,Lujan de Cuyo,Chardonnay,UK,1542,31675.687759483728
50780,Valle de Uco,Syrah,China,877,17710.437018320896
52697,Lujan de Cuyo,Malbec,Brasil,1219,18751.084701056025
50218,Lujan de Cuyo,Syrah,China,1542,33662.7067322717
52839,Maipu,Syrah,USA,1071,15299.56045865904
52772,San Rafael,Syrah,Brasil,1039,18285.48966727935
50693,Valle de Uco,Cabernet Sauvignon,China,1262,15676.013647950764
52142,Lujan de Cuyo,Syrah,UK,974,22352.00796902874
51884,Maipu,Malbec,USA,1154,28579.714720889566
50374,Valle de Uco,Cabernet Sauvignon,China,624,15084.927882871909
52096,Lujan de Cuyo,Cabernet Sauvignon,China,1209,17569.516956782485
53218,Valle de Uco,Chardonnay,USA,1523,28067.10101275081
50256,Valle de Uco,Malbec,UK,1313,22479.43601980429
52737,San Rafael,Malbec,USA,865,12430.820535405051
50067,Maipu,Chardonnay,China,516,6565.074344793382
50576,Valle de Uco,Malbec,USA,1171,26699.97756134209
53496,Lujan de Cuyo,Cabernet Sauvignon,China,1492,34668.929323704855
51917,Valle de Uco,Chardonnay,Brasil,789,9591.971330027021
52979,San Rafael,Syrah,UK,1547,35834.187886121304
50680,Lujan de Cuyo,Cabernet Sauvignon,Brasil,1246,15104.581360994225
52560,San Rafael,Chardonnay,China,1515,37501.95334366751
50530,San Rafael,Chardonnay,Brasil,676,7338.274692357362
52206,San Rafael,Cabernet Sauvignon,UK,965,16048.130011107272
51267,Maipu,Cabernet Sauvignon,UK,1510,29757.81056528195
53303,Maipu,Malbec,UK,1837,23491.587354810064
50226,San Rafael,Cabernet Sauvignon,UK,770,11733.03930279051
50023,Lujan de Cuyo,Malbec,USA,1193,23973.257783017547
51235,San Rafael,Chardonnay,Brasil,1281,19051.028389464052
53096,Valle de Uco,Syrah,China,1368,18891.572923189837
50241,Lujan de Cuyo,Malbec,Brasil,1620,27064.591874262067
51195,San Rafael,Syrah,UK,1079,19018.208575702112
52296,Lujan de Cuyo,Syrah,Brasil,1179,14171.043375053088
51190,Maipu,Chardonnay,UK,988,21129.554579759984
52311,Lujan de Cuyo,Syrah,UK,1469,19999.48252791464
50982,Valle de Uco,Syrah,UK,1227,24243.57968904556
51233,Valle de Uco,Chardonnay,Brasil,1068,18007.888629013964
52771,Valle de Uco,Chardonnay,USA,1667,
51286,Maipu,Chardonnay,USA,1110,16823.982484388755
51197,Lujan de Cuyo,Cabernet Sauvignon,Brasil,1460,32669.56566400249
51062,Maipu,Syrah,China,1272,24630.84072674072
50041,Lujan de Cuyo,Malbec,Brasil,1431,32784.692678494066
50086,Valle de Uco,Chardonnay,UK,1349,28151.768116069718
51203,Lujan de Cuyo,Cabernet Sauvignon,Brasil,1096,18220.7620473844
51027,San Rafael,Cabernet Sauvignon,USA,928,21849.021295375598
50640,San Rafael,Chardonnay,USA,1208,25148.296386712125
50586,Maipu,Malbec,USA,955,13506.560894283059
50784,Lujan de Cuyo,Syrah,Brasil,933,16640.05546305247
52417,Maipu,Malbec,USA,1036,23427.8237123261
50696,Maipu,Chardonnay,USA,770,11027.627085488766
53308,Valle de Uco,Chardonnay,UK,1584,17123.272036573344
50625,Lujan de Cuyo,Chardonnay,Brasil,1397,26868.461307469624
50136,Valle de Uco,Chardonnay,USA,28298,20574.487060049836
50119,San Rafael,Malbec,China,1068,12868.848222960101
50971,Maipu,Malbec,Brasil,1273,19308.421171238955
50018,Lujan de Cuyo,Chardonnay,UK,943,16720.41776350013
50324,San Rafael,Cabernet Sauvignon,UK,1333,26878.791607611332
53481,Maipu,Syrah,UK,833,17839.160763299253
51843,Valle de Uco,Cabernet Sauvignon,Brasil,934,11266.767666645133
51053,Lujan de Cuyo,Chardonnay,Brasil,1095,17324.547713430642
52865,San Rafael,Chardonnay,UK,1448,26190.63085376296
52225,Maipu,Syrah,Brasil,1532,15868.203581887565
50306,Lujan de Cuyo,Syrah,UK,1411,30134.012328901612
50282,Lujan de Cuyo,Syrah,Brasil,1277,22362.83245285034
50462,Lujan de Cuyo,Cabernet Sauvignon,USA,1163,21724.273279943067
51251,San Rafael,Malbec,USA,1703,17388.897332487933
52516,Valle de Uco,Malbec,China,884,15207.16422436236
53304,Maipu,Syrah,UK,1358,24301.929954975494
50857,Maipu,Malbec,China,1462,23278.128672373397
52314,Maipu,Chardonnay,UK,1203,25301.292750250108
50725,Valle de Uco,Cabernet Sauvignon,China,1482,16971.09169300348
51350,San Rafael,Chardonnay,USA,1823,19490.146792981348
50701,Maipu,Malbec,China,1442,19442.516185175395
53309,Maipu,Cabernet Sauvignon,UK,1435,19126.755565725118
53317,Maipu,Chardonnay,China,809,11134.07798666665
51173,Valle de Uco,Chardonnay,China,1091,18116.55486671008
50566,Maipu,Chardonnay,UK,1626,30306.06866115318
52905,Lujan de Cuyo,Chardonnay,Brasil,747,12443.685302620876
50391,Maipu,Cabernet Sauvignon,Brasil,961,20024.768806105054
52809,Lujan de Cuyo,Syrah,China,1481,30644.499089218003
50577,Lujan de Cuyo,Cabernet Sauvignon,UK,1695,20177.612729283686
52264,Maipu,Syrah,USA,1027,11830.857036356783
51599,San Rafael,Syrah,Brasil,910,19334.1309343799
52595,Maipu,Chardonnay,USA,977,10010.027909904837
50669,Valle de Uco,Cabernet Sauvignon,UK,1255,21868.795357348154
53297,San Rafael,Malbec,Brasil,1202,29563.548985360718
52185,Maipu,Chardonnay,Brasil,513,8524.84856842313
50337,Maipu,Syrah,UK,896,15339.475907915077
52110,Valle de Uco,Syrah,Brasil,1062,22263.647281640813
52528,San Rafael,Syrah,UK,1440,18848.30865908046
51456,Valle de Uco,Syrah,China,1074,24469.295884015253
50860,Lujan de Cuyo,Cabernet Sauvignon,China,931,14400.555731202227
52545,Valle de Uco,Chardonnay,China,905,9675.562679938876
53320,San Rafael,Malbec,China,1266,31387.992774900726
51192,San Rafael,Syrah,China,1515,28822.615117828223
51693,Maipu,Malbec,UK,1313,24428.855354529267
53350,Valle de Uco,Chardonnay,China,1333,25970.740484671023
50372,Maipu,Chardonnay,China,852,18553.142729852367
52131,Maipu,Malbec,China,1210,13994.888919839841
52472,San Rafael,Chardonnay,Brasil,1040,22219.428219162895
52879,San Rafael,Chardonnay,USA,979,14757.347484069038
50855,Maipu,Chardonnay,China,982,24100.528285644494
50287,Maipu,Cabernet Sauvignon,Brasil,1710,27245.82992652198
53368,Maipu,Chardonnay,UK,1213,22331.50740664683
52215,Valle de Uco,Malbec,Brasil,1406,30704.505125449483
50883,San Rafael,Cabernet Sauvignon,China,979,24394.977995277535
52489,Valle de Uco,Chardonnay,UK,1254,13944.99966048638
50084,Maipu,Cabernet Sauvignon,Brasil,1442,15740.298728255968
52494,San Rafael,Malbec,UK,1234,30129.455908835836
52880,Maipu,Malbec,UK,677,9419.770482508862
53409,Lujan de Cuyo,Syrah,USA,125,1472.1470420573
50080,San Rafael,Chardonnay,Brasil,1515,19072.954392305506
53009,Lujan de Cuyo,Cabernet Sauvignon,UK,1112,11516.33351853632
50459,Maipu,Chardonnay,USA,1482,27114.96616144174
51377,San Rafael,Cabernet Sauvignon,China,1180,24826.75893774634
53017,Lujan de Cuyo,Chardonnay,China,1118,24641.243069332122
50607,San Rafael,Malbec,China,36370,23933.725731451235
51928,Valle de Uco,Chardonnay,USA,1403,34926.64287520152
52530,Valle de Uco,Cabernet Sauvignon,China,1440,19993.49114366844
52278,Lujan de Cuyo,Chardonnay,China,1152,12086.056141541943
52594,Valle de Uco,Syrah,China,1198,24220.188585362517
52716,Maipu,Chardonnay,USA,1349,18116.786706463725
50639,San Rafael,Cabernet Sauvignon,UK,1450,17880.925783388982
51718,Valle de Uco,Syrah,UK,1310,15310.571287632061
51530,San Rafael,Chardonnay,Brasil,1052,22453.493258332433
52733,San Rafael,Syrah,UK,789,13152.29538388375
53460,San Rafael,Chardonnay,USA,589,13101.298847208653
53193,Maipu,Syrah,China,1453,19873.354575308444
52517,Lujan de Cuyo,Syrah,USA,496,7446.19230325495
52136,Valle de Uco,Chardonnay,USA,1029,13860.671466155418
51968,Valle de Uco,Syrah,UK,832,15187.80647199113
50092,San Rafael,Chardonnay,Brasil,1495,17422.75900513693
52195,Lujan de Cuyo,Syrah,UK,1446,32073.2885071614
50421,Lujan de Cuyo,Syrah,UK,811,19683.267807774464
51064,San Rafael,Chardonnay,USA,1275,28651.187592206606
53385,Valle de Uco,Malbec,UK,1120,23619.1653921105
52307,Lujan de Cuyo,Malbec,UK,924,14380.62765858141
52826,Valle de Uco,Cabernet Sauvignon,Brasil,1398,25835.087294453
50859,Maipu,Chardonnay,UK,1240,26391.306233442356
52968,San Rafael,Chardonnay,Brasil,377,6361.9390587558955
50339,Valle de Uco,Syrah,USA,1820,22123.439655033486
51122,Valle de Uco,Cabernet Sauvignon,China,1412,20607.040273156552
52564,San Rafael,Syrah,Brasil,1024,10773.024634082905
50341,Lujan de Cuyo,Cabernet Sauvignon,UK,1339,24314.277389033436
53182,Lujan de Cuyo,Malbec,UK,860,15641.630425181576
50070,Valle de Uco,Cabernet Sauvignon,USA,1176,13322.859902752309
51474,Valle de Uco,Syrah,USA,1273,22472.76527950325
52653,Maipu,Syrah,UK,869,8849.424804156708
52552,Lujan de Cuyo,Cabernet Sauvignon,USA,1201,16511.44417154093
50122,San Rafael,Syrah,China,1068,14095.875984983315
50545,Maipu,Malbec,USA,1400,19765.145533313385
50386,Maipu,Syrah,China,1152,25409.024323936395
53486,Maipu,Malbec,UK,1059,
51375,Valle de Uco,Chardonnay,Brasil,1098,20393.348029691973
53050,Valle de Uco,Malbec,Brasil,844,14282.442244040441
50318,Valle de Uco,Cabernet Sauvignon,UK,989,19727.717286017698
50201,Lujan de Cuyo,Chardonnay,Brasil,1318,23284.080460874473
53336,Valle de Uco,Malbec,UK,999,16250.46039273782
51311,Maipu,Cabernet Sauvignon,China,961,13843.260890898555
50219,Valle de Uco,Cabernet Sauvignon,USA,1384,31967.60549564157
51000,Maipu,Chardonnay,UK,1360,18290.79241945882
52707,Maipu,Malbec,Brasil,1534,25813.44374248137
51958,Lujan de Cuyo,Chardonnay,USA,1040,24145.516681833888
50818,San Rafael,Chardonnay,UK,1769,27712.354116802777
50608,Maipu,Syrah,USA,1284,22315.740642736724
51519,San Rafael,Syrah,China,1303,25870.20965666948
51214,San Rafael,Malbec,Brasil,903,9111.512075847246
50648,Maipu,Cabernet Sauvignon,China,1093,13451.002047278354
51985,San Rafael,Chardonnay,UK,828,17164.241504937632
50454,Maipu,Syrah,Brasil,1067,24718.32271859649
52790,Maipu,Chardonnay,Brasil,1777,41043.84320072811
50656,San Rafael,Syrah,USA,1465,20188.374820509092
51177,San Rafael,Cabernet Sauvignon,Brasil,956,17811.191131288815
50889,Lujan de Cuyo,Syrah,USA,721,17725.277220265536
50010,San Rafael,Chardonnay,China,1073,26753.419994544718
53454,Lujan de Cuyo,Malbec,China,1873,38907.89608149836
51299,Valle de Uco,Syrah,Brasil,977,10086.635856537663
50327,Lujan de Cuyo,Chardonnay,China,1344,
52141,Lujan de Cuyo,Chardonnay,USA,1316,18565.73112751956
50766,Valle de Uco,Chardonnay,UK,1079,15548.324015684224
53080,Valle de Uco,Cabernet Sauvignon,UK,1116,11250.546621782842
50573,Maipu,Chardonnay,USA,1399,34327.72035346159
52609,Valle de Uco,Chardonnay,China,1114,15593.73717476863
50539,Valle de Uco,Syrah,Brasil,919,20865.915261244638
51808,San Rafael,Malbec,China,1625,18481.89436706264
50301,San Rafael,Syrah,Brasil,1668,41463.41689310923
50747,Valle de Uco,Chardonnay,China,1706,35439.25814362456
50584,San Rafael,Syrah,Brasil,1405,28792.82749790732
50815,Maipu,Chardonnay,China,873,15156.760255532972
50130,San Rafael,Cabernet Sauvignon,China,1254,15685.719467046249
52495,Lujan de Cuyo,Syrah,Brasil,854,17902.748098252905
51003,San Rafael,Syrah,UK,1108,20984.89689790319
50043,San Rafael,Malbec,USA,1030,15756.803813978604
53347,Lujan de Cuyo,Chardonnay,China,1322,14985.54101253391
51555,San Rafael,Chardonnay,UK,1431,16792.800546624745
50882,San Rafael,Chardonnay,USA,909,21634.5484318445
52422,Valle de Uco,Syrah,UK,1510,24720.76123470064
52861,San Rafael,Syrah,Brasil,1463,31336.95108948114
52326,San Rafael,Chardonnay,USA,931,14021.220766421851
51851,Lujan de Cuyo,Syrah,China,1579,33572.56910922686
52398,Lujan de Cuyo,Chardonnay,UK,1160,21753.67824912043
52457,Maipu,Chardonnay,USA,1132,11791.2536358473
50401,Lujan de Cuyo,Chardonnay,China,1264,28786.13180957655
50719,Lujan de Cuyo,Chardonnay,China,1787,41394.19746192215
52050,Lujan de Cuyo,Chardonnay,USA,1149,28251.13112660645
51920,Lujan de Cuyo,Malbec,China,1101,27473.7330391184
53478,Maipu,Cabernet Sauvignon,Brasil,787,14074.054395285375
53397,Valle de Uco,Cabernet Sauvignon,Brasil,1193,21779.22042337066
50081,Maipu,Syrah,Brasil,1273,27829.39398686347
51525,Valle de Uco,Chardonnay,UK,1342,16000.129091646339
53340,Lujan de Cuyo,Cabernet Sauvignon,UK,989,24198.078919993008
52350,Valle de Uco,Malbec,USA,1444,25920.42921292515
51246,San Rafael,Malbec,Brasil,1191,25435.8452891985
51524,Valle de Uco,Syrah,Brasil,1920,28605.4649900632
51654,Lujan de Cuyo,Malbec,UK,1246,29570.563765162493
52781,San Rafael,Syrah,Brasil,1084,11681.500846540534
51118,San Rafael,Cabernet Sauvignon,UK,1132,17815.41044966953
51597,Valle de Uco,Cabernet Sauvignon,USA,985,22431.992512563913
52429,Maipu,Syrah,USA,998,19780.94816417355
50691,San Rafael,Syrah,Brasil,1263,14362.673405643147
53406,Maipu,Cabernet Sauvignon,USA,974,13335.347191480707
52227,San Rafael,Chardonnay,China,1115,22931.013010485844
52846,Lujan de Cuyo,Cabernet Sauvignon,Brasil,1713,22469.973559327365
50194,Valle de Uco,Cabernet Sauvignon,Brasil,549,6841.832612762301
50148,San Rafael,Chardonnay,USA,1277,25845.926497622535
53312,Lujan de Cuyo,Malbec,China,1427,21346.54624806436
52167,Valle de Uco,Chardonnay,China,1631,35860.48375147572
50104,Lujan de Cuyo,Malbec,China,1433,32149.922010128153
50564,San Rafael,Cabernet Sauvignon,China,584,10714.841408739234
50485,Maipu,Syrah,China,1381,23383.847895807736
51593,Lujan de Cuyo,Malbec,UK,1040,20948.63132578136
52074,Maipu,Malbec,Brasil,1471,26462.912204871944
50861,San Rafael,Cabernet Sauvignon,UK,739,10173.583411600523
51108,Lujan de Cuyo,Malbec,China,1048,22167.718054820747
50603,Valle de Uco,Chardonnay,USA,827,9108.793452902364
51100,San Rafael,Cabernet Sauvignon,UK,1509,31773.065728733185
53265,San Rafael,Chardonnay,China,1012,10915.124779488722
50759,Maipu,Cabernet Sauvignon,UK,764,8527.191170829887
51605,Lujan de Cuyo,Syrah,USA,1223,
52740,San Rafael,Malbec,Brasil,1247,25912.84182729776
52290,San Rafael,Syrah,China,1494,26444.313716671175
50430,Maipu,Cabernet Sauvignon,Brasil,1068,18672.676116104
50951,San Rafael,Chardonnay,USA,1463,31446.671061072328
52282,San Rafael,Syrah,Brasil,819,13908.391835097436
50962,Lujan de Cuyo,Malbec,Brasil,921,18308.484429016462
52680,Lujan de Cuyo,Syrah,China,1361,19032.51508622213
52744,San Rafael,Cabernet Sauvignon,UK,1548,22114.376771182615
50512,Valle de Uco,Chardonnay,USA,1235,29727.25911698691
52519,Lujan de Cuyo,Cabernet Sauvignon,Brasil,742,15010.523261723823
51698,San Rafael,Syrah,Brasil,1092,23429.19532509745
51232,Maipu,Malbec,UK,1442,19652.7783946134
51619,Lujan de Cuyo,Malbec,Brasil,1255,20900.56708118768
52774,Lujan de Cuyo,Malbec,UK,1250,25785.45431952853
53128,Lujan de Cuyo,Cabernet Sauvignon,China,1198,13754.50862730801
50726,San Rafael,Syrah,UK,1477,16688.835388677813
52987,Lujan de Cuyo,Cabernet Sauvignon,China,861,14215.240366315178
53263,Lujan de Cuyo,Chardonnay,UK,701,11881.494744434527
50478,Lujan de Cuyo,Cabernet Sauvignon,Brasil,1103,25915.79268590375
52064,Valle de Uco,Chardonnay,USA,1459,30508.68057857088
50460,Lujan de Cuyo,Chardonnay,UK,868,12738.032341579317
51182,Maipu,Chardonnay,China,1122,15185.558057919689
50156,San Rafael,Cabernet Sauvignon,USA,1500,25074.29279643513
51626,Valle de Uco,Syrah,USA,1044,19543.83642204598
50261,Maipu,Cabernet Sauvignon,Brasil,1052,15872.648982443981
53364,Maipu,Cabernet Sauvignon,USA,1681,27171.63808410541
50358,Maipu,Syrah,Brasil,1503,21437.906913393854
50865,Maipu,Chardonnay,USA,1398,19048.24096695838
50634,Valle de Uco,Chardonnay,UK,937,10528.491890346406
51230,Lujan de Cuyo,Cabernet Sauvignon,UK,1178,14171.985696280057
52435,Lujan de Cuyo,Cabernet Sauvignon,China,955,16021.037710261113
52871,Lujan de Cuyo,Chardonnay,China,1338,18297.252313576573
52045,Lujan de Cuyo,Chardonnay,China,579,13677.737756479657
51364,Maipu,Syrah,USA,1184,13044.845243873848
52701,Lujan de Cuyo,Malbec,USA,1260,24460.56896245276
51150,San Rafael,Malbec,China,1217,19659.856772318595
51554,San Rafael,Syrah,China,1426,35090.594231940086
51079,San Rafael,Syrah,China,1089,15366.308154227212
51255,Maipu,Chardonnay,USA,1182,18876.981685763345
53161,Valle de Uco,Cabernet Sauvignon,UK,1744,42901.001351941
52674,Lujan de Cuyo,Syrah,UK,1233,21984.89223256935
52312,Maipu,Cabernet Sauvignon,China,1189,12703.9658655244
51229,Maipu,Cabernet Sauvignon,UK,954,14269.815687322394
50832,Lujan de Cuyo,Syrah,UK,1049,14548.504665461283
50929,Maipu,Chardonnay,UK,1768,29776.085086566192
52073,Lujan de Cuyo,Cabernet Sauvignon,USA,1435,17031.94846479149
52981,Valle de Uco,Malbec,Brasil,669,8423.435042653253
52884,Lujan de Cuyo,Syrah,USA,1012,13337.966734219402
52112,San Rafael,Chardonnay,USA,1008,10880.45028505411
52760,Lujan de Cuyo,Chardonnay,UK,1000,13120.681988456186
51983,Lujan de Cuyo,Chardonnay,UK,1374,19724.223178088112
51863,Lujan de Cuyo,Cabernet Sauvignon,China,1039,11153.887642756948
52060,San Rafael,Chardonnay,China,1120,13510.317006907155
52004,San Rafael,Malbec,USA,983,16057.143792779114
52114,Valle de Uco,Syrah,USA,1266,19850.921508064792
50809,San Rafael,Syrah,China,1278,22981.954752477726
51222,Lujan de Cuyo,Chardonnay,Brasil,487,9873.471882539405
51710,Valle de Uco,Syrah,Brasil,1374,31880.766966230654
50211,Valle de Uco,Chardonnay,Brasil,1161,16707.807282968253
53100,Lujan de Cuyo,Cabernet Sauvignon,China,996,15960.966522487484
50074,Lujan de Cuyo,Malbec,Brasil,1663,38447.36029724304
50157,San Rafael,Chardonnay,USA,1019,12639.701672118386
51274,San Rafael,Malbec,China,1123,21781.70495755769
51995,Lujan de Cuyo,Malbec,USA,921,13642.643321243473
53236,Lujan de Cuyo,Cabernet Sauvignon,China,1235,13788.655035677017
52089,Valle de Uco,Cabernet Sauvignon,China,1250,13527.741307285372
51966,San Rafael,Syrah,UK,630,14102.087844172076
53124,Lujan de Cuyo,Cabernet Sauvignon,USA,728,13200.26954066181
51546,Maipu,Chardonnay,UK,1413,26896.20597671907
52334,Valle de Uco,Syrah,Brasil,895,21401.86162859013
53319,San Rafael,Cabernet Sauvignon,USA,1039,10949.071785012877
51683,Valle de Uco,Chardonnay,China,971,23915.239143978983
50541,Valle de Uco,Malbec,UK,1038,23935.97949571525
52274,Maipu,Malbec,USA,1655,22989.124100658024
51700,San Rafael,Cabernet Sauvignon,USA,1098,16122.456585748225
52069,Lujan de Cuyo,Malbec,UK,1335,22900.878046937352
51792,Lujan de Cuyo,Chardonnay,UK,1162,26895.41389025134
53024,Valle de Uco,Cabernet Sauvignon,China,1222,19896.95333318561
51651,Maipu,Chardonnay,USA,1567,18680.4598549302
50405,San Rafael,Chardonnay,China,1446,15958.36060091659
50730,Lujan de Cuyo,Cabernet Sauvignon,China,1215,24129.666701294987
51114,Valle de Uco,Syrah,China,1186,29404.79149899053
51507,Valle de Uco,Chardonnay,USA,1187,14863.280721162484
51228,Valle de Uco,Chardonnay,China,1107,20049.307312486893
51767,Lujan de Cuyo,Syrah,Brasil,1032,12364.770602376278
50456,San Rafael,Malbec,Brasil,816,10552.11975105781
50021,Valle de Uco,Syrah,UK,1688,22983.204854469062
52404,Lujan de Cuyo,Chardonnay,USA,1319,21246.404808286454
50537,San Rafael,Syrah,China,1432,32228.902515670216
52305,Valle de Uco,Chardonnay,Brasil,1161,24893.618810033327
51342,Valle de Uco,Chardonnay,China,1214,29739.799124798064
51416,Maipu,Syrah,UK,1180,24066.834913588227
53286,Lujan de Cuyo,Syrah,UK,1604,20827.65783776875
52201,Valle de Uco,Chardonnay,UK,757,8206.388489824447
50895,San Rafael,Malbec,UK,1369,31773.113036542672
51831,Maipu,Cabernet Sauvignon,China,1026,22257.24465796351
51341,San Rafael,Chardonnay,USA,1029,14466.92587484513
51042,Lujan de Cuyo,Malbec,UK,1047,19484.537419088872
52693,Lujan de Cuyo,Chardonnay,China,1666,36614.935062879435
50795,Lujan de Cuyo,Malbec,China,1272,
52911,Valle de Uco,Chardonnay,UK,1546,27512.90153236941
50325,Maipu,Malbec,USA,986,23992.226125306857
52547,Maipu,Malbec,USA,1411,16140.849701717196
52433,Maipu,Malbec,Brasil,762,16222.615132369969
53316,San Rafael,Chardonnay,UK,997,12287.019483065578
51871,Maipu,Malbec,China,1193,26954.199789535647
52768,Valle de Uco,Cabernet Sauvignon,UK,1657,35890.08895290716
52461,Maipu,Cabernet Sauvignon,UK,1327,15755.896036059408
52593,Valle de Uco,Syrah,UK,1105,17338.471994935673
53045,San Rafael,Malbec,UK,1168,19312.833651950452
50941,Valle de Uco,Cabernet Sauvignon,China,1143,20095.13534057714
51904,Valle de Uco,Syrah,Brasil,615,7204.370102656272
52705,Valle de Uco,Syrah,USA,1271,31124.864257859957
50569,Lujan de Cuyo,Chardonnay,USA,1379,19183.751564473358
52042,Lujan de Cuyo,Malbec,Brasil,1336,22083.443215852087
52135,Lujan de Cuyo,Syrah,Brasil,721,14160.3761493155
50308,San Rafael,Syrah,Brasil,1392,20637.308145545478
53452,Lujan de Cuyo,Chardonnay,USA,1592,35118.1462261277
53353,Maipu,Cabernet Sauvignon,USA,1118,
50387,San Rafael,Chardonnay,China,521,11572.918581529135
51696,Valle de Uco,Malbec,Brasil,1028,24829.1865119554
50869,Lujan de Cuyo,Malbec,China,1433,18823.554548911106
50757,Lujan de Cuyo,Chardonnay,Brasil,1409,18988.90647692267
52679,San Rafael,Chardonnay,China,1055,19612.656645088602
51102,Maipu,Cabernet Sauvignon,Brasil,1591,22413.729746185512
52018,Lujan de Cuyo,Chardonnay,UK,1056,12846.961762296138
50812,Lujan de Cuyo,Syrah,USA,1195,15614.082491571826
50343,Valle de Uco,Cabernet Sauvignon,China,1333,28856.603207337208
50025,Maipu,Cabernet Sauvignon,UK,879,15046.70554309631
50079,Lujan de Cuyo,Malbec,Brasil,1633,35743.783937782515
51033,San Rafael,Cabernet Sauvignon,Brasil,1439,19585.45123216858
53325,Maipu,Chardonnay,Brasil,1450,20639.24097908323
53365,Maipu,Syrah,China,1450,18709.432784174318
51395,Maipu,Syrah,UK,797,9474.768679330577
52962,Lujan de Cuyo,Malbec,Brasil,1228,28424.186598240318
53136,Maipu,Syrah,China,1053,15630.607276270866
53274,San Rafael,Malbec,UK,1203,27746.97107288697
53299,Valle de Uco,Malbec,Brasil,1295,28611.933604156064
50329,Maipu,Malbec,Brasil,912,16588.928475641624
50816,San Rafael,Cabernet Sauvignon,China,833,16743.172827752373
51832,Valle de Uco,Cabernet Sauvignon,China,1651,26172.840946379034
52734,Lujan de Cuyo,Chardonnay,Brasil,683,8094.927455157939
52138,Maipu,Malbec,Brasil,1381,15284.611305816192
50647,Valle de Uco,Chardonnay,Brasil,1310,16648.068002094147
50907,Lujan de Cuyo,Malbec,China,1354,14287.98398097165
50139,Maipu,Chardonnay,Brasil,1157,21860.238413088427
50231,Valle de Uco,Chardonnay,UK,1740,35905.69815703539
52896,Lujan de Cuyo,Cabernet Sauvignon,Brasil,815,9033.932870918818
52070,San Rafael,Chardonnay,China,1193,14498.721006940343
52105,Maipu,Cabernet Sauvignon,China,1134,16604.37431371111
52599,Maipu,Syrah,China,1126,22399.881997968485
52366,Lujan de Cuyo,Syrah,China,1690,37205.49552796652
52856,Lujan de Cuyo,Cabernet Sauvignon,USA,1516,35864.14614266185
51461,Lujan de Cuyo,Syrah,UK,910,9718.50177423242
51741,San Rafael,Chardonnay,Brasil,1416,21673.54657553201
52993,San Rafael,Syrah,Brasil,912,14425.343537685836
52155,Lujan de Cuyo,Chardonnay,Brasil,1888,24541.629485525897
50896,Maipu,Malbec,China,1127,23057.76412077015
52104,San Rafael,Malbec,China,1413,28810.33761151767
50399,Maipu,Syrah,UK,1361,31834.19999704861
52029,Lujan de Cuyo,Syrah,Brasil,735,9459.615470859084
50257,San Rafael,Cabernet Sauvignon,China,1298,26028.835538541745
53423,Lujan de Cuyo,Malbec,Brasil,1434,19472.973177344964
51802,Lujan de Cuyo,Chardonnay,UK,1475,25322.612555859632
51911,Valle de Uco,Syrah,China,1560,33893.69081746279
51011,San Rafael,Chardonnay,UK,996,23138.904503260994
50758,Valle de Uco,Malbec,China,1295,22733.189933792673
52678,Maipu,Malbec,USA,1495,31434.40277981874
53338,Maipu,Syrah,China,1525,17182.848854541728
52403,Valle de Uco,Malbec,China,724,13625.824708515967
51106,Maipu,Cabernet Sauvignon,UK,1161,21007.816168590874
50266,San Rafael,Malbec,UK,1143,19796.991412688178
50822,Lujan de Cuyo,Malbec,China,922,12045.934496822258
52700,Maipu,Malbec,USA,1373,22084.88055425826
53023,San Rafael,Syrah,China,814,19662.038541434074
53315,Lujan de Cuyo,Malbec,China,973,15001.60084635792
51271,Lujan de Cuyo,Chardonnay,UK,1436,30389.376937658875
53377,San Rafael,Chardonnay,USA,976,10324.731796391046
51025,Valle de Uco,Malbec,UK,1644,37966.288612314806
53443,Lujan de Cuyo,Chardonnay,USA,1679,
50183,Maipu,Chardonnay,USA,810,10105.562260346986
52263,San Rafael,Syrah,Brasil,1445,33083.01658286089
50825,Maipu,Chardonnay,USA,481,6159.539854271341
51252,Valle de Uco,Cabernet Sauvignon,USA,1220,25748.828248908427
52646,Valle de Uco,Chardonnay,USA,1019,15222.132379301338
51807,Maipu,Syrah,China,1389,25120.350402321954
51155,Lujan de Cuyo,Cabernet Sauvignon,USA,1256,14057.913081040084
51761,San Rafael,Chardonnay,UK,1092,15933.510869559057
51480,San Rafael,Chardonnay,UK,1025,18847.26968718484
51136,Lujan de Cuyo,Syrah,Brasil,872,10299.84872791358
50496,San Rafael,Malbec,USA,1138,13030.385871925993
52642,San Rafael,Syrah,China,1125,14671.895604027068
50422,Lujan de Cuyo,Malbec,Brasil,1434,26321.00334771488
52068,Maipu,Malbec,UK,1597,26911.048889881666
51386,Lujan de Cuyo,Syrah,Brasil,1305,22839.41755361616
52603,Maipu,Syrah,China,1172,14026.348031888225
50727,San Rafael,Chardonnay,Brasil,1788,29637.0520797364
50288,Lujan de Cuyo,Malbec,Brasil,955,19413.70974732985
51556,San Rafael,Cabernet Sauvignon,China,1026,21085.16499156697
50870,Maipu,Chardonnay,USA,882,17039.3302164369
51439,Maipu,Chardonnay,China,951,16726.263433157386
52799,San Rafael,Malbec,Brasil,857,17877.99439897927
50048,Valle de Uco,Syrah,China,1270,13410.235850560732
52348,Valle de Uco,Syrah,UK,796,10489.052338651405
53392,Valle de Uco,Malbec,USA,943,17193.647113135656
50317,Lujan de Cuyo,Malbec,USA,987,18949.864539663613
50490,Maipu,Cabernet Sauvignon,China,1542,33029.234400371555
53331,Lujan de Cuyo,Syrah,Brasil,1056,26094.055607524988
52174,San Rafael,Cabernet Sauvignon,USA,1217,21712.09817949906
51245,Lujan de Cuyo,Chardonnay,Brasil,1260,27260.709680611908
51879,San Rafael,Cabernet Sauvignon,China,1259,22589.913943555355
52453,Lujan de Cuyo,Cabernet Sauvignon,China,1425,23333.09166618011
51609,Lujan de Cuyo,Chardonnay,UK,1200,14451.426874045635
51306,Lujan de Cuyo,Malbec,Brasil,1154,17979.166277571756
51031,San Rafael,Chardonnay,Brasil,1714,42144.796782268255
52330,Valle de Uco,Malbec,China,1016,22840.75069148122
52336,San Rafael,Chardonnay,Brasil,1557,25562.161632715415
50756,San Rafael,Cabernet Sauvignon,China,987,23980.602078071443
51392,Maipu,Malbec,China,1385,23374.92854673059
52943,San Rafael,Malbec,USA,1229,16573.915626597125
50685,San Rafael,Syrah,USA,898,21926.471654080055
51212,Maipu,Chardonnay,USA,948,21668.825002662463
51766,Lujan de Cuyo,Cabernet Sauvignon,USA,1212,20736.405074602
51558,San Rafael,Malbec,Brasil,1814,32928.915462955025
53001,Lujan de Cuyo,Cabernet Sauvignon,UK,1028,20773.497793445145
51125,Valle de Uco,Cabernet Sauvignon,China,928,16294.255097135876
51247,Lujan de Cuyo,Chardonnay,Brasil,1279,31665.999129521584
52508,San Rafael,Syrah,China,1150,20712.83159064217
52626,Maipu,Syrah,Brasil,1161,21557.144394559466
50916,Lujan de Cuyo,Syrah,Brasil,1282,19097.443518446267
51287,Valle de Uco,Syrah,UK,1420,20425.118902469607
51417,Maipu,Syrah,Brasil,1411,14326.891620444107
51993,San Rafael,Syrah,UK,1475,21564.288417374333
52903,Maipu,Malbec,USA,1182,17728.538189494044
50034,Maipu,Chardonnay,China,1415,24849.670861290255
52703,Maipu,Malbec,UK,1295,13282.184684502878
53346,Lujan de Cuyo,Chardonnay,UK,1697,19424.574341170195
52279,Valle de Uco,Chardonnay,China,1117,
50715,San Rafael,Syrah,USA,993,24485.555353091993
51694,Valle de Uco,Chardonnay,USA,1185,17302.99788608032
50169,San Rafael,Syrah,USA,1710,27984.33488503606
50509,San Rafael,Chardonnay,USA,1578,35526.034527839234
51770,Valle de Uco,Malbec,Brasil,1161,15042.136151940535
53217,Lujan de Cuyo,Syrah,USA,545,10033.26053705714
50505,Maipu,Chardonnay,USA,48380,35563.752065604815
51910,Valle de Uco,Chardonnay,Brasil,1246,15339.321837077405
51702,Valle de Uco,Chardonnay,China,1104,26479.770063803302
53293,San Rafael,Malbec,Brasil,1478,27430.23527981821
52934,Maipu,Syrah,USA,1186,12308.620031641476
52841,Valle de Uco,Malbec,Brasil,1006,13615.078266379513
50335,Lujan de Cuyo,Chardonnay,Brasil,1529,17398.959559724626
52955,San Rafael,Malbec,USA,826,18817.028755252664
53488,Lujan de Cuyo,Cabernet Sauvignon,Brasil,1604,29516.844311649107
50872,Maipu,Syrah,China,774,12346.564033108467
53134,Lujan de Cuyo,Malbec,China,1246,24509.421002135154
50382,San Rafael,Malbec,USA,1398,33832.65974654766
52184,Lujan de Cuyo,Malbec,Brasil,989,19690.352097297702
52634,Maipu,Cabernet Sauvignon,China,1310,13250.996244211705
50993,Maipu,Syrah,UK,1361,31536.320235298743
53041,Lujan de Cuyo,Syrah,China,1036,15785.068456460234
52203,Lujan de Cuyo,Malbec,China,1381,26965.26818632719
52885,Lujan de Cuyo,Syrah,UK,1338,18608.19753504713
52804,Valle de Uco,Syrah,USA,1407,30346.002717749674
50072,San Rafael,Malbec,UK,1396,15461.431271008209
50981,Maipu,Syrah,China,940,18294.36064438235
51088,Valle de Uco,Chardonnay,China,1169,15221.41610646676
53271,Lujan de Cuyo,Chardonnay,USA,1476,16520.529859848102
52032,Maipu,Syrah,UK,1612,39008.380758990235
51162,Maipu,Malbec,Brasil,1232,28138.460239118464
50390,San Rafael,Malbec,USA,1344,22083.363450781228
51925,Maipu,Cabernet Sauvignon,China,1588,39491.46250187612
52306,San Rafael,Cabernet Sauvignon,Brasil,1564,19779.79868176479
50525,Lujan de Cuyo,Chardonnay,China,976,13608.453857162145
50827,Maipu,Syrah,UK,1014,13371.353035861779
53018,Valle de Uco,Syrah,UK,1227,19763.480260328397
51432,Valle de Uco,Malbec,China,584,9234.467450052538
51969,Valle de Uco,Cabernet Sauvignon,UK,1061,20126.717061130723
51717,Lujan de Cuyo,Malbec,UK,1145,21913.486101567516
52066,San Rafael,Syrah,USA,906,
50298,Valle de Uco,Syrah,China,1008,16451.844402888473
51577,San Rafael,Cabernet Sauvignon,UK,959,13681.276984675302
52238,Lujan de Cuyo,Cabernet Sauvignon,USA,718,16764.71242784062
52576,Valle de Uco,Cabernet Sauvignon,Brasil,1337,31150.466818361936
53087,San Rafael,Cabernet Sauvignon,USA,851,12243.927610941832
52812,Lujan de Cuyo,Syrah,China,1699,32203.91813308169
52867,San Rafael,Cabernet Sauvignon,Brasil,1823,22351.321484208194
51733,Valle de Uco,Chardonnay,China,1458,21898.163920982483
52567,San Rafael,Malbec,China,1387,33624.51029614557
52759,Maipu,Chardonnay,China,1364,19687.57014027604
52445,Lujan de Cuyo,Cabernet Sauvignon,China,1164,24541.686319143977
52281,Lujan de Cuyo,Malbec,UK,1326,26092.533094519273
51030,San Rafael,Cabernet Sauvignon,UK,1349,23994.22517787787
51775,Maipu,Chardonnay,UK,1451,
52718,Maipu,Syrah,China,1126,17627.84232806824
51406,San Rafael,Chardonnay,UK,1348,31483.940097382227
50355,San Rafael,Syrah,USA,1010,21073.522217307614
51483,Valle de Uco,Chardonnay,China,908,22325.02402205369
51549,Lujan de Cuyo,Chardonnay,Brasil,1567,20530.800606843786
53067,Maipu,Cabernet Sauvignon,USA,1238,13761.132331309864
50975,Valle de Uco,Malbec,UK,775,12802.896796690391
51914,San Rafael,Syrah,China,988,23904.668913744532
51154,Valle de Uco,Cabernet Sauvignon,USA,797,15481.917131558745
52295,Lujan de Cuyo,Cabernet Sauvignon,China,832,12785.896292288286
53363,Valle de Uco,Syrah,China,1130,27177.89486887839
51630,San Rafael,Malbec,UK,1424,20054.69954095042
51765,Lujan de Cuyo,Syrah,USA,895,14786.696132852261
53287,Valle de Uco,Syrah,Brasil,937,13620.483396544778
51824,Maipu,Chardonnay,UK,1131,18080.420510539847
52038,Lujan de Cuyo,Chardonnay,USA,1414,20113.09082043726
53219,San Rafael,Cabernet Sauvignon,USA,15903,22317.925838668823
50228,Lujan de Cuyo,Malbec,UK,921,10184.81754171067
52261,Maipu,Cabernet Sauvignon,Brasil,1617,35420.837352831826
50682,Maipu,Syrah,Brasil,811,11026.565387119355
51756,Valle de Uco,Cabernet Sauvignon,UK,1299,15674.849540814808
52077,San Rafael,Malbec,Brasil,1123,23677.391852324457
51202,Lujan de Cuyo,Malbec,USA,882,10938.958953826574
51129,Maipu,Cabernet Sauvignon,China,1153,22164.95664839025
52739,Valle de Uco,Chardonnay,China,797,11447.891648850382
52013,San Rafael,Cabernet Sauvignon,China,972,18984.406743223815
50683,Maipu,Chardonnay,China,551,6450.407813421031
51163,Maipu,Syrah,Brasil,542,
53035,Valle de Uco,Malbec,USA,1155,20302.704744149294
53007,Valle de Uco,Chardonnay,Brasil,903,11539.028220091413
50205,Lujan de Cuyo,Cabernet Sauvignon,UK,1003,22581.816619487883
51797,Lujan de Cuyo,Cabernet Sauvignon,China,823,14726.420843737249
52243,Lujan de Cuyo,Cabernet Sauvignon,USA,1474,16305.841471757018
50019,Valle de Uco,Malbec,China,1292,16067.167993471176
51721,Maipu,Malbec,China,1472,16734.17750532947
51381,Lujan de Cuyo,Chardonnay,China,1599,37617.72414650684
50277,Valle de Uco,Chardonnay,UK,864,17319.74065239797
51297,Maipu,Syrah,Brasil,989,12234.225084081096
51649,Lujan de Cuyo,Syrah,China,1307,27610.00058185677
53497,Maipu,Malbec,UK,896,15080.195284423298
53089,Maipu,Malbec,UK,560,12293.355421439072
50542,Valle de Uco,Malbec,USA,736,13982.600181656053
52478,San Rafael,Syrah,Brasil,1443,33923.85297534933
51644,Maipu,Syrah,China,1483,18321.544578655743
53177,Maipu,Syrah,Brasil,1408,28967.37876089243
50831,San Rafael,Syrah,Brasil,658,15061.603524381444
50232,Maipu,Malbec,UK,1399,32421.42434438431
52658,Maipu,Chardonnay,Brasil,1261,29476.965930111306
53225,San Rafael,Chardonnay,Brasil,1691,36406.24765079259
50858,Maipu,Chardonnay,USA,1575,37251.073993392914
50239,Maipu,Syrah,China,1022,17848.681255247775
52244,Valle de Uco,Cabernet Sauvignon,China,919,16211.026913691863
50984,Lujan de Cuyo,Syrah,Brasil,1647,17208.07364763631
50894,Lujan de Cuyo,Malbec,China,1055,13182.796548020826
51751,Lujan de Cuyo,Malbec,Brasil,1134,28117.158074267667
50709,San Rafael,Chardonnay,USA,939,19702.30761193009
52190,Maipu,Malbec,China,1186,16810.970435951913
50972,Lujan de Cuyo,Syrah,Brasil,1274,20802.286553559858
50891,Lujan de Cuyo,Chardonnay,USA,963,17120.60366687936
53253,Valle de Uco,Cabernet Sauvignon,USA,1102,22714.395395444102
52098,San Rafael,Chardonnay,Brasil,1328,14118.647902102824
50948,San Rafael,Syrah,USA,1563,22147.395194131128
52284,Valle de Uco,Syrah,China,1128,19494.31542383759
51785,Valle de Uco,Chardonnay,USA,1003,16203.215618765444
50188,Valle de Uco,Chardonnay,USA,1049,13671.405392619594
50465,Maipu,Malbec,USA,1484,27796.856794463
52331,San Rafael,Cabernet Sauvignon,Brasil,1734,39266.40581901062
50960,Lujan de Cuyo,Chardonnay,China,1075,19645.839570231154
50695,San Rafael,Malbec,UK,1192,26455.566177760178
50970,Lujan de Cuyo,Syrah,China,1351,32197.76657984735
50384,Maipu,Chardonnay,USA,1464,22296.91105443344
53349,Valle de Uco,Syrah,Brasil,1269,21066.238997141245
52670,Maipu,Syrah,China,1445,15136.029120816109
53269,Maipu,Syrah,USA,752,17716.58844252842
53026,San Rafael,Cabernet Sauvignon,China,1597,30238.99960396721
50455,Lujan de Cuyo,Malbec,Brasil,1578,19008.227525248305
53498,Lujan de Cuyo,Chardonnay,USA,1122,22728.05159782285
53187,Maipu,Chardonnay,UK,1849,24391.557451920013
53428,Valle de Uco,Cabernet Sauvignon,China,1416,27911.59530702864
50873,Lujan de Cuyo,Cabernet Sauvignon,Brasil,642,14519.090528160332
50842,San Rafael,Cabernet Sauvignon,Brasil,1248,27629.28078922896
51221,Maipu,Cabernet Sauvignon,USA,666,14451.251084294963
53094,Lujan de Cuyo,Syrah,China,1420,18081.364071607284
50005,Maipu,Malbec,USA,906,13117.043285615267
53054,Lujan de Cuyo,Cabernet Sauvignon,Brasil,1022,20842.266285420334
51722,San Rafael,Cabernet Sauvignon,China,1382,20919.748210763446
53403,Valle de Uco,Syrah,UK,1451,17779.7102504932
52683,San Rafael,Chardonnay,China,1296,29382.7612261526
52310,Lujan de Cuyo,Malbec,UK,1213,20631.70159426807
53226,Maipu,Malbec,UK,1277,31406.875423510715
52119,Valle de Uco,Malbec,China,1187,22823.14632220176
51828,Lujan de Cuyo,Syrah,China,1000,13454.483229862137
50321,San Rafael,Malbec,China,1475,22883.412386860156
53211,Maipu,Cabernet Sauvignon,UK,1065,12032.009615760006
53494,Lujan de Cuyo,Cabernet Sauvignon,USA,1190,26517.595062569297
51347,San Rafael,Chardonnay,UK,1322,15409.22432345809
53291,Valle de Uco,Syrah,China,889,13598.659561770319
52420,San Rafael,Chardonnay,USA,805,14963.990984334721
50917,Lujan de Cuyo,Syrah,Brasil,1167,16603.792983921627
53401,Lujan de Cuyo,Cabernet Sauvignon,China,983,19624.118364819882
51265,Maipu,Chardonnay,Brasil,1454,26207.84610790889
52980,San Rafael,Chardonnay,UK,1185,20279.575663102467
53086,San Rafael,Chardonnay,USA,1450,26172.42628673503
51764,San Rafael,Syrah,UK,1435,18946.95875005563
50721,Maipu,Malbec,China,1046,20653.63673324289
53372,Lujan de Cuyo,Syrah,Brasil,1331,28446.99837264741
53458,San Rafael,Chardonnay,UK,1096,11539.609973461991
53101,San Rafael,Cabernet Sauvignon,China,1484,18357.921667736748
50022,San Rafael,Syrah,USA,1624,36410.5423125474
50675,San Rafael,Cabernet Sauvignon,UK,1193,27301.97023209385
51994,Lujan de Cuyo,Cabernet Sauvignon,USA,1448,24526.319967666634
51949,San Rafael,Chardonnay,USA,1231,23590.348841180105
51588,Lujan de Cuyo,Cabernet Sauvignon,USA,1254,23220.81785736623
52604,Valle de Uco,Syrah,Brasil,823,12137.46403457578
50467,Maipu,Syrah,Brasil,1305,20643.014748407055
52832,Lujan de Cuyo,Malbec,USA,1509,28836.145932806143
53457,Maipu,Chardonnay,Brasil,841,18527.974021673173
51316,Valle de Uco,Malbec,UK,1073,24118.487781919244
51482,San Rafael,Chardonnay,Brasil,1428,28783.47308902579
51600,Valle de Uco,Malbec,Brasil,949,15658.249795626509
52662,San Rafael,Malbec,UK,1276,27064.85428803201
52458,Valle de Uco,Malbec,UK,653,7198.028661661751
53328,Maipu,Syrah,USA,1131,24361.107697523126
52294,Valle de Uco,Chardonnay,UK,1140,21610.76437520802
50147,Lujan de Cuyo,Syrah,UK,1165,14541.11658803894
50407,San Rafael,Malbec,USA,1227,13720.86532857154
52869,Lujan de Cuyo,Chardonnay,UK,1372,22672.259721623104
50961,Valle de Uco,Chardonnay,Brasil,1628,35290.234916981564
53044,San Rafael,Chardonnay,Brasil,861,14162.227132342494
50047,Valle de Uco,Chardonnay,USA,1363,26627.416365051828
50925,Valle de Uco,Malbec,China,1469,17362.96769660955
52835,Maipu,Malbec,UK,1169,15374.845248686193
52542,Maipu,Chardonnay,UK,1694,36213.352178091365
50551,Valle de Uco,Malbec,UK,1055,19457.44965544033
51211,Lujan de Cuyo,Malbec,Brasil,1700,32709.68493107313
51400,Maipu,Malbec,China,798,17375.904352766334
51257,Lujan de Cuyo,Cabernet Sauvignon,UK,1262,29742.879518592865
50248,San Rafael,Chardonnay,USA,1076,11035.324837505517
51284,Maipu,Chardonnay,Brasil,1147,11926.81098143866
52974,San Rafael,Malbec,USA,911,11181.501935122895
52898,San Rafael,Chardonnay,Brasil,1511,36552.09085478565
51699,San Rafael,Syrah,UK,1218,18296.65516857778
51585,Lujan de Cuyo,Cabernet Sauvignon,UK,1319,28934.450163459056
50273,Lujan de Cuyo,Cabernet Sauvignon,USA,746,17026.255589892437
51819,Maipu,Cabernet Sauvignon,Brasil,1216,15440.29457132776
51074,San Rafael,Malbec,Brasil,1304,15341.199763351995
53111,Valle de Uco,Syrah,USA,858,13183.31889007456
52391,San Rafael,Syrah,Brasil,1299,32446.680290136217
53360,Valle de Uco,Malbec,China,528,12880.198341885365
51668,San Rafael,Chardonnay,Brasil,975,20447.198341356852
50438,Maipu,Cabernet Sauvignon,UK,1279,19434.4078426418
52794,San Rafael,Cabernet Sauvignon,USA,1225,15702.433584380018
50471,San Rafael,Cabernet Sauvignon,China,1274,25256.80217215598
50272,Maipu,Malbec,USA,1149,27630.69727254049
53137,Maipu,Malbec,Brasil,1368,24388.73480990964
50131,Maipu,Syrah,Brasil,1441,29901.523298513257
53172,Lujan de Cuyo,Chardonnay,USA,1291,
51517,San Rafael,Chardonnay,UK,1484,23488.539535355278
50713,Maipu,Chardonnay,UK,798,11687.092171601103
51830,Valle de Uco,Cabernet Sauvignon,USA,611,10953.119740624714
50877,Lujan de Cuyo,Malbec,Brasil,1653,31079.478940051125
50452,Valle de Uco,Cabernet Sauvignon,USA,1321,31081.25097531814
51752,San Rafael,Syrah,China,878,21086.840631539333
50514,San Rafael,Cabernet Sauvignon,UK,1822,19249.279376263636
53154,Valle de Uco,Chardonnay,UK,1274,13020.869817010867
51338,San Rafael,Malbec,Brasil,1047,22239.75269509648
50736,Valle de Uco,Malbec,USA,1441,24756.144125923718
52589,Lujan de Cuyo,Syrah,Brasil,1293,30025.187254021097
52506,Lujan de Cuyo,Chardonnay,China,1606,17066.522422552738
50319,Lujan de Cuyo,Syrah,UK,1345,30392.690714713855
51660,Lujan de Cuyo,Malbec,UK,1169,25230.831689638173
50489,San Rafael,Chardonnay,USA,1052,24795.630186111746
53240,Valle de Uco,Chardonnay,Brasil,1392,25967.56635555775
50799,Maipu,Chardonnay,China,1652,20997.14467904765
53160,San Rafael,Malbec,USA,1155,28196.899175560324
51175,San Rafael,Chardonnay,Brasil,943,17461.778938459585
51959,Maipu,Malbec,USA,1207,20374.0386280635
50717,Lujan de Cuyo,Malbec,Brasil,1251,31012.343312105706
52821,San Rafael,Chardonnay,USA,1574,24322.49838263846
53065,Lujan de Cuyo,Malbec,UK,1152,
51834,Lujan de Cuyo,Syrah,USA,1244,27090.245905618525
53311,Lujan de Cuyo,Chardonnay,Brasil,951,10151.91566306556
52512,San Rafael,Malbec,USA,1247,14953.58991156549
53061,Valle de Uco,Malbec,China,1198,22991.6435156194
50354,Lujan de Cuyo,Syrah,Brasil,1071,19531.052113456488
51970,San Rafael,Malbec,UK,1488,34915.156701154214
51238,Maipu,Cabernet Sauvignon,China,1302,21308.046238127692
51123,San Rafael,Chardonnay,UK,579,7324.44098888541
52918,Lujan de Cuyo,Malbec,UK,1743,39022.396620294494
52522,Maipu,Malbec,China,1836,
52773,San Rafael,Chardonnay,UK,1553,27533.82128307235
51179,Maipu,Malbec,UK,1041,11733.369651840465
51538,Maipu,Chardonnay,China,1414,27732.69412266351
53461,Maipu,Syrah,UK,894,9259.417581759431
50676,Valle de Uco,Syrah,USA,1247,18136.216224821736
51322,Lujan de Cuyo,Chardonnay,Brasil,748,9380.542794453413
52636,Valle de Uco,Cabernet Sauvignon,Brasil,1386,21493.963100927005
52488,Maipu,Malbec,China,850,19390.764238890995
50457,Maipu,Malbec,UK,1078,13750.982615853449
50991,Lujan de Cuyo,Malbec,China,1349,15703.86690050793
51352,Valle de Uco,Chardonnay,UK,1204,23012.085802048216
52464,San Rafael,Malbec,USA,1018,20981.958290397954
53223,San Rafael,Syrah,USA,927,17079.30695103174
50631,Valle de Uco,Malbec,USA,1026,21789.497261922177
51421,San Rafael,Cabernet Sauvignon,China,1583,36234.000829315715
52992,Valle de Uco,Chardonnay,UK,1578,16632.17037233372
50658,San Rafael,Cabernet Sauvignon,China,700,8330.518476757516
52256,San Rafael,Malbec,UK,1510,36211.303601203326
51729,San Rafael,Malbec,Brasil,1491,16993.568907039593
51567,Maipu,Syrah,Brasil,542,12815.581407389796
50958,Lujan de Cuyo,Cabernet Sauvignon,Brasil,1139,19586.537415398012
51367,Lujan de Cuyo,Syrah,USA,753,17438.403618809472
51021,Valle de Uco,Malbec,China,1354,19680.994818220668
52062,Lujan de Cuyo,Cabernet Sauvignon,UK,1381,25154.586549619013
50581,Lujan de Cuyo,Syrah,Brasil,1169,12978.231499499678
53410,San Rafael,Malbec,UK,1539,18798.546569074075
52923,Lujan de Cuyo,Cabernet Sauvignon,China,1218,30021.195483084637
50690,Maipu,Malbec,USA,789,15777.873164636276
51738,Valle de Uco,Syrah,Brasil,1875,22931.144773160857
51333,Lujan de Cuyo,Chardonnay,Brasil,1310,25635.03274996603
52175,Valle de Uco,Syrah,China,1338,31536.55606645377
51488,Lujan de Cuyo,Syrah,USA,670,12765.675697049024
50020,Maipu,Malbec,UK,1762,24704.53697814261
52637,Valle de Uco,Malbec,China,1431,20419.796728251353
50641,San Rafael,Chardonnay,UK,1344,27856.865828502425
50199,Maipu,Chardonnay,China,637,7475.164022875822
50448,Lujan de Cuyo,Malbec,UK,895,10302.957503575723
51778,Maipu,Malbec,China,1701,21093.67102619578
53273,San Rafael,Malbec,USA,820,17642.189429745024
50902,Lujan de Cuyo,Chardonnay,UK,1016,16641.62042503435
52946,San Rafael,Chardonnay,USA,1138,15278.81142524774
50026,Lujan de Cuyo,Chardonnay,USA,1104,17850.166591364887
51218,Valle de Uco,Syrah,Brasil,1754,26156.720069168874
50105,San Rafael,Syrah,USA,1167,20438.13183889188
50570,San Rafael,Malbec,China,1215,23500.191878793965
51662,Lujan de Cuyo,Chardonnay,UK,1063,20129.305456048474
52667,Valle de Uco,Cabernet Sauvignon,Brasil,1430,28267.746977425708
51085,San Rafael,Malbec,Brasil,990,
51231,Lujan de Cuyo,Malbec,USA,1798,38836.673417103084
53321,Maipu,Chardonnay,Brasil,1059,24000.70756092301
52313,Lujan de Cuyo,Chardonnay,UK,859,13723.295933944984
52363,Valle de Uco,Cabernet Sauvignon,China,1890,22272.105793434017
53499,Lujan de Cuyo,Chardonnay,Brasil,1301,22973.198989359462
51692,Maipu,Cabernet Sauvignon,China,917,18226.703294809842
52297,Valle de Uco,Malbec,USA,1367,25427.985488408653
52005,Maipu,Chardonnay,UK,1344,22579.319051045266
50035,Valle de Uco,Chardonnay,Brasil,1483,27428.03765638528
52532,Maipu,Cabernet Sauvignon,UK,993,19214.771788271835
52939,Maipu,Chardonnay,UK,576,6799.765833938141
53091,Valle de Uco,Malbec,China,1691,38324.08101294971
50740,Lujan de Cuyo,Syrah,USA,1316,21917.147713290025
52053,Lujan de Cuyo,Malbec,China,1055,18041.25821039734
52622,Lujan de Cuyo,Malbec,UK,517,8855.05130661123
53417,Maipu,Malbec,Brasil,1591,16332.477945464096
51194,Lujan de Cuyo,Malbec,USA,1204,26084.232554373928
52940,San Rafael,Chardonnay,Brasil,1325,31534.519952624705
50400,Lujan de Cuyo,Chardonnay,Brasil,820,13921.880955196886
50410,San Rafael,Cabernet Sauvignon,China,943,18585.259398292947
51366,Valle de Uco,Syrah,China,984,15291.871892351666
52179,Maipu,Malbec,USA,1109,27427.278184208935
50943,San Rafael,Malbec,China,1580,28403.668030380653
50101,Valle de Uco,Cabernet Sauvignon,China,1156,25543.639581205654
53362,San Rafael,Cabernet Sauvignon,UK,789,8255.885022914721
53359,San Rafael,Syrah,China,1326,18393.58393198058
52573,Lujan de Cuyo,Chardonnay,Brasil,913,22439.418870260608
51491,Valle de Uco,Malbec,UK,1320,30705.287947808712
50017,San Rafael,Cabernet Sauvignon,UK,1724,30340.565597438763
53432,Valle de Uco,Chardonnay,China,892,12441.748156850004
51574,Maipu,Syrah,USA,1730,43048.908197092525
53272,Valle de Uco,Syrah,UK,1154,26254.657041197966
50794,Valle de Uco,Syrah,China,907,12492.965440302829
52490,Maipu,Malbec,USA,1359,19386.286957220826
52407,Valle de Uco,Cabernet Sauvignon,Brasil,1267,20624.850467251916
50175,Maipu,Syrah,Brasil,786,12598.756220390682
51804,Lujan de Cuyo,Syrah,Brasil,1456,33589.101587880854
50305,Maipu,Syrah,USA,977,22554.026383816377
52329,Maipu,Chardonnay,USA,857,10899.241031780122
51592,Lujan de Cuyo,Cabernet Sauvignon,UK,1232,27458.22175169252
50477,San Rafael,Chardonnay,China,1140,27767.507974368
53455,Maipu,Cabernet Sauvignon,USA,923,15090.934405207241
52250,Valle de Uco,Syrah,USA,1664,25325.74902809077
52850,Maipu,Syrah,Brasil,1239,15364.414736110613
53027,Lujan de Cuyo,Malbec,UK,1081,18363.744767157063
51838,Valle de Uco,Syrah,Brasil,1172,17367.677906299057
50906,Lujan de Cuyo,Chardonnay,China,538,8059.2648467936815
51784,San Rafael,Malbec,UK,1398,23892.446109730638
51455,Valle de Uco,Syrah,UK,1646,
51290,Maipu,Chardonnay,China,879,14746.900374816616
50733,Lujan de Cuyo,Syrah,UK,1040,15117.4560447315
52031,San Rafael,Syrah,USA,1452,16853.56976205823
53235,San Rafael,Cabernet Sauvignon,Brasil,779,8718.676723106326
52182,Lujan de Cuyo,Malbec,China,1287,29450.71534843161
50342,Maipu,Malbec,USA,1192,25061.66050917578
51138,Lujan de Cuyo,Chardonnay,Brasil,1486,26434.604013863867
51610,San Rafael,Malbec,USA,1351,20343.84961104437
51980,Maipu,Cabernet Sauvignon,Brasil,1648,22615.562915274066
50864,Lujan de Cuyo,Cabernet Sauvignon,Brasil,1497,18213.00251632863
50995,Maipu,Cabernet Sauvignon,Brasil,1279,26838.19814575615
52003,Lujan de Cuyo,Malbec,Brasil,1034,18559.157502701462
52424,San Rafael,Syrah,China,809,18434.051034325916
50190,San Rafael,Malbec,China,1408,23216.74834461951
50620,Lujan de Cuyo,Cabernet Sauvignon,UK,1252,26559.743130575884
50255,Valle de Uco,Cabernet Sauvignon,China,1466,20102.171635841103
50279,San Rafael,Syrah,UK,1239,14552.163985606507
50409,San Rafael,Syrah,UK,23601,27432.096750677094
51234,San Rafael,Syrah,USA,1468,25431.18240397864
50866,Maipu,Syrah,UK,887,21620.94922628988
53463,Maipu,Cabernet Sauvignon,Brasil,964,23953.01339748561
51634,San Rafael,Syrah,Brasil,1092,16422.96788317183
53005,Lujan de Cuyo,Cabernet Sauvignon,China,1668,27790.841153730118
51178,Lujan de Cuyo,Cabernet Sauvignon,Brasil,1436,14516.95770328224
51841,Lujan de Cuyo,Syrah,UK,1232,21357.09754568127
53092,Valle de Uco,Chardonnay,China,1690,38664.30055420312
53369,Lujan de Cuyo,Malbec,USA,1281,16068.902352652141
53000,Maipu,Malbec,Brasil,1286,30244.7529004442
51005,San Rafael,Cabernet Sauvignon,USA,1365,21286.745474813215
51441,Valle de Uco,Syrah,China,1314,17390.322598371426
50216,Lujan de Cuyo,Malbec,UK,1776,27366.514410535507
51950,Valle de Uco,Cabernet Sauvignon,China,1341,23598.4828816808
52106,Lujan de Cuyo,Malbec,Brasil,1418,34458.34505501296
51063,San Rafael,Syrah,UK,985,21669.241805913323
51789,Maipu,Malbec,USA,1147,17783.12413102707
50102,Maipu,Malbec,USA,1615,
52990,Lujan de Cuyo,Malbec,China,901,16668.057587556203
52498,Maipu,Malbec,USA,1202,22542.191497935502
50535,San Rafael,Syrah,UK,1472,17756.134469297307
53250,San Rafael,Chardonnay,China,1497,15294.003362079087
51056,San Rafael,Cabernet Sauvignon,USA,1437,33838.38783160218
52010,Lujan de Cuyo,Malbec,China,1143,12968.918035019995
53479,San Rafael,Syrah,UK,1502,27985.99698322141
52286,Maipu,Cabernet Sauvignon,USA,795,9935.251163941588
50077,Valle de Uco,Cabernet Sauvignon,China,1326,16330.20811030962
51389,Maipu,Cabernet Sauvignon,Brasil,1248,14983.435804253986
51135,Lujan de Cuyo,Cabernet Sauvignon,USA,1025,22321.38621670264
50839,Lujan de Cuyo,Syrah,Brasil,1385,14773.18616549708
52957,Lujan de Cuyo,Malbec,USA,1238,18973.517952551712
52160,Maipu,Cabernet Sauvignon,China,1479,19508.11713072467
50966,San Rafael,Cabernet Sauvignon,China,785,8757.058992315295
50336,Valle de Uco,Chardonnay,USA,1146,13626.562200881277
51684,Valle de Uco,Cabernet Sauvignon,China,1585,27751.5543917901
53057,Valle de Uco,Cabernet Sauvignon,UK,1088,15536.368216411829
51523,Maipu,Malbec,UK,1261,27974.287554719234
51598,Lujan de Cuyo,Chardonnay,China,1056,21126.16512857333
50285,Valle de Uco,Cabernet Sauvignon,China,1368,16268.211689702139
51304,Valle de Uco,Cabernet Sauvignon,UK,850,18882.554213246847
51540,Lujan de Cuyo,Malbec,UK,1893,41866.15557662948
50365,Maipu,Cabernet Sauvignon,Brasil,1335,29801.025315864463
53214,Maipu,Syrah,UK,1329,15848.242524509016
52193,Valle de Uco,Malbec,Brasil,1140,14299.758754598626
51296,San Rafael,Chardonnay,USA,1438,24630.32633591155
52778,San Rafael,Chardonnay,UK,1031,19042.671000953414
53170,San Rafael,Malbec,China,950,15595.187867349678
50293,San Rafael,Syrah,Brasil,1651,24631.255308140087
52165,San Rafael,Malbec,Brasil,1223,26311.288571048335
52758,Lujan de Cuyo,Syrah,China,749,16681.169039089425
50434,Valle de Uco,Syrah,USA,1389,17086.4733066955
51753,Lujan de Cuyo,Chardonnay,USA,1808,18469.979460380244
51938,Lujan de Cuyo,Chardonnay,Brasil,859,10311.532510304114
52916,Lujan de Cuyo,Syrah,USA,1282,31570.8566371611
52684,San Rafael,Cabernet Sauvignon,Brasil,971,
52563,Valle de Uco,Malbec,UK,1387,20049.780584221706
52434,San Rafael,Chardonnay,China,1038,
50096,Lujan de Cuyo,Malbec,USA,987,14477.116733568575
52722,Maipu,Malbec,China,1340,18874.413583748905
50008,San Rafael,Cabernet Sauvignon,Brasil,557,9031.580322214288
53245,Maipu,Malbec,China,1331,23531.344471132947
51889,Maipu,Chardonnay,UK,1410,17292.142018805192
51308,San Rafael,Cabernet Sauvignon,USA,1285,30566.286781213414
52052,San Rafael,Cabernet Sauvignon,USA,1158,26052.009446919892
50741,Valle de Uco,Malbec,Brasil,1230,16127.70568119043
52619,Valle de Uco,Syrah,USA,942,18365.71540148815
50992,San Rafael,Syrah,USA,1189,28881.067788252287
50987,San Rafael,Chardonnay,UK,1375,31185.328529761508
51953,San Rafael,Syrah,UK,1504,37530.60491641832
50258,Maipu,Cabernet Sauvignon,UK,822,12946.31515169219
51933,Maipu,Cabernet Sauvignon,Brasil,1002,10395.48678759901
52414,Valle de Uco,Syrah,UK,1075,18713.183986988566
52529,San Rafael,Malbec,China,921,20038.27690332574
52359,Maipu,Syrah,Brasil,1433,26192.362011654666
52966,Valle de Uco,Cabernet Sauvignon,UK,885,19338.841282431033
51942,San Rafael,Chardonnay,Brasil,1299,24367.84142197062
52789,Lujan de Cuyo,Malbec,China,1278,25956.040182258617
51877,Valle de Uco,Syrah,UK,480,5953.0903917606665
53042,Lujan de Cuyo,Cabernet Sauvignon,UK,913,9387.234136881152
50561,Valle de Uco,Syrah,Brasil,1562,29226.63297142266
50988,San Rafael,Syrah,China,1353,25360.909011394884
53174,Valle de Uco,Chardonnay,Brasil,1490,18179.66067019431
52504,Valle de Uco,Chardonnay,UK,1339,25484.988572320824
51317,Lujan de Cuyo,Malbec,UK,1393,33862.00516698582
53470,San Rafael,Chardonnay,UK,1362,18796.595826127617
51332,Maipu,Cabernet Sauvignon,UK,726,7559.338243168909
52008,San Rafael,Chardonnay,China,1594,39505.63599459721
50264,San Rafael,Cabernet Sauvignon,Brasil,1496,33262.564116919755
50133,San Rafael,Chardonnay,UK,1219,20273.81624424433
53270,San Rafael,Cabernet Sauvignon,China,998,16903.09467255776
50476,Valle de Uco,Malbec,China,408,4295.775444878735
52410,Maipu,Chardonnay,China,1399,14366.585303699987
53114,Maipu,Cabernet Sauvignon,UK,1120,22821.28614165203
51902,Lujan de Cuyo,Chardonnay,China,1072,26193.124352466017
51560,Maipu,Chardonnay,USA,1329,15809.277231608863
50065,Maipu,Malbec,Brasil,1414,22671.166892998135
52664,Lujan de Cuyo,Malbec,USA,995,14542.312630473401
53384,Maipu,Syrah,UK,416,8183.980703260057
52881,Lujan de Cuyo,Cabernet Sauvignon,Brasil,1280,28209.438921901165
50445,Maipu,Chardonnay,UK,1165,14619.293934343066
53469,Lujan de Cuyo,Syrah,UK,1216,17852.762673509038
52021,Lujan de Cuyo,Malbec,USA,1486,
50926,San Rafael,Cabernet Sauvignon,UK,894,10817.259496864319
52446,Maipu,Cabernet Sauvignon,UK,1335,16218.601422325652
52405,San Rafael,Chardonnay,UK,1203,17340.319385704315
50206,Maipu,Syrah,UK,924,14053.182015444198
51388,Valle de Uco,Malbec,USA,1215,13566.084731585468
50668,Maipu,Syrah,Brasil,1148,17154.060780774344
51961,Maipu,Chardonnay,UK,1601,16561.144295881862
52895,San Rafael,Cabernet Sauvignon,UK,1019,11682.289801107421
52223,Lujan de Cuyo,Malbec,Brasil,951,21091.857134144728
53288,San Rafael,Cabernet Sauvignon,UK,1016,
50346,San Rafael,Malbec,China,1375,19231.714394935214
53113,Maipu,Chardonnay,UK,579,13912.433153077794
52388,San Rafael,Cabernet Sauvignon,USA,1939,22474.591284203136
52999,Lujan de Cuyo,Chardonnay,UK,954,17494.04098911258
52491,Maipu,Cabernet Sauvignon,USA,1353,26551.718638150443
52719,Lujan de Cuyo,Syrah,UK,1093,15096.303425262116
50436,San Rafael,Malbec,Brasil,1412,32793.767886188405
50270,San Rafael,Chardonnay,Brasil,1163,16668.798970754015
51827,Lujan de Cuyo,Syrah,UK,616,14409.509698466441
51435,San Rafael,Malbec,USA,1706,33636.614052197336
51638,Valle de Uco,Malbec,China,853,11593.571542356249
50251,Maipu,Malbec,China,1517,18254.279125591507
52681,San Rafael,Cabernet Sauvignon,Brasil,1240,17564.3850889526
53290,Lujan de Cuyo,Cabernet Sauvignon,Brasil,1328,28399.80070640172
51768,Lujan de Cuyo,Syrah,Brasil,39186,29452.676234780567
52858,Maipu,Cabernet Sauvignon,USA,1162,17861.000276949293
51290,Maipu,Chardonnay,China,879,14746.900374816616
52367,Valle de Uco,Cabernet Sauvignon,UK,1193,19371.189960544132
53405,Valle de Uco,Chardonnay,China,1032,13225.63080058554
53040,Valle de Uco,Malbec,USA,1225,28889.25351169845
53004,Valle de Uco,Malbec,USA,1294,18120.721187345956
52842,Lujan de Cuyo,Chardonnay,Brasil,932,10541.658183674492
50645,Maipu,Syrah,China,1438,28588.39217184519
52091,Maipu,Syrah,China,604,12622.004842521683
52358,San Rafael,Syrah,China,1610,20220.920955767368
53157,Maipu,Syrah,UK,1194,
53280,Maipu,Malbec,China,1258,24620.866935459646
52557,Maipu,Chardonnay,USA,1250,20376.679499447037
52237,Lujan de Cuyo,Syrah,UK,1433,24282.29513712591
52632,San Rafael,Cabernet Sauvignon,China,1506,19608.475343344715
52628,San Rafael,Cabernet Sauvignon,USA,1383,32617.724850847313
52125,San Rafael,Syrah,China,1502,27173.310548561225
51120,Maipu,Syrah,USA,1534,33061.514526161794
53388,Maipu,Malbec,China,1532,25831.2612017899
50718,Valle de Uco,Cabernet Sauvignon,China,1149,21703.990565488424
52056,San Rafael,Cabernet Sauvignon,China,941,13562.613048586662
53178,Lujan de Cuyo,Syrah,China,1047,15183.697854444252
52627,Lujan de Cuyo,Malbec,Brasil,1147,20848.91117534078
52581,Maipu,Malbec,UK,1298,22520.637100215972
50821,Maipu,Syrah,USA,833,14593.650174910255
50265,Lujan de Cuyo,Malbec,USA,1178,15710.073611268257
51396,Valle de Uco,Malbec,UK,1275,30827.734215232802
51464,Valle de Uco,Chardonnay,Brasil,1245,25227.219270488193
52133,Valle de Uco,Cabernet Sauvignon,Brasil,1204,12909.033473755942
51369,Valle de Uco,Syrah,UK,1232,27764.097018746495
51943,Valle de Uco,Syrah,China,1101,17010.218697311753
51840,Lujan de Cuyo,Malbec,Brasil,1352,15797.18916368198
51318,Maipu,Cabernet Sauvignon,China,1333,28955.982608799655
51578,San Rafael,Malbec,USA,980,20816.697086219992
52908,San Rafael,Malbec,USA,1438,16691.228737828344
53408,Valle de Uco,Malbec,USA,1576,23989.938370762997
50965,San Rafael,Syrah,Brasil,1167,20279.40346439118
50107,Lujan de Cuyo,Chardonnay,USA,1207,17499.67872326001
51657,Valle de Uco,Syrah,China,1157,25516.377479255025
51293,Lujan de Cuyo,Malbec,China,1620,18521.467347660484
51189,Lujan de Cuyo,Malbec,UK,1448,14951.097135540378
51470,San Rafael,Syrah,UK,1084,12203.347520101353
50016,Maipu,Cabernet Sauvignon,USA,819,17412.018511159953
53436,San Rafael,Cabernet Sauvignon,USA,1323,31882.159020691644
53284,Lujan de Cuyo,Syrah,Brasil,1276,14490.361444286096
52808,Lujan de Cuyo,Syrah,China,1110,21537.33408672195
50817,San Rafael,Chardonnay,China,1112,23468.00025062166
50674,San Rafael,Chardonnay,Brasil,1699,29404.66036768301
53129,Valle de Uco,Syrah,Brasil,1299,31550.05127906173
53484,Maipu,Malbec,UK,1132,28282.425032216666
52616,San Rafael,Malbec,China,1206,26637.310333442136
50504,Valle de Uco,Cabernet Sauvignon,Brasil,1087,16005.595088670392
50178,Valle de Uco,Cabernet Sauvignon,China,1186,21365.835800110166
52938,Valle de Uco,Syrah,UK,1173,19379.41971402136
50394,Valle de Uco,Syrah,UK,1147,20542.33879174742
50999,Lujan de Cuyo,Cabernet Sauvignon,USA,635,12854.133510069532
50097,Maipu,Malbec,UK,1406,19772.26136075087
53366,Valle de Uco,Cabernet Sauvignon,USA,801,10145.060084965373
50655,Lujan de Cuyo,Malbec,UK,1051,11848.511335404539
50050,Lujan de Cuyo,Malbec,China,963,22525.716487759204
50630,Maipu,Malbec,USA,929,11178.118073765745
52253,Valle de Uco,Syrah,Brasil,1200,16705.54279380931
52583,Maipu,Malbec,UK,1090,12803.879591986482
51319,San Rafael,Chardonnay,China,1136,
50959,Maipu,Malbec,UK,707,13558.19581037604
52618,San Rafael,Malbec,UK,1387,15122.746014447788
50003,Maipu,Malbec,USA,33507,23575.56330711611
50615,San Rafael,Malbec,UK,1522,17410.371954160564
50244,Maipu,Cabernet Sauvignon,China,1349,25102.88780397562
51254,Maipu,Malbec,Brasil,1468,32912.75913501174
52751,Maipu,Chardonnay,UK,1017,20079.249296834685
50353,Valle de Uco,Malbec,China,1325,23170.013181647955
51046,Lujan de Cuyo,Chardonnay,USA,1159,21757.514119888798
53277,Maipu,Malbec,Brasil,1036,14283.843704560764
52531,San Rafael,Malbec,USA,990,15852.999120238896
52364,San Rafael,Chardonnay,USA,1364,20256.30747312431
52126,San Rafael,Chardonnay,UK,1114,22793.30368020262
53239,San Rafael,Syrah,UK,1023,
50623,Maipu,Syrah,Brasil,1245,23311.83490086897
51572,Lujan de Cuyo,Syrah,China,1860,20518.49021671806
53358,San Rafael,Chardonnay,China,1357,21242.480367246728
52443,Valle de Uco,Cabernet Sauvignon,USA,1492,16930.112456125713
50588,Maipu,Malbec,China,950,17449.192667484036
51156,San Rafael,Cabernet Sauvignon,China,934,16508.855288289746
51817,Maipu,Cabernet Sauvignon,UK,1410,25141.443232459143
52028,Maipu,Malbec,USA,818,17921.211735537385
50893,Maipu,Cabernet Sauvignon,China,1266,15482.315920998364
50538,San Rafael,Malbec,USA,886,11761.427958298222
51457,Valle de Uco,Malbec,Brasil,628,6695.024807917399
51510,Maipu,Cabernet Sauvignon,China,959,
53442,San Rafael,Syrah,China,1202,17625.370050196045
50028,Valle de Uco,Chardonnay,Brasil,984,23270.739514336467
51116,Lujan de Cuyo,Cabernet Sauvignon,USA,1568,20664.507035569386
53433,Maipu,Chardonnay,China,470,10758.410098998382
53495,San Rafael,Syrah,USA,1273,13539.326721885485
51869,Valle de Uco,Chardonnay,USA,1637,26305.357255232906
53295,Lujan de Cuyo,Syrah,USA,1233,14020.37937596311
50723,Lujan de Cuyo,Syrah,UK,1027,20895.695889609575
52948,Lujan de Cuyo,Malbec,China,1598,21610.77773999306
51518,Valle de Uco,Chardonnay,USA,1466,28501.732828650398
52766,San Rafael,Cabernet Sauvignon,Brasil,1469,20563.321633892487
53032,Valle de Uco,Malbec,UK,1290,13210.67361365651
52644,Valle de Uco,Malbec,USA,1338,14568.728238978701
50942,Lujan de Cuyo,Chardonnay,USA,1590,31738.522371538264
51437,Valle de Uco,Malbec,China,1488,22525.269273585847
51354,Maipu,Chardonnay,China,1011,16310.042746948573
51076,Valle de Uco,Chardonnay,China,1243,27120.41700947248
51183,Valle de Uco,Cabernet Sauvignon,Brasil,1106,16615.1681148701
52509,San Rafael,Chardonnay,USA,968,11270.689092536992
51898,San Rafael,Syrah,UK,1311,22127.259993564476
50393,Lujan de Cuyo,Cabernet Sauvignon,Brasil,1217,29348.835253940826
50433,Lujan de Cuyo,Chardonnay,UK,733,7813.123426228451
52128,Maipu,Malbec,Brasil,1108,13897.996458924457
53106,Maipu,Chardonnay,USA,928,9895.326604786474
51493,San Rafael,Chardonnay,Brasil,1260,30566.240653485864
50614,Lujan de Cuyo,Chardonnay,Brasil,1481,23988.727531415807
53145,San Rafael,Cabernet Sauvignon,China,1889,36214.40433045682
51412,San Rafael,Malbec,Brasil,1616,24298.864519641727
52232,Maipu,Malbec,UK,619,14165.607917670452
52694,Maipu,Malbec,USA,1209,21860.820854833142
50229,San Rafael,Cabernet Sauvignon,China,1054,16717.11317397278
50312,Maipu,Chardonnay,UK,1241,22290.390474353182
51502,San Rafael,Chardonnay,UK,1325,25557.354888870435
52761,Valle de Uco,Cabernet Sauvignon,USA,1207,25532.75010347054
51647,San Rafael,Malbec,USA,932,11860.365352405019
51016,San Rafael,Malbec,China,1062,
52710,Lujan de Cuyo,Malbec,Brasil,1196,18581.44898792312
52764,Maipu,Cabernet Sauvignon,USA,1288,13230.327036545554
50654,Valle de Uco,Cabernet Sauvignon,UK,1256,27727.182048961553
51418,Lujan de Cuyo,Chardonnay,UK,989,14537.513641810736
52988,Valle de Uco,Chardonnay,China,1483,32671.485787178175
50884,Valle de Uco,Chardonnay,China,1388,19241.05410141139
51530,San Rafael,Chardonnay,Brasil,1052,22453.493258332433
53491,Lujan de Cuyo,Malbec,UK,1321,27558.17505555915
53411,Maipu,Syrah,Brasil,1295,31669.27457636814
51991,Valle de Uco,Syrah,Brasil,1462,29278.190544869016
51964,Lujan de Cuyo,Syrah,Brasil,1174,16044.089508748462
51923,Valle de Uco,Chardonnay,China,1083,11114.806840139136
53163,Valle de Uco,Malbec,USA,1551,36332.27698183083
51990,San Rafael,Cabernet Sauvignon,USA,737,9343.764372620184
50912,Valle de Uco,Syrah,China,1108,15397.861484905681
52036,Maipu,Malbec,USA,1020,13183.195906901292
51945,Lujan de Cuyo,Cabernet Sauvignon,Brasil,1183,25040.569309120383
52847,Lujan de Cuyo,Malbec,USA,1162,25384.280351719262
52920,San Rafael,Cabernet Sauvignon,China,1310,13718.65797340125
51713,San Rafael,Malbec,USA,1233,21345.673459403453
51535,San Rafael,Syrah,UK,1158,15752.933086102466
52791,Lujan de Cuyo,Chardonnay,Brasil,1265,24621.646302311336
50437,Valle de Uco,Chardonnay,China,762,17661.453463581085
52394,Maipu,Cabernet Sauvignon,China,1223,28673.899288462995
50170,Lujan de Cuyo,Cabernet Sauvignon,China,948,17058.20151667727
50002,Maipu,Syrah,USA,1456,29960.183726412914
50651,Valle de Uco,Cabernet Sauvignon,Brasil,1472,22664.353505974745
50473,Lujan de Cuyo,Chardonnay,UK,915,
53425,Lujan de Cuyo,Cabernet Sauvignon,USA,1374,20783.911100455894
52061,Lujan de Cuyo,Chardonnay,USA,1533,
51240,Maipu,Chardonnay,Brasil,1277,30598.751618564525
52906,Maipu,Syrah,USA,992,10539.419286172133
50054,San Rafael,Malbec,Brasil,1280,23499.212164089153
52751,Maipu,Chardonnay,UK,1017,20079.249296834685
50844,Lujan de Cuyo,Cabernet Sauvignon,China,981,12882.615147191364
51948,San Rafael,Chardonnay,USA,1111,20641.20910560634
52933,Valle de Uco,Cabernet Sauvignon,USA,835,20212.270691702044
53212,Maipu,Malbec,UK,1700,21892.42169104016
51763,Maipu,Cabernet Sauvignon,Brasil,1285,21881.692811190384
50555,Lujan de Cuyo,Syrah,China,1173,24576.00154845714
53329,Lujan de Cuyo,Cabernet Sauvignon,UK,897,10659.081539283274
51788,Lujan de Cuyo,Chardonnay,UK,1120,14498.840346169158
53487,Valle de Uco,Chardonnay,USA,1298,28262.471858858138
52827,San Rafael,Syrah,Brasil,1698,18134.27134733146
51777,San Rafael,Chardonnay,USA,917,17314.043912639027
52293,Maipu,Syrah,China,873,15532.409001182905
53148,Valle de Uco,Malbec,UK,971,10088.336784807889
50819,Maipu,Malbec,Brasil,1971,39596.954617111885
51537,Valle de Uco,Malbec,Brasil,1213,25236.46471672629
52208,Lujan de Cuyo,Chardonnay,UK,1073,14008.255833798657
52132,Valle de Uco,Malbec,UK,1575,31745.831824807494
52953,Valle de Uco,Malbec,Brasil,1522,22966.509670895583
52571,Maipu,Chardonnay,Brasil,1467,
50240,Maipu,Syrah,China,1479,16479.633531499556
51822,Maipu,Cabernet Sauvignon,Brasil,956,15906.601375684866
53097,San Rafael,Syrah,Brasil,1180,19958.498745104014
50063,San Rafael,Cabernet Sauvignon,China,1044,14626.64787926708
52854,San Rafael,Syrah,China,852,15698.0112319717
51866,Lujan de Cuyo,Chardonnay,UK,1418,28743.392342071977
50785,Maipu,Syrah,China,1628,29857.343331839136
50121,Maipu,Malbec,USA,1579,33473.26273421671
53313,Maipu,Malbec,Brasil,1383,27682.124912096486
51842,San Rafael,Chardonnay,USA,1183,17820.6245369498
52224,Valle de Uco,Cabernet Sauvignon,USA,1234,29665.265397590487
51875,San Rafael,Malbec,UK,1272,14337.95010010487
53449,Valle de Uco,Chardonnay,Brasil,1140,19714.400792106266
50808,San Rafael,Malbec,UK,1062,17475.491842485564
52673,Valle de Uco,Syrah,USA,965,9995.129725988581
50903,San Rafael,Chardonnay,China,831,15724.083623635597
53184,San Rafael,Chardonnay,Brasil,1211,24506.15687064907
51170,San Rafael,Syrah,USA,979,11720.835400564552
50885,Lujan de Cuyo,Malbec,Brasil,1231,15837.023865178777
53069,Valle de Uco,Chardonnay,UK,1259,27600.30225984339
51697,Valle de Uco,Chardonnay,UK,977,22091.05568861741
50830,Lujan de Cuyo,Malbec,UK,1417,30002.09740154988
53151,Maipu,Chardonnay,UK,1303,14621.557413994407
53030,San Rafael,Chardonnay,China,782,9931.709132993703
51093,Valle de Uco,Cabernet Sauvignon,China,813,16747.86257639716
53278,Maipu,Cabernet Sauvignon,UK,1003,13650.35871515916
52315,Valle de Uco,Malbec,USA,1156,25500.97589103521
50071,San Rafael,Syrah,Brasil,780,11526.708339158207
53371,Valle de Uco,Chardonnay,Brasil,1856,41260.62120997007
53387,Valle de Uco,Syrah,USA,1307,13467.600190340332
52629,Lujan de Cuyo,Syrah,USA,346,7491.372407272598
52108,Valle de Uco,Syrah,USA,1523,34109.33080556228
50919,Maipu,Syrah,Brasil,1585,38922.08603617137
51809,Maipu,Syrah,USA,1247,23142.735448275525
52303,San Rafael,Chardonnay,UK,931,12039.978875118946
52767,Lujan de Cuyo,Chardonnay,Brasil,1509,26865.433807835267
50207,Maipu,Syrah,China,817,12843.3061608109
53099,Valle de Uco,Cabernet Sauvignon,UK,1696,34860.28609729383
51563,San Rafael,Syrah,China,1724,24391.73286053996
51536,San Rafael,Syrah,USA,809,17674.46028098652
52240,Lujan de Cuyo,Cabernet Sauvignon,Brasil,1418,28880.169277260495
50606,San Rafael,Malbec,UK,1035,18357.026171718193
51492,Lujan de Cuyo,Syrah,Brasil,1768,43713.37675478046
50057,Valle de Uco,Malbec,UK,893,20320.85387759386
50472,Lujan de Cuyo,Syrah,USA,1367,31555.8533480422
51209,Valle de Uco,Malbec,Brasil,1172,20079.49050638869
50428,Lujan de Cuyo,Syrah,UK,1219,
53073,San Rafael,Syrah,Brasil,859,11515.96740092674
50650,Maipu,Syrah,Brasil,1446,26662.55105763494
50543,Valle de Uco,Malbec,China,852,11260.804533691908
52395,Lujan de Cuyo,Syrah,China,1520,22200.789073873122
50158,Valle de Uco,Chardonnay,UK,1574,28837.87902352613
50292,Lujan de Cuyo,Cabernet Sauvignon,China,876,13071.122381751447
51460,Maipu,Cabernet Sauvignon,UK,1293,
53200,Valle de Uco,Malbec,China,1468,
50616,San Rafael,Malbec,Brasil,1343,23452.4088823918
52437,San Rafael,Syrah,USA,1057,17446.11747046224
52320,San Rafael,Malbec,Brasil,930,15355.715004947091
52118,San Rafael,Cabernet Sauvignon,China,1878,38821.3484762219
52671,Maipu,Cabernet Sauvignon,USA,484,6297.965458319398
53139,Valle de Uco,Syrah,UK,1600,39062.458916760894
50284,Valle de Uco,Cabernet Sauvignon,Brasil,1434,21962.82621545287
53033,Valle de Uco,Malbec,China,914,16083.290103226696
50974,San Rafael,Cabernet Sauvignon,Brasil,624,14228.955154485464
53283,Maipu,Syrah,UK,1444,18434.205822290278
52271,Lujan de Cuyo,Cabernet Sauvignon,UK,1443,29088.80368806998
51450,Valle de Uco,Malbec,USA,614,8476.339591626658
53118,San Rafael,Cabernet Sauvignon,UK,718,13242.50260632286
53267,San Rafael,Malbec,China,1506,25467.36396867032
52063,Maipu,Cabernet Sauvignon,USA,1063,24851.112300514123
51878,Maipu,Chardonnay,USA,1065,14201.892301947648
52139,Valle de Uco,Syrah,UK,1439,27873.888870433428
51746,San Rafael,Cabernet Sauvignon,UK,1100,26321.384317521497
51962,Maipu,Chardonnay,USA,1148,17050.495943175807
51658,Maipu,Chardonnay,UK,1618,29217.01746938291
51158,San Rafael,Chardonnay,USA,1357,21806.047280776787
51014,San Rafael,Chardonnay,Brasil,1256,19091.970831203635
51528,San Rafael,Chardonnay,USA,1026,18554.56161222776
51542,Lujan de Cuyo,Syrah,China,938,19806.997414850804
51497,Valle de Uco,Syrah,UK,1397,27640.035304071363
51390,Lujan de Cuyo,Chardonnay,UK,871,9905.472064214693
50529,San Rafael,Malbec,China,1076,19835.012237687813
51919,Maipu,Cabernet Sauvignon,UK,819,15742.009782444125
50153,Lujan de Cuyo,Cabernet Sauvignon,USA,1510,23103.257832325216
52007,Lujan de Cuyo,Malbec,USA,842,14993.62342107193
52870,Maipu,Chardonnay,UK,1171,20617.71840514947
52228,Valle de Uco,Cabernet Sauvignon,USA,1370,28810.16136581514
52171,Maipu,Chardonnay,UK,1401,14624.258664838087
51161,San Rafael,Chardonnay,USA,1403,18907.298258514285
51845,Lujan de Cuyo,Chardonnay,China,1395,20256.634815072845
52688,San Rafael,Chardonnay,UK,1091,26300.67118778694
51372,Maipu,Chardonnay,China,1433,15083.426846757251
51279,San Rafael,Syrah,Brasil,1052,16183.531874081924
51595,Lujan de Cuyo,Syrah,USA,1297,19123.365223641857
50031,Lujan de Cuyo,Malbec,USA,1045,17056.87593783064
52099,San Rafael,Chardonnay,China,1263,21182.617100148087
51646,Maipu,Chardonnay,China,676,12869.571704071732
51703,Valle de Uco,Chardonnay,China,719,15587.404307735396
51921,Lujan de Cuyo,Chardonnay,Brasil,1388,34374.844141525384
51740,Valle de Uco,Chardonnay,UK,950,10855.433798400834
50311,Lujan de Cuyo,Malbec,USA,1095,14017.231563613073
51133,Lujan de Cuyo,Cabernet Sauvignon,Brasil,1629,22547.887591749743
53131,Maipu,Syrah,USA,1033,12425.09310654555
50782,Lujan de Cuyo,Malbec,China,1175,13164.0614508054
51227,Maipu,Cabernet Sauvignon,Brasil,1381,28754.09952965193
50461,Valle de Uco,Cabernet Sauvignon,USA,1480,32343.37021908432
50295,Valle de Uco,Syrah,Brasil,1589,34798.86565778381
51973,Maipu,Chardonnay,UK,1250,
51217,San Rafael,Syrah,Brasil,1251,14557.273703728939
51586,San Rafael,Chardonnay,USA,1121,11610.52811144215
51937,Lujan de Cuyo,Syrah,Brasil,1740,22117.66862112257
50596,Maipu,Cabernet Sauvignon,Brasil,1846,22781.109571503246
50115,San Rafael,Chardonnay,USA,1235,21493.997357618
51791,Valle de Uco,Malbec,Brasil,757,18708.389601427338
50483,Maipu,Cabernet Sauvignon,China,1520,26812.509181109544
51972,San Rafael,Cabernet Sauvignon,UK,1213,16773.183228796195
51495,Valle de Uco,Chardonnay,Brasil,1287,16319.98825045592
50093,Maipu,Chardonnay,China,1496,23056.105180868737
53335,Lujan de Cuyo,Cabernet Sauvignon,USA,1573,32864.27136795503
51975,San Rafael,Syrah,USA,1127,12332.352945608749
51849,Maipu,Syrah,UK,1145,15481.861969956912
50622,Maipu,Cabernet Sauvignon,USA,1124,14161.830821314537
51389,Maipu,Cabernet Sauvignon,Brasil,1248,14983.435804253986
51876,Lujan de Cuyo,Cabernet Sauvignon,Brasil,1268,13849.30592635005
50200,Lujan de Cuyo,Malbec,UK,865,21551.83732879031
52034,San Rafael,Syrah,China,1153,19497.66303551382
53171,Valle de Uco,Chardonnay,USA,1318,19940.45525304328
50945,Lujan de Cuyo,Syrah,Brasil,1008,17511.472703223902
51545,Valle de Uco,Chardonnay,UK,910,20464.25721152352
52855,Valle de Uco,Syrah,USA,1656,27320.86077667403
51055,San Rafael,Malbec,USA,512,10438.029475827298
53251,Lujan de Cuyo,Cabernet Sauvignon,USA,1699,22869.14030326005
53439,San Rafael,Chardonnay,Brasil,1258,31120.826018887325
52335,Valle de Uco,Chardonnay,UK,1148,18680.4394156273
51191,Valle de Uco,Syrah,Brasil,1237,21982.149991997343
53116,Maipu,Cabernet Sauvignon,China,1483,17554.96805906757
50370,Valle de Uco,Cabernet Sauvignon,Brasil,1462,28591.54725137716
52602,San Rafael,Chardonnay,USA,1136,21618.44424580461
52929,Maipu,Malbec,USA,1468,34253.130254779
53108,Valle de Uco,Chardonnay,China,1317,28478.887448180463
51667,Maipu,Syrah,UK,782,
52266,Maipu,Cabernet Sauvignon,China,1218,19092.84112901347
50189,Valle de Uco,Malbec,UK,1300,23838.34111989386
52996,Maipu,Syrah,China,1090,16914.280259595045
52191,Maipu,Syrah,China,653,13085.845292498732
