Hours_Studied,Attendance,Parental_Involvement,Access_to_Resources,Extracurricular_Activities,Sleep_Hours,Previous_Scores,Motivation_Level,Internet_Access,Tutoring_Sessions,Family_Income,Teacher_Quality,School_Type,Peer_Influence,Physical_Activity,Learning_Disabilities,Parental_Education_Level,Distance_from_Home,Gender,Exam_Score,indice_constancia,score_recursos,categoria_rendimiento,interaccion_socioescuela,balance_vida_estudio
23,84,Low,High,No,7,73,Low,Yes,0,Low,Medium,Public,Positive,3,No,High School,Near,Male,67,142.4,5.0,Medio,1,-1.5
19,64,Low,Medium,No,8,59,Low,Yes,2,Medium,Medium,Public,Negative,4,No,College,Moderate,Female,61,114.4,5.0,Medio,2,2.5
24,98,Medium,Medium,Yes,7,91,Medium,Yes,2,Medium,Medium,Public,Neutral,4,No,Postgraduate,Near,Male,74,154.8,5.0,Medio,2,-1.0
29,89,Low,Medium,Yes,8,98,Medium,Yes,1,Medium,Medium,Public,Negative,4,No,High School,Moderate,Male,71,169.4,4.5,Medio,2,-2.5
19,92,Medium,Medium,Yes,6,65,Medium,Yes,3,Medium,High,Public,Neutral,4,No,College,Near,Female,70,131.2,5.5,Medio,2,0.5
19,88,Medium,Medium,Yes,8,89,Medium,Yes,3,Medium,Medium,Public,Positive,3,No,Postgraduate,Near,Male,71,128.8,5.5,Medio,2,1.5
29,84,Medium,Low,Yes,7,68,Low,Yes,1,Low,Medium,Private,Neutral,2,No,High School,Moderate,Male,67,166.4,3.5,Medio,2,-5.5
25,78,Low,High,Yes,6,50,Medium,Yes,1,High,High,Public,Negative,2,No,High School,Far,Male,66,146.8,5.5,Medio,3,-4.5
17,94,Medium,High,No,6,80,High,Yes,0,Medium,Low,Private,Neutral,1,No,College,Near,Male,69,124.4,5.0,Medio,4,-1.5
23,98,Medium,Medium,Yes,8,71,Medium,Yes,0,High,High,Public,Positive,5,No,High School,Moderate,Male,72,150.8,4.0,Medio,3,1.5
17,80,Low,High,No,8,88,Medium,No,4,Medium,High,Private,Neutral,4,No,College,Moderate,Male,68,116.0,5.0,Medio,4,3.5
17,97,Medium,High,Yes,6,87,Low,Yes,2,Low,High,Private,Neutral,2,No,High School,Near,Male,71,126.19999999999999,6.0,Medio,2,-0.5
21,83,Medium,Medium,Yes,8,97,Low,Yes,2,Medium,Medium,Public,Positive,4,No,High School,Near,Male,70,133.8,5.0,Medio,2,1.5
9,82,Medium,Medium,Yes,8,72,Medium,Yes,2,Medium,Medium,Private,Positive,3,No,Postgraduate,Near,Male,66,85.19999999999999,5.0,Medio,4,6.5
10,78,Medium,High,Yes,8,74,Medium,Yes,1,Low,Medium,Private,Neutral,4,No,Postgraduate,Near,Male,65,86.8,5.5,Medio,2,7.0
17,68,Medium,Medium,No,8,70,Medium,Yes,2,Medium,Medium,Private,Positive,4,No,High School,Near,Female,64,108.8,5.0,Medio,4,3.5
14,60,Medium,Low,Yes,10,65,Low,Yes,0,High,Medium,Private,Positive,3,No,College,Near,Male,60,92.0,3.0,Medio,6,6.0
22,70,Low,Medium,Yes,6,82,Medium,Yes,1,Low,High,Public,Neutral,3,No,High School,Near,Female,65,130.0,4.5,Medio,1,-2.0
15,80,Medium,Medium,Yes,9,91,Low,Yes,3,Low,Medium,Public,Positive,2,No,College,Moderate,Female,67,108.0,5.5,Medio,1,3.5
12,75,Medium,High,Yes,7,58,Medium,Yes,3,Medium,Medium,Private,Positive,4,No,College,Near,Male,66,93.0,6.5,Medio,4,5.0
29,78,Medium,Medium,No,5,99,High,Yes,0,High,Medium,Public,Negative,1,No,High School,Moderate,Female,69,162.8,4.0,Medio,3,-8.5
19,99,Medium,High,No,6,84,Medium,Yes,1,Medium,High,Public,Neutral,3,No,High School,Near,Male,72,135.4,5.5,Medio,2,-0.5
20,74,Medium,High,No,8,89,Low,Yes,1,Medium,Medium,Public,Negative,2,No,College,Moderate,Female,66,124.4,5.5,Medio,2,0.0
11,78,High,Medium,Yes,8,100,High,Yes,1,Low,Medium,Public,Neutral,3,No,High School,Moderate,Male,66,90.8,4.5,Medio,1,5.5
17,65,Low,High,Yes,5,75,Medium,Yes,2,Low,Medium,Public,Positive,3,No,High School,Near,Female,63,107.0,6.0,Medio,1,-0.5
21,62,High,Low,Yes,6,54,High,Yes,0,High,High,Public,Positive,3,No,Postgraduate,Far,Male,64,121.19999999999999,3.0,Medio,3,-1.5
13,91,Low,Medium,No,6,90,Medium,Yes,1,High,Medium,Public,Negative,2,Yes,High School,Moderate,Female,65,106.6,4.5,Medio,3,1.5
22,83,High,High,Yes,6,94,Medium,Yes,0,High,Medium,Public,Neutral,2,No,College,Moderate,Male,71,137.8,5.0,Medio,3,-3.0
16,90,Medium,Medium,No,4,58,Medium,Yes,1,Low,Medium,Public,Neutral,3,No,High School,Moderate,Female,66,118.0,4.5,Medio,1,-1.0
18,66,High,High,No,4,51,Low,Yes,2,Low,Medium,Private,Neutral,2,No,College,Near,Male,64,111.6,6.0,Medio,2,-3.0
16,83,Low,Medium,No,6,57,Medium,Yes,0,High,Low,Public,Positive,4,Yes,High School,Near,Female,63,113.8,4.0,Medio,3,2.0
31,70,Medium,High,Yes,7,66,Medium,Yes,1,High,Medium,Public,Negative,3,No,College,Near,Male,69,166.0,5.5,Medio,3,-5.5
20,69,Medium,Medium,Yes,8,96,Medium,Yes,2,Medium,High,Public,Positive,3,No,High School,Near,Male,67,121.4,5.0,Medio,2,1.0
14,60,High,Medium,No,5,50,Medium,Yes,2,Medium,Medium,Public,Neutral,3,No,College,Near,Female,61,92.0,5.0,Medio,2,1.0
25,65,High,Medium,No,5,90,Medium,Yes,2,Medium,Medium,Public,Positive,3,No,College,Moderate,Female,68,139.0,5.0,Medio,2,-4.5
13,72,Low,Medium,No,6,93,Low,Yes,1,Low,Medium,Public,Negative,3,No,High School,Near,Male,61,95.19999999999999,4.5,Medio,1,2.5
21,65,Medium,Low,Yes,7,91,Low,Yes,2,Medium,High,Public,Positive,3,No,High School,Far,Female,64,123.0,4.0,Medio,2,-0.5
8,99,Medium,Medium,No,9,54,Low,Yes,2,Low,Medium,Public,Neutral,5,No,Postgraduate,Near,Female,67,91.4,5.0,Medio,1,10.0
12,72,Low,Medium,Yes,8,84,Medium,Yes,1,Low,Medium,Public,Positive,5,No,High School,Near,Female,63,91.19999999999999,4.5,Medio,1,7.0
21,65,Low,Medium,Yes,6,98,Low,Yes,1,Medium,High,Public,Negative,4,No,High School,Near,Male,64,123.0,4.5,Medio,2,-0.5
24,68,High,Medium,No,8,56,Low,Yes,3,High,High,Public,Neutral,1,No,College,Near,Male,67,136.8,5.5,Medio,3,-3.0
21,84,Medium,Medium,Yes,6,52,Low,Yes,1,Medium,High,Public,Neutral,2,Yes,College,Far,Female,65,134.4,4.5,Medio,2,-2.5
19,63,Low,High,No,7,94,Medium,Yes,1,Medium,Medium,Private,Positive,3,No,High School,Moderate,Male,64,113.8,5.5,Medio,4,0.5
18,94,Medium,High,Yes,7,82,Medium,Yes,3,Medium,Medium,Private,Negative,2,Yes,College,Near,Male,70,128.4,6.5,Medio,4,0.0
11,98,Medium,Medium,Yes,9,82,Low,Yes,1,Medium,Medium,Private,Positive,3,No,Postgraduate,Far,Male,68,102.8,4.5,Medio,4,6.5
16,70,Medium,Medium,Yes,8,98,Medium,Yes,2,Medium,Medium,Public,Positive,3,No,High School,Moderate,Male,65,106.0,5.0,Medio,2,3.0
17,78,Medium,Medium,Yes,6,88,Medium,Yes,1,Medium,High,Private,Positive,3,No,College,Near,Female,68,114.8,4.5,Medio,4,0.5
26,61,Medium,Low,Yes,6,70,Medium,Yes,2,Low,Medium,Public,Positive,3,No,High School,Moderate,Female,64,140.6,4.0,Medio,1,-4.0
22,86,Low,Medium,Yes,7,72,Low,Yes,3,Low,High,Public,Positive,2,No,High School,Moderate,Male,68,139.6,5.5,Medio,1,-2.0
9,77,Medium,Medium,No,5,57,Medium,Yes,2,Medium,High,Public,Neutral,3,No,High School,Near,Male,63,82.19999999999999,5.0,Medio,2,3.5
22,71,Low,Medium,Yes,7,65,Low,Yes,1,Medium,Low,Public,Positive,4,No,College,Moderate,Male,64,130.6,4.5,Medio,2,0.0
18,68,High,Medium,No,7,72,Medium,Yes,0,Medium,Medium,Public,Neutral,3,No,College,Near,Male,64,112.8,4.0,Medio,2,1.0
16,86,Low,Medium,Yes,8,63,Medium,Yes,2,Medium,Medium,Public,Positive,4,No,High School,Near,Male,67,115.6,5.0,Medio,2,4.0
24,77,High,Low,No,8,96,Medium,Yes,0,Medium,Medium,Public,Neutral,3,No,High School,Near,Female,67,142.2,3.0,Medio,2,-1.0
26,67,Medium,High,Yes,7,51,Low,Yes,2,High,High,Private,Neutral,4,Yes,Postgraduate,Far,Female,66,144.2,6.0,Medio,6,-2.0
26,88,Medium,High,Yes,5,79,Medium,Yes,1,Low,High,Private,Positive,4,No,College,Moderate,Male,72,156.8,5.5,Medio,2,-4.0
15,83,Medium,High,No,5,89,Low,No,1,Medium,High,Public,Neutral,2,Yes,High School,Near,Female,65,109.8,3.5,Medio,2,-0.5
18,94,Medium,Medium,Yes,6,87,High,Yes,1,Medium,Medium,Public,Positive,4,No,High School,Near,Male,71,128.4,4.5,Medio,2,1.0
22,65,High,Low,No,8,82,Medium,Yes,2,Medium,High,Public,Positive,1,No,Postgraduate,Near,Female,66,127.0,4.0,Medio,2,-2.0
26,91,Medium,Low,Yes,8,71,Medium,Yes,0,Low,Medium,Private,Neutral,3,No,High School,Moderate,Male,68,158.6,3.0,Medio,2,-2.0
17,87,Medium,Medium,No,7,96,Medium,Yes,1,High,Medium,Public,Negative,5,No,Postgraduate,Near,Female,70,120.19999999999999,4.5,Medio,3,3.5
19,65,Medium,Medium,Yes,10,66,Low,Yes,0,Low,Medium,Public,Positive,3,No,High School,Moderate,Male,62,115.0,4.0,Medio,1,3.5
13,88,Low,High,Yes,9,88,High,Yes,2,Low,High,Private,Negative,4,No,Postgraduate,Far,Male,68,104.8,6.0,Medio,2,6.5
13,78,Medium,High,Yes,9,96,High,Yes,2,Low,Medium,Public,Neutral,3,No,College,Moderate,Male,67,98.8,6.0,Medio,1,5.5
25,98,Low,High,Yes,8,56,Medium,No,0,Medium,High,Private,Neutral,3,No,Postgraduate,Near,Male,71,158.8,3.0,Medio,4,-1.5
28,66,Medium,High,Yes,8,97,Medium,Yes,0,Medium,Medium,Public,Neutral,2,No,High School,Near,Male,68,151.6,5.0,Medio,2,-4.0
20,86,Medium,Medium,Yes,8,89,Medium,Yes,1,Low,Medium,Public,Negative,3,No,Postgraduate,Near,Male,69,131.6,4.5,Medio,1,1.0
26,75,Low,High,Yes,4,81,High,Yes,3,Medium,High,Private,Positive,2,No,High School,Moderate,Male,70,149.0,6.5,Medio,4,-7.0
22,98,Medium,High,No,5,69,Low,No,1,Low,High,Public,Negative,4,No,High School,Moderate,Female,69,146.8,3.5,Medio,1,-2.0
16,73,Medium,Medium,No,7,95,Medium,Yes,1,Low,Medium,Public,Negative,4,No,College,Near,Male,65,107.8,4.5,Medio,1,3.0
22,98,Medium,Low,Yes,7,52,Medium,No,3,Medium,Medium,Public,Positive,3,No,College,Near,Female,70,146.8,2.5,Medio,2,-1.0
29,96,Medium,Low,Yes,7,72,Medium,Yes,1,Low,Medium,Public,Positive,3,No,High School,Moderate,Male,71,173.6,3.5,Medio,1,-4.5
20,71,Medium,Medium,Yes,7,88,Medium,Yes,1,Low,Low,Public,Neutral,4,No,College,Near,Female,65,122.6,4.5,Medio,1,1.0
29,92,Low,Medium,No,4,91,Medium,Yes,2,Medium,Medium,Public,Negative,1,No,Postgraduate,Near,Female,72,171.2,5.0,Medio,2,-9.5
4,100,High,High,Yes,8,60,High,Yes,0,Medium,High,Private,Positive,4,No,College,Moderate,Male,69,76.0,5.0,Medio,4,10.0
25,70,Medium,Medium,No,7,52,Medium,Yes,1,Medium,Medium,Public,Positive,3,No,Postgraduate,Near,Female,66,142.0,4.5,Medio,2,-2.5
21,77,Low,Medium,Yes,7,90,Medium,Yes,4,Medium,Medium,Private,Neutral,3,No,Postgraduate,Moderate,Male,68,130.2,6.0,Medio,4,-0.5
18,81,High,Low,Yes,8,71,Medium,Yes,0,Medium,Medium,Public,Neutral,3,No,High School,Moderate,Female,65,120.6,3.0,Medio,2,2.0
21,72,Medium,Medium,Yes,5,57,Medium,Yes,1,High,Medium,Public,Neutral,5,Yes,College,Moderate,Male,64,127.19999999999999,4.5,Medio,3,-0.5
8,61,Medium,Medium,Yes,7,54,Medium,Yes,1,High,Medium,Public,Positive,3,No,College,Near,Male,60,68.6,4.5,Medio,3,6.0
19,69,Medium,High,Yes,7,82,High,Yes,1,Low,Medium,Public,Negative,2,No,High School,Near,Male,65,117.4,5.5,Medio,1,-0.5
22,71,High,Medium,No,6,79,High,Yes,1,Low,Low,Public,Positive,3,No,High School,Near,Male,66,130.6,4.5,Medio,1,-2.0
29,78,High,High,Yes,4,93,Low,Yes,5,Medium,High,Public,Neutral,3,No,College,Near,Male,74,162.8,7.5,Medio,2,-7.5
17,67,Medium,Medium,Yes,5,52,High,Yes,2,Medium,Medium,Private,Negative,3,No,High School,Far,Female,62,108.19999999999999,5.0,Medio,4,-0.5
15,95,Medium,Medium,No,7,93,Medium,Yes,2,Low,Medium,Public,Positive,4,No,College,Moderate,Male,70,117.0,5.0,Medio,1,3.5
17,88,Medium,High,Yes,7,94,Low,Yes,0,Medium,Medium,Public,Neutral,3,No,High School,Near,Male,69,120.8,5.0,Medio,2,1.5
25,63,Medium,High,Yes,7,72,Medium,Yes,3,Medium,High,Private,Negative,4,No,College,Far,Male,67,137.8,6.5,Medio,4,-1.5
22,86,Low,Low,No,6,54,Medium,Yes,2,Medium,Medium,Public,Neutral,0,No,High School,Moderate,Male,64,139.6,4.0,Medio,2,-5.0
17,86,Medium,High,No,5,97,High,Yes,3,High,Medium,Public,Neutral,3,No,College,Near,Male,71,119.6,6.5,Medio,3,-0.5
23,98,Medium,Low,Yes,7,54,Low,Yes,0,Medium,Medium,Public,Negative,3,No,College,Near,Female,68,150.8,3.0,Medio,2,-1.5
21,60,High,Medium,No,7,80,Medium,Yes,0,Medium,High,Public,Neutral,4,Yes,College,Near,Male,64,120.0,4.0,Medio,2,0.5
26,70,Medium,Low,Yes,8,75,Medium,Yes,1,Medium,Low,Private,Neutral,4,Yes,High School,Far,Female,63,146.0,3.5,Medio,4,-1.0
16,97,Medium,Medium,Yes,6,92,Low,Yes,0,High,Medium,Private,Positive,4,No,College,Near,Male,71,122.19999999999999,4.0,Medio,6,2.0
18,97,High,Medium,Yes,4,75,Low,Yes,0,Low,Medium,Public,Positive,3,No,High School,Moderate,Male,69,130.2,4.0,Medio,1,-2.0
11,91,Medium,Medium,No,6,94,Medium,Yes,3,Medium,Medium,Public,Neutral,3,No,College,Moderate,Male,68,98.6,5.5,Medio,2,3.5
22,64,Low,Medium,No,7,98,Low,No,1,Medium,Medium,Public,Negative,3,No,High School,Near,Male,62,126.4,2.5,Medio,2,-1.0
22,81,Medium,Medium,Yes,7,77,Low,Yes,2,Medium,Medium,Public,Positive,3,No,Postgraduate,Far,Female,68,136.6,5.0,Medio,2,-1.0
20,69,High,High,Yes,6,73,Medium,Yes,2,Low,Medium,Private,Positive,3,No,High School,Far,Male,66,121.4,6.0,Medio,2,-1.0
19,67,Low,Medium,No,5,92,High,Yes,0,Medium,Medium,Public,Positive,3,No,College,Near,Male,64,116.19999999999999,4.0,Medio,2,-1.5
12,92,Medium,Medium,No,4,92,High,Yes,2,Medium,High,Public,Neutral,3,Yes,High School,Moderate,Male,67,103.19999999999999,5.0,Medio,2,1.0
17,65,Medium,High,Yes,8,66,Medium,Yes,1,High,High,Public,Neutral,4,Yes,Postgraduate,Moderate,Female,65,107.0,5.5,Medio,3,3.5
18,79,Medium,Medium,Yes,7,79,Medium,Yes,0,Low,High,Private,Neutral,3,No,College,Far,Male,65,119.4,4.0,Medio,2,1.0
15,98,High,Medium,No,6,58,High,Yes,0,Low,High,Public,Positive,3,No,College,Near,Male,69,118.8,4.0,Medio,1,1.5
19,67,Medium,Medium,No,5,82,High,Yes,1,Low,Low,Private,Negative,3,No,High School,Near,Male,63,116.19999999999999,4.5,Medio,2,-1.5
22,99,Medium,Low,Yes,6,92,Low,Yes,3,Medium,Medium,Public,Negative,4,No,Postgraduate,Moderate,Male,72,147.4,4.5,Medio,2,-1.0
31,100,Medium,Medium,No,7,59,Medium,Yes,2,High,High,Public,Positive,5,No,Postgraduate,Moderate,Male,76,184.0,5.0,Medio,3,-3.5
21,82,Medium,High,Yes,7,66,High,Yes,3,Low,Medium,Public,Positive,3,Yes,College,Near,Female,69,133.2,6.5,Medio,1,-0.5
22,67,Medium,Medium,Yes,7,72,High,Yes,3,Low,High,Public,Positive,2,No,Postgraduate,Moderate,Female,67,128.2,5.5,Medio,1,-2.0
20,73,High,Medium,Yes,9,92,Medium,Yes,2,Medium,High,Public,Positive,3,No,College,Near,Male,69,123.8,5.0,Medio,2,2.0
8,77,High,Medium,Yes,6,87,Medium,Yes,0,Low,Medium,Public,Neutral,2,No,High School,Moderate,Male,63,78.19999999999999,4.0,Medio,1,4.0
20,72,Medium,Medium,No,9,66,Medium,Yes,3,Low,High,Private,Positive,3,No,Postgraduate,Near,Male,67,123.19999999999999,5.5,Medio,2,2.0
20,71,Low,High,Yes,7,62,High,Yes,2,Medium,Medium,Public,Negative,5,No,College,Near,Male,66,122.6,6.0,Medio,2,2.0
35,99,High,High,Yes,7,85,Low,Yes,2,Medium,High,Private,Neutral,2,No,Postgraduate,Near,Female,79,199.4,6.0,Medio,4,-8.5
19,66,Medium,Medium,No,8,74,Medium,Yes,1,High,Medium,Public,Neutral,3,No,High School,Near,Female,64,115.6,4.5,Medio,3,1.5
22,89,High,High,Yes,6,80,Medium,Yes,1,High,High,Public,Positive,3,No,High School,Near,Female,73,141.4,5.5,Medio,3,-2.0
20,60,Low,High,No,7,82,High,Yes,2,Low,High,Public,Positive,4,Yes,High School,Near,Male,63,116.0,6.0,Medio,1,1.0
13,84,Medium,Medium,No,5,78,Medium,Yes,1,Low,High,Public,Positive,2,No,High School,Near,Male,65,102.4,4.5,Medio,1,0.5
27,97,Low,High,Yes,8,81,Medium,Yes,0,High,Medium,Public,Positive,5,No,High School,Near,Female,73,166.2,5.0,Medio,3,-0.5
25,72,High,High,Yes,8,94,Low,Yes,2,Low,Medium,Private,Positive,4,No,College,Moderate,Female,70,143.2,6.0,Medio,2,-0.5
25,67,High,Medium,No,9,93,High,Yes,2,Low,High,Public,Positive,3,Yes,High School,Near,Female,68,140.2,5.0,Medio,1,-0.5
15,86,Medium,Medium,Yes,7,57,Medium,Yes,1,Medium,Medium,Public,Negative,3,No,College,Near,Male,65,111.6,4.5,Medio,2,2.5
28,89,Low,High,Yes,9,79,High,Yes,0,Low,Medium,Private,Positive,1,No,College,Moderate,Female,71,165.4,5.0,Medio,2,-4.0
12,88,Low,Medium,No,6,72,Low,Yes,2,Medium,Medium,Public,Positive,2,No,College,Far,Male,64,100.8,5.0,Medio,2,2.0
24,73,Medium,High,Yes,8,64,Medium,Yes,4,High,Medium,Private,Neutral,3,Yes,College,Moderate,Male,68,139.8,7.0,Medio,6,-1.0
33,70,Medium,Medium,Yes,6,82,Low,Yes,1,Low,High,Public,Neutral,4,No,College,Near,Male,69,174.0,4.5,Medio,1,-6.5
14,98,Medium,Medium,No,7,76,Medium,Yes,0,Medium,High,Private,Positive,4,No,College,Moderate,Female,69,114.8,4.0,Medio,4,4.0
17,97,Medium,Medium,No,8,89,Medium,Yes,1,Low,Medium,Public,Neutral,4,No,High School,Far,Male,69,126.19999999999999,4.5,Medio,1,3.5
21,78,Medium,Medium,Yes,10,55,Medium,Yes,1,High,Low,Private,Positive,2,No,College,Near,Male,67,130.8,4.5,Medio,6,1.5
17,94,Low,Medium,Yes,8,65,Low,Yes,4,Medium,Medium,Public,Neutral,6,No,High School,Far,Female,68,124.4,6.0,Medio,2,5.5
11,78,Medium,High,Yes,8,51,Medium,Yes,2,Low,Medium,Public,Neutral,3,No,Postgraduate,Near,Male,64,90.8,6.0,Medio,1,5.5
20,77,Medium,Medium,No,6,87,Low,Yes,0,Low,High,Public,Positive,4,No,High School,Near,Female,66,126.19999999999999,4.0,Medio,1,0.0
14,66,High,Low,No,7,96,Medium,Yes,3,Low,High,Public,Negative,3,No,High School,Near,Male,63,95.6,4.5,Medio,1,3.0
23,77,Medium,Medium,Yes,7,79,Medium,Yes,0,Low,High,Public,Neutral,2,No,High School,Moderate,Male,66,138.2,4.0,Medio,1,-2.5
14,81,Medium,Medium,No,9,81,Medium,Yes,1,Low,High,Private,Negative,3,No,Postgraduate,Near,Female,66,104.6,4.5,Medio,2,5.0
29,61,Medium,High,Yes,7,52,Low,Yes,3,Low,Medium,Private,Positive,3,No,College,Near,Female,67,152.6,6.5,Medio,2,-4.5
15,78,High,High,No,9,75,Low,Yes,1,Low,Medium,Public,Negative,1,No,High School,Near,Male,65,106.8,5.5,Medio,1,2.5
18,91,Low,Medium,Yes,5,76,Medium,Yes,1,Medium,Medium,Public,Neutral,3,No,High School,Near,Female,68,126.6,4.5,Medio,2,-1.0
25,87,Medium,Low,No,9,52,High,Yes,1,Low,High,Private,Positive,2,No,High School,Near,Male,68,152.2,3.5,Medio,2,-1.5
13,85,High,Medium,No,6,89,Medium,Yes,0,High,Medium,Private,Neutral,1,Yes,High School,Near,Male,65,103.0,4.0,Medio,6,0.5
21,96,Medium,Medium,No,8,64,High,Yes,2,Medium,High,Public,Neutral,0,No,College,Near,Male,71,141.6,5.0,Medio,2,-2.5
28,61,Medium,High,No,6,86,High,Yes,1,Low,Medium,Private,Negative,3,Yes,Postgraduate,Far,Male,65,148.6,5.5,Medio,2,-5.0
10,82,Medium,Low,No,8,70,Medium,Yes,3,Low,High,Public,Positive,1,Yes,Postgraduate,Near,Female,64,89.19999999999999,4.5,Medio,1,4.0
21,91,High,Medium,No,6,100,Medium,Yes,0,High,Medium,Private,Neutral,2,No,Postgraduate,Near,Female,72,138.6,4.0,Medio,6,-2.5
22,82,Medium,Medium,No,9,61,Medium,Yes,2,Low,Medium,Public,Negative,2,Yes,High School,Near,Female,65,137.2,5.0,Medio,1,0.0
25,73,Medium,High,No,8,53,High,No,0,Low,High,Private,Negative,5,No,Postgraduate,Near,Female,66,143.8,3.0,Medio,2,0.5
13,65,Low,High,No,6,99,Medium,Yes,0,Low,Medium,Private,Negative,4,No,High School,Near,Male,61,91.0,5.0,Medio,2,3.5
12,96,Low,High,Yes,8,62,Medium,Yes,2,Medium,High,Public,Negative,3,No,College,Near,Female,68,105.6,6.0,Medio,2,5.0
23,79,High,High,Yes,8,82,Low,Yes,3,Medium,Medium,Public,Negative,3,Yes,Postgraduate,Moderate,Female,69,139.4,6.5,Medio,2,-0.5
22,95,Medium,High,Yes,6,69,Medium,Yes,1,Low,Medium,Public,Positive,3,No,College,Near,Female,72,145.0,5.5,Medio,1,-2.0
22,83,Medium,High,Yes,5,82,Medium,Yes,2,Low,High,Public,Positive,3,No,Postgraduate,Near,Female,71,137.8,6.0,Medio,1,-3.0
22,87,High,High,No,5,80,Low,Yes,2,Low,High,Public,Negative,3,No,High School,Near,Female,70,140.2,6.0,Medio,1,-3.0
16,92,Medium,High,Yes,5,85,Low,Yes,1,Low,Medium,Public,Neutral,2,No,High School,Moderate,Male,68,119.19999999999999,5.5,Medio,1,-1.0
21,86,Low,Medium,Yes,5,51,Medium,Yes,2,Low,High,Public,Positive,2,No,High School,Moderate,Female,67,135.6,5.0,Medio,1,-3.5
22,76,Medium,Medium,Yes,8,92,Medium,Yes,1,Low,High,Public,Neutral,4,No,High School,Near,Female,68,133.6,4.5,Medio,1,1.0
16,81,Medium,Medium,Yes,8,74,Medium,Yes,3,Medium,Medium,Public,Positive,2,No,Postgraduate,Near,Female,68,112.6,5.5,Medio,2,2.0
31,92,Medium,Medium,Yes,4,76,Medium,Yes,2,Medium,High,Public,Positive,4,Yes,High School,Far,Male,72,179.2,5.0,Medio,2,-7.5
23,75,Low,High,No,6,71,Low,Yes,0,Medium,Medium,Public,Neutral,2,No,College,Near,Male,65,137.0,5.0,Medio,2,-3.5
13,76,Medium,High,No,5,99,Low,Yes,2,Medium,Medium,Private,Positive,4,No,High School,Near,Female,66,97.6,6.0,Medio,4,2.5
24,64,Medium,Medium,Yes,8,90,High,Yes,0,Low,High,Public,Negative,3,No,High School,Near,Male,65,134.4,4.0,Medio,1,-1.0
14,97,Medium,Medium,Yes,6,66,Medium,Yes,2,Medium,Medium,Public,Negative,3,Yes,College,Near,Female,67,114.19999999999999,5.0,Medio,2,2.0
25,64,Medium,High,No,5,89,Low,Yes,2,Medium,Medium,Public,Neutral,4,No,College,Far,Male,66,138.4,6.0,Medio,2,-3.5
27,86,Medium,Medium,No,7,72,Low,Yes,1,Medium,High,Public,Positive,4,No,High School,Far,Male,69,159.6,4.5,Medio,2,-2.5
15,77,Medium,Medium,Yes,8,94,Low,Yes,0,High,High,Public,Positive,3,No,College,Moderate,Male,66,106.19999999999999,4.0,Medio,3,3.5
26,76,Medium,High,Yes,6,52,Medium,Yes,4,High,Low,Public,Neutral,3,No,High School,Near,Male,69,149.6,7.0,Medio,3,-4.0
22,87,High,Low,Yes,7,68,Medium,No,0,Low,Medium,Public,Neutral,2,No,High School,Near,Male,67,140.2,1.0,Medio,1,-2.0
25,63,High,Medium,Yes,6,71,Medium,Yes,1,Medium,Low,Private,Positive,3,No,High School,Near,Male,66,137.8,4.5,Medio,4,-3.5
31,84,Medium,Medium,Yes,9,87,Medium,Yes,2,Low,Medium,Private,Neutral,3,No,College,Far,Male,71,174.4,5.0,Medio,2,-3.5
19,91,High,Low,No,6,59,Medium,Yes,5,Medium,High,Public,Neutral,4,No,College,Moderate,Male,70,130.6,5.5,Medio,2,0.5
15,93,High,Medium,No,6,64,Medium,Yes,2,Medium,High,Public,Positive,4,No,Postgraduate,Near,Male,71,115.8,5.0,Medio,2,2.5
15,67,Medium,Medium,Yes,7,86,High,Yes,1,High,Medium,Private,Positive,3,No,Postgraduate,Near,Male,66,100.19999999999999,4.5,Medio,6,2.5
15,96,Medium,Medium,No,7,54,High,No,3,Medium,High,Public,Negative,2,No,High School,Near,Male,67,117.6,3.5,Medio,2,1.5
20,86,High,Low,No,8,60,Medium,Yes,1,Medium,Medium,Public,Neutral,4,Yes,College,Far,Female,66,131.6,3.5,Medio,2,2.0
22,95,Medium,High,No,9,88,Low,Yes,0,Low,High,Public,Positive,2,No,Postgraduate,Near,Male,72,145.0,5.0,Medio,1,0.0
22,79,Medium,Medium,No,9,94,Medium,Yes,1,Medium,Medium,Public,Positive,3,No,High School,Near,Male,68,135.4,4.5,Medio,2,1.0
25,82,Medium,Medium,No,6,86,Medium,No,3,Low,High,Public,Positive,3,No,High School,Near,Female,69,149.2,3.5,Medio,1,-3.5
20,97,Medium,Medium,Yes,7,76,Low,Yes,2,Low,Low,Private,Positive,3,No,Postgraduate,Near,Male,71,138.2,5.0,Medio,2,0.0
29,96,Medium,Medium,Yes,9,55,Low,No,0,Medium,Medium,Public,Neutral,2,No,Postgraduate,Far,Female,70,173.6,2.0,Medio,2,-3.5
18,78,Medium,Medium,No,9,91,High,Yes,2,High,Low,Public,Neutral,4,No,College,Far,Female,67,118.8,5.0,Medio,3,4.0
36,71,Medium,Medium,Yes,6,56,Medium,Yes,2,High,Medium,Public,Positive,2,No,High School,Far,Male,69,186.6,5.0,Medio,3,-10.0
24,76,Low,High,No,8,69,Low,Yes,2,Medium,Medium,Public,Neutral,1,No,High School,Moderate,Male,65,141.6,6.0,Medio,2,-3.0
15,76,High,High,No,8,53,Medium,Yes,1,Low,Medium,Public,Neutral,4,No,College,Near,Male,65,105.6,5.5,Medio,1,4.5
14,71,Medium,Medium,Yes,8,85,Low,Yes,2,Medium,High,Public,Neutral,4,No,High School,Near,Male,64,98.6,5.0,Medio,2,5.0
23,71,Low,Low,Yes,9,75,Low,Yes,1,Low,Medium,Public,Negative,2,No,College,Near,Male,63,134.6,3.5,Medio,1,-0.5
19,94,Low,Medium,Yes,5,95,Medium,Yes,3,Low,Low,Public,Positive,2,No,High School,Moderate,Male,69,132.4,5.5,Medio,1,-2.5
24,63,Medium,Low,Yes,6,57,Medium,Yes,1,Low,High,Private,Neutral,5,No,College,Near,Female,64,133.8,3.5,Medio,2,-1.0
23,87,High,High,Yes,8,91,High,Yes,0,High,Medium,Private,Positive,3,No,High School,Moderate,Male,72,144.2,5.0,Medio,6,-0.5
20,67,Low,Medium,Yes,7,76,Medium,Yes,0,Medium,Medium,Public,Neutral,4,No,High School,Near,Male,63,120.19999999999999,4.0,Medio,2,1.0
15,74,Low,High,Yes,4,68,Low,Yes,3,Low,Medium,Public,Positive,3,No,High School,Near,Female,64,104.4,6.5,Medio,1,-0.5
11,62,Medium,High,Yes,5,82,Medium,Yes,3,High,Medium,Private,Neutral,4,No,College,Moderate,Male,64,81.19999999999999,6.5,Medio,6,3.5
17,71,Medium,Medium,Yes,8,90,Medium,Yes,5,Medium,Medium,Public,Positive,1,No,Postgraduate,Far,Male,67,110.6,6.5,Medio,2,0.5
25,91,Medium,Medium,No,8,72,Low,Yes,2,Medium,High,Public,Positive,0,No,Postgraduate,Near,Male,71,154.6,5.0,Medio,2,-4.5
21,95,Medium,Medium,No,5,62,High,Yes,1,Medium,Low,Public,Positive,4,No,High School,Near,Male,70,141.0,4.5,Medio,2,-1.5
13,69,Medium,Low,Yes,9,96,Low,Yes,0,High,Medium,Private,Neutral,4,No,High School,Far,Female,61,93.4,3.0,Medio,6,6.5
21,79,Medium,High,Yes,7,66,Low,Yes,2,Low,Medium,Public,Negative,4,No,College,Moderate,Male,67,131.4,6.0,Medio,1,0.5
22,79,High,Medium,No,5,100,Medium,Yes,4,High,High,Public,Negative,3,No,College,Near,Male,72,135.4,6.0,Medio,3,-3.0
15,95,Low,Low,Yes,6,88,Low,Yes,1,Low,Medium,Public,Negative,5,No,High School,Near,Male,66,117.0,3.5,Medio,1,3.5
21,91,Medium,High,Yes,5,84,Medium,Yes,1,High,Low,Public,Neutral,2,No,High School,Near,Male,70,138.6,5.5,Medio,3,-3.5
20,81,High,Medium,Yes,6,51,High,No,3,Medium,Medium,Public,Neutral,4,Yes,High School,Near,Male,67,128.6,3.5,Medio,2,0.0
13,87,High,Low,Yes,4,72,Medium,Yes,2,Medium,High,Public,Neutral,3,No,High School,Moderate,Female,67,104.19999999999999,4.0,Medio,2,0.5
22,94,Low,Medium,Yes,7,75,High,Yes,2,High,Medium,Public,Neutral,2,No,College,Near,Female,71,144.4,5.0,Medio,3,-2.0
23,60,High,Medium,Yes,8,69,Medium,Yes,1,Low,Medium,Private,Positive,4,No,College,Near,Male,66,128.0,4.5,Medio,2,0.5
26,76,Medium,Medium,Yes,5,57,Medium,Yes,1,Medium,Medium,Public,Positive,4,No,High School,Near,Male,68,149.6,4.5,Medio,2,-4.0
26,96,Medium,Medium,Yes,7,68,Medium,Yes,3,High,Medium,Private,Positive,3,No,College,Near,Female,74,161.6,5.5,Medio,6,-3.0
12,90,Medium,Low,Yes,6,54,Medium,No,1,High,Medium,Public,Neutral,3,No,High School,Near,Male,64,102.0,1.5,Medio,3,3.0
14,82,Medium,Medium,No,8,65,Medium,Yes,1,Low,Medium,Private,Positive,3,No,College,Near,Male,65,105.19999999999999,4.5,Medio,2,4.0
23,81,Low,Medium,Yes,4,54,Medium,Yes,1,Low,Medium,Public,Neutral,3,No,College,Near,Male,66,140.6,4.5,Medio,1,-4.5
23,74,Medium,High,Yes,8,88,Low,Yes,0,Medium,High,Public,Negative,3,Yes,High School,Near,Male,66,136.4,5.0,Medio,2,-0.5
23,81,Medium,Low,No,4,84,Medium,Yes,2,Medium,Medium,Public,Positive,5,No,High School,Near,Male,68,140.6,4.0,Medio,2,-2.5
43,86,High,Medium,Yes,7,97,Medium,Yes,2,Medium,High,Public,Positive,1,No,High School,Near,Female,78,223.6,5.0,Medio,2,-13.5
23,77,Medium,High,Yes,6,69,Low,Yes,1,Medium,Medium,Private,Positive,2,No,High School,Moderate,Female,67,138.2,5.5,Medio,4,-3.5
27,89,Medium,High,Yes,6,89,Medium,Yes,3,Medium,Medium,Private,Positive,3,No,High School,Near,Male,74,161.4,6.5,Medio,4,-4.5
26,94,Medium,High,No,5,79,High,Yes,1,Low,High,Public,Positive,2,No,Postgraduate,Near,Male,74,160.4,5.5,Medio,1,-6.0
24,66,Medium,Low,No,9,82,Low,Yes,1,Medium,Medium,Public,Neutral,2,Yes,High School,Near,Female,62,135.6,3.5,Medio,2,-1.0
18,78,High,Medium,Yes,5,77,Medium,No,2,Medium,Medium,Public,Neutral,4,No,High School,Far,Male,66,118.8,3.0,Medio,2,0.0
25,76,Medium,Medium,Yes,5,89,High,Yes,3,Medium,High,Public,Neutral,3,No,High School,Far,Female,69,145.6,5.5,Medio,2,-4.5
15,87,Medium,High,Yes,10,52,Medium,Yes,2,Low,High,Private,Positive,3,No,College,Near,Male,68,112.19999999999999,6.0,Medio,2,5.5
17,86,High,Low,No,5,55,Low,No,2,High,Medium,Private,Neutral,4,No,College,Near,Male,66,119.6,2.0,Medio,6,0.5
20,95,Low,Medium,Yes,7,64,Low,No,2,Medium,High,Public,Neutral,3,No,High School,Near,Female,68,137.0,3.0,Medio,2,0.0
34,77,Medium,Low,Yes,7,80,Low,Yes,0,Medium,Medium,Public,Positive,3,No,High School,Near,Male,69,182.2,3.0,Medio,2,-7.0
9,96,Medium,Medium,Yes,4,82,High,No,0,Low,Medium,Public,Positive,4,No,College,Near,Male,67,93.6,2.0,Medio,1,3.5
24,100,High,High,Yes,6,86,Low,Yes,2,Medium,Medium,Private,Positive,5,No,High School,Near,Male,75,156.0,6.0,Medio,4,-1.0
10,64,Medium,High,No,7,64,High,Yes,0,Medium,Medium,Public,Positive,4,Yes,High School,Moderate,Female,60,78.4,5.0,Medio,2,6.0
17,69,High,Medium,Yes,9,83,Medium,Yes,2,Medium,High,Private,Positive,4,Yes,College,Moderate,Female,66,109.4,5.0,Medio,4,4.5
27,98,Low,High,Yes,7,56,Low,Yes,1,High,Medium,Private,Positive,3,No,College,Near,Female,73,166.8,5.5,Medio,6,-3.5
20,98,Medium,Low,No,7,50,Low,Yes,1,Medium,High,Private,Neutral,2,No,High School,Near,Female,68,138.8,3.5,Medio,4,-1.0
14,64,Medium,Medium,Yes,6,85,Medium,Yes,0,Medium,Medium,Public,Neutral,3,No,High School,Near,Male,62,94.4,4.0,Medio,2,2.0
16,61,Medium,Medium,No,9,86,Low,Yes,2,Low,High,Public,Positive,2,No,High School,Near,Male,62,100.6,5.0,Medio,1,3.0
24,66,High,Low,Yes,8,81,High,Yes,1,Medium,Medium,Public,Neutral,4,No,High School,Far,Male,65,135.6,3.5,Medio,2,0.0
16,100,High,Low,Yes,8,63,High,Yes,2,Low,Medium,Public,Negative,3,No,High School,Moderate,Male,69,124.0,4.0,Medio,1,3.0
21,67,Medium,Medium,No,7,96,Low,Yes,3,Low,Medium,Public,Neutral,2,No,High School,Far,Female,64,124.19999999999999,5.5,Medio,1,-1.5
20,80,Medium,High,No,5,94,Medium,Yes,0,Low,Low,Private,Positive,4,Yes,Postgraduate,Moderate,Female,67,128.0,5.0,Medio,2,-1.0
16,94,High,High,Yes,9,76,Medium,Yes,0,Low,High,Public,Neutral,2,No,High School,Near,Male,70,120.4,5.0,Medio,1,3.0
33,61,Medium,Medium,No,7,99,High,Yes,2,Medium,High,Public,Neutral,3,No,College,Near,Female,70,168.6,5.0,Medio,2,-6.5
24,84,High,Low,No,7,65,Low,Yes,3,Medium,High,Public,Positive,3,No,High School,Near,Female,69,146.4,4.5,Medio,2,-2.0
8,71,High,Low,No,8,75,Medium,Yes,0,Medium,High,Public,Positive,3,No,High School,Near,Male,61,74.6,3.0,Medio,2,7.0
21,94,Medium,Medium,No,7,96,Low,Yes,0,Medium,Medium,Private,Neutral,2,Yes,Postgraduate,Moderate,Male,69,140.4,4.0,Medio,4,-1.5
16,71,High,Medium,Yes,5,73,Medium,Yes,1,Medium,Medium,Public,Neutral,0,Yes,High School,Near,Male,63,106.6,4.5,Medio,2,-3.0
25,87,Medium,Low,Yes,7,74,Low,Yes,0,Medium,High,Public,Neutral,4,Yes,High School,Near,Male,67,152.2,3.0,Medio,2,-1.5
15,87,Low,Medium,No,4,54,Medium,Yes,1,Medium,Medium,Public,Neutral,6,No,High School,Moderate,Male,65,112.19999999999999,4.5,Medio,2,2.5
19,69,Medium,Medium,Yes,7,61,High,Yes,3,High,High,Public,Neutral,4,No,High School,Moderate,Male,66,117.4,5.5,Medio,3,1.5
23,61,Low,Medium,No,9,58,Medium,Yes,4,Medium,Medium,Public,Neutral,2,No,High School,Near,Male,63,128.6,6.0,Medio,2,-0.5
25,76,Medium,High,Yes,4,78,Medium,Yes,2,Medium,Medium,Private,Negative,3,No,High School,Moderate,Female,68,145.6,6.0,Medio,4,-5.5
13,72,High,High,No,7,66,Medium,Yes,0,Low,High,Public,Neutral,4,No,Postgraduate,Near,Male,65,95.19999999999999,5.0,Medio,1,4.5
18,92,Low,Medium,Yes,8,54,Medium,Yes,1,Medium,Medium,Public,Positive,3,No,High School,Near,Male,67,127.19999999999999,4.5,Medio,2,2.0
17,92,Low,Low,Yes,8,75,Medium,Yes,2,Medium,High,Public,Neutral,3,No,Postgraduate,Near,Female,68,123.19999999999999,4.0,Medio,2,2.5
16,78,Medium,High,No,6,83,Medium,Yes,0,Low,Low,Public,Neutral,3,Yes,College,Near,Male,64,110.8,5.0,Medio,1,1.0
31,84,Medium,Medium,No,5,87,High,Yes,0,Medium,Medium,Private,Positive,3,No,College,Moderate,Male,71,174.4,4.0,Medio,4,-7.5
22,84,Medium,Medium,Yes,6,92,Low,Yes,0,Medium,Medium,Public,Neutral,5,No,High School,Near,Female,69,138.4,4.0,Medio,2,0.0
12,93,Medium,Medium,Yes,9,74,Low,Yes,1,Medium,Medium,Public,Neutral,3,No,Postgraduate,Moderate,Male,67,103.8,4.5,Medio,2,6.0
26,77,Low,Medium,No,4,70,Low,Yes,2,High,Low,Public,Neutral,3,Yes,College,Moderate,Female,65,150.2,5.0,Medio,3,-6.0
33,71,Low,Medium,No,5,84,Medium,Yes,1,Medium,Medium,Public,Positive,2,No,High School,Near,Male,68,174.6,4.5,Medio,2,-9.5
26,71,High,Medium,Yes,6,51,Low,No,1,High,Medium,Private,Positive,3,No,Postgraduate,Moderate,Male,67,146.6,2.5,Medio,6,-4.0
11,81,Medium,Medium,Yes,6,82,High,Yes,3,Medium,High,Public,Neutral,4,No,High School,Near,Male,67,92.6,5.5,Medio,2,4.5
17,78,Medium,High,Yes,7,70,Medium,No,2,Low,High,Public,Positive,3,No,High School,Near,Male,66,114.8,4.0,Medio,1,1.5
28,78,High,Medium,No,9,73,High,Yes,2,Medium,Medium,Public,Neutral,4,No,College,Moderate,Female,70,158.8,5.0,Medio,2,-1.0
16,64,High,Low,Yes,5,65,Medium,Yes,3,Medium,High,Private,Positive,4,No,Postgraduate,Moderate,Female,65,102.4,4.5,Medio,4,1.0
23,89,Low,Low,Yes,7,56,Low,Yes,4,Medium,Low,Private,Positive,4,No,Postgraduate,Near,Female,69,145.4,5.0,Medio,4,-0.5
25,69,Medium,Medium,Yes,7,70,Low,No,1,High,High,Public,Positive,4,No,High School,Far,Female,65,141.4,2.5,Medio,3,-1.5
14,68,High,Medium,No,6,65,Medium,Yes,1,High,Medium,Public,Neutral,3,Yes,College,Near,Male,63,96.8,4.5,Medio,3,2.0
20,77,Medium,Medium,No,5,98,Low,Yes,2,Low,High,Private,Neutral,2,No,Postgraduate,Far,Female,67,126.19999999999999,5.0,Medio,2,-3.0
1,69,High,Medium,Yes,6,97,Medium,Yes,1,Low,Medium,Public,Positive,3,No,High School,Near,Female,61,45.4,4.5,Medio,1,8.5
14,83,Medium,Low,Yes,6,82,Medium,Yes,0,Medium,Medium,Public,Positive,2,No,High School,Near,Female,65,105.8,3.0,Medio,2,1.0
18,75,Low,High,Yes,8,95,Medium,Yes,1,Low,Low,Public,Neutral,2,No,College,Near,Female,66,117.0,5.5,Medio,1,1.0
13,78,Medium,High,Yes,8,88,High,Yes,0,High,Low,Public,Neutral,3,No,College,Near,Male,66,98.8,5.0,Medio,3,4.5
30,81,Medium,Low,Yes,5,67,Medium,Yes,1,High,High,Public,Negative,1,No,High School,Near,Male,69,168.6,3.5,Medio,3,-9.0
11,68,Medium,Medium,No,6,80,Medium,Yes,2,Medium,Medium,Public,Positive,3,No,College,Moderate,Female,63,84.8,5.0,Medio,2,3.5
17,66,Low,High,No,6,61,Medium,Yes,1,High,Medium,Public,Positive,6,No,Postgraduate,Near,Male,65,107.6,5.5,Medio,3,3.5
21,95,Low,Low,No,10,84,Low,Yes,0,High,Medium,Public,Neutral,4,Yes,High School,Near,Male,67,141.0,3.0,Medio,3,3.5
29,77,High,High,Yes,7,52,Medium,Yes,2,High,Medium,Public,Negative,3,Yes,High School,Near,Female,69,162.2,6.0,Medio,3,-4.5
11,76,Low,Medium,Yes,5,92,Medium,Yes,4,Medium,Low,Public,Negative,2,No,Postgraduate,Near,Male,65,89.6,6.0,Medio,2,1.5
27,61,Medium,Medium,No,6,79,Medium,Yes,1,Low,Medium,Public,Positive,3,No,High School,Moderate,Male,65,144.6,4.5,Medio,1,-4.5
20,80,High,Low,Yes,6,53,Medium,Yes,0,Low,Medium,Public,Neutral,2,No,College,Moderate,Male,65,128.0,3.0,Medio,1,-2.0
14,82,Medium,High,Yes,8,94,Low,Yes,2,Low,High,Public,Negative,5,No,College,Far,Female,67,105.19999999999999,6.0,Medio,1,6.0
23,82,Low,Medium,Yes,8,94,Medium,Yes,1,Medium,Medium,Public,Negative,2,Yes,High School,Near,Male,66,141.2,4.5,Medio,2,-1.5
21,88,Medium,High,No,7,93,Medium,Yes,4,Low,Medium,Public,Positive,3,No,High School,Near,Female,72,136.8,7.0,Medio,1,-0.5
16,67,Medium,High,No,7,89,High,Yes,3,Low,Medium,Public,Positive,3,No,College,Near,Male,66,104.19999999999999,6.5,Medio,1,2.0
20,70,Medium,Medium,Yes,7,84,Low,No,2,Medium,High,Private,Neutral,4,No,College,Far,Male,65,122.0,3.0,Medio,4,1.0
18,92,High,Medium,Yes,7,70,Medium,Yes,1,Low,Medium,Public,Neutral,3,No,High School,Moderate,Male,69,127.19999999999999,4.5,Medio,1,1.0
21,98,Medium,Low,No,4,57,Medium,Yes,2,High,Low,Public,Neutral,2,No,High School,Near,Female,68,142.8,4.0,Medio,3,-4.5
24,65,Medium,Low,No,7,64,Low,Yes,1,High,Medium,Public,Neutral,1,No,Postgraduate,Near,Male,64,135.0,3.5,Medio,3,-4.0
30,80,Low,High,No,6,67,Medium,Yes,3,Medium,Medium,Public,Negative,4,No,College,Moderate,Female,69,168.0,6.5,Medio,2,-5.0
13,69,Medium,Low,Yes,5,68,Low,Yes,0,High,Medium,Public,Positive,1,Yes,High School,Moderate,Female,59,93.4,3.0,Bajo,3,-0.5
33,62,High,Medium,Yes,10,78,Medium,Yes,0,Medium,Medium,Private,Positive,3,No,High School,Moderate,Female,68,169.2,4.0,Medio,4,-3.5
8,73,Medium,Medium,No,7,60,Medium,No,0,High,Medium,Private,Neutral,3,No,High School,Near,Female,60,75.8,2.0,Medio,6,6.0
19,66,Medium,High,No,7,59,Medium,Yes,1,High,Medium,Public,Negative,3,No,High School,Far,Male,62,115.6,5.5,Medio,3,0.5
24,88,Low,Medium,Yes,6,86,Low,Yes,0,Low,Low,Public,Negative,3,No,College,Near,Male,67,148.8,4.0,Medio,1,-3.0
22,81,Low,High,Yes,8,50,High,Yes,4,Medium,Medium,Private,Positive,5,No,High School,Far,Female,68,136.6,7.0,Medio,4,2.0
16,66,Medium,High,Yes,5,57,High,Yes,3,Medium,Medium,Public,Positive,3,No,High School,Moderate,Female,64,103.6,6.5,Medio,2,0.0
19,60,Medium,High,Yes,7,72,High,Yes,3,Low,High,Public,Positive,3,No,High School,Moderate,Female,65,112.0,6.5,Medio,1,0.5
17,92,Low,Low,Yes,6,57,Medium,Yes,2,Medium,Medium,Private,Positive,2,Yes,High School,Moderate,Female,65,123.19999999999999,4.0,Medio,4,-0.5
16,67,High,Medium,No,8,98,Medium,Yes,0,Low,Low,Public,Neutral,3,No,High School,Near,Female,63,104.19999999999999,4.0,Medio,1,3.0
25,84,Medium,Low,Yes,6,84,Low,Yes,2,Medium,High,Public,Positive,3,No,High School,Near,Male,70,150.4,4.0,Medio,2,-3.5
22,73,Low,Medium,Yes,9,72,Low,Yes,3,Medium,Medium,Public,Positive,3,No,High School,Near,Female,66,131.8,5.5,Medio,2,1.0
16,83,Medium,High,Yes,7,56,Low,Yes,4,High,Medium,Public,Positive,3,No,High School,Near,Female,68,113.8,7.0,Medio,3,2.0
25,73,Low,Low,No,8,69,Medium,Yes,3,Medium,Medium,Private,Positive,3,No,High School,Near,Female,66,143.8,4.5,Medio,4,-1.5
22,63,Low,Low,No,8,83,Medium,Yes,3,Medium,Medium,Private,Negative,1,No,College,Near,Male,63,125.8,4.5,Medio,4,-2.0
25,69,High,Medium,Yes,9,98,Medium,Yes,1,Low,Medium,Public,Negative,3,Yes,College,Moderate,Female,66,141.4,4.5,Medio,1,-0.5
24,68,Medium,Medium,Yes,6,74,Medium,Yes,1,Medium,Medium,Public,Neutral,3,No,High School,Near,Female,65,136.8,4.5,Medio,2,-3.0
15,77,Medium,Medium,Yes,8,85,High,Yes,1,Low,Medium,Public,Positive,2,No,Postgraduate,Moderate,Male,66,106.19999999999999,4.5,Medio,1,2.5
17,86,High,Low,Yes,4,60,High,Yes,2,High,Low,Private,Positive,3,Yes,College,Moderate,Female,67,119.6,4.0,Medio,6,-1.5
24,71,Medium,Medium,Yes,7,81,Medium,Yes,0,Low,Medium,Private,Positive,3,No,High School,Near,Male,66,138.6,4.0,Medio,2,-2.0
24,60,Low,Medium,No,6,62,High,Yes,4,Low,High,Public,Negative,3,No,High School,Near,Female,63,132.0,6.0,Medio,1,-3.0
20,81,Medium,Medium,Yes,5,60,Low,Yes,3,Medium,Medium,Public,Positive,4,Yes,High School,Near,Male,66,128.6,5.5,Medio,2,-1.0
21,84,Medium,Medium,No,6,75,Low,No,1,High,Medium,Public,Positive,3,No,College,Moderate,Male,67,134.4,2.5,Medio,3,-1.5
28,99,Medium,Medium,Yes,6,61,Medium,No,1,Low,Medium,Public,Positive,3,No,High School,Near,Male,71,171.4,2.5,Medio,1,-5.0
16,84,Medium,High,Yes,7,86,Medium,Yes,1,Low,Medium,Private,Neutral,2,No,High School,Near,Female,67,114.4,5.5,Medio,2,1.0
23,79,Medium,High,Yes,6,97,Medium,Yes,1,High,Low,Public,Neutral,4,No,High School,Moderate,Male,69,139.4,5.5,Medio,3,-1.5
19,83,Medium,Medium,Yes,7,70,Medium,Yes,2,Low,Medium,Public,Negative,4,Yes,Postgraduate,Near,Female,67,125.8,5.0,Medio,1,1.5
19,97,High,Medium,Yes,6,66,High,Yes,2,Medium,Medium,Private,Positive,2,No,College,Moderate,Female,72,134.2,5.0,Medio,4,-1.5
27,93,High,Low,No,6,59,High,Yes,2,Low,Medium,Private,Negative,4,No,High School,Near,Female,70,163.8,4.0,Medio,2,-3.5
25,73,Medium,High,Yes,7,70,Low,Yes,0,Low,Medium,Private,Neutral,4,No,Postgraduate,Moderate,Male,67,143.8,5.0,Medio,2,-1.5
25,69,Low,High,Yes,7,78,Medium,Yes,0,Low,High,Public,Negative,3,No,High School,Far,Female,64,141.4,5.0,Medio,1,-2.5
28,71,Medium,Medium,No,8,69,High,Yes,1,Medium,High,Private,Neutral,1,No,College,Moderate,Female,67,154.6,4.5,Medio,4,-5.0
20,80,Low,High,No,8,81,Medium,Yes,3,Medium,Medium,Private,Negative,4,No,Postgraduate,Near,Male,69,128.0,6.5,Medio,4,2.0
24,90,Low,Low,No,7,83,Medium,Yes,0,Low,Medium,Private,Positive,3,No,College,Near,Male,68,150.0,3.0,Medio,2,-2.0
18,80,Medium,Medium,No,8,55,Low,Yes,2,Low,Low,Public,Neutral,3,No,High School,Moderate,Male,63,120.0,5.0,Medio,1,2.0
22,63,Medium,High,Yes,7,85,Medium,Yes,4,High,High,Public,Negative,3,No,College,Near,Female,68,125.8,7.0,Medio,3,-1.0
19,89,High,Medium,Yes,7,95,Medium,Yes,0,Medium,Medium,Public,Positive,3,No,High School,Near,Male,70,129.4,4.0,Medio,2,0.5
21,92,Medium,Low,Yes,8,51,Low,Yes,0,Medium,Medium,Public,Neutral,2,No,College,Moderate,Male,66,139.2,3.0,Medio,2,-0.5
24,72,High,High,No,6,78,High,Yes,0,Low,High,Public,Negative,6,No,High School,Near,Female,68,139.2,5.0,Medio,1,0.0
15,87,High,Low,Yes,4,80,High,Yes,0,Low,Medium,Private,Positive,3,No,College,Near,Male,67,112.19999999999999,3.0,Medio,2,-0.5
33,77,Low,High,Yes,5,85,Medium,Yes,0,Low,Medium,Private,Neutral,5,No,High School,Far,Female,69,178.2,5.0,Medio,2,-6.5
14,96,Medium,Low,Yes,9,69,High,Yes,0,Medium,Medium,Private,Negative,3,Yes,College,Near,Female,66,113.6,3.0,Medio,4,5.0
13,94,Medium,Medium,Yes,7,91,Low,Yes,3,Low,Medium,Public,Neutral,3,No,High School,Near,Male,68,108.4,5.5,Medio,1,3.5
27,81,Medium,Medium,Yes,7,77,Medium,Yes,2,Medium,Low,Public,Neutral,2,Yes,Postgraduate,Moderate,Female,69,156.6,5.0,Medio,2,-4.5
25,88,Medium,Medium,Yes,7,70,Low,Yes,1,Medium,Medium,Private,Positive,3,No,Postgraduate,Moderate,Male,70,152.8,4.5,Medio,4,-2.5
24,95,Medium,High,Yes,8,86,High,Yes,1,Medium,High,Private,Neutral,3,No,College,Near,Male,74,153.0,5.5,Medio,4,-1.0
24,80,Medium,High,Yes,7,96,High,Yes,0,Low,High,Public,Positive,0,No,College,Moderate,Female,70,144.0,5.0,Medio,1,-5.0
20,73,Medium,Medium,Yes,7,91,Low,Yes,1,Medium,High,Public,Neutral,2,No,Postgraduate,Moderate,Male,66,123.8,4.5,Medio,2,-1.0
15,90,High,Medium,Yes,8,97,Medium,Yes,1,Low,High,Private,Negative,3,No,College,Near,Female,69,114.0,4.5,Medio,2,3.5
20,69,Medium,High,No,6,63,Low,Yes,0,Low,Medium,Public,Negative,3,No,Postgraduate,Near,Male,64,121.4,5.0,Medio,1,-1.0
16,76,Low,High,Yes,8,56,Medium,No,1,Low,Medium,Public,Positive,1,No,High School,Near,Male,62,109.6,3.5,Medio,1,1.0
26,95,Low,High,No,7,77,Medium,Yes,0,Medium,Medium,Public,Neutral,3,No,High School,Moderate,Female,70,161.0,5.0,Medio,2,-3.0
19,89,High,Medium,Yes,7,52,Medium,Yes,2,Medium,Medium,Public,Negative,4,No,High School,Moderate,Male,68,129.4,5.0,Medio,2,1.5
15,76,Medium,Medium,Yes,6,84,Low,Yes,0,Medium,High,Public,Neutral,3,No,College,Near,Female,65,105.6,4.0,Medio,2,1.5
18,69,High,High,No,7,62,Low,Yes,3,Medium,Medium,Public,Positive,3,No,High School,Moderate,Male,65,113.4,6.5,Medio,2,1.0
22,74,High,High,Yes,6,73,Low,Yes,3,High,High,Public,Positive,4,No,Postgraduate,Moderate,Female,71,132.4,6.5,Medio,3,-1.0
17,71,High,Medium,Yes,9,83,Low,Yes,2,Medium,Medium,Public,Neutral,5,No,High School,Near,Male,66,110.6,5.0,Medio,2,5.5
15,67,Medium,Medium,No,4,74,Medium,Yes,0,Low,Medium,Public,Negative,3,No,College,Moderate,Male,61,100.19999999999999,4.0,Medio,1,-0.5
21,90,Low,Medium,Yes,8,62,Low,Yes,2,Medium,High,Public,Negative,5,Yes,High School,Near,Male,67,138.0,5.0,Medio,2,2.5
21,70,Low,High,Yes,4,94,Medium,Yes,0,Low,High,Private,Neutral,2,No,College,Far,Male,65,126.0,5.0,Medio,2,-4.5
17,78,Medium,High,No,8,88,Medium,Yes,0,Low,Medium,Public,Negative,3,No,High School,Near,Female,65,114.8,5.0,Medio,1,2.5
17,75,Medium,High,Yes,6,80,Medium,No,1,Low,Medium,Private,Positive,5,No,High School,Moderate,Male,65,113.0,3.5,Medio,2,2.5
21,99,Medium,Medium,No,8,85,High,Yes,4,Medium,Medium,Public,Positive,4,No,High School,Moderate,Male,73,143.4,6.0,Medio,2,1.5
11,76,Medium,Medium,Yes,7,71,Medium,No,1,Medium,Low,Public,Neutral,2,No,College,Near,Male,62,89.6,2.5,Medio,2,3.5
12,63,Medium,High,Yes,5,69,Low,Yes,0,Medium,High,Public,Negative,2,No,College,Moderate,Female,60,85.8,5.0,Medio,2,1.0
16,64,Low,Medium,Yes,9,58,Low,Yes,1,Medium,Medium,Public,Positive,3,No,College,Moderate,Female,61,102.4,4.5,Medio,2,4.0
19,84,Low,Medium,Yes,8,90,High,Yes,2,Low,Medium,Private,Neutral,3,No,Postgraduate,Far,Male,67,126.4,5.0,Medio,2,1.5
22,84,High,Medium,No,8,69,Medium,No,3,Medium,High,Private,Neutral,4,No,College,Near,Male,70,138.4,3.5,Medio,4,1.0
29,77,Low,High,No,6,85,Medium,Yes,1,Medium,Medium,Public,Positive,1,No,College,Near,Male,69,162.2,5.5,Medio,2,-7.5
25,77,Medium,Low,Yes,8,65,High,No,0,Medium,Medium,Public,Positive,5,No,College,Far,Female,66,146.2,1.0,Medio,2,0.5
19,62,Medium,Medium,No,5,90,Low,Yes,2,Low,High,Public,Positive,3,No,College,Moderate,Male,64,113.19999999999999,5.0,Medio,1,-1.5
20,81,High,Medium,Yes,4,55,Medium,Yes,1,High,Medium,Private,Positive,2,No,Postgraduate,Moderate,Male,68,128.6,4.5,Medio,6,-4.0
14,80,High,Medium,Yes,5,81,Medium,Yes,1,Low,Medium,Public,Positive,4,No,Postgraduate,Far,Female,67,104.0,4.5,Medio,1,2.0
20,66,Medium,Medium,No,6,90,High,Yes,0,Medium,Medium,Public,Neutral,1,No,College,Near,Female,64,119.6,4.0,Medio,2,-3.0
18,64,Medium,Medium,Yes,6,83,High,Yes,2,Low,Medium,Public,Positive,2,No,College,Near,Male,65,110.4,5.0,Medio,1,-1.0
22,65,Low,High,Yes,6,85,Medium,Yes,2,High,Medium,Public,Positive,3,Yes,Postgraduate,Near,Female,66,127.0,6.0,Medio,3,-2.0
15,64,Medium,Medium,Yes,6,76,High,Yes,2,Medium,Medium,Private,Positive,4,Yes,High School,Near,Female,63,98.4,5.0,Medio,4,2.5
23,84,High,Medium,Yes,6,78,Low,Yes,2,Low,Low,Public,Negative,2,No,High School,Moderate,Female,68,142.4,5.0,Medio,1,-3.5
29,68,Medium,High,Yes,4,53,Medium,Yes,1,Medium,Medium,Private,Negative,4,No,High School,Far,Male,66,156.8,5.5,Medio,4,-6.5
19,70,Medium,Medium,No,7,63,Low,No,3,Low,Low,Public,Neutral,5,No,High School,Near,Male,63,118.0,3.5,Medio,1,2.5
22,67,Low,Medium,No,7,86,Low,Yes,1,Low,Medium,Public,Positive,3,No,High School,Moderate,Female,63,128.2,4.5,Medio,1,-1.0
24,98,High,Medium,Yes,6,97,Medium,Yes,1,Medium,Medium,Public,Positive,4,No,College,Far,Male,74,154.8,4.5,Medio,2,-2.0
18,94,Medium,High,Yes,9,77,Low,Yes,1,Medium,High,Public,Positive,2,No,College,Moderate,Male,70,128.4,5.5,Medio,2,2.0
21,69,High,High,Yes,7,86,Medium,Yes,2,Low,Medium,Private,Neutral,3,No,High School,Near,Male,68,125.4,6.0,Medio,2,-0.5
20,73,Medium,Medium,Yes,7,84,Medium,Yes,0,Medium,Medium,Public,Neutral,4,No,Postgraduate,Moderate,Female,66,123.8,4.0,Medio,2,1.0
21,68,Medium,Low,No,8,100,Low,Yes,0,Medium,Medium,Public,Positive,4,No,High School,Far,Male,63,124.8,3.0,Medio,2,1.5
15,80,Low,High,No,5,90,Medium,Yes,4,Low,Medium,Public,Positive,3,No,College,Far,Female,67,108.0,7.0,Medio,1,0.5
20,61,Medium,Medium,No,7,81,Medium,Yes,1,Medium,Low,Public,Neutral,3,No,High School,Moderate,Male,62,116.6,4.5,Medio,2,0.0
23,87,High,High,No,8,56,Medium,Yes,1,Medium,High,Public,Positive,3,No,Postgraduate,Moderate,Male,71,144.2,5.5,Medio,2,-0.5
29,81,High,Medium,No,7,68,Medium,Yes,2,Medium,Medium,Public,Neutral,4,No,Postgraduate,Near,Male,72,164.6,5.0,Medio,2,-3.5
26,96,Medium,Medium,Yes,5,63,Medium,No,1,High,Medium,Private,Positive,2,No,Postgraduate,Near,Male,72,161.6,2.5,Medio,6,-6.0
33,67,Medium,Medium,Yes,6,93,High,Yes,0,Low,High,Public,Neutral,3,No,High School,Far,Female,68,172.2,4.0,Medio,1,-7.5
15,92,Medium,Low,Yes,7,72,Low,Yes,1,Medium,Medium,Public,Negative,5,No,High School,Near,Female,66,115.19999999999999,3.5,Medio,2,4.5
25,92,Medium,Medium,No,4,77,Medium,Yes,0,Low,Medium,Public,Positive,3,No,High School,Near,Male,70,155.2,4.0,Medio,1,-5.5
21,65,Medium,Low,Yes,5,98,High,No,2,Low,Medium,Private,Positive,4,No,Postgraduate,Near,Male,66,123.0,2.0,Medio,2,-1.5
33,76,Medium,Medium,Yes,10,92,Low,Yes,1,High,Medium,Private,Positive,3,No,Postgraduate,Near,Female,72,177.6,4.5,Medio,6,-3.5
15,67,High,Medium,Yes,8,89,Low,Yes,0,High,High,Public,Neutral,4,No,High School,Moderate,Female,64,100.19999999999999,4.0,Medio,3,4.5
15,70,High,Medium,No,9,57,Medium,Yes,1,Medium,Medium,Private,Negative,3,No,High School,Near,Female,63,102.0,4.5,Medio,4,4.5
16,71,Medium,Medium,No,8,51,Medium,Yes,0,Low,Medium,Public,Negative,2,No,Postgraduate,Far,Female,61,106.6,4.0,Medio,1,2.0
7,82,High,High,Yes,8,56,Medium,Yes,0,Low,Medium,Private,Negative,2,No,High School,Far,Male,62,77.19999999999999,5.0,Medio,2,6.5
17,76,Medium,High,No,7,87,High,Yes,1,Medium,High,Public,Positive,4,No,High School,Near,Female,68,113.6,5.5,Medio,2,2.5
15,98,Low,Medium,Yes,8,71,Low,Yes,1,Medium,Medium,Public,Positive,3,No,High School,Near,Male,68,118.8,4.5,Medio,2,3.5
21,65,Low,Medium,No,9,56,High,Yes,1,Medium,Medium,Public,Positive,5,No,High School,Moderate,Male,63,123.0,4.5,Medio,2,3.5
22,99,Medium,Low,Yes,8,87,Low,Yes,1,Medium,Medium,Private,Neutral,4,No,High School,Moderate,Female,70,147.4,3.5,Medio,4,1.0
31,69,High,Low,Yes,7,60,Medium,Yes,1,Low,Medium,Public,Neutral,3,No,Postgraduate,Near,Female,68,165.4,3.5,Medio,1,-5.5
26,91,High,Medium,Yes,7,79,Medium,Yes,1,Low,Medium,Private,Neutral,5,No,High School,Near,Female,72,158.6,4.5,Medio,2,-1.0
17,74,Medium,Medium,Yes,8,87,Medium,Yes,4,Low,Low,Public,Positive,3,No,College,Near,Male,67,112.4,6.0,Medio,1,2.5
15,66,Low,High,No,6,80,Medium,No,1,Low,Medium,Private,Neutral,1,No,College,Near,Male,61,99.6,3.5,Medio,2,-0.5
23,94,Low,Medium,No,8,100,Medium,No,0,Low,Medium,Public,Neutral,3,No,Postgraduate,Near,Male,69,148.4,2.0,Medio,1,-0.5
12,72,Medium,Low,Yes,6,72,High,Yes,2,Low,High,Private,Negative,2,No,High School,Moderate,Female,61,91.19999999999999,4.0,Medio,2,2.0
31,86,High,High,Yes,6,66,Medium,Yes,3,Medium,Medium,Public,Positive,3,No,College,Moderate,Male,75,175.6,6.5,Medio,2,-6.5
27,83,High,Low,No,5,60,Medium,Yes,0,High,Low,Public,Neutral,2,No,College,Moderate,Female,68,157.8,3.0,Medio,3,-6.5
17,79,Medium,Low,Yes,6,75,Low,Yes,1,Medium,High,Public,Neutral,4,No,High School,Near,Male,65,115.4,3.5,Medio,2,1.5
10,80,High,Medium,Yes,6,93,High,Yes,4,Medium,Medium,Public,Negative,3,No,College,Moderate,Female,67,88.0,6.0,Medio,2,4.0
28,89,Medium,High,Yes,10,97,High,Yes,3,Medium,Low,Public,Negative,6,No,High School,Near,Female,75,165.4,6.5,Medio,2,2.0
19,64,Low,Medium,No,6,99,Medium,Yes,1,Medium,Medium,Public,Positive,3,No,College,Near,Male,64,114.4,4.5,Medio,2,-0.5
27,87,Medium,Medium,No,8,77,Medium,Yes,1,Low,High,Public,Neutral,4,No,High School,Moderate,Male,70,160.2,4.5,Medio,1,-1.5
10,96,High,High,No,6,80,Medium,No,0,Medium,Medium,Public,Neutral,4,No,High School,Moderate,Female,67,97.6,3.0,Medio,2,5.0
16,62,Medium,Medium,Yes,7,79,Low,Yes,2,Medium,Medium,Public,Neutral,3,No,High School,Near,Male,63,101.19999999999999,5.0,Medio,2,2.0
20,66,High,High,No,7,73,Medium,Yes,1,Medium,Medium,Public,Negative,4,No,College,Near,Female,65,119.6,5.5,Medio,2,1.0
20,89,Medium,Medium,Yes,4,58,Medium,Yes,1,Medium,Medium,Public,Positive,3,No,High School,Far,Female,67,133.4,4.5,Medio,2,-3.0
24,76,Low,High,No,6,72,High,Yes,3,Medium,High,Public,Neutral,3,Yes,High School,Moderate,Female,67,141.6,6.5,Medio,2,-3.0
14,65,High,Medium,No,5,59,Low,Yes,1,High,Medium,Public,Positive,4,No,Postgraduate,Far,Male,63,95.0,4.5,Medio,3,2.0
19,80,Medium,Medium,No,7,94,Medium,Yes,0,Medium,Low,Public,Neutral,3,No,College,Moderate,Female,66,124.0,4.0,Medio,2,0.5
21,65,High,High,No,7,88,Low,Yes,2,Low,Medium,Private,Neutral,1,No,High School,Near,Male,65,123.0,6.0,Medio,2,-2.5
23,79,Medium,Medium,No,5,81,Medium,Yes,1,Medium,Medium,Private,Neutral,3,No,High School,Near,Female,67,139.4,4.5,Medio,4,-3.5
24,91,Medium,Medium,No,7,52,Low,Yes,0,High,High,Public,Neutral,4,No,College,Near,Male,69,150.6,4.0,Medio,3,-1.0
13,70,High,High,No,6,81,Medium,Yes,2,Medium,Low,Public,Positive,2,No,Postgraduate,Near,Male,66,94.0,6.0,Medio,2,1.5
11,79,Medium,Medium,Yes,7,81,Medium,Yes,1,High,Medium,Public,Neutral,2,No,High School,Moderate,Male,64,91.4,4.5,Medio,3,3.5
28,100,High,Low,Yes,6,72,Medium,Yes,1,Low,Medium,Public,Negative,2,No,Postgraduate,Near,Female,73,172.0,3.5,Medio,1,-6.0
22,87,Low,Medium,No,8,83,Low,Yes,1,Low,Medium,Public,Neutral,1,No,College,Far,Male,66,140.2,4.5,Medio,1,-2.0
16,94,Medium,Medium,No,9,93,Low,Yes,1,Low,Medium,Public,Negative,4,No,Postgraduate,Near,Female,68,120.4,4.5,Medio,1,5.0
29,77,High,Low,Yes,8,88,Low,Yes,0,Medium,High,Public,Positive,4,No,College,Moderate,Male,70,162.2,3.0,Medio,2,-2.5
21,91,High,Medium,No,9,74,Medium,Yes,2,Low,Low,Private,Negative,2,No,High School,Near,Female,69,138.6,5.0,Medio,2,0.5
27,62,Medium,High,Yes,5,63,Low,Yes,4,High,Medium,Public,Negative,4,No,High School,Near,Female,67,145.2,7.0,Medio,3,-4.5
20,65,Medium,Low,No,6,74,Low,Yes,0,Medium,Medium,Private,Positive,3,No,College,Moderate,Male,62,119.0,3.0,Medio,4,-1.0
32,68,Medium,Low,No,8,97,High,Yes,1,Low,Medium,Public,Positive,2,No,High School,Near,Male,68,168.8,3.5,Medio,1,-6.0
31,76,Medium,High,Yes,9,91,Medium,Yes,1,Low,Medium,Private,Neutral,4,No,Postgraduate,Near,Male,72,169.6,5.5,Medio,2,-2.5
19,94,Low,Medium,No,8,51,Medium,Yes,3,Medium,Low,Private,Positive,5,No,Postgraduate,Near,Male,69,132.4,5.5,Medio,4,3.5
26,74,Low,Low,No,5,89,Low,Yes,3,High,High,Private,Negative,2,No,High School,Near,Male,66,148.4,4.5,Medio,6,-6.0
24,86,High,High,No,6,59,Medium,Yes,1,Low,Medium,Public,Positive,3,No,High School,Moderate,Female,70,147.6,5.5,Medio,1,-3.0
28,88,High,Medium,No,8,79,Medium,Yes,0,Medium,Medium,Public,Positive,3,No,High School,Far,Male,71,164.8,4.0,Medio,2,-3.0
14,83,Medium,Medium,Yes,7,90,Medium,Yes,0,Low,Low,Public,Negative,3,No,College,Near,Female,65,105.8,4.0,Medio,1,3.0
24,74,High,Medium,Yes,6,78,Medium,Yes,3,Low,High,Public,Positive,3,No,College,Near,Female,70,140.4,5.5,Medio,1,-3.0
26,83,Low,Low,No,7,70,High,No,2,Medium,High,Public,Negative,4,Yes,High School,Moderate,Male,65,153.8,2.0,Medio,2,-2.0
9,74,Medium,High,No,7,66,Low,Yes,1,High,High,Private,Neutral,3,No,High School,Far,Female,62,80.4,5.5,Medio,6,5.5
13,63,High,Medium,Yes,5,65,Medium,Yes,2,High,Medium,Private,Neutral,2,No,High School,Far,Male,62,89.8,5.0,Medio,6,0.5
8,100,High,Medium,Yes,8,92,Medium,Yes,1,Medium,High,Public,Neutral,3,No,Postgraduate,Moderate,Female,70,92.0,4.5,Medio,2,7.0
18,65,Medium,High,Yes,6,91,Medium,No,5,Low,Medium,Private,Neutral,3,No,College,Near,Male,66,111.0,5.5,Medio,2,0.0
24,63,High,Low,Yes,7,91,Low,Yes,4,Low,Medium,Private,Positive,4,No,High School,Near,Female,67,133.8,5.0,Medio,2,-1.0
29,95,Medium,Low,No,9,64,Medium,Yes,1,Medium,High,Public,Positive,3,No,High School,Near,Female,72,173.0,3.5,Medio,2,-2.5
20,72,High,Low,Yes,7,90,Low,Yes,0,Low,High,Private,Negative,3,No,Postgraduate,Near,Female,66,123.19999999999999,3.0,Medio,2,0.0
30,86,Medium,Low,Yes,8,52,Medium,Yes,2,Medium,Medium,Public,Negative,2,Yes,College,Moderate,Female,68,171.6,4.0,Medio,2,-5.0
12,73,High,Medium,No,5,60,Medium,Yes,1,Low,Medium,Public,Negative,4,No,High School,Moderate,Male,62,91.8,4.5,Medio,1,3.0
10,76,Low,Medium,Yes,8,76,Medium,Yes,2,High,High,Private,Positive,3,Yes,Postgraduate,Moderate,Male,64,85.6,5.0,Medio,6,6.0
20,70,Medium,Medium,No,8,70,Medium,Yes,0,Low,Medium,Public,Neutral,5,No,Postgraduate,Near,Female,65,122.0,4.0,Medio,1,3.0
22,74,Medium,Low,Yes,6,56,Low,Yes,4,Medium,High,Public,Negative,3,No,Postgraduate,Moderate,Male,66,132.4,5.0,Medio,2,-2.0
20,76,Medium,Low,No,7,52,Medium,Yes,2,Low,High,Private,Neutral,3,No,High School,Near,Female,64,125.6,4.0,Medio,2,0.0
8,89,Medium,High,Yes,7,81,Low,Yes,4,Low,Medium,Public,Neutral,3,No,College,Near,Male,67,85.4,7.0,Medio,1,6.0
19,80,High,Medium,Yes,7,66,Low,Yes,4,Medium,Medium,Public,Negative,4,No,College,Near,Female,69,124.0,6.0,Medio,2,1.5
12,98,High,Medium,Yes,8,51,Medium,Yes,0,Medium,Low,Public,Positive,5,No,Postgraduate,Moderate,Male,68,106.8,4.0,Medio,2,7.0
24,62,Medium,Medium,No,6,72,High,Yes,2,Low,Low,Public,Neutral,4,No,High School,Near,Male,64,133.2,5.0,Medio,1,-2.0
22,80,High,Medium,Yes,7,65,Medium,Yes,2,High,Medium,Private,Neutral,2,No,High School,Moderate,Female,68,136.0,5.0,Medio,6,-2.0
14,83,Low,Low,Yes,9,79,Medium,Yes,1,Medium,Low,Public,Positive,3,No,High School,Near,Male,64,105.8,3.5,Medio,2,5.0
17,97,Medium,High,No,9,96,High,Yes,0,High,Medium,Public,Negative,1,No,Postgraduate,Near,Male,71,126.19999999999999,5.0,Medio,3,1.5
14,62,High,High,Yes,8,65,Low,Yes,3,Low,Medium,Public,Negative,2,No,High School,Far,Male,61,93.19999999999999,6.5,Medio,1,3.0
20,83,Low,Medium,No,7,100,Medium,Yes,4,Low,Medium,Public,Negative,3,No,College,Near,Male,68,129.8,6.0,Medio,1,0.0
26,94,High,Medium,Yes,10,54,Low,Yes,2,High,Medium,Public,Neutral,5,No,High School,Near,Male,73,160.4,5.0,Medio,3,2.0
14,70,High,Medium,Yes,9,54,Medium,No,3,Medium,Medium,Public,Positive,1,No,College,Near,Male,64,98.0,3.5,Medio,2,3.0
23,95,Medium,Medium,Yes,7,86,Medium,Yes,3,Low,Medium,Public,Positive,4,Yes,Postgraduate,Far,Male,72,149.0,5.5,Medio,1,-0.5
17,61,Medium,Medium,Yes,7,87,High,Yes,5,Medium,Medium,Public,Neutral,3,No,High School,Near,Male,65,104.6,6.5,Medio,2,1.5
15,89,Medium,Medium,Yes,6,71,Medium,Yes,1,Medium,High,Public,Positive,4,No,High School,Near,Female,68,113.4,4.5,Medio,2,2.5
19,97,High,Low,Yes,8,64,Medium,Yes,2,Low,High,Public,Positive,3,No,High School,Near,Male,71,134.2,4.0,Medio,1,1.5
14,86,Medium,Low,Yes,8,90,Medium,No,3,Medium,Medium,Public,Negative,3,Yes,Postgraduate,Near,Male,65,107.6,2.5,Medio,2,4.0
17,78,Medium,Medium,No,8,98,Low,Yes,2,Medium,Medium,Private,Positive,2,No,High School,Near,Male,66,114.8,5.0,Medio,4,1.5
13,62,Low,High,No,7,99,Medium,Yes,4,Medium,Low,Public,Positive,1,No,Postgraduate,Moderate,Female,63,89.19999999999999,7.0,Medio,2,1.5
32,97,Medium,High,No,5,82,Medium,Yes,1,Medium,Medium,Public,Neutral,3,No,High School,Moderate,Male,74,186.2,5.5,Medio,2,-8.0
20,79,High,Low,Yes,7,87,Low,No,2,Medium,High,Private,Neutral,4,Yes,High School,Near,Female,66,127.4,2.0,Medio,4,1.0
16,61,Medium,Low,No,8,91,High,Yes,2,Medium,High,Public,Neutral,3,No,College,Moderate,Male,63,100.6,4.0,Medio,2,3.0
21,88,High,Medium,Yes,6,90,High,Yes,2,High,Medium,Private,Neutral,4,No,High School,Moderate,Male,72,136.8,5.0,Medio,6,-0.5
19,79,Medium,High,No,7,100,Low,Yes,1,High,High,Public,Positive,2,No,College,Far,Female,69,123.4,5.5,Medio,3,-0.5
19,65,Medium,High,Yes,9,91,Medium,Yes,1,Medium,High,Public,Positive,4,No,College,Near,Male,67,115.0,5.5,Medio,2,3.5
24,69,Low,High,No,5,83,Low,Yes,3,Low,Medium,Private,Neutral,3,No,High School,Near,Male,66,137.4,6.5,Medio,2,-4.0
25,63,High,Medium,No,7,69,Medium,Yes,0,Low,High,Private,Negative,5,No,High School,Moderate,Female,64,137.8,4.0,Medio,2,-0.5
17,83,Low,Medium,No,9,80,Medium,Yes,4,Medium,High,Public,Negative,2,No,College,Near,Female,67,117.8,6.0,Medio,2,2.5
17,85,Medium,Low,No,7,94,High,Yes,4,Low,Medium,Public,Positive,3,No,College,Near,Female,69,119.0,5.0,Medio,1,1.5
18,80,Medium,Low,Yes,6,65,Medium,Yes,2,Low,High,Public,Negative,2,No,College,Near,Female,65,120.0,4.0,Medio,1,-1.0
6,93,Medium,Medium,No,7,52,High,Yes,0,Medium,Medium,Public,Neutral,2,No,College,Near,Female,64,79.8,4.0,Medio,2,6.0
11,94,Medium,Low,Yes,8,66,High,No,1,High,Low,Public,Neutral,4,No,High School,Near,Female,65,100.4,1.5,Medio,3,6.5
28,85,Medium,High,Yes,7,98,Medium,Yes,2,Low,High,Private,Positive,1,Yes,High School,Near,Male,72,163.0,6.0,Medio,2,-6.0
30,61,Low,High,Yes,8,90,Medium,Yes,2,Low,High,Public,Negative,2,No,High School,Moderate,Female,66,156.6,6.0,Medio,1,-5.0
19,88,Medium,Low,No,7,59,Medium,Yes,2,Low,Medium,Public,Neutral,3,No,College,Near,Female,66,128.8,4.0,Medio,1,0.5
23,77,High,High,Yes,7,51,Medium,Yes,1,Low,Low,Private,Positive,3,No,College,Moderate,Male,67,138.2,5.5,Medio,2,-1.5
22,83,Medium,Medium,Yes,8,83,High,Yes,1,High,Medium,Private,Negative,3,Yes,Postgraduate,Moderate,Male,69,137.8,4.5,Medio,6,0.0
38,86,Low,High,Yes,7,79,Low,Yes,3,Low,Medium,Public,Negative,3,No,High School,Near,Male,73,203.6,6.5,Medio,1,-9.0
27,74,Medium,High,No,6,54,Medium,Yes,3,Medium,Medium,Public,Neutral,3,No,College,Near,Female,69,152.4,6.5,Medio,2,-4.5
19,97,Medium,Low,No,8,98,Medium,Yes,1,Low,Medium,Private,Neutral,4,Yes,High School,Near,Male,68,134.2,3.5,Medio,2,2.5
14,65,Low,Medium,Yes,7,81,Medium,Yes,1,Low,Medium,Public,Positive,3,No,High School,Moderate,Female,61,95.0,4.5,Medio,1,3.0
10,87,Medium,Low,Yes,6,83,Medium,No,0,Low,Medium,Public,Positive,4,No,High School,Near,Male,63,92.19999999999999,1.0,Medio,1,5.0
21,60,Medium,High,Yes,8,93,Low,Yes,0,Low,Medium,Public,Positive,2,No,High School,Far,Female,63,120.0,5.0,Medio,1,-0.5
15,97,Low,Medium,Yes,9,67,Medium,Yes,1,Low,High,Public,Neutral,2,No,College,Near,Male,68,118.19999999999999,4.5,Medio,1,3.5
11,65,Medium,High,No,7,78,Medium,Yes,2,Low,Medium,Public,Neutral,3,No,Postgraduate,Near,Female,63,83.0,6.0,Medio,1,4.5
16,64,High,Medium,Yes,7,79,Medium,Yes,3,Medium,Medium,Private,Positive,4,Yes,Postgraduate,Near,Female,66,102.4,5.5,Medio,4,3.0
14,73,High,Medium,Yes,5,98,Medium,Yes,2,Low,Medium,Public,Negative,4,No,High School,Moderate,Female,65,99.8,5.0,Medio,1,2.0
30,75,High,High,No,7,57,High,Yes,0,Low,Medium,Public,Neutral,1,Yes,College,Near,Female,68,165.0,5.0,Medio,1,-7.0
25,69,Medium,Medium,Yes,7,88,High,Yes,0,Low,Medium,Public,Negative,4,No,College,Near,Female,66,141.4,4.0,Medio,1,-1.5
20,83,Low,Low,No,7,79,Low,No,2,Medium,Medium,Public,Positive,5,No,Postgraduate,Moderate,Male,66,129.8,2.0,Medio,2,2.0
29,78,High,Medium,No,6,92,Medium,Yes,2,Low,Medium,Private,Negative,4,No,High School,Near,Male,70,162.8,5.0,Medio,2,-4.5
20,61,Low,Low,Yes,8,92,Medium,Yes,0,Medium,Medium,Public,Negative,2,No,High School,Near,Female,61,116.6,3.0,Medio,2,0.0
15,73,Medium,Low,Yes,7,51,Medium,Yes,2,Low,High,Private,Negative,3,No,High School,Moderate,Male,61,103.8,4.0,Medio,2,2.5
29,92,Medium,Medium,Yes,10,63,High,Yes,1,Low,High,Private,Negative,4,No,High School,Moderate,Male,71,171.2,4.5,Medio,2,-0.5
23,88,Low,Medium,Yes,7,59,Medium,Yes,1,Medium,Medium,Public,Negative,2,No,High School,Near,Male,67,144.8,4.5,Medio,2,-2.5
14,89,High,High,Yes,4,73,Medium,Yes,2,Medium,High,Public,Negative,3,No,College,Near,Male,70,109.4,6.0,Medio,2,0.0
19,88,High,Medium,No,5,95,Medium,Yes,2,Low,Medium,Private,Negative,4,No,College,Moderate,Male,69,128.8,5.0,Medio,2,-0.5
15,72,High,High,No,8,50,Medium,Yes,2,Medium,Medium,Public,Neutral,4,No,High School,Near,Female,65,103.19999999999999,6.0,Medio,2,4.5
12,64,High,Low,Yes,6,74,High,Yes,0,Medium,Medium,Public,Positive,2,No,High School,Moderate,Male,61,86.4,3.0,Medio,2,2.0
26,71,Medium,Low,No,6,94,Low,Yes,3,Low,Medium,Public,Positive,4,No,Postgraduate,Near,Male,68,146.6,4.5,Medio,1,-3.0
31,93,High,Low,Yes,5,96,Medium,Yes,2,Low,Medium,Public,Positive,2,No,High School,Near,Male,74,179.8,4.0,Medio,1,-8.5
12,99,Medium,Medium,No,6,83,Low,Yes,1,Medium,Medium,Public,Negative,3,No,High School,Near,Female,67,107.4,4.5,Medio,2,3.0
23,80,Medium,Medium,Yes,7,91,Low,Yes,5,High,Medium,Public,Negative,1,No,High School,Near,Female,70,140.0,6.5,Medio,3,-3.5
16,60,Low,Medium,Yes,8,66,Low,Yes,1,High,High,Private,Neutral,2,Yes,High School,Moderate,Female,59,100.0,4.5,Bajo,6,2.0
17,66,High,High,No,5,64,Low,Yes,0,Medium,High,Private,Neutral,2,No,College,Near,Male,64,107.6,5.0,Medio,4,-1.5
16,73,High,Medium,Yes,8,52,Medium,Yes,2,Medium,High,Public,Positive,4,No,College,Near,Female,66,107.8,5.0,Medio,2,4.0
15,83,Low,Low,Yes,5,75,Medium,Yes,1,Medium,Medium,Public,Neutral,3,No,High School,Far,Female,63,109.8,3.5,Medio,2,0.5
20,63,Low,Low,Yes,8,73,Low,Yes,0,High,Medium,Public,Neutral,3,No,College,Near,Female,61,117.8,3.0,Medio,3,1.0
15,98,Low,High,Yes,8,69,Low,Yes,2,Low,Medium,Public,Neutral,4,No,High School,Moderate,Female,68,118.8,6.0,Medio,1,4.5
22,75,Medium,Medium,No,6,56,Low,Yes,3,Medium,Medium,Private,Positive,3,No,High School,Far,Male,65,133.0,5.5,Medio,4,-2.0
20,97,Medium,High,No,5,62,Medium,Yes,1,Medium,Medium,Private,Neutral,4,No,High School,Far,Male,69,138.2,5.5,Medio,4,-1.0
19,91,High,Low,Yes,8,60,Medium,Yes,2,Low,Medium,Private,Neutral,4,No,High School,Moderate,Male,68,130.6,4.0,Medio,2,2.5
15,90,Medium,Low,Yes,6,97,Low,Yes,2,High,High,Public,Positive,2,No,High School,Near,Male,69,114.0,4.0,Medio,3,0.5
17,84,Medium,Low,Yes,7,98,High,Yes,1,Low,High,Public,Neutral,2,No,College,Far,Female,67,118.4,3.5,Medio,1,0.5
25,85,High,High,No,8,50,High,Yes,1,High,Medium,Public,Neutral,1,No,College,Moderate,Female,70,151.0,5.5,Medio,3,-3.5
23,86,Medium,Medium,Yes,8,59,Low,Yes,1,Low,Medium,Public,Neutral,3,No,Postgraduate,Moderate,Female,68,143.6,4.5,Medio,1,-0.5
14,85,Medium,Medium,No,6,94,Low,Yes,0,High,Medium,Public,Positive,4,No,College,Near,Male,67,107.0,4.0,Medio,3,3.0
21,82,High,Medium,No,7,52,Medium,Yes,4,Low,Medium,Public,Neutral,3,No,High School,Far,Male,67,133.2,6.0,Medio,1,-0.5
25,99,High,Medium,Yes,6,97,High,Yes,0,Medium,Medium,Public,Positive,3,No,College,Moderate,Male,75,159.4,4.0,Medio,2,-3.5
10,89,Low,Low,Yes,8,69,Low,Yes,3,Low,Medium,Public,Negative,4,No,College,Moderate,Male,63,93.4,4.5,Medio,1,7.0
23,91,Low,Medium,No,9,77,High,Yes,1,Low,Medium,Public,Positive,5,No,High School,Near,Male,70,146.6,4.5,Medio,1,2.5
16,95,Medium,Low,Yes,6,88,Low,Yes,2,High,High,Public,Positive,4,No,High School,Near,Female,70,121.0,4.0,Medio,3,2.0
23,69,Medium,High,Yes,7,62,Medium,Yes,1,Medium,Medium,Public,Neutral,4,Yes,High School,Far,Male,64,133.4,5.5,Medio,2,-0.5
15,63,Medium,Low,No,8,55,Low,Yes,0,Medium,Low,Public,Neutral,3,No,College,Near,Female,59,97.8,3.0,Bajo,2,3.5
9,79,Medium,Low,No,7,90,High,Yes,1,High,Low,Public,Neutral,3,No,High School,Near,Male,63,83.4,3.5,Medio,3,5.5
10,81,High,Medium,Yes,8,99,Medium,No,2,Medium,Medium,Public,Positive,4,No,Postgraduate,Moderate,Female,67,88.6,3.0,Medio,2,7.0
20,93,Low,High,Yes,7,83,Medium,Yes,0,Medium,Medium,Private,Negative,2,Yes,High School,Near,Male,68,135.8,5.0,Medio,4,-1.0
22,78,Medium,Medium,Yes,5,91,Low,Yes,0,Medium,High,Private,Negative,3,No,Postgraduate,Near,Male,68,134.8,4.0,Medio,4,-3.0
24,81,Medium,Low,No,9,61,Medium,Yes,1,Low,Low,Public,Positive,4,No,College,Near,Female,66,144.6,3.5,Medio,1,1.0
10,62,Medium,Low,No,7,68,High,Yes,3,Medium,Medium,Public,Neutral,3,No,Postgraduate,Near,Male,61,77.19999999999999,4.5,Medio,2,5.0
20,85,High,Medium,No,9,61,High,Yes,2,High,Medium,Public,Positive,3,No,College,Near,Male,70,131.0,5.0,Medio,3,2.0
13,93,Low,Low,Yes,4,53,High,Yes,1,Medium,Low,Public,Positive,1,No,Postgraduate,Near,Male,65,107.8,3.5,Medio,2,-1.5
16,66,Low,Medium,Yes,8,87,High,Yes,3,Medium,Medium,Public,Positive,2,No,High School,Moderate,Female,64,103.6,5.5,Medio,2,2.0
20,84,Medium,High,Yes,6,57,High,Yes,2,Medium,Medium,Public,Positive,4,No,High School,Far,Female,69,130.4,6.0,Medio,2,0.0
15,84,Medium,High,No,6,55,Low,Yes,1,Medium,Medium,Private,Negative,2,No,High School,Near,Male,64,110.4,5.5,Medio,4,0.5
18,67,Low,Low,Yes,9,68,Low,Yes,2,Low,High,Private,Negative,2,No,Postgraduate,Near,Male,61,112.19999999999999,4.0,Medio,2,2.0
26,65,Low,Medium,No,7,53,Low,Yes,3,High,Medium,Public,Positive,2,No,High School,Near,Female,64,143.0,5.5,Medio,3,-4.0
17,99,Medium,High,No,6,59,Medium,Yes,0,Medium,Medium,Public,Neutral,3,No,High School,Moderate,Male,68,127.4,5.0,Medio,2,0.5
25,76,Medium,High,No,8,53,High,Yes,1,High,High,Public,Positive,3,Yes,High School,Far,Female,67,145.6,5.5,Medio,3,-1.5
13,69,High,Low,No,4,94,Medium,Yes,3,Low,Low,Public,Positive,3,Yes,High School,Near,Male,62,93.4,4.5,Medio,1,0.5
23,67,Medium,Medium,Yes,9,89,Medium,Yes,2,Low,High,Public,Neutral,2,No,High School,Near,Female,66,132.2,5.0,Medio,1,-0.5
29,87,Medium,High,Yes,10,93,High,Yes,1,Low,Medium,Public,Neutral,4,No,High School,Moderate,Male,72,168.2,5.5,Medio,1,-0.5
5,84,Medium,Medium,Yes,8,93,High,Yes,4,High,High,Public,Positive,3,No,College,Moderate,Male,68,70.4,6.0,Medio,3,8.5
15,86,Medium,High,Yes,8,97,Medium,Yes,4,High,Medium,Public,Positive,3,No,High School,Near,Male,71,111.6,7.0,Medio,3,3.5
23,64,Medium,Medium,Yes,7,59,High,Yes,3,Medium,Medium,Public,Positive,2,No,High School,Moderate,Female,65,130.4,5.5,Medio,2,-2.5
19,96,Medium,Low,Yes,5,95,Low,No,2,Medium,Low,Private,Neutral,3,No,High School,Moderate,Female,68,133.6,2.0,Medio,4,-1.5
22,76,Medium,Low,No,9,76,Medium,Yes,2,Low,High,Public,Neutral,5,No,High School,Far,Female,65,133.6,4.0,Medio,1,3.0
16,73,High,Low,Yes,8,58,Medium,Yes,1,Medium,Medium,Public,Neutral,4,No,High School,Near,Female,64,107.8,3.5,Medio,2,4.0
21,78,Medium,Low,No,8,83,Medium,Yes,2,Medium,Medium,Public,Positive,4,Yes,High School,Far,Male,65,130.8,4.0,Medio,2,1.5
19,76,High,High,Yes,8,66,Low,Yes,0,Low,High,Private,Negative,4,Yes,High School,Near,Male,65,121.6,5.0,Medio,2,2.5
27,95,High,Medium,No,7,52,High,Yes,3,Medium,High,Private,Negative,3,No,College,Moderate,Female,73,165.0,5.5,Medio,4,-3.5
22,97,Medium,High,Yes,6,54,Medium,Yes,1,Low,High,Public,Positive,3,No,Postgraduate,Near,Male,72,146.2,5.5,Medio,1,-2.0
22,72,Low,Medium,Yes,10,71,Medium,Yes,1,Medium,Medium,Private,Negative,1,No,College,Near,Male,64,131.2,4.5,Medio,4,0.0
18,95,Medium,Medium,Yes,7,91,Low,Yes,0,Low,Medium,Public,Positive,4,Yes,Postgraduate,Moderate,Male,69,129.0,4.0,Medio,1,2.0
17,91,Medium,Medium,No,6,66,High,Yes,1,High,Medium,Private,Positive,3,No,High School,Near,Male,69,122.6,4.5,Medio,6,0.5
17,97,Medium,High,Yes,9,88,Medium,No,0,Medium,Medium,Public,Positive,2,No,High School,Near,Male,70,126.19999999999999,3.0,Medio,2,2.5
17,83,High,Medium,No,7,70,Low,Yes,3,Low,Medium,Private,Neutral,5,No,Postgraduate,Near,Female,68,117.8,5.5,Medio,2,3.5
32,93,Medium,Medium,Yes,8,93,High,Yes,1,Medium,High,Public,Negative,3,No,Postgraduate,Far,Female,75,183.8,4.5,Medio,2,-5.0
25,60,Low,High,No,8,98,Medium,Yes,1,Medium,Medium,Public,Neutral,5,No,Postgraduate,Near,Female,67,136.0,5.5,Medio,2,0.5
18,83,Medium,High,Yes,5,66,Medium,Yes,0,High,Medium,Private,Positive,4,No,Postgraduate,Near,Male,69,121.8,5.0,Medio,6,0.0
27,74,High,Medium,No,8,99,High,No,3,Medium,Medium,Public,Positive,4,No,High School,Near,Male,71,152.4,3.5,Medio,2,-1.5
18,73,Medium,Low,Yes,5,88,Medium,Yes,1,Medium,Medium,Public,Positive,5,No,College,Near,Female,66,115.8,3.5,Medio,2,1.0
8,86,Medium,High,No,6,50,High,Yes,1,Medium,Medium,Public,Positive,2,No,College,Near,Male,65,83.6,5.5,Medio,2,4.0
14,94,High,Medium,No,7,74,Medium,Yes,1,High,Medium,Private,Positive,5,No,College,Near,Male,70,112.4,4.5,Medio,6,5.0
9,84,High,Low,No,7,92,High,Yes,1,Low,High,Public,Negative,4,No,Postgraduate,Near,Male,66,86.4,3.5,Medio,1,6.5
18,94,High,Medium,Yes,8,77,Medium,Yes,3,Medium,High,Public,Positive,4,No,Postgraduate,Near,Male,74,128.4,5.5,Medio,2,3.0
20,71,High,Medium,No,8,77,Medium,Yes,0,High,Medium,Private,Neutral,4,No,High School,Moderate,Male,66,122.6,4.0,Medio,6,2.0
30,81,Medium,High,No,8,72,Low,Yes,0,Low,Medium,Public,Neutral,2,No,High School,Moderate,Male,68,168.6,5.0,Medio,1,-5.0
22,78,Medium,High,Yes,5,70,Medium,Yes,2,Low,Medium,Public,Positive,1,No,College,Near,Male,68,134.8,6.0,Medio,1,-5.0
19,60,Medium,High,No,10,51,Medium,Yes,0,Medium,Medium,Public,Positive,3,Yes,College,Near,Female,62,112.0,5.0,Medio,2,3.5
25,82,Medium,High,Yes,7,81,Medium,Yes,2,Medium,Medium,Private,Neutral,2,No,Postgraduate,Moderate,Male,71,149.2,6.0,Medio,4,-3.5
7,86,Medium,Low,No,9,88,Medium,Yes,2,Low,Medium,Public,Negative,2,No,College,Near,Female,63,79.6,4.0,Medio,1,7.5
21,84,High,High,No,4,90,Medium,Yes,2,Medium,Low,Public,Neutral,3,No,High School,Far,Male,69,134.4,6.0,Medio,2,-3.5
25,89,Medium,Medium,Yes,7,81,High,Yes,3,Medium,Medium,Public,Negative,0,No,College,Near,Male,71,153.4,5.5,Medio,2,-5.5
11,83,High,Low,Yes,5,67,Medium,Yes,1,Medium,Medium,Public,Positive,2,No,Postgraduate,Near,Male,66,93.8,3.5,Medio,2,1.5
27,63,Medium,High,No,6,51,Low,Yes,0,Low,Medium,Public,Positive,2,No,Postgraduate,Moderate,Male,64,145.8,5.0,Medio,1,-5.5
22,65,Medium,Medium,Yes,7,95,Low,Yes,3,Low,Medium,Public,Positive,2,No,High School,Moderate,Female,65,127.0,5.5,Medio,1,-2.0
18,84,Medium,High,No,6,71,Medium,Yes,4,Medium,Low,Public,Positive,2,No,High School,Near,Female,69,122.4,7.0,Medio,2,-1.0
24,71,Medium,Low,No,9,80,Medium,Yes,2,Medium,High,Private,Positive,3,No,High School,Near,Female,66,138.6,4.0,Medio,4,0.0
34,63,Medium,High,Yes,10,60,Low,Yes,1,Medium,Medium,Public,Negative,4,No,High School,Near,Female,67,173.8,5.5,Medio,2,-3.0
21,77,Medium,Low,Yes,6,57,Medium,Yes,4,Low,Medium,Public,Negative,5,No,High School,Far,Male,65,130.2,5.0,Medio,1,0.5
21,82,Low,Low,Yes,6,54,High,Yes,3,Low,Medium,Public,Negative,2,No,College,Moderate,Male,65,133.2,4.5,Medio,1,-2.5
17,73,High,Medium,No,5,90,High,Yes,1,Low,Medium,Private,Positive,4,No,High School,Near,Male,67,111.8,4.5,Medio,2,0.5
15,89,Low,Medium,Yes,9,82,Low,Yes,1,Medium,Medium,Public,Neutral,3,No,College,Near,Male,66,113.4,4.5,Medio,2,4.5
25,86,Medium,Medium,Yes,7,81,Low,Yes,1,High,Low,Public,Positive,1,No,High School,Near,Male,69,151.6,4.5,Medio,3,-4.5
15,73,Medium,High,No,7,96,Low,Yes,1,Low,Medium,Public,Negative,2,No,College,Near,Male,64,103.8,5.5,Medio,1,1.5
20,90,Medium,Medium,Yes,7,58,High,Yes,1,High,High,Private,Neutral,4,No,High School,Near,Male,70,134.0,4.5,Medio,6,1.0
17,86,High,Medium,Yes,7,59,Low,Yes,3,Low,Medium,Public,Positive,3,No,Postgraduate,Moderate,Male,68,119.6,5.5,Medio,1,1.5
23,85,High,Low,Yes,6,59,Low,Yes,1,Medium,Medium,Public,Negative,1,No,High School,Near,Male,68,143.0,3.5,Medio,2,-4.5
22,82,High,Medium,Yes,7,71,Low,Yes,1,High,Medium,Private,Positive,3,No,High School,Near,Female,69,137.2,4.5,Medio,6,-1.0
26,60,Medium,Medium,Yes,7,94,High,Yes,3,High,Medium,Public,Positive,2,No,High School,Moderate,Female,68,140.0,5.5,Medio,3,-4.0
17,88,Medium,Medium,Yes,8,94,Medium,Yes,5,Medium,Medium,Public,Neutral,2,Yes,College,Near,Female,70,120.8,6.5,Medio,2,1.5
18,75,High,Medium,Yes,5,80,Medium,Yes,2,Low,High,Public,Neutral,3,No,High School,Near,Female,67,117.0,5.0,Medio,1,-1.0
14,98,High,High,Yes,7,83,Medium,No,3,Low,Medium,Public,Positive,3,No,College,Near,Male,72,114.8,4.5,Medio,1,3.0
17,93,High,Low,No,6,95,Medium,Yes,1,Low,Medium,Public,Neutral,4,No,High School,Near,Male,69,123.8,3.5,Medio,1,1.5
22,84,High,Medium,No,7,81,Medium,Yes,1,Medium,Low,Private,Positive,3,No,High School,Moderate,Male,69,138.4,4.5,Medio,4,-1.0
25,70,Low,Medium,Yes,8,61,Low,No,3,Low,Medium,Public,Positive,4,No,College,Moderate,Female,64,142.0,3.5,Medio,1,-0.5
14,68,Low,Medium,Yes,6,85,Medium,Yes,2,Medium,Medium,Public,Neutral,3,No,High School,Near,Female,63,96.8,5.0,Medio,2,2.0
25,74,High,High,Yes,9,88,Medium,Yes,3,Medium,High,Public,Neutral,3,Yes,High School,Near,Male,70,144.4,6.5,Medio,2,-0.5
28,79,High,Medium,Yes,4,82,Medium,Yes,0,Medium,Medium,Private,Positive,3,No,High School,Near,Male,70,159.4,4.0,Medio,4,-7.0
22,72,High,Medium,Yes,9,64,Low,Yes,1,Medium,Medium,Public,Negative,2,No,College,Near,Female,66,131.2,4.5,Medio,2,0.0
31,81,Medium,Medium,No,9,70,Low,Yes,1,Low,Medium,Public,Neutral,4,No,Postgraduate,Near,Female,70,172.6,4.5,Medio,1,-2.5
15,67,Medium,High,Yes,6,74,High,Yes,0,High,Medium,Public,Positive,2,No,Postgraduate,Near,Female,66,100.19999999999999,5.0,Medio,3,0.5
13,99,Medium,Medium,Yes,6,57,Medium,Yes,1,Low,Medium,Public,Negative,5,No,College,Near,Male,68,111.4,4.5,Medio,1,4.5
9,64,Medium,Medium,No,5,73,Medium,Yes,1,Medium,Medium,Public,Positive,4,No,College,Near,Male,61,74.4,4.5,Medio,2,4.5
29,97,Medium,Medium,No,8,58,Medium,Yes,1,High,Medium,Private,Negative,4,No,College,Moderate,Female,72,174.2,4.5,Medio,6,-2.5
24,97,High,Low,No,7,75,Low,Yes,1,Medium,Medium,Public,Negative,2,No,High School,Moderate,Female,69,154.2,3.5,Medio,2,-3.0
20,81,Medium,Low,Yes,6,53,Low,Yes,0,Medium,Low,Public,Neutral,4,No,High School,Far,Female,63,128.6,3.0,Medio,2,0.0
22,89,Medium,High,Yes,5,97,Medium,Yes,2,Medium,Medium,Private,Neutral,5,No,High School,Near,Male,72,141.4,6.0,Medio,4,-1.0
13,77,Medium,Medium,Yes,10,62,Medium,Yes,1,High,Medium,Private,Neutral,4,No,College,Moderate,Male,65,98.19999999999999,4.5,Medio,6,7.5
35,85,Medium,High,Yes,6,73,High,Yes,1,High,Medium,Public,Negative,5,No,High School,Moderate,Female,74,191.0,5.5,Medio,3,-6.5
21,74,Medium,Low,Yes,7,52,Low,Yes,1,High,Medium,Public,Negative,4,No,High School,Far,Male,62,128.4,3.5,Medio,3,0.5
21,72,High,Medium,No,7,60,Low,Yes,0,Low,Medium,Private,Neutral,4,No,Postgraduate,Near,Male,65,127.19999999999999,4.0,Medio,2,0.5
24,83,Low,High,No,6,85,Low,Yes,1,Low,High,Public,Neutral,4,No,High School,Moderate,Female,68,145.8,5.5,Medio,1,-2.0
23,80,Medium,Low,Yes,6,56,Medium,Yes,3,Medium,Medium,Public,Positive,2,Yes,High School,Near,Male,66,140.0,4.5,Medio,2,-3.5
21,83,High,Medium,Yes,6,81,Low,Yes,3,High,Medium,Public,Negative,4,No,Postgraduate,Moderate,Male,71,133.8,5.5,Medio,3,-0.5
15,71,Medium,High,No,8,50,Low,Yes,1,Medium,Medium,Public,Neutral,2,Yes,Postgraduate,Near,Female,62,102.6,5.5,Medio,2,2.5
23,75,Low,High,Yes,6,73,Low,Yes,1,Low,Medium,Public,Positive,2,No,High School,Moderate,Female,65,137.0,5.5,Medio,1,-3.5
31,63,Medium,High,No,9,86,Low,Yes,0,High,Medium,Public,Neutral,3,No,Postgraduate,Moderate,Male,68,161.8,5.0,Medio,3,-3.5
28,62,Medium,High,No,6,96,Medium,Yes,4,Medium,High,Public,Positive,3,No,High School,Near,Male,70,149.2,7.0,Medio,2,-5.0
30,70,Low,Medium,No,8,75,Medium,Yes,1,Medium,Medium,Private,Positive,2,No,High School,Near,Female,67,162.0,4.5,Medio,4,-5.0
17,63,Medium,Medium,No,4,92,Medium,Yes,2,Low,Medium,Public,Negative,4,No,High School,Near,Female,63,105.8,5.0,Medio,1,-0.5
14,64,High,High,Yes,6,90,Low,Yes,0,Low,High,Private,Negative,2,No,High School,Near,Female,63,94.4,5.0,Medio,2,1.0
19,93,Medium,High,No,6,65,Medium,Yes,0,Medium,High,Public,Neutral,3,No,High School,Near,Male,69,131.8,5.0,Medio,2,-0.5
20,62,Low,Medium,Yes,5,94,High,Yes,3,Medium,Medium,Public,Neutral,3,No,Postgraduate,Near,Male,66,117.19999999999999,5.5,Medio,2,-2.0
27,86,Medium,Medium,Yes,7,82,Low,Yes,2,Low,Medium,Public,Positive,3,No,High School,Moderate,Female,70,159.6,5.0,Medio,1,-3.5
10,71,Medium,Medium,Yes,7,55,High,Yes,2,Low,High,Public,Positive,3,No,College,Near,Female,63,82.6,5.0,Medio,1,5.0
29,95,Low,Medium,Yes,4,97,Medium,Yes,0,Medium,Medium,Private,Positive,4,Yes,College,Moderate,Female,72,173.0,4.0,Medio,4,-6.5
19,79,High,Medium,Yes,10,59,Low,Yes,1,Medium,Medium,Public,Neutral,3,Yes,College,Moderate,Male,65,123.4,4.5,Medio,2,3.5
17,72,Medium,High,Yes,7,74,Low,Yes,2,High,Medium,Public,Positive,4,No,Postgraduate,Far,Male,67,111.19999999999999,6.0,Medio,3,2.5
14,81,Medium,Medium,Yes,7,73,Low,No,1,High,Medium,Private,Positive,3,Yes,High School,Moderate,Male,63,104.6,2.5,Medio,6,3.0
10,75,High,Medium,No,9,81,Medium,Yes,3,Low,High,Public,Negative,5,No,High School,Near,Female,65,85.0,5.5,Medio,1,9.0
25,83,Medium,Medium,Yes,8,83,Medium,Yes,2,Low,Medium,Public,Neutral,1,Yes,High School,Moderate,Female,67,149.8,5.0,Medio,1,-3.5
20,65,Medium,Low,Yes,7,62,High,Yes,0,Medium,Medium,Public,Neutral,0,Yes,Postgraduate,Near,Male,80,119.0,3.0,Alto,2,-3.0
12,100,Medium,Medium,Yes,4,68,Medium,Yes,2,Low,Medium,Public,Neutral,3,No,College,Far,Male,68,108.0,5.0,Medio,1,1.0
12,77,Medium,Medium,Yes,8,57,Medium,Yes,2,Low,High,Public,Negative,2,No,College,Moderate,Male,63,94.19999999999999,5.0,Medio,1,4.0
18,74,Medium,Medium,No,6,56,Medium,Yes,1,Medium,Medium,Private,Positive,3,No,College,Moderate,Male,64,116.4,4.5,Medio,4,0.0
30,88,Medium,Medium,No,9,91,Medium,Yes,3,Medium,Low,Public,Positive,3,No,High School,Near,Female,73,172.8,5.5,Medio,2,-3.0
18,75,Medium,Medium,Yes,6,88,Low,Yes,2,Medium,High,Public,Negative,1,Yes,Postgraduate,Near,Female,66,117.0,5.0,Medio,2,-2.0
11,93,Medium,Medium,Yes,6,72,Low,Yes,2,Low,Medium,Public,Negative,3,No,College,Moderate,Male,66,99.8,5.0,Medio,1,3.5
19,78,High,High,No,5,55,Medium,Yes,0,Medium,Medium,Public,Neutral,4,No,High School,Moderate,Male,66,122.8,5.0,Medio,2,-0.5
18,89,Medium,High,Yes,5,72,Low,Yes,4,Medium,Low,Public,Neutral,2,No,High School,Near,Female,69,125.4,7.0,Medio,2,-2.0
4,64,Medium,High,Yes,7,65,Medium,Yes,1,Medium,High,Public,Negative,4,No,High School,Far,Male,59,54.4,5.5,Bajo,2,9.0
20,94,Medium,Medium,No,7,89,Medium,Yes,0,Low,Medium,Private,Neutral,1,No,High School,Near,Male,68,136.4,4.0,Medio,2,-2.0
19,89,Medium,Medium,No,6,55,Medium,Yes,1,Low,Medium,Private,Neutral,3,No,Postgraduate,Moderate,Female,67,129.4,4.5,Medio,2,-0.5
24,68,Medium,Medium,Yes,10,73,Low,Yes,1,Medium,Medium,Public,Neutral,4,Yes,High School,Moderate,Female,64,136.8,4.5,Medio,2,2.0
31,66,Low,High,Yes,8,80,Low,Yes,0,Low,Low,Private,Negative,4,No,High School,Near,Female,65,163.6,5.0,Medio,2,-3.5
27,73,Medium,Medium,No,7,99,Low,Yes,1,Low,Medium,Public,Positive,4,No,College,Near,Male,68,151.8,4.5,Medio,1,-2.5
18,99,Medium,High,Yes,4,54,Low,Yes,0,Medium,Medium,Public,Positive,3,No,Postgraduate,Moderate,Male,70,131.4,5.0,Medio,2,-2.0
13,70,Medium,Medium,No,8,56,Medium,Yes,2,Medium,High,Public,Neutral,0,No,High School,Near,Male,62,94.0,5.0,Medio,2,1.5
35,78,High,Low,Yes,10,99,Medium,Yes,1,Low,Medium,Private,Positive,2,No,High School,Near,Male,72,186.8,3.5,Medio,2,-5.5
20,61,Medium,Low,Yes,7,70,Low,Yes,1,Medium,Medium,Private,Positive,4,No,High School,Moderate,Female,62,116.6,3.5,Medio,4,1.0
20,76,High,High,Yes,6,87,Low,Yes,1,Low,Medium,Public,Negative,4,No,Postgraduate,Moderate,Male,68,125.6,5.5,Medio,1,0.0
20,83,High,Medium,No,7,89,Medium,Yes,3,Low,High,Private,Negative,4,No,High School,Near,Female,69,129.8,5.5,Medio,2,1.0
21,98,High,Medium,No,5,66,Low,Yes,3,High,High,Public,Positive,5,No,High School,Near,Male,73,142.8,5.5,Medio,3,-0.5
19,81,High,High,No,8,61,Low,Yes,3,Medium,Medium,Private,Negative,5,No,Postgraduate,Near,Male,69,124.6,6.5,Medio,4,3.5
17,93,Medium,Medium,Yes,9,64,Medium,Yes,1,Medium,Medium,Public,Neutral,3,No,High School,Moderate,Female,67,123.8,4.5,Medio,2,3.5
17,82,Medium,Low,No,6,88,Low,Yes,2,Low,Low,Private,Neutral,3,No,Postgraduate,Near,Male,65,117.19999999999999,4.0,Medio,2,0.5
20,62,Low,Low,No,6,92,High,Yes,2,Medium,Medium,Public,Positive,3,No,Postgraduate,Moderate,Male,63,117.19999999999999,4.0,Medio,2,-1.0
17,73,High,Medium,Yes,7,85,Medium,Yes,2,Low,Medium,Public,Positive,2,No,High School,Moderate,Male,66,111.8,5.0,Medio,1,0.5
16,83,Medium,Medium,No,6,72,Medium,Yes,1,Low,High,Public,Positive,2,No,College,Near,Male,66,113.8,4.5,Medio,1,0.0
21,98,Medium,High,No,5,63,Low,Yes,0,Low,High,Public,Neutral,2,No,Postgraduate,Near,Male,70,142.8,5.0,Medio,1,-3.5
18,94,Medium,Medium,No,6,71,Low,Yes,2,High,Medium,Public,Neutral,3,No,Postgraduate,Far,Male,69,128.4,5.0,Medio,3,0.0
29,69,Medium,High,No,6,96,Low,Yes,1,High,Medium,Public,Positive,4,No,High School,Near,Female,70,157.4,5.5,Medio,3,-4.5
4,69,Medium,Low,No,9,93,Low,No,2,Medium,High,Private,Negative,3,No,High School,Moderate,Female,58,57.4,2.0,Bajo,4,10.0
27,68,Medium,Medium,No,9,66,Medium,Yes,3,High,Medium,Private,Positive,3,No,High School,Far,Male,67,148.8,5.5,Medio,6,-1.5
27,97,High,High,Yes,9,66,Low,Yes,1,Low,Medium,Public,Positive,3,No,High School,Far,Male,73,166.2,5.5,Medio,1,-1.5
8,94,High,Low,No,8,89,High,Yes,0,Medium,Medium,Public,Neutral,2,No,High School,Near,Female,66,88.4,3.0,Medio,2,6.0
18,91,High,High,Yes,7,71,High,Yes,0,Medium,Medium,Public,Neutral,3,No,High School,Near,Male,70,126.6,5.0,Medio,2,1.0
18,76,High,High,No,6,79,Medium,Yes,1,Medium,Medium,Private,Positive,2,No,Postgraduate,Far,Female,67,117.6,5.5,Medio,4,-1.0
12,80,Low,Low,No,9,71,High,Yes,1,Low,Low,Private,Positive,3,Yes,High School,Moderate,Female,60,96.0,3.5,Medio,2,6.0
15,79,High,Medium,No,8,62,Low,Yes,1,Low,Low,Public,Positive,3,No,College,Near,Male,65,107.4,4.5,Medio,1,3.5
13,70,Medium,Medium,No,5,59,Medium,Yes,0,Medium,High,Private,Positive,2,No,Postgraduate,Near,Female,63,94.0,4.0,Medio,4,0.5
31,80,High,High,Yes,6,57,Low,Yes,1,Medium,High,Private,Positive,3,No,High School,Near,Female,72,172.0,5.5,Medio,4,-6.5
26,61,Low,Medium,Yes,5,51,High,Yes,0,Low,Medium,Private,Neutral,5,No,High School,Moderate,Female,62,140.6,4.0,Medio,2,-3.0
24,95,High,Low,Yes,8,59,Medium,Yes,2,Low,High,Public,Negative,1,No,College,Moderate,Male,70,153.0,4.0,Medio,1,-3.0
13,90,Medium,Medium,No,5,63,Medium,Yes,0,Low,Medium,Public,Neutral,4,No,High School,Moderate,Female,64,106.0,4.0,Medio,1,2.5
17,77,Medium,Medium,Yes,6,54,Low,Yes,3,Low,Medium,Public,Neutral,4,No,High School,Moderate,Male,64,114.19999999999999,5.5,Medio,1,1.5
23,81,Medium,Low,Yes,7,67,Medium,Yes,0,Medium,High,Private,Positive,5,No,High School,Moderate,Female,67,140.6,3.0,Medio,4,0.5
13,75,Medium,High,Yes,7,76,High,Yes,1,Medium,High,Public,Negative,1,No,High School,Moderate,Male,64,97.0,5.5,Medio,2,1.5
24,90,Medium,Medium,Yes,6,97,Low,Yes,1,High,High,Public,Positive,4,No,High School,Near,Male,72,150.0,4.5,Medio,3,-2.0
19,91,Medium,Low,No,9,67,Medium,Yes,0,Medium,Medium,Private,Negative,3,No,College,Near,Female,66,130.6,3.0,Medio,4,2.5
18,91,Medium,Medium,No,5,52,Medium,Yes,2,Medium,Medium,Public,Negative,4,No,High School,Moderate,Female,66,126.6,5.0,Medio,2,0.0
24,89,Medium,High,Yes,5,68,Medium,Yes,0,Low,High,Public,Positive,2,No,Postgraduate,Near,Female,71,149.4,5.0,Medio,1,-5.0
23,68,Low,Low,No,8,91,Medium,Yes,5,Low,Medium,Public,Negative,5,No,Postgraduate,Near,Female,66,132.8,5.5,Medio,1,1.5
18,74,Medium,Low,Yes,6,67,High,Yes,2,Low,High,Public,Neutral,2,No,High School,Near,Male,64,116.4,4.0,Medio,1,-1.0
27,79,Medium,Low,No,6,65,Low,Yes,0,Medium,Medium,Private,Negative,2,No,College,Near,Male,66,155.4,3.0,Medio,4,-5.5
14,73,Medium,Low,Yes,5,96,Low,Yes,1,Low,Medium,Public,Negative,3,No,High School,Moderate,Female,62,99.8,3.5,Medio,1,1.0
24,90,Medium,Medium,No,8,65,Medium,Yes,4,Low,Medium,Public,Neutral,4,No,High School,Moderate,Male,70,150.0,6.0,Medio,1,0.0
24,73,Medium,Medium,Yes,7,99,Medium,Yes,3,Medium,High,Private,Neutral,3,No,High School,Near,Female,69,139.8,5.5,Medio,4,-2.0
18,66,High,Medium,No,7,92,Medium,Yes,2,Low,Medium,Private,Neutral,4,No,High School,Moderate,Male,65,111.6,5.0,Medio,2,2.0
22,76,High,Medium,Yes,6,84,High,Yes,2,Medium,High,Public,Neutral,3,No,High School,Near,Male,70,133.6,5.0,Medio,2,-2.0
12,99,High,High,Yes,6,80,Medium,No,0,High,Medium,Public,Positive,3,No,High School,Moderate,Male,70,107.4,3.0,Medio,3,3.0
26,69,Medium,Medium,Yes,7,61,Medium,Yes,1,High,High,Public,Positive,2,No,College,Near,Male,67,145.4,4.5,Medio,3,-4.0
19,84,Medium,High,Yes,8,87,Low,Yes,2,Low,High,Public,Positive,3,No,High School,Moderate,Female,69,126.4,6.0,Medio,1,1.5
17,77,Low,Medium,No,9,67,Low,Yes,0,Low,High,Public,Neutral,5,Yes,High School,Near,Female,62,114.19999999999999,4.0,Medio,1,5.5
26,63,Medium,High,Yes,9,74,Medium,Yes,1,Low,Medium,Private,Positive,4,No,High School,Near,Female,67,141.8,5.5,Medio,2,0.0
16,80,High,Medium,No,8,55,High,No,0,Low,Medium,Public,Positive,6,No,College,Moderate,Male,65,112.0,2.0,Medio,1,6.0
12,88,Medium,Medium,No,8,65,Medium,Yes,0,Low,Medium,Public,Positive,4,No,High School,Near,Male,65,100.8,4.0,Medio,1,6.0
11,81,Medium,High,Yes,5,76,Medium,Yes,1,Low,Medium,Public,Neutral,3,No,Postgraduate,Far,Male,65,92.6,5.5,Medio,1,2.5
24,95,Medium,Low,Yes,6,73,Medium,No,3,Low,Medium,Public,Positive,2,No,High School,Moderate,Male,69,153.0,2.5,Medio,1,-4.0
12,72,Medium,Medium,No,8,67,Low,Yes,4,Medium,Medium,Public,Neutral,4,No,High School,Near,Male,63,91.19999999999999,6.0,Medio,2,6.0
31,63,Low,High,Yes,7,74,Low,Yes,3,Medium,Medium,Public,Negative,2,No,College,Moderate,Male,66,161.8,6.5,Medio,2,-6.5
8,97,Medium,High,Yes,8,87,Medium,Yes,0,Medium,Medium,Public,Positive,2,Yes,High School,Near,Male,67,90.19999999999999,5.0,Medio,2,6.0
30,75,Medium,Medium,No,8,73,High,Yes,1,Medium,Medium,Public,Negative,3,No,College,Near,Male,69,165.0,4.5,Medio,2,-4.0
21,83,Medium,Medium,Yes,8,75,High,Yes,1,Low,High,Public,Neutral,2,No,High School,Far,Male,67,133.8,4.5,Medio,1,-0.5
19,92,Medium,Medium,Yes,5,85,Medium,Yes,1,Medium,High,Private,Neutral,4,No,High School,Near,Male,70,131.2,4.5,Medio,4,-0.5
17,73,High,High,Yes,7,92,Medium,Yes,2,High,Medium,Private,Negative,2,No,High School,Moderate,Male,67,111.8,6.0,Medio,6,0.5
22,89,High,Medium,No,6,76,Medium,Yes,2,Low,Medium,Public,Neutral,4,No,High School,Near,Male,70,141.4,5.0,Medio,1,-1.0
20,65,High,High,Yes,6,97,Medium,Yes,0,Low,Low,Private,Negative,3,No,High School,Moderate,Female,65,119.0,5.0,Medio,2,-1.0
27,72,Medium,Low,No,4,68,Medium,No,0,Medium,High,Public,Negative,3,Yes,College,Near,Male,63,151.2,1.0,Medio,2,-6.5
21,66,Medium,Medium,Yes,7,63,Medium,Yes,0,High,Medium,Public,Neutral,3,No,High School,Near,Female,64,123.6,4.0,Medio,3,-0.5
21,92,High,Medium,Yes,4,85,Low,Yes,1,High,Medium,Public,Negative,3,No,High School,Far,Male,69,139.2,4.5,Medio,3,-3.5
18,69,Low,Medium,No,8,59,Low,No,1,Low,Medium,Public,Positive,4,No,High School,Near,Female,60,113.4,2.5,Medio,1,3.0
20,89,Low,Medium,Yes,9,95,Medium,Yes,3,Low,Medium,Public,Positive,3,No,High School,Moderate,Male,69,133.4,5.5,Medio,1,2.0
22,98,Medium,Low,Yes,8,69,Medium,Yes,4,High,Medium,Private,Positive,2,No,High School,Near,Female,72,146.8,5.0,Medio,6,-1.0
10,81,Medium,Low,Yes,7,85,Low,Yes,1,Low,Medium,Public,Neutral,2,No,College,Near,Male,63,88.6,3.5,Medio,1,4.0
12,82,Low,Medium,No,9,79,High,Yes,0,Low,Medium,Private,Positive,2,No,College,Moderate,Female,63,97.19999999999999,4.0,Medio,2,5.0
24,78,High,Low,Yes,7,53,High,Yes,0,Medium,Medium,Public,Neutral,4,Yes,High School,Near,Male,66,142.8,3.0,Medio,2,-1.0
19,79,Medium,High,Yes,7,90,Medium,Yes,1,High,Medium,Public,Negative,4,No,College,Far,Female,68,123.4,5.5,Medio,3,1.5
20,84,Medium,Medium,Yes,10,99,Low,Yes,2,Medium,Medium,Private,Positive,3,No,High School,Moderate,Male,69,130.4,5.0,Medio,4,3.0
22,99,Medium,Medium,Yes,5,71,High,Yes,0,Medium,High,Public,Neutral,4,No,College,Near,Female,72,147.4,4.0,Medio,2,-2.0
17,98,Low,High,No,5,75,Low,Yes,1,Low,Low,Private,Positive,3,Yes,College,Near,Male,67,126.8,5.5,Medio,2,-0.5
15,94,Low,Medium,No,8,94,Low,Yes,1,High,Medium,Public,Positive,4,No,High School,Moderate,Male,68,116.4,4.5,Medio,3,4.5
21,96,Medium,High,No,7,63,Medium,Yes,1,Medium,Medium,Private,Negative,2,No,Postgraduate,Far,Female,70,141.6,5.5,Medio,4,-1.5
14,79,High,Medium,Yes,6,59,Medium,Yes,5,Medium,High,Public,Positive,3,No,Postgraduate,Far,Male,68,103.4,6.5,Medio,2,2.0
22,86,Medium,Medium,Yes,5,57,High,Yes,2,Medium,Medium,Public,Positive,3,No,College,Moderate,Male,69,139.6,5.0,Medio,2,-3.0
10,96,Medium,Medium,No,4,99,Medium,Yes,1,Medium,Medium,Private,Negative,5,No,College,Near,Female,68,97.6,4.5,Medio,4,4.0
26,76,Medium,Medium,No,5,64,Low,Yes,0,Medium,Medium,Public,Positive,5,No,College,Far,Female,66,149.6,4.0,Medio,2,-3.0
23,98,Medium,Medium,No,9,88,High,Yes,1,Low,Medium,Public,Negative,4,No,Postgraduate,Moderate,Female,72,150.8,4.5,Medio,1,1.5
22,77,Medium,Medium,Yes,7,72,Medium,Yes,2,Medium,High,Public,Neutral,3,No,High School,Near,Male,67,134.2,5.0,Medio,2,-1.0
26,84,Low,High,No,4,62,Medium,No,3,High,High,Public,Positive,2,No,High School,Near,Male,70,154.4,4.5,Medio,3,-7.0
30,88,High,Medium,Yes,9,96,Medium,Yes,1,Medium,High,Private,Neutral,3,Yes,High School,Near,Male,73,172.8,4.5,Medio,4,-3.0
26,98,Medium,Low,Yes,9,73,High,Yes,1,High,Low,Public,Neutral,6,No,Postgraduate,Moderate,Male,73,162.8,3.5,Medio,3,2.0
9,70,Medium,Medium,No,9,78,Low,Yes,1,Medium,Low,Public,Neutral,2,No,High School,Near,Female,60,78.0,4.5,Medio,2,6.5
12,90,Medium,High,No,6,61,Low,Yes,2,Medium,High,Public,Neutral,3,No,College,Near,Male,67,102.0,6.0,Medio,2,3.0
16,81,High,Medium,Yes,7,66,Medium,Yes,3,High,High,Private,Positive,4,No,High School,Near,Male,69,112.6,5.5,Medio,6,3.0
20,71,Medium,Low,No,7,87,High,Yes,1,Medium,Medium,Public,Negative,5,No,High School,Near,Male,65,122.6,3.5,Medio,2,2.0
23,91,Low,High,Yes,9,67,Low,Yes,2,Low,Medium,Public,Neutral,4,No,High School,Near,Female,70,146.6,6.0,Medio,1,1.5
16,82,High,High,Yes,6,75,Low,Yes,3,Medium,Medium,Public,Neutral,3,No,College,Moderate,Female,68,113.19999999999999,6.5,Medio,2,1.0
21,86,Medium,Low,No,6,56,Medium,Yes,1,Low,High,Private,Negative,2,No,College,Near,Female,66,135.6,3.5,Medio,2,-2.5
15,73,Low,High,Yes,8,93,Medium,Yes,1,Low,High,Public,Positive,4,No,College,Far,Male,65,103.8,5.5,Medio,1,4.5
16,79,Low,Medium,Yes,9,87,Medium,Yes,1,Low,Medium,Public,Neutral,2,No,College,Moderate,Female,64,111.4,4.5,Medio,1,3.0
12,85,High,High,Yes,7,88,High,Yes,1,Low,Medium,Public,Neutral,0,No,College,Far,Female,67,99.0,5.5,Medio,1,1.0
14,76,High,Medium,Yes,8,59,Low,Yes,3,Medium,Medium,Private,Neutral,5,No,High School,Moderate,Male,65,101.6,5.5,Medio,4,6.0
12,68,High,High,Yes,7,75,Medium,Yes,1,Medium,Low,Private,Positive,4,No,High School,Near,Male,64,88.8,5.5,Medio,4,5.0
14,98,High,High,No,7,51,Medium,Yes,0,Medium,Low,Public,Positive,1,Yes,High School,Near,Male,67,114.8,5.0,Medio,2,1.0
26,80,Medium,Low,Yes,6,66,Medium,Yes,2,High,Medium,Public,Neutral,4,No,Postgraduate,Near,Male,70,152.0,4.0,Medio,3,-3.0
14,89,Medium,Low,Yes,5,67,Low,No,3,Low,Low,Private,Neutral,3,No,High School,Far,Female,63,109.4,2.5,Medio,2,1.0
36,76,Medium,Medium,No,6,96,Medium,Yes,1,Low,Medium,Private,Neutral,2,No,College,Near,Male,71,189.6,4.5,Medio,2,-10.0
23,74,High,Low,No,6,100,Low,Yes,2,High,Low,Private,Positive,3,No,High School,Near,Male,68,136.4,4.0,Medio,6,-2.5
21,76,Medium,Medium,No,7,81,Medium,Yes,0,Medium,High,Private,Positive,2,No,College,Moderate,Female,67,129.6,4.0,Medio,4,-1.5
15,76,High,High,Yes,9,76,Medium,Yes,1,Medium,High,Public,Neutral,2,No,Postgraduate,Far,Female,67,105.6,5.5,Medio,2,3.5
24,82,Low,Medium,Yes,7,72,Medium,Yes,0,Medium,High,Public,Positive,2,No,Postgraduate,Moderate,Female,68,145.2,4.0,Medio,2,-3.0
17,82,High,Medium,No,6,51,Medium,Yes,1,Low,Medium,Public,Positive,3,No,Postgraduate,Moderate,Male,66,117.19999999999999,4.5,Medio,1,0.5
21,80,Medium,Medium,Yes,8,90,Medium,Yes,0,Medium,Medium,Public,Negative,4,No,College,Near,Male,68,132.0,4.0,Medio,2,1.5
35,65,High,Medium,Yes,7,84,High,Yes,0,Medium,Medium,Public,Positive,2,No,High School,Moderate,Male,70,179.0,4.0,Medio,2,-8.5
19,80,Low,Low,No,8,82,Medium,Yes,5,Low,Low,Public,Positive,3,No,College,Near,Male,67,124.0,5.5,Medio,1,1.5
27,67,Low,Medium,Yes,6,90,Medium,Yes,2,High,High,Private,Neutral,3,No,High School,Moderate,Male,67,148.2,5.0,Medio,6,-4.5
16,65,Low,High,No,9,96,Low,Yes,2,Low,Medium,Public,Negative,2,No,High School,Near,Male,62,103.0,6.0,Medio,1,3.0
20,97,Medium,High,No,9,69,Low,Yes,0,Low,Low,Public,Negative,3,Yes,High School,Near,Male,67,138.2,5.0,Medio,1,2.0
31,84,Medium,High,No,7,71,Low,Yes,4,Low,Medium,Public,Negative,4,No,High School,Far,Male,70,174.4,7.0,Medio,1,-4.5
16,86,High,High,No,8,99,Medium,Yes,4,Low,High,Private,Neutral,4,No,College,Near,Male,72,115.6,7.0,Medio,2,4.0
31,76,Medium,Medium,Yes,9,83,Medium,Yes,2,High,Medium,Private,Negative,3,No,High School,Moderate,Female,70,169.6,5.0,Medio,6,-3.5
17,86,Medium,Medium,No,7,61,Medium,No,2,High,Medium,Public,Positive,3,No,High School,Moderate,Male,66,119.6,3.0,Medio,3,1.5
24,91,Low,Low,Yes,7,66,High,Yes,2,Low,High,Public,Neutral,3,No,High School,Near,Male,69,150.6,4.0,Medio,1,-2.0
26,75,High,Medium,No,5,70,Low,Yes,0,High,Low,Private,Neutral,2,No,Postgraduate,Near,Male,68,149.0,4.0,Medio,6,-6.0
24,98,High,Low,No,8,66,High,Yes,2,Low,Medium,Public,Positive,1,No,High School,Moderate,Male,71,154.8,4.0,Medio,1,-3.0
11,93,High,Medium,No,9,94,Medium,Yes,4,Low,High,Public,Neutral,4,No,High School,Moderate,Male,69,99.8,6.0,Medio,1,7.5
16,94,Medium,Medium,No,7,76,Low,Yes,2,Medium,Medium,Public,Neutral,3,Yes,High School,Near,Female,67,120.4,5.0,Medio,2,2.0
19,67,Low,Medium,Yes,8,98,Medium,Yes,2,Low,Medium,Private,Negative,2,No,Postgraduate,Near,Female,64,116.19999999999999,5.0,Medio,2,0.5
20,71,Medium,Medium,Yes,9,66,Medium,Yes,1,Medium,Low,Private,Negative,5,Yes,College,Near,Female,63,122.6,4.5,Medio,4,4.0
24,71,Medium,High,Yes,6,52,Medium,Yes,2,Medium,Medium,Private,Neutral,3,No,College,Far,Female,66,138.6,6.0,Medio,4,-3.0
21,71,High,Medium,Yes,8,57,Low,No,2,High,Medium,Public,Positive,1,No,Postgraduate,Near,Female,66,126.6,3.0,Medio,3,-1.5
12,94,Low,High,Yes,6,61,Medium,Yes,3,High,High,Public,Neutral,4,No,College,Near,Male,69,104.4,6.5,Medio,3,4.0
22,61,Low,Low,Yes,6,82,Low,Yes,4,Medium,Medium,Public,Positive,4,No,High School,Moderate,Female,64,124.6,5.0,Medio,2,-1.0
24,63,High,Medium,No,8,59,Low,Yes,1,Low,Medium,Public,Neutral,3,Yes,High School,Near,Male,62,133.8,4.5,Medio,1,-1.0
23,71,Medium,Medium,Yes,7,69,High,Yes,3,Low,Medium,Public,Positive,5,Yes,High School,Far,Female,66,134.6,5.5,Medio,1,0.5
26,68,Medium,High,Yes,8,90,Medium,Yes,4,Low,High,Private,Neutral,3,No,High School,Near,Male,70,144.8,7.0,Medio,2,-2.0
25,69,High,Medium,Yes,7,56,Medium,Yes,2,Low,Medium,Private,Neutral,4,No,High School,Near,Male,67,141.4,5.0,Medio,2,-1.5
23,92,Low,Medium,No,8,54,Medium,Yes,0,High,Low,Public,Positive,1,No,Postgraduate,Near,Female,68,147.2,4.0,Medio,3,-2.5
20,83,High,Low,No,9,77,High,Yes,0,Low,Medium,Public,Positive,3,Yes,High School,Near,Male,67,129.8,3.0,Medio,1,2.0
10,60,Medium,Medium,No,9,85,Medium,Yes,0,Medium,High,Public,Positive,4,No,Postgraduate,Near,Male,62,76.0,4.0,Medio,2,8.0
23,77,Low,Medium,Yes,8,96,Medium,Yes,1,High,Medium,Private,Neutral,1,Yes,College,Near,Male,67,138.2,4.5,Medio,6,-2.5
21,76,Medium,High,Yes,8,83,Medium,Yes,0,Low,Medium,Public,Positive,5,No,High School,Near,Male,68,129.6,5.0,Medio,1,2.5
22,65,Low,Medium,No,7,97,Low,Yes,2,Medium,High,Private,Neutral,4,No,High School,Moderate,Female,64,127.0,5.0,Medio,4,0.0
12,87,Medium,Low,Yes,7,62,Medium,No,2,Medium,Medium,Public,Neutral,4,No,High School,Near,Female,64,100.19999999999999,2.0,Medio,2,5.0
14,88,Medium,Medium,No,8,67,Medium,Yes,2,High,Low,Public,Neutral,3,No,Postgraduate,Far,Male,66,108.8,5.0,Medio,3,4.0
26,89,Medium,Low,Yes,7,92,Medium,Yes,2,Low,High,Public,Positive,2,No,Postgraduate,Moderate,Male,72,157.4,4.0,Medio,1,-4.0
20,89,Medium,High,Yes,8,91,Medium,Yes,2,Medium,Medium,Public,Positive,3,No,High School,Near,Female,72,133.4,6.0,Medio,2,1.0
24,60,Medium,High,Yes,9,83,High,Yes,2,Medium,Low,Public,Positive,3,Yes,High School,Near,Male,66,132.0,6.0,Medio,2,0.0
20,98,Low,Medium,No,7,75,High,Yes,4,Medium,Medium,Private,Positive,1,No,College,Near,Male,72,138.8,6.0,Medio,4,-2.0
20,93,High,Medium,Yes,4,51,Low,Yes,1,Medium,Medium,Public,Positive,3,No,High School,Near,Male,69,135.8,4.5,Medio,2,-3.0
26,96,High,High,Yes,10,64,Low,Yes,2,Medium,Medium,Private,Neutral,3,Yes,High School,Near,Female,72,161.6,6.0,Medio,4,0.0
17,61,Low,Low,Yes,6,58,Medium,Yes,1,Medium,High,Public,Neutral,4,No,High School,Near,Male,60,104.6,3.5,Medio,2,1.5
21,97,Medium,Medium,Yes,7,53,Medium,Yes,0,High,Medium,Public,Neutral,2,No,High School,Moderate,Male,69,142.2,4.0,Medio,3,-1.5
17,92,Medium,High,No,8,89,Medium,Yes,0,Low,Low,Public,Positive,3,Yes,High School,Near,Male,68,123.19999999999999,5.0,Medio,1,2.5
17,93,Low,Medium,Yes,9,57,High,Yes,3,Low,High,Private,Neutral,2,No,College,Near,Male,69,123.8,5.5,Medio,2,2.5
18,64,Medium,Low,Yes,10,68,Low,Yes,1,Low,Medium,Public,Positive,5,No,High School,Near,Male,62,110.4,3.5,Medio,1,6.0
21,90,Medium,Medium,Yes,6,99,Low,Yes,2,Low,High,Public,Positive,2,No,High School,Moderate,Male,71,138.0,5.0,Medio,1,-2.5
17,98,Medium,High,Yes,9,70,Low,Yes,1,High,Medium,Private,Negative,2,No,High School,Near,Male,70,126.8,5.5,Medio,6,2.5
28,87,Low,Low,Yes,7,57,Medium,Yes,2,Medium,High,Private,Negative,4,No,High School,Moderate,Male,68,164.2,4.0,Medio,4,-3.0
15,83,High,Medium,Yes,10,84,Medium,Yes,1,High,High,Public,Negative,2,No,College,Near,Male,68,109.8,4.5,Medio,3,4.5
19,98,Medium,High,No,9,90,Low,No,1,High,Medium,Private,Positive,2,No,College,Far,Female,70,134.8,3.5,Medio,6,1.5
17,78,Medium,High,No,7,64,Medium,Yes,0,Low,Medium,Private,Neutral,3,No,High School,Near,Female,65,114.8,5.0,Medio,2,1.5
29,84,High,Medium,Yes,6,90,Medium,Yes,0,Medium,High,Public,Positive,3,No,Postgraduate,Far,Male,73,166.4,4.0,Medio,2,-5.5
21,79,High,Medium,No,4,64,Low,Yes,0,Low,High,Public,Negative,4,No,College,Moderate,Male,66,131.4,4.0,Medio,1,-2.5
26,97,Medium,Medium,No,8,85,Low,No,2,High,Low,Public,Neutral,3,No,High School,Near,Male,71,162.2,3.0,Medio,3,-2.0
11,63,High,Medium,Yes,9,56,High,Yes,2,Medium,Medium,Public,Neutral,3,No,High School,Near,Female,62,81.8,5.0,Medio,2,6.5
22,80,Medium,Medium,Yes,8,71,High,Yes,2,Low,Medium,Private,Positive,3,No,High School,Near,Female,68,136.0,5.0,Medio,2,0.0
25,87,Medium,High,No,4,76,Low,Yes,1,Low,High,Public,Positive,4,No,College,Far,Male,70,152.2,5.5,Medio,1,-4.5
20,92,Medium,Low,No,5,86,Low,Yes,0,Medium,Medium,Public,Neutral,2,No,Postgraduate,Moderate,Female,68,135.2,3.0,Medio,2,-3.0
26,83,High,Low,Yes,8,83,Medium,Yes,2,Low,High,Public,Neutral,2,No,College,Near,Female,71,153.8,4.0,Medio,1,-3.0
17,96,Medium,Medium,Yes,10,93,Medium,Yes,2,Medium,Low,Public,Negative,4,No,High School,Near,Female,70,125.6,5.0,Medio,2,5.5
28,98,Medium,Medium,Yes,7,59,Medium,Yes,1,Low,Medium,Public,Positive,3,No,High School,Near,Male,72,170.8,4.5,Medio,1,-4.0
34,63,Medium,High,Yes,9,83,Medium,Yes,2,Medium,High,Public,Negative,2,No,College,Moderate,Male,69,173.8,6.0,Medio,2,-6.0
18,76,Medium,High,No,5,56,Medium,Yes,1,Low,Low,Public,Negative,2,No,College,Moderate,Male,63,117.6,5.5,Medio,1,-2.0
17,61,Medium,Medium,No,7,74,High,Yes,0,Medium,Medium,Public,Neutral,2,No,Postgraduate,Near,Female,62,104.6,4.0,Medio,2,0.5
29,73,Medium,Medium,No,7,76,Medium,Yes,2,Low,High,Private,Neutral,3,No,High School,Near,Female,68,159.8,5.0,Medio,2,-4.5
29,81,Low,Medium,Yes,9,51,Low,Yes,2,Medium,Medium,Public,Positive,5,No,Postgraduate,Near,Male,70,164.6,5.0,Medio,2,-0.5
17,96,Medium,Medium,Yes,6,54,Medium,Yes,1,Medium,Medium,Private,Positive,4,No,High School,Near,Male,69,125.6,4.5,Medio,4,1.5
17,94,Medium,Medium,No,10,92,Low,Yes,2,Low,Medium,Private,Negative,2,No,High School,Near,Male,68,124.4,5.0,Medio,2,3.5
18,65,High,Medium,Yes,7,64,Medium,Yes,2,High,Medium,Public,Positive,1,No,High School,Near,Male,65,111.0,5.0,Medio,3,-1.0
12,64,Medium,Low,No,5,67,Medium,Yes,3,Low,Medium,Private,Positive,2,Yes,High School,Near,Male,59,86.4,4.5,Bajo,2,1.0
14,84,Medium,Medium,No,5,82,Medium,Yes,3,Low,Medium,Public,Positive,3,No,College,Far,Male,66,106.4,5.5,Medio,1,1.0
14,81,High,Medium,No,6,61,Low,Yes,0,Low,Medium,Public,Positive,4,No,High School,Moderate,Male,64,104.6,4.0,Medio,1,3.0
15,71,Low,Medium,No,8,60,High,No,5,Low,High,Public,Positive,4,No,High School,Far,Female,63,102.6,4.5,Medio,1,4.5
20,96,Medium,Medium,No,6,71,Medium,Yes,5,Low,High,Public,Neutral,3,No,College,Near,Male,72,137.6,6.5,Medio,1,-1.0
21,97,Medium,High,Yes,6,53,Low,Yes,0,Low,Medium,Public,Negative,3,Yes,High School,Moderate,Male,67,142.2,5.0,Medio,1,-1.5
14,96,Medium,High,Yes,4,97,Low,Yes,2,Medium,Medium,Public,Negative,3,No,High School,Near,Female,70,113.6,6.0,Medio,2,0.0
26,75,Low,Medium,No,6,72,Medium,Yes,0,Low,High,Public,Neutral,3,No,High School,Near,Male,66,149.0,4.0,Medio,1,-4.0
19,89,Low,Medium,Yes,5,60,Low,Yes,4,Medium,Medium,Public,Positive,2,No,Postgraduate,Moderate,Female,69,129.4,6.0,Medio,2,-2.5
20,79,Medium,Low,Yes,6,74,Low,Yes,2,Low,Medium,Public,Positive,2,No,High School,Far,Male,64,127.4,4.0,Medio,1,-2.0
24,65,Medium,Medium,No,7,55,Low,Yes,1,Low,High,Private,Positive,3,Yes,High School,Near,Female,63,135.0,4.5,Medio,2,-2.0
13,97,High,High,No,7,70,Medium,Yes,1,Low,High,Public,Neutral,4,No,Postgraduate,Near,Female,71,110.19999999999999,5.5,Medio,1,4.5
22,78,High,Medium,No,7,54,Medium,Yes,1,Medium,Medium,Public,Negative,3,Yes,High School,Moderate,Male,65,134.8,4.5,Medio,2,-1.0
21,89,Low,Medium,Yes,9,85,Low,Yes,1,Medium,Medium,Public,Negative,5,No,College,Far,Female,68,137.4,4.5,Medio,2,3.5
23,75,Medium,Medium,No,7,64,High,Yes,1,Low,Medium,Public,Negative,3,Yes,High School,Moderate,Male,64,137.0,4.5,Medio,1,-1.5
22,61,Low,Low,Yes,10,76,High,Yes,1,High,High,Public,Positive,2,No,College,Near,Male,64,124.6,3.5,Medio,3,1.0
35,64,Medium,Medium,Yes,8,51,Medium,Yes,2,Medium,Medium,Public,Negative,5,Yes,High School,Near,Male,66,178.4,5.0,Medio,2,-4.5
16,80,High,Medium,No,6,76,Medium,Yes,1,Medium,High,Public,Positive,4,No,College,Near,Male,68,112.0,4.5,Medio,2,2.0
17,88,Medium,Medium,No,10,50,Medium,Yes,3,Low,High,Public,Neutral,5,No,College,Moderate,Female,67,120.8,5.5,Medio,1,6.5
16,73,Low,High,Yes,7,96,Medium,Yes,1,Medium,Medium,Private,Positive,3,No,High School,Moderate,Female,66,107.8,5.5,Medio,4,2.0
17,88,Medium,Medium,Yes,10,75,Medium,Yes,2,Medium,Medium,Public,Neutral,3,No,High School,Near,Male,68,120.8,5.0,Medio,2,4.5
16,88,Low,Medium,No,7,55,Medium,Yes,3,Low,Low,Public,Neutral,3,No,Postgraduate,Near,Male,66,116.8,5.5,Medio,1,2.0
27,88,Medium,Medium,No,7,67,Medium,Yes,3,High,Medium,Public,Neutral,4,No,College,Far,Male,71,160.8,5.5,Medio,3,-2.5
29,80,Medium,High,Yes,8,52,Medium,Yes,4,Low,Medium,Public,Positive,4,No,High School,Moderate,Female,71,164.0,7.0,Medio,1,-2.5
17,97,Medium,High,No,7,77,Medium,Yes,0,Low,Medium,Private,Negative,4,No,College,Far,Male,68,126.19999999999999,5.0,Medio,2,2.5
15,80,High,Low,No,9,56,High,Yes,3,Medium,Medium,Public,Neutral,3,Yes,High School,Near,Female,64,108.0,4.5,Medio,2,4.5
23,78,Medium,Medium,Yes,10,74,Low,Yes,3,Medium,Medium,Public,Negative,4,No,High School,Moderate,Male,67,138.8,5.5,Medio,2,2.5
17,68,High,Medium,Yes,4,65,High,Yes,0,Medium,Medium,Private,Positive,2,No,High School,Moderate,Male,64,108.8,4.0,Medio,4,-2.5
24,72,High,Low,Yes,8,88,High,Yes,3,Low,Medium,Public,Positive,2,No,High School,Near,Female,68,139.2,4.5,Medio,1,-2.0
21,62,Medium,Low,No,6,74,High,Yes,0,Low,High,Private,Positive,3,Yes,Postgraduate,Far,Male,62,121.19999999999999,3.0,Medio,2,-1.5
11,85,Medium,Low,Yes,4,92,Low,Yes,0,Medium,High,Public,Neutral,1,No,College,Near,Male,64,95.0,3.0,Medio,2,-0.5
29,70,Low,High,No,8,97,Low,Yes,3,Low,High,Public,Positive,3,No,Postgraduate,Moderate,Male,70,158.0,6.5,Medio,1,-3.5
31,72,Medium,Medium,No,8,98,High,Yes,0,Low,Medium,Public,Neutral,4,No,College,Far,Male,68,167.2,4.0,Medio,1,-3.5
16,91,Medium,Medium,No,8,63,High,Yes,2,Medium,High,Public,Neutral,3,No,College,Near,Female,69,118.6,5.0,Medio,2,3.0
18,73,Low,Medium,Yes,8,88,Low,Yes,3,Low,Medium,Public,Positive,4,No,College,Moderate,Male,65,115.8,5.5,Medio,1,3.0
22,70,Medium,High,Yes,8,72,Medium,Yes,2,High,Medium,Public,Neutral,3,No,High School,Near,Male,67,130.0,6.0,Medio,3,0.0
22,67,High,Medium,No,6,71,Low,Yes,2,Medium,Medium,Public,Positive,2,No,College,Moderate,Male,65,128.2,5.0,Medio,2,-3.0
24,91,High,Medium,No,7,93,Low,Yes,0,Medium,Medium,Public,Positive,2,No,High School,Moderate,Male,71,150.6,4.0,Medio,2,-3.0
32,65,Medium,Low,Yes,8,57,Low,Yes,2,Low,Medium,Public,Positive,3,No,High School,Moderate,Female,65,167.0,4.0,Medio,1,-5.0
19,78,Medium,Medium,Yes,9,74,Low,Yes,2,Low,Medium,Public,Positive,5,No,High School,Moderate,Female,66,122.8,5.0,Medio,1,4.5
15,80,High,Medium,No,7,80,Medium,Yes,0,Low,Low,Public,Neutral,5,No,High School,Near,Female,65,108.0,4.0,Medio,1,4.5
12,87,Medium,Medium,Yes,7,53,Low,Yes,2,Medium,Medium,Private,Neutral,1,No,College,Near,Male,65,100.19999999999999,5.0,Medio,4,2.0
16,85,Low,Medium,No,7,93,High,Yes,1,Medium,High,Public,Positive,3,No,High School,Near,Male,68,115.0,4.5,Medio,2,2.0
20,92,Medium,Medium,Yes,5,66,Medium,Yes,2,Medium,Medium,Public,Negative,2,Yes,College,Moderate,Male,68,135.2,5.0,Medio,2,-3.0
31,62,High,Medium,No,8,83,Medium,Yes,0,Medium,High,Private,Neutral,2,Yes,College,Near,Female,67,161.2,4.0,Medio,4,-5.5
17,72,Low,Medium,Yes,5,96,High,Yes,3,High,Medium,Public,Negative,3,No,High School,Moderate,Male,65,111.19999999999999,5.5,Medio,3,-0.5
21,71,Medium,Low,No,8,86,Medium,Yes,2,Medium,High,Public,Neutral,2,No,College,Near,Male,66,126.6,4.0,Medio,2,-0.5
20,66,Medium,Medium,Yes,7,94,Low,Yes,0,Medium,Low,Public,Neutral,4,No,High School,Moderate,Female,63,119.6,4.0,Medio,2,1.0
27,72,High,High,Yes,5,53,Medium,Yes,1,High,Medium,Private,Neutral,5,No,Postgraduate,Near,Male,70,151.2,5.5,Medio,6,-3.5
35,72,High,High,Yes,5,75,Medium,Yes,1,Low,Medium,Public,Positive,5,No,College,Moderate,Male,72,183.2,5.5,Medio,1,-7.5
17,81,Medium,High,No,6,78,Medium,Yes,2,Low,Medium,Private,Positive,2,No,High School,Moderate,Male,67,116.6,6.0,Medio,2,-0.5
17,87,High,Low,Yes,6,84,Medium,Yes,0,Medium,Medium,Public,Positive,3,No,College,Far,Male,67,120.19999999999999,3.0,Medio,2,0.5
26,75,Low,Medium,Yes,9,56,Medium,Yes,1,Low,Medium,Public,Positive,5,No,High School,Moderate,Male,66,149.0,4.5,Medio,1,1.0
24,89,Low,Medium,No,7,83,Medium,No,1,Low,Low,Public,Neutral,3,No,High School,Moderate,Male,66,149.4,2.5,Medio,1,-2.0
31,73,High,Medium,Yes,8,57,Medium,Yes,2,Low,High,Public,Neutral,4,No,High School,Far,Male,69,167.8,5.0,Medio,1,-3.5
24,72,Medium,Low,Yes,9,53,Medium,Yes,0,Low,High,Private,Neutral,4,Yes,High School,Moderate,Male,62,139.2,3.0,Medio,2,1.0
18,82,Low,Medium,No,9,73,Low,Yes,2,Low,Medium,Public,Positive,4,No,College,Near,Female,66,121.19999999999999,5.0,Medio,1,4.0
24,61,Medium,Medium,No,7,80,High,Yes,0,Low,Medium,Public,Positive,3,No,Postgraduate,Moderate,Male,64,132.6,4.0,Medio,1,-2.0
27,63,High,Medium,Yes,6,98,Medium,Yes,1,Low,High,Public,Positive,2,No,High School,Moderate,Female,67,145.8,4.5,Medio,1,-5.5
25,77,High,High,No,8,85,Medium,Yes,2,Medium,Medium,Public,Positive,1,No,College,Near,Male,71,146.2,6.0,Medio,2,-3.5
23,98,High,Medium,Yes,6,80,Medium,Yes,1,Medium,Medium,Public,Positive,2,No,High School,Moderate,Male,73,150.8,4.5,Medio,2,-3.5
26,89,Medium,Low,Yes,10,61,Low,Yes,0,Medium,High,Public,Neutral,3,No,High School,Moderate,Female,68,157.4,3.0,Medio,2,0.0
27,64,High,Low,Yes,8,58,Medium,Yes,2,High,High,Public,Neutral,1,No,Postgraduate,Far,Male,66,146.4,4.0,Medio,3,-4.5
28,94,Medium,High,Yes,7,80,Medium,Yes,3,Low,High,Public,Positive,4,No,Postgraduate,Far,Male,75,168.4,6.5,Medio,1,-3.0
24,89,Medium,High,Yes,8,61,Medium,Yes,1,Low,High,Public,Positive,3,No,Postgraduate,Near,Female,72,149.4,5.5,Medio,1,-1.0
19,84,High,Low,Yes,7,85,Medium,Yes,1,High,Medium,Private,Neutral,3,No,High School,Near,Male,68,126.4,3.5,Medio,6,0.5
21,93,Medium,Medium,Yes,6,56,Medium,No,1,Low,Medium,Public,Positive,3,No,High School,Near,Male,68,139.8,2.5,Medio,1,-1.5
27,76,Low,High,Yes,8,67,Medium,Yes,1,Medium,Medium,Public,Positive,4,No,High School,Near,Male,69,153.6,5.5,Medio,2,-1.5
15,69,Medium,Medium,Yes,7,89,Medium,Yes,1,Low,High,Public,Negative,2,No,College,Moderate,Female,63,101.4,4.5,Medio,1,1.5
22,80,Medium,High,Yes,10,92,Medium,Yes,0,Medium,High,Public,Positive,2,No,High School,Near,Female,70,136.0,5.0,Medio,2,1.0
18,82,Low,Medium,Yes,6,67,Low,Yes,1,High,Low,Private,Positive,3,No,Postgraduate,Moderate,Male,66,121.19999999999999,4.5,Medio,6,0.0
20,82,Low,Low,Yes,8,60,Medium,Yes,3,Medium,High,Public,Positive,4,No,High School,Moderate,Male,66,129.2,4.5,Medio,2,2.0
28,83,Medium,High,No,6,98,Medium,Yes,1,Low,High,Private,Neutral,2,No,Postgraduate,Moderate,Male,72,161.8,5.5,Medio,2,-6.0
21,98,Low,Medium,No,6,88,Medium,Yes,1,Medium,Low,Public,Neutral,3,No,Postgraduate,Near,Male,71,142.8,4.5,Medio,2,-1.5
20,96,High,Medium,No,4,90,Medium,Yes,3,Low,Medium,Private,Neutral,2,No,College,Near,Male,72,137.6,5.5,Medio,2,-4.0
12,95,Medium,Medium,No,8,61,High,Yes,4,High,High,Private,Neutral,1,No,College,Near,Male,69,105.0,6.0,Medio,6,3.0
24,92,Low,High,Yes,6,71,Low,Yes,2,Low,High,Public,Positive,2,No,High School,Near,Male,71,151.2,6.0,Medio,1,-4.0
24,98,Medium,Low,No,9,53,Medium,Yes,3,High,Low,Private,Negative,2,No,Postgraduate,Far,Male,69,154.8,4.5,Medio,6,-1.0
33,64,High,Medium,No,8,55,Medium,Yes,1,Medium,High,Public,Neutral,3,No,College,Moderate,Female,68,170.4,4.5,Medio,2,-5.5
18,71,Low,Low,Yes,7,61,Low,Yes,2,Low,Medium,Public,Negative,4,No,College,Near,Male,61,114.6,4.0,Medio,1,2.0
21,80,Medium,High,No,5,65,High,Yes,2,Medium,Low,Private,Neutral,1,No,Postgraduate,Moderate,Male,68,132.0,6.0,Medio,4,-4.5
21,94,High,Medium,Yes,8,100,Low,Yes,0,Low,Medium,Public,Neutral,3,No,Postgraduate,Near,Male,72,140.4,4.0,Medio,1,0.5
29,80,Medium,Medium,Yes,6,71,Medium,Yes,0,Medium,Medium,Public,Positive,3,No,College,Moderate,Female,70,164.0,4.0,Medio,2,-5.5
19,90,High,Medium,Yes,5,85,High,Yes,0,Medium,High,Private,Positive,5,No,Postgraduate,Near,Female,73,130.0,4.0,Medio,4,0.5
22,66,Medium,High,No,8,95,Low,Yes,3,Medium,Medium,Private,Positive,3,No,High School,Moderate,Female,67,127.6,6.5,Medio,4,0.0
24,70,Medium,High,No,5,62,Medium,Yes,2,Low,Medium,Private,Negative,4,Yes,College,Near,Male,65,138.0,6.0,Medio,2,-3.0
21,89,Medium,Medium,No,4,57,Medium,Yes,1,High,Medium,Private,Positive,2,No,High School,Near,Female,68,137.4,4.5,Medio,6,-4.5
17,67,Low,High,Yes,9,62,High,Yes,3,Medium,Medium,Public,Positive,3,No,High School,Near,Male,65,108.19999999999999,6.5,Medio,2,3.5
26,71,High,Low,Yes,4,83,Low,Yes,1,Medium,Medium,Public,Negative,3,No,College,Moderate,Male,66,146.6,3.5,Medio,2,-6.0
14,74,High,High,Yes,6,73,High,Yes,2,Medium,Medium,Private,Neutral,3,No,High School,Near,Female,67,100.4,6.0,Medio,4,2.0
21,88,High,Medium,No,6,91,Medium,Yes,2,High,Medium,Public,Neutral,1,No,High School,Moderate,Female,70,136.8,5.0,Medio,3,-3.5
16,75,High,Medium,Yes,9,62,Medium,Yes,3,Low,Medium,Public,Positive,4,No,High School,Moderate,Female,66,109.0,5.5,Medio,1,5.0
27,82,Medium,High,Yes,5,62,Low,Yes,1,Low,High,Private,Neutral,4,No,High School,Moderate,Female,69,157.2,5.5,Medio,2,-4.5
11,64,High,Medium,Yes,5,78,Low,Yes,2,Low,High,Private,Neutral,4,No,College,Moderate,Male,62,82.4,5.0,Medio,2,3.5
17,92,Medium,Low,Yes,8,90,High,Yes,1,High,Low,Public,Negative,3,No,High School,Near,Male,68,123.19999999999999,3.5,Medio,3,2.5
22,75,Medium,High,Yes,6,63,Low,Yes,1,Low,Medium,Public,Positive,2,No,College,Near,Male,67,133.0,5.5,Medio,1,-3.0
29,86,Medium,Medium,Yes,7,61,Medium,Yes,0,Medium,Medium,Public,Negative,4,No,High School,Far,Female,68,167.6,4.0,Medio,2,-3.5
20,89,High,Medium,Yes,6,74,Medium,Yes,1,Low,High,Private,Neutral,2,No,High School,Moderate,Male,69,133.4,4.5,Medio,2,-2.0
17,68,Medium,Medium,Yes,10,57,Medium,Yes,1,High,Medium,Private,Positive,1,Yes,High School,Moderate,Female,62,108.8,4.5,Medio,6,2.5
31,95,High,Medium,Yes,5,87,Medium,Yes,2,Low,Medium,Public,Neutral,3,No,Postgraduate,Moderate,Male,75,181.0,5.0,Medio,1,-7.5
11,85,Medium,Medium,No,7,79,Low,Yes,2,High,Low,Public,Positive,3,No,High School,Near,Male,65,95.0,5.0,Medio,3,4.5
7,77,High,Medium,No,9,76,Medium,Yes,2,Medium,High,Public,Negative,3,No,College,Moderate,Male,63,74.19999999999999,5.0,Medio,2,8.5
23,67,High,Medium,No,6,94,Low,Yes,1,Medium,Medium,Public,Positive,2,No,College,Far,Male,66,132.2,4.5,Medio,2,-3.5
17,98,Low,High,No,6,87,High,No,3,Medium,Medium,Private,Positive,5,No,College,Near,Female,71,126.8,4.5,Medio,4,2.5
14,90,High,Medium,Yes,8,57,Medium,Yes,0,Medium,Medium,Public,Positive,3,Yes,College,Moderate,Male,66,110.0,4.0,Medio,2,4.0
24,68,Medium,Medium,No,9,71,Medium,Yes,2,Medium,Medium,Public,Neutral,4,No,College,Near,Male,66,136.8,5.0,Medio,2,1.0
21,74,Medium,High,No,6,66,Low,Yes,1,Medium,High,Private,Negative,4,No,High School,Near,Male,66,128.4,5.5,Medio,4,-0.5
17,92,High,High,Yes,9,90,Medium,Yes,1,High,Low,Public,Positive,3,No,High School,Moderate,Male,71,123.19999999999999,5.5,Medio,3,3.5
12,88,Medium,Medium,Yes,7,86,High,Yes,3,Medium,High,Public,Positive,3,Yes,High School,Moderate,Male,68,100.8,5.5,Medio,2,4.0
25,91,Medium,Medium,No,8,74,High,Yes,1,Medium,High,Private,Positive,3,No,College,Moderate,Male,71,154.6,4.5,Medio,4,-1.5
24,78,Medium,Medium,Yes,9,91,Low,Yes,0,High,High,Public,Negative,3,No,Postgraduate,Far,Female,68,142.8,4.0,Medio,3,0.0
19,89,Low,Medium,No,8,71,Medium,Yes,2,Low,High,Public,Positive,4,No,High School,Near,Male,68,129.4,5.0,Medio,1,2.5
31,75,Medium,Medium,No,7,90,Low,Yes,2,Medium,High,Public,Neutral,2,Yes,High School,Moderate,Male,68,169.0,5.0,Medio,2,-6.5
14,68,Medium,Medium,Yes,6,52,Medium,Yes,2,Low,Medium,Public,Positive,2,No,College,Near,Male,62,96.8,5.0,Medio,1,1.0
11,85,High,Low,Yes,10,57,High,Yes,0,Medium,High,Public,Neutral,5,No,High School,Near,Male,65,95.0,3.0,Medio,2,9.5
16,99,Low,High,No,6,88,High,Yes,2,Low,Low,Public,Neutral,3,No,Postgraduate,Near,Male,71,123.4,6.0,Medio,1,1.0
20,72,Medium,High,Yes,7,56,Low,Yes,0,Low,Medium,Public,Negative,6,Yes,College,Moderate,Male,63,123.19999999999999,5.0,Medio,1,3.0
21,78,High,Medium,No,8,84,Low,Yes,1,High,Low,Public,Positive,4,No,High School,Near,Male,68,130.8,4.5,Medio,3,1.5
19,87,High,Low,Yes,8,86,Low,Yes,1,Medium,High,Public,Positive,4,No,High School,Moderate,Female,69,128.2,3.5,Medio,2,2.5
22,82,High,High,No,10,83,Medium,Yes,1,Low,High,Private,Neutral,2,Yes,College,Moderate,Male,69,137.2,5.5,Medio,2,1.0
12,94,Medium,High,Yes,7,91,Low,Yes,3,Medium,Medium,Private,Positive,3,No,Postgraduate,Near,Female,71,104.4,6.5,Medio,4,4.0
29,90,Medium,High,No,7,76,Medium,Yes,0,Low,Medium,Public,Neutral,1,No,Postgraduate,Moderate,Female,71,170.0,5.0,Medio,1,-6.5
20,62,Medium,Medium,Yes,9,95,Low,Yes,0,Medium,Medium,Private,Neutral,3,Yes,High School,Near,Male,62,117.19999999999999,4.0,Medio,4,2.0
27,100,Low,Low,Yes,7,78,Low,Yes,2,Medium,Medium,Public,Negative,2,No,High School,Near,Male,70,168.0,4.0,Medio,2,-4.5
22,90,High,High,No,8,75,High,Yes,1,Low,Low,Private,Neutral,3,No,College,Moderate,Male,70,142.0,5.5,Medio,2,0.0
23,95,Medium,Medium,Yes,7,75,Medium,Yes,2,High,Medium,Public,Positive,2,No,College,Near,Male,73,149.0,5.0,Medio,3,-2.5
23,86,Medium,High,Yes,8,96,Low,Yes,3,Medium,Medium,Private,Positive,2,No,High School,Moderate,Female,71,143.6,6.5,Medio,4,-1.5
23,94,Medium,Low,Yes,8,62,Medium,Yes,2,Low,Medium,Public,Positive,0,No,Postgraduate,Moderate,Female,69,148.4,4.0,Medio,1,-3.5
24,64,Medium,High,Yes,6,85,High,Yes,0,High,Low,Private,Neutral,3,Yes,Postgraduate,Near,Male,66,134.4,5.0,Medio,6,-3.0
28,74,Medium,Low,Yes,4,62,Medium,Yes,1,Low,Medium,Private,Neutral,3,No,High School,Moderate,Male,65,156.4,3.5,Medio,2,-7.0
21,95,High,Medium,No,4,55,Medium,Yes,2,Medium,High,Private,Neutral,1,No,College,Near,Male,71,141.0,5.0,Medio,4,-5.5
24,68,Medium,Medium,Yes,4,98,High,Yes,2,Medium,High,Public,Negative,2,No,High School,Near,Male,68,136.8,5.0,Medio,2,-6.0
19,63,Medium,High,Yes,7,56,Medium,Yes,2,Low,Medium,Private,Positive,3,No,High School,Near,Female,64,113.8,6.0,Medio,2,0.5
29,92,Low,Low,Yes,4,84,Medium,Yes,2,Low,Medium,Public,Negative,3,No,Postgraduate,Near,Male,71,171.2,4.0,Medio,1,-7.5
16,93,Low,Medium,No,7,71,Medium,Yes,0,Medium,High,Public,Positive,2,No,High School,Near,Male,67,119.8,4.0,Medio,2,1.0
31,67,Medium,Low,No,7,92,High,Yes,2,Medium,Medium,Public,Negative,3,No,High School,Far,Female,66,164.2,4.0,Medio,2,-5.5
20,94,Low,High,Yes,8,89,Medium,Yes,1,Low,Medium,Public,Positive,4,No,High School,Near,Male,71,136.4,5.5,Medio,1,2.0
11,87,Low,Medium,No,8,57,High,Yes,0,Low,Medium,Public,Negative,2,No,High School,Moderate,Male,62,96.19999999999999,4.0,Medio,1,4.5
21,81,High,Medium,No,8,73,Medium,Yes,3,Low,Medium,Public,Positive,2,Yes,High School,Near,Male,67,132.6,5.5,Medio,1,-0.5
16,93,Medium,Low,Yes,8,51,Medium,Yes,3,Low,Medium,Public,Neutral,2,No,College,Near,Male,67,119.8,4.5,Medio,1,2.0
25,77,Low,Medium,Yes,7,71,Medium,Yes,0,Medium,Medium,Public,Negative,3,No,High School,Near,Female,66,146.2,4.0,Medio,2,-2.5
16,68,Low,Medium,Yes,7,85,High,Yes,1,Low,High,Private,Positive,3,No,Postgraduate,Moderate,Female,64,104.8,4.5,Medio,2,2.0
17,71,Low,Medium,Yes,6,62,Medium,Yes,2,Low,Medium,Public,Neutral,3,Yes,College,Near,Male,62,110.6,5.0,Medio,1,0.5
9,80,Medium,High,No,7,91,Low,Yes,1,Medium,Medium,Public,Neutral,3,No,College,Near,Female,65,84.0,5.5,Medio,2,5.5
17,81,Medium,Low,Yes,5,53,Low,Yes,0,Medium,Medium,Public,Neutral,1,No,College,Near,Male,63,116.6,3.0,Medio,2,-2.5
5,92,Medium,Medium,Yes,9,52,Medium,Yes,2,High,Medium,Private,Neutral,4,Yes,College,Moderate,Female,64,75.19999999999999,5.0,Medio,6,10.5
10,92,Low,High,Yes,6,51,Low,Yes,1,Medium,Medium,Private,Neutral,3,No,High School,Near,Female,65,95.19999999999999,5.5,Medio,4,4.0
25,83,Medium,High,No,7,64,Medium,Yes,0,Low,Medium,Public,Neutral,2,No,College,Moderate,Male,68,149.8,5.0,Medio,1,-3.5
25,91,Medium,High,Yes,7,73,Medium,Yes,2,Low,Medium,Public,Positive,3,No,High School,Near,Female,72,154.6,6.0,Medio,1,-2.5
23,68,Medium,Medium,Yes,9,55,Medium,Yes,0,Low,Medium,Public,Positive,3,No,College,Moderate,Male,64,132.8,4.0,Medio,1,0.5
14,62,High,Medium,No,4,100,Low,Yes,1,Low,Medium,Public,Neutral,3,No,High School,Near,Male,62,93.19999999999999,4.5,Medio,1,0.0
20,95,Medium,Low,Yes,7,100,Low,No,3,Low,Medium,Private,Neutral,2,No,High School,Near,Female,69,137.0,2.5,Medio,2,-1.0
20,63,Low,Low,Yes,8,76,Medium,Yes,3,Medium,Medium,Public,Neutral,4,No,Postgraduate,Near,Female,64,117.8,4.5,Medio,2,2.0
13,70,High,Medium,No,10,78,Medium,Yes,1,Low,Medium,Public,Negative,2,No,High School,Far,Female,61,94.0,4.5,Medio,1,5.5
29,88,Medium,High,No,7,96,Low,Yes,2,Low,Low,Public,Positive,2,No,High School,Near,Female,72,168.8,6.0,Medio,1,-5.5
25,76,Medium,Low,Yes,6,88,Low,Yes,1,Medium,Medium,Private,Negative,3,No,College,Far,Male,66,145.6,3.5,Medio,4,-3.5
19,95,High,Low,No,10,58,Low,Yes,2,High,Medium,Public,Positive,3,No,High School,Near,Male,69,133.0,4.0,Medio,3,3.5
20,72,Medium,Medium,No,8,90,High,No,2,Low,Low,Private,Neutral,2,No,College,Near,Female,65,123.19999999999999,3.0,Medio,2,0.0
21,60,High,Medium,Yes,9,62,Medium,Yes,2,Low,Medium,Public,Positive,3,No,High School,Near,Male,64,120.0,5.0,Medio,1,1.5
8,72,Low,Medium,Yes,5,72,Medium,Yes,3,High,Low,Private,Positive,4,No,High School,Near,Female,62,75.19999999999999,5.5,Medio,6,5.0
19,83,Medium,Medium,No,8,77,High,Yes,1,Low,Medium,Public,Positive,4,No,High School,Far,Male,66,125.8,4.5,Medio,1,2.5
16,75,Low,Low,Yes,5,86,Medium,Yes,0,Low,Medium,Public,Positive,1,No,College,Moderate,Female,62,109.0,3.0,Medio,1,-2.0
14,81,Medium,Medium,Yes,5,58,High,Yes,3,Low,High,Public,Negative,4,No,Postgraduate,Moderate,Male,66,104.6,5.5,Medio,1,2.0
18,95,Medium,High,No,8,54,Medium,Yes,2,High,Medium,Public,Neutral,3,No,College,Moderate,Female,70,129.0,6.0,Medio,3,2.0
31,96,Medium,Medium,Yes,8,93,Low,Yes,3,Low,Medium,Public,Positive,3,No,High School,Near,Male,75,181.6,5.5,Medio,1,-4.5
24,71,Low,High,Yes,6,91,Medium,Yes,3,High,Medium,Public,Neutral,2,No,High School,Far,Female,67,138.6,6.5,Medio,3,-4.0
17,78,Low,Medium,Yes,9,76,Low,Yes,4,Medium,Medium,Public,Positive,2,No,College,Near,Male,66,114.8,6.0,Medio,2,2.5
23,82,Medium,High,No,6,83,Medium,Yes,2,Medium,Medium,Private,Positive,3,No,Postgraduate,Moderate,Male,71,141.2,6.0,Medio,4,-2.5
28,98,High,Medium,Yes,7,86,Medium,Yes,2,Medium,High,Private,Neutral,2,No,High School,Near,Female,75,170.8,5.0,Medio,4,-5.0
26,100,High,High,No,7,74,Low,Yes,1,Medium,Medium,Public,Neutral,2,No,High School,Far,Female,72,164.0,5.5,Medio,2,-4.0
20,69,High,Medium,No,7,63,Low,Yes,2,Low,Medium,Private,Negative,2,No,High School,Moderate,Female,64,121.4,5.0,Medio,2,-1.0
16,89,Medium,Medium,Yes,9,74,Medium,No,1,Low,Medium,Public,Neutral,3,No,High School,Far,Male,65,117.4,2.5,Medio,1,4.0
24,75,Low,Medium,No,5,98,High,Yes,1,Low,Medium,Public,Positive,3,No,High School,Near,Male,67,141.0,4.5,Medio,1,-4.0
22,60,Medium,Medium,No,6,92,Low,Yes,2,Low,High,Public,Negative,2,No,High School,Near,Male,63,124.0,5.0,Medio,1,-3.0
25,60,Medium,Low,Yes,5,73,Low,Yes,1,Medium,Medium,Public,Negative,2,No,High School,Near,Male,62,136.0,3.5,Medio,2,-5.5
24,78,Low,High,Yes,10,61,High,Yes,2,Medium,Medium,Public,Positive,4,No,College,Moderate,Female,69,142.8,6.0,Medio,2,2.0
26,80,Medium,Medium,Yes,7,94,Medium,Yes,1,Low,Medium,Private,Positive,2,No,Postgraduate,Moderate,Male,70,152.0,4.5,Medio,2,-4.0
17,61,Low,Medium,Yes,6,82,High,Yes,0,Medium,High,Public,Neutral,4,No,Postgraduate,Near,Male,63,104.6,4.0,Medio,2,1.5
28,87,Medium,Medium,Yes,7,70,Medium,Yes,2,Low,Medium,Public,Neutral,2,No,Postgraduate,Near,Male,71,164.2,5.0,Medio,1,-5.0
21,72,Medium,Low,Yes,8,56,Medium,Yes,0,Low,Medium,Public,Neutral,4,No,High School,Near,Male,63,127.19999999999999,3.0,Medio,1,1.5
32,82,Low,Medium,Yes,8,88,Low,Yes,0,High,Medium,Public,Positive,2,No,College,Moderate,Male,71,177.2,4.0,Medio,3,-6.0
16,72,Medium,Medium,Yes,6,66,Low,Yes,0,Low,Medium,Private,Positive,4,No,College,Near,Male,63,107.19999999999999,4.0,Medio,2,2.0
30,67,Medium,High,Yes,6,80,High,Yes,0,Low,Medium,Public,Neutral,4,No,High School,Moderate,Male,68,160.2,5.0,Medio,1,-5.0
21,76,Medium,Low,Yes,5,78,High,No,0,Low,High,Public,Neutral,3,No,High School,Near,Male,65,129.6,1.0,Medio,1,-2.5
16,69,High,High,Yes,7,85,Medium,Yes,0,High,High,Private,Negative,3,No,High School,Near,Female,66,105.4,5.0,Medio,6,2.0
17,81,Low,Medium,Yes,9,77,Medium,Yes,3,Low,Medium,Public,Neutral,4,No,College,Far,Male,66,116.6,5.5,Medio,1,4.5
18,68,High,High,No,6,82,Low,Yes,0,Medium,High,Public,Positive,3,No,High School,Near,Male,66,112.8,5.0,Medio,2,0.0
23,80,Low,Low,Yes,8,54,Medium,Yes,0,Medium,High,Private,Positive,2,No,High School,Near,Female,65,140.0,3.0,Medio,4,-1.5
23,66,Medium,High,No,6,83,Medium,Yes,0,High,Medium,Public,Positive,2,No,High School,Near,Female,66,131.6,5.0,Medio,3,-3.5
17,87,Medium,Medium,Yes,5,60,Medium,Yes,4,Medium,Medium,Private,Positive,3,Yes,High School,Near,Female,67,120.19999999999999,6.0,Medio,4,-0.5
20,90,High,Medium,No,8,70,Medium,Yes,0,Medium,Medium,Private,Neutral,3,No,High School,Moderate,Female,68,134.0,4.0,Medio,4,1.0
33,64,Medium,Low,Yes,10,76,Low,Yes,2,High,High,Private,Neutral,3,No,High School,Near,Male,68,170.4,4.0,Medio,6,-3.5
30,79,Low,Medium,No,8,84,Medium,Yes,3,Low,Medium,Private,Negative,3,No,College,Moderate,Female,69,167.4,5.5,Medio,2,-4.0
23,63,Medium,Low,Yes,6,87,Low,Yes,1,Medium,Medium,Public,Neutral,2,No,Postgraduate,Near,Male,64,129.8,3.5,Medio,2,-3.5
20,84,Medium,Medium,No,6,85,Medium,Yes,0,Medium,Medium,Private,Positive,3,No,High School,Moderate,Male,67,130.4,4.0,Medio,4,-1.0
21,71,Medium,Medium,Yes,10,55,Low,Yes,1,Medium,Medium,Public,Negative,4,No,High School,Moderate,Female,63,126.6,4.5,Medio,2,3.5
24,81,Low,High,Yes,7,69,Medium,Yes,3,Low,Medium,Public,Negative,3,No,College,Near,Male,67,144.6,6.5,Medio,1,-2.0
14,81,Medium,High,Yes,6,64,Low,No,2,High,High,Public,Neutral,2,No,High School,Far,Female,64,104.6,4.0,Medio,3,1.0
18,97,Low,Medium,No,7,70,Low,Yes,0,High,Medium,Public,Neutral,2,Yes,High School,Near,Female,66,130.2,4.0,Medio,3,0.0
10,82,High,Medium,No,7,82,Low,Yes,2,Low,High,Private,Neutral,4,No,High School,Near,Male,65,89.19999999999999,5.0,Medio,2,6.0
22,83,Medium,Medium,Yes,8,60,Low,No,4,Medium,Medium,Public,Neutral,2,No,Postgraduate,Moderate,Female,68,137.8,4.0,Medio,2,-1.0
24,76,Low,High,No,9,75,Low,Yes,0,Low,Medium,Private,Positive,5,No,High School,Near,Male,66,141.6,5.0,Medio,2,2.0
17,98,High,High,No,9,94,Low,Yes,0,High,Low,Public,Negative,3,No,College,Near,Male,71,126.8,5.0,Medio,3,3.5
29,91,Medium,High,Yes,7,87,Medium,No,2,Medium,High,Private,Negative,4,No,College,Near,Female,74,170.6,4.0,Medio,4,-3.5
13,71,Medium,High,No,7,86,Low,Yes,2,Low,Medium,Public,Positive,3,No,Postgraduate,Near,Male,65,94.6,6.0,Medio,1,3.5
11,94,Low,High,Yes,8,92,High,Yes,0,Medium,Medium,Public,Neutral,4,No,High School,Near,Female,68,100.4,5.0,Medio,2,6.5
21,77,Medium,High,Yes,6,70,Low,No,2,High,Medium,Private,Positive,2,No,College,Near,Male,68,130.2,4.0,Medio,6,-2.5
26,93,Medium,Medium,No,8,88,Medium,Yes,1,Medium,High,Public,Neutral,4,Yes,College,Near,Male,72,159.8,4.5,Medio,2,-1.0
30,93,High,High,Yes,7,53,Medium,Yes,3,Low,Medium,Private,Negative,2,No,Postgraduate,Moderate,Female,74,175.8,6.5,Medio,2,-6.0
17,68,Low,High,No,8,53,Medium,Yes,0,Low,Medium,Public,Neutral,2,No,College,Near,Male,61,108.8,5.0,Medio,1,1.5
26,88,Low,Low,No,10,67,Low,Yes,0,Low,Low,Private,Positive,3,No,High School,Far,Male,65,156.8,3.0,Medio,2,0.0
20,72,High,Low,No,8,60,Low,Yes,0,Low,Medium,Public,Neutral,5,No,High School,Near,Male,63,123.19999999999999,3.0,Medio,1,3.0
19,72,High,Medium,Yes,7,76,Medium,Yes,1,Medium,High,Public,Positive,2,No,High School,Moderate,Female,66,119.19999999999999,4.5,Medio,2,-0.5
25,72,Low,High,Yes,6,59,Medium,Yes,2,Low,Medium,Public,Negative,3,No,High School,Near,Male,66,143.2,6.0,Medio,1,-3.5
24,89,High,Medium,Yes,7,99,Medium,Yes,2,Low,High,Private,Neutral,4,No,High School,Near,Female,73,149.4,5.0,Medio,2,-1.0
11,69,Medium,Medium,No,5,93,Medium,Yes,0,Medium,High,Public,Negative,4,No,College,Near,Male,63,85.4,4.0,Medio,2,3.5
29,60,High,High,Yes,8,99,Medium,Yes,0,Medium,Medium,Public,Positive,4,Yes,High School,Near,Female,68,152.0,5.0,Medio,2,-2.5
28,89,High,Low,Yes,4,90,High,Yes,3,Low,High,Public,Positive,2,Yes,Postgraduate,Moderate,Female,73,165.4,4.5,Medio,1,-8.0
16,67,Low,High,Yes,8,98,Medium,Yes,0,High,Low,Private,Negative,3,No,High School,Moderate,Male,63,104.19999999999999,5.0,Medio,6,3.0
22,64,Medium,High,Yes,8,68,Medium,Yes,2,Medium,Medium,Public,Negative,4,No,High School,Near,Male,65,126.4,6.0,Medio,2,1.0
23,70,Low,High,Yes,7,75,High,Yes,0,Low,Medium,Public,Positive,4,No,High School,Near,Female,66,134.0,5.0,Medio,1,-0.5
22,75,Low,Low,Yes,6,62,Medium,Yes,0,High,High,Public,Negative,3,No,Postgraduate,Near,Female,65,133.0,3.0,Medio,3,-2.0
17,79,Low,High,Yes,7,82,Medium,Yes,0,Medium,High,Public,Negative,2,No,College,Near,Male,66,115.4,5.0,Medio,2,0.5
16,62,High,Medium,No,4,89,High,Yes,3,Low,Medium,Public,Neutral,3,No,College,Near,Female,65,101.19999999999999,5.5,Medio,1,-1.0
20,99,Medium,Medium,No,8,75,Medium,Yes,2,Low,High,Private,Negative,2,No,Postgraduate,Far,Female,70,139.4,5.0,Medio,2,0.0
27,89,Medium,Medium,No,7,65,Medium,Yes,1,Medium,Medium,Public,Neutral,3,No,High School,Near,Female,70,161.4,4.5,Medio,2,-3.5
23,73,High,Medium,Yes,9,75,Medium,Yes,0,High,High,Private,Positive,3,No,High School,Moderate,Female,68,135.8,4.0,Medio,6,0.5
18,73,Medium,High,No,8,53,Medium,No,1,Low,High,Public,Neutral,3,No,Postgraduate,Moderate,Male,64,115.8,3.5,Medio,1,2.0
25,78,Medium,Medium,No,7,86,Medium,Yes,1,Medium,Medium,Public,Negative,3,No,Postgraduate,Moderate,Female,68,146.8,4.5,Medio,2,-2.5
3,85,Low,High,No,8,73,Low,Yes,2,Low,Medium,Private,Neutral,3,No,High School,Near,Male,62,63.0,6.0,Medio,2,9.5
27,66,Medium,Medium,Yes,6,95,Medium,Yes,1,Medium,Medium,Public,Positive,3,No,College,Moderate,Male,68,147.6,4.5,Medio,2,-4.5
10,68,Low,Medium,No,6,96,Low,Yes,1,High,Medium,Public,Neutral,3,No,College,Moderate,Male,61,80.8,4.5,Medio,3,4.0
18,94,High,Medium,Yes,7,56,Low,No,1,Low,Medium,Public,Positive,3,No,Postgraduate,Near,Male,69,128.4,2.5,Medio,1,1.0
13,70,Medium,Medium,Yes,7,100,Medium,Yes,3,Low,Medium,Public,Neutral,3,No,High School,Near,Male,65,94.0,5.5,Medio,1,3.5
12,75,Medium,High,Yes,6,98,Medium,Yes,2,Low,Medium,Public,Neutral,2,No,College,Far,Male,65,93.0,6.0,Medio,1,2.0
27,95,Medium,High,No,7,81,Low,Yes,3,Low,Medium,Public,Neutral,2,No,High School,Moderate,Male,72,165.0,6.5,Medio,1,-4.5
17,87,Medium,Medium,Yes,7,91,High,Yes,3,Low,High,Public,Positive,3,Yes,College,Near,Female,70,120.19999999999999,5.5,Medio,1,1.5
22,74,Medium,High,Yes,10,51,Medium,No,1,Medium,Medium,Private,Negative,4,No,High School,Near,Male,65,132.4,3.5,Medio,4,3.0
20,87,Medium,Medium,No,7,99,Medium,Yes,3,Low,Medium,Public,Negative,3,No,High School,Near,Male,69,132.2,5.5,Medio,1,0.0
23,61,High,Low,Yes,6,73,Medium,Yes,1,Medium,Medium,Public,Positive,3,No,College,Near,Male,65,128.6,3.5,Medio,2,-2.5
20,89,Low,Medium,Yes,7,95,Low,Yes,3,Low,Medium,Private,Neutral,2,No,High School,Near,Male,69,133.4,5.5,Medio,2,-1.0
12,79,Low,Medium,Yes,9,69,Medium,Yes,2,Low,High,Public,Neutral,3,No,Postgraduate,Near,Male,65,95.4,5.0,Medio,1,6.0
26,93,Medium,High,Yes,9,89,Medium,Yes,0,Low,Medium,Public,Neutral,3,No,College,Moderate,Male,72,159.8,5.0,Medio,1,-1.0
17,98,High,Low,Yes,10,71,Medium,Yes,0,Low,High,Private,Positive,3,No,Postgraduate,Moderate,Female,70,126.8,3.0,Medio,2,4.5
11,97,Medium,Medium,Yes,7,68,Low,Yes,0,Low,Medium,Private,Negative,2,No,High School,Moderate,Female,64,102.19999999999999,4.0,Medio,2,3.5
17,96,Medium,Low,No,8,97,Low,Yes,0,Medium,Medium,Public,Negative,3,No,High School,Near,Female,67,125.6,3.0,Medio,2,2.5
29,80,Medium,Low,No,5,85,High,Yes,0,High,High,Public,Neutral,2,No,High School,Moderate,Male,69,164.0,3.0,Medio,3,-7.5
25,74,Low,Medium,Yes,6,92,Low,Yes,4,Medium,Medium,Private,Positive,3,No,Postgraduate,Near,Male,70,144.4,6.0,Medio,4,-3.5
18,79,Medium,Medium,Yes,5,77,Low,Yes,1,Low,High,Public,Neutral,3,No,High School,Near,Male,65,119.4,4.5,Medio,1,-1.0
18,88,High,High,Yes,8,96,Low,Yes,1,Low,Medium,Public,Positive,3,No,High School,Far,Female,69,124.8,5.5,Medio,1,2.0
18,95,High,Medium,Yes,7,87,High,Yes,5,Medium,Medium,Public,Neutral,2,No,College,Near,Male,74,129.0,6.5,Medio,2,0.0
32,68,Low,Medium,Yes,7,54,Medium,Yes,1,Low,Medium,Private,Neutral,1,No,Postgraduate,Near,Male,66,168.8,4.5,Medio,2,-8.0
22,97,Medium,Medium,Yes,6,88,High,Yes,1,Low,Low,Private,Positive,4,No,College,Near,Male,72,146.2,4.5,Medio,2,-1.0
23,93,Medium,Low,Yes,8,51,High,No,0,Low,High,Private,Positive,1,No,High School,Near,Male,67,147.8,1.0,Medio,2,-2.5
26,99,Low,High,Yes,4,91,High,Yes,2,High,Low,Public,Neutral,4,No,Postgraduate,Moderate,Female,75,163.4,6.0,Medio,3,-5.0
21,95,Medium,Low,Yes,7,67,Medium,Yes,3,Medium,Medium,Public,Positive,2,No,College,Far,Female,70,141.0,4.5,Medio,2,-1.5
18,71,Low,Low,No,7,80,Medium,Yes,1,Medium,Low,Public,Neutral,4,No,Postgraduate,Moderate,Female,63,114.6,3.5,Medio,2,2.0
19,64,Medium,Medium,No,4,87,High,Yes,2,Medium,Medium,Private,Positive,4,No,High School,Moderate,Male,65,114.4,5.0,Medio,4,-1.5
20,64,Medium,High,No,8,82,Medium,Yes,3,Medium,Low,Public,Negative,3,No,High School,Moderate,Female,64,118.4,6.5,Medio,2,1.0
20,72,Medium,High,No,7,84,Low,Yes,2,Medium,High,Public,Negative,2,No,High School,Moderate,Female,65,123.19999999999999,6.0,Medio,2,-1.0
24,85,Medium,Medium,Yes,8,95,Medium,Yes,2,Medium,Medium,Public,Negative,4,No,High School,Near,Female,70,147.0,5.0,Medio,2,0.0
20,92,Medium,Low,No,10,69,Medium,Yes,0,Low,Medium,Public,Positive,2,No,Postgraduate,Far,Male,67,135.2,3.0,Medio,1,2.0
24,96,Medium,Medium,Yes,7,77,Low,No,0,Low,Medium,Public,Negative,2,Yes,High School,Near,Female,67,153.6,2.0,Medio,1,-3.0
20,85,Medium,High,No,8,59,Medium,Yes,1,Medium,Medium,Public,Positive,3,No,Postgraduate,Far,Female,68,131.0,5.5,Medio,2,1.0
20,60,Medium,Medium,No,9,73,High,Yes,4,Medium,Medium,Public,Negative,4,No,College,Near,Male,65,116.0,6.0,Medio,2,3.0
8,67,High,Medium,Yes,8,58,Low,Yes,2,Medium,Medium,Public,Positive,1,No,Postgraduate,Moderate,Female,61,72.19999999999999,5.0,Medio,2,5.0
25,64,Medium,Low,Yes,6,82,Low,Yes,2,Low,Medium,Public,Negative,3,No,High School,Moderate,Female,63,138.4,4.0,Medio,1,-3.5
22,75,Medium,Low,Yes,5,66,Low,Yes,2,Low,Medium,Public,Positive,2,No,High School,Far,Male,80,133.0,4.0,Alto,1,-4.0
26,80,Medium,Medium,Yes,8,93,Medium,Yes,2,Low,Low,Public,Neutral,1,No,Postgraduate,Moderate,Male,69,152.0,5.0,Medio,1,-4.0
3,62,Medium,Low,No,6,67,Medium,Yes,1,Low,Medium,Public,Negative,3,No,High School,Near,Male,55,49.199999999999996,3.5,Bajo,1,7.5
33,74,Medium,Medium,No,9,64,Medium,Yes,2,Medium,Medium,Private,Neutral,4,No,Postgraduate,Near,Female,70,176.4,5.0,Medio,4,-3.5
19,67,Medium,Medium,Yes,6,75,High,Yes,1,Low,Medium,Public,Neutral,3,No,College,Near,Female,65,116.19999999999999,4.5,Medio,1,-0.5
27,86,Low,Medium,Yes,7,59,Low,Yes,1,Medium,Medium,Public,Neutral,3,No,High School,Near,Male,68,159.6,4.5,Medio,2,-3.5
14,79,Medium,Low,Yes,5,60,Medium,Yes,3,Low,Medium,Public,Negative,5,No,High School,Near,Male,64,103.4,4.5,Medio,1,3.0
24,80,Medium,Medium,No,6,89,Medium,Yes,1,Low,High,Public,Neutral,3,No,College,Near,Male,69,144.0,4.5,Medio,1,-3.0
16,98,Medium,Low,Yes,6,60,Medium,Yes,1,Medium,Medium,Private,Positive,3,No,High School,Far,Male,67,122.8,3.5,Medio,4,1.0
19,81,High,High,No,6,73,Low,No,1,Low,High,Private,Positive,3,No,High School,Near,Female,67,124.6,3.5,Medio,2,-0.5
21,89,Low,Medium,Yes,10,87,Low,Yes,3,Medium,Medium,Public,Positive,3,No,College,Near,Male,70,137.4,5.5,Medio,2,2.5
25,82,High,Low,No,8,68,Medium,Yes,1,Low,High,Public,Neutral,3,No,College,Near,Male,68,149.2,3.5,Medio,1,-1.5
23,97,Medium,Low,Yes,9,62,Medium,Yes,0,Low,Medium,Private,Positive,2,No,Postgraduate,Near,Male,70,150.2,3.0,Medio,2,-0.5
21,75,Medium,Medium,Yes,7,70,Low,Yes,3,Medium,Medium,Public,Positive,4,Yes,Postgraduate,Near,Male,67,129.0,5.5,Medio,2,0.5
22,79,Medium,Medium,Yes,7,98,High,Yes,0,High,Medium,Public,Neutral,3,No,High School,Near,Male,69,135.4,4.0,Medio,3,-1.0
34,64,Medium,Medium,No,6,71,High,Yes,0,Low,High,Private,Negative,4,No,High School,Near,Female,67,174.4,4.0,Medio,2,-7.0
20,84,High,High,Yes,10,63,Medium,Yes,0,Low,Medium,Private,Positive,4,No,High School,Near,Female,69,130.4,5.0,Medio,2,4.0
21,72,Medium,High,No,7,78,Low,No,0,High,Medium,Public,Neutral,1,Yes,High School,Near,Female,63,127.19999999999999,3.0,Medio,3,-2.5
26,66,Medium,Medium,No,6,91,Medium,Yes,3,Medium,Medium,Public,Positive,3,No,College,Near,Female,69,143.6,5.5,Medio,2,-4.0
27,82,Medium,High,No,6,51,Low,Yes,1,Low,Medium,Public,Negative,3,No,High School,Moderate,Male,66,157.2,5.5,Medio,1,-4.5
27,81,Medium,Medium,No,8,78,Medium,Yes,0,Medium,Medium,Public,Positive,3,No,High School,Moderate,Male,68,156.6,4.0,Medio,2,-2.5
24,63,Medium,Medium,Yes,9,92,Medium,Yes,4,Medium,Medium,Private,Positive,4,No,Postgraduate,Near,Male,69,133.8,6.0,Medio,4,1.0
13,88,High,Low,Yes,9,61,Low,Yes,4,Medium,Medium,Private,Negative,3,No,High School,Near,Female,66,104.8,5.0,Medio,4,5.5
30,85,Medium,Medium,Yes,6,96,Low,Yes,1,Medium,Medium,Private,Neutral,4,No,High School,Near,Female,72,171.0,4.5,Medio,4,-5.0
13,68,Low,Medium,Yes,6,79,Medium,Yes,1,High,Medium,Private,Negative,3,No,College,Near,Male,62,92.8,4.5,Medio,6,2.5
22,79,Medium,Medium,No,9,76,Medium,Yes,1,Low,Medium,Private,Positive,2,No,High School,Near,Male,67,135.4,4.5,Medio,2,0.0
15,89,High,Low,No,10,98,Low,Yes,0,Low,Medium,Private,Positive,2,No,College,Near,Male,67,113.4,3.0,Medio,2,4.5
20,81,High,High,Yes,7,56,Low,No,1,Medium,Medium,Private,Positive,3,No,High School,Near,Male,67,128.6,3.5,Medio,4,0.0
22,76,Medium,Low,No,9,87,Low,Yes,2,Low,High,Public,Neutral,3,Yes,College,Near,Female,65,133.6,4.0,Medio,1,1.0
22,73,High,Low,No,5,91,Medium,Yes,1,Medium,Medium,Public,Positive,3,No,Postgraduate,Moderate,Male,67,131.8,3.5,Medio,2,-3.0
23,84,Low,Low,No,6,74,Medium,No,3,Low,Medium,Public,Positive,1,No,High School,Near,Female,66,142.4,2.5,Medio,1,-4.5
30,98,Low,Low,Yes,5,50,High,Yes,0,Low,High,Public,Negative,2,No,College,Near,Male,70,178.8,3.0,Medio,1,-8.0
23,87,Low,High,No,8,76,Medium,Yes,2,High,Medium,Public,Positive,5,Yes,Postgraduate,Near,Female,71,144.2,6.0,Medio,3,1.5
19,63,Low,High,Yes,7,58,Medium,Yes,2,Low,High,Private,Neutral,3,No,Postgraduate,Near,Female,64,113.8,6.0,Medio,2,0.5
26,78,Low,High,Yes,7,78,Low,Yes,4,Medium,Medium,Private,Neutral,4,No,High School,Moderate,Female,69,150.8,7.0,Medio,4,-2.0
27,96,Medium,High,Yes,9,87,Low,No,0,Medium,High,Public,Positive,2,No,College,Moderate,Male,72,165.6,3.0,Medio,2,-2.5
13,64,Medium,Low,Yes,6,77,Medium,Yes,0,Low,High,Public,Neutral,4,No,High School,Near,Male,60,90.4,3.0,Medio,1,3.5
24,100,Medium,Low,Yes,7,82,Low,Yes,1,Medium,High,Private,Positive,3,No,High School,Moderate,Male,71,156.0,3.5,Medio,4,-2.0
24,98,Medium,Medium,Yes,5,55,High,Yes,0,Medium,Medium,Public,Positive,3,No,High School,Moderate,Male,71,154.8,4.0,Medio,2,-4.0
18,63,High,High,No,9,55,Medium,Yes,2,High,High,Private,Positive,2,No,Postgraduate,Near,Female,66,109.8,6.0,Medio,6,2.0
28,97,Medium,Medium,No,9,93,Low,Yes,3,Medium,High,Public,Neutral,3,No,High School,Near,Female,74,170.2,5.5,Medio,2,-2.0
19,75,Medium,Medium,No,8,52,High,Yes,0,Low,Medium,Public,Negative,4,No,Postgraduate,Moderate,Male,64,121.0,4.0,Medio,1,2.5
21,94,Medium,Low,Yes,7,64,Low,Yes,2,Medium,Medium,Private,Neutral,2,No,High School,Near,Male,68,140.4,4.0,Medio,4,-1.5
19,77,High,Low,No,6,97,Low,Yes,4,Low,Medium,Public,Negative,2,No,High School,Near,Male,66,122.19999999999999,5.0,Medio,1,-1.5
20,78,Medium,Medium,No,5,73,Low,Yes,1,Low,Medium,Public,Negative,3,No,College,Near,Female,65,126.8,4.5,Medio,1,-2.0
13,85,Low,High,Yes,7,84,Medium,No,0,Low,Medium,Public,Neutral,5,No,High School,Moderate,Female,64,103.0,3.0,Medio,1,5.5
11,91,Medium,Low,No,8,61,Medium,Yes,1,High,Medium,Private,Positive,3,No,Postgraduate,Far,Male,65,98.6,3.5,Medio,6,5.5
30,61,High,High,No,10,64,Low,Yes,4,Medium,Medium,Public,Positive,2,No,Postgraduate,Moderate,Male,69,156.6,7.0,Medio,2,-3.0
15,84,Medium,High,Yes,6,75,Medium,Yes,2,Medium,Medium,Private,Positive,4,Yes,Postgraduate,Near,Female,68,110.4,6.0,Medio,4,2.5
14,67,Medium,High,No,7,82,Low,Yes,1,Medium,Medium,Public,Neutral,3,No,High School,Far,Female,62,96.19999999999999,5.5,Medio,2,3.0
7,74,Low,High,No,9,98,High,Yes,3,High,Low,Public,Neutral,2,No,High School,Moderate,Male,63,72.4,6.5,Medio,3,7.5
16,74,High,Low,No,9,79,High,Yes,0,High,Medium,Public,Neutral,4,No,Postgraduate,Moderate,Female,65,108.4,3.0,Medio,3,5.0
12,79,Low,High,No,6,55,Medium,Yes,1,Low,High,Private,Neutral,4,No,College,Far,Female,62,95.4,5.5,Medio,2,4.0
30,73,Low,Medium,No,7,68,Medium,Yes,0,Low,High,Public,Positive,2,No,Postgraduate,Near,Male,67,163.8,4.0,Medio,1,-6.0
26,64,Low,High,No,6,62,Low,Yes,1,Low,Medium,Private,Positive,5,No,High School,Moderate,Male,64,142.4,5.5,Medio,2,-2.0
16,66,Medium,Low,No,6,63,Low,Yes,2,Medium,High,Public,Neutral,3,No,College,Moderate,Male,61,103.6,4.0,Medio,2,1.0
34,61,Low,Medium,No,9,75,Medium,Yes,1,Low,Medium,Public,Neutral,2,No,College,Far,Male,65,172.6,4.5,Medio,1,-6.0
26,79,High,Low,No,7,66,Medium,Yes,1,High,Medium,Public,Positive,5,Yes,High School,Moderate,Male,67,151.4,3.5,Medio,3,-1.0
18,98,High,Low,No,7,64,Medium,Yes,0,Medium,Medium,Public,Positive,4,No,Postgraduate,Moderate,Male,70,130.8,3.0,Medio,2,2.0
5,65,Medium,High,Yes,7,98,Low,Yes,1,Low,Low,Private,Positive,3,No,High School,Far,Male,59,59.0,5.5,Bajo,2,7.5
34,98,Medium,High,No,7,79,Medium,Yes,1,Low,Medium,Private,Neutral,4,No,College,Near,Male,75,194.8,5.5,Medio,2,-6.0
12,89,Low,Medium,Yes,7,63,Medium,Yes,4,Low,High,Public,Neutral,2,No,College,Near,Male,67,101.4,6.0,Medio,1,3.0
10,85,Medium,Medium,Yes,6,64,Low,Yes,1,Medium,Medium,Public,Negative,3,No,College,Near,Male,64,91.0,4.5,Medio,2,4.0
26,86,Medium,High,Yes,9,91,Medium,Yes,3,High,Medium,Public,Neutral,3,Yes,High School,Near,Female,72,155.6,6.5,Medio,3,-1.0
35,93,Medium,Medium,Yes,6,94,Medium,Yes,5,Medium,Medium,Public,Neutral,2,Yes,College,Near,Female,76,195.8,6.5,Medio,2,-9.5
28,64,Medium,High,Yes,6,84,Low,Yes,2,Medium,Medium,Private,Positive,2,No,Postgraduate,Near,Male,69,150.4,6.0,Medio,4,-6.0
23,80,Low,Medium,No,7,72,Low,Yes,0,Low,High,Public,Negative,5,No,High School,Near,Male,65,140.0,4.0,Medio,1,0.5
24,88,High,Medium,No,10,88,Low,Yes,2,High,High,Public,Positive,1,No,Postgraduate,Far,Female,72,148.8,5.0,Medio,3,-1.0
25,83,Medium,High,Yes,6,97,Low,Yes,0,Low,Low,Public,Neutral,4,No,High School,Near,Male,69,149.8,5.0,Medio,1,-2.5
25,93,High,Medium,No,8,58,Medium,Yes,0,High,Medium,Private,Positive,4,No,High School,Moderate,Female,71,155.8,4.0,Medio,6,-0.5
22,63,High,Medium,No,7,93,High,Yes,0,Medium,Medium,Private,Neutral,2,No,High School,Far,Male,64,125.8,4.0,Medio,4,-2.0
21,88,High,High,Yes,7,92,High,Yes,2,Medium,Medium,Public,Positive,3,No,Postgraduate,Near,Female,74,136.8,6.0,Medio,2,-0.5
20,81,Medium,High,Yes,8,68,Medium,Yes,0,Medium,Medium,Public,Neutral,3,No,College,Near,Male,68,128.6,5.0,Medio,2,1.0
15,75,Medium,High,Yes,4,65,High,Yes,1,Low,Low,Private,Positive,4,No,Postgraduate,Moderate,Female,66,105.0,5.5,Medio,2,0.5
18,74,Medium,Medium,No,6,78,High,Yes,0,High,Medium,Public,Positive,2,No,High School,Moderate,Female,65,116.4,4.0,Medio,3,-1.0
10,85,High,Medium,Yes,8,64,Low,Yes,2,High,Medium,Public,Neutral,3,No,Postgraduate,Near,Female,67,91.0,5.0,Medio,3,6.0
19,96,Medium,Medium,No,7,57,High,Yes,0,Low,Medium,Public,Positive,3,No,High School,Near,Female,69,133.6,4.0,Medio,1,0.5
14,80,High,Low,Yes,7,98,High,Yes,2,Low,High,Private,Negative,2,No,High School,Near,Male,66,104.0,4.0,Medio,2,2.0
13,93,Medium,High,Yes,8,75,Medium,Yes,1,Medium,Medium,Private,Positive,2,No,High School,Near,Male,69,107.8,5.5,Medio,4,3.5
21,76,Medium,Medium,Yes,6,74,Medium,Yes,2,Medium,Medium,Private,Neutral,3,No,High School,Near,Male,67,129.6,5.0,Medio,4,-1.5
28,64,Medium,Medium,Yes,9,56,Medium,Yes,1,Low,Low,Public,Negative,2,No,College,Near,Male,64,150.4,4.5,Medio,1,-3.0
26,62,High,High,No,8,75,Medium,Yes,2,Medium,Medium,Public,Neutral,2,No,College,Moderate,Male,67,141.2,6.0,Medio,2,-3.0
11,62,Low,High,Yes,7,87,High,No,3,Low,High,Public,Positive,3,No,High School,Far,Female,61,81.19999999999999,4.5,Medio,1,4.5
14,75,Medium,Low,Yes,8,62,Low,Yes,0,High,Medium,Public,Negative,2,No,High School,Moderate,Female,61,101.0,3.0,Medio,3,3.0
26,73,Medium,Medium,Yes,9,68,High,Yes,4,Medium,Medium,Public,Neutral,2,No,High School,Far,Male,68,147.8,6.0,Medio,2,-2.0
14,89,Low,High,No,6,59,Low,Yes,2,Low,High,Public,Neutral,5,No,Postgraduate,Moderate,Male,66,109.4,6.0,Medio,1,4.0
19,90,Medium,Medium,No,8,68,Low,Yes,0,High,Medium,Public,Negative,4,No,High School,Moderate,Male,66,130.0,4.0,Medio,3,2.5
23,62,Medium,High,No,10,93,High,Yes,2,Low,Medium,Public,Positive,4,No,College,Near,Female,68,129.2,6.0,Medio,1,2.5
14,69,Low,High,No,8,62,High,Yes,1,Medium,High,Private,Neutral,2,No,High School,Near,Male,63,97.4,5.5,Medio,4,3.0
21,71,Medium,Medium,Yes,7,51,Medium,Yes,3,Medium,High,Private,Neutral,3,No,Postgraduate,Moderate,Female,66,126.6,5.5,Medio,4,-0.5
12,82,High,Medium,Yes,10,77,High,Yes,0,Medium,Medium,Public,Neutral,4,No,College,Far,Female,66,97.19999999999999,4.0,Medio,2,8.0
16,66,High,Medium,Yes,7,79,High,Yes,0,High,High,Private,Neutral,3,No,College,Near,Female,66,103.6,4.0,Medio,6,2.0
22,65,Medium,Medium,Yes,9,66,High,Yes,2,Medium,Medium,Public,Negative,4,No,High School,Near,Male,65,127.0,5.0,Medio,2,2.0
10,98,Medium,Medium,Yes,6,82,Medium,Yes,2,High,Medium,Public,Positive,2,No,College,Moderate,Male,69,98.8,5.0,Medio,3,3.0
23,92,Medium,High,No,9,52,High,Yes,1,High,Medium,Private,Positive,2,No,High School,Near,Female,71,147.2,5.5,Medio,6,-0.5
20,67,High,High,No,6,67,High,Yes,1,Medium,High,Public,Positive,2,Yes,College,Near,Female,66,120.19999999999999,5.5,Medio,2,-2.0
23,76,Medium,Medium,Yes,7,57,High,Yes,1,Medium,Medium,Public,Negative,3,No,High School,Moderate,Female,66,137.6,4.5,Medio,2,-1.5
21,74,Medium,High,Yes,6,61,Low,No,0,Low,Medium,Private,Positive,4,No,High School,Near,Male,65,128.4,3.0,Medio,2,-0.5
28,92,Low,Medium,No,10,69,Medium,Yes,4,Low,Medium,Public,Neutral,4,No,High School,Moderate,Female,71,167.2,6.0,Medio,1,0.0
21,80,Medium,High,No,7,75,High,Yes,3,Medium,High,Private,Neutral,2,No,High School,Far,Male,69,132.0,6.5,Medio,4,-1.5
17,65,Low,Low,Yes,5,55,Medium,Yes,2,Low,Medium,Public,Positive,3,No,High School,Near,Female,61,107.0,4.0,Medio,1,-0.5
21,90,High,Medium,Yes,7,55,High,Yes,1,Low,High,Public,Neutral,4,No,High School,Near,Female,70,138.0,4.5,Medio,1,0.5
23,76,Medium,Medium,No,8,84,High,Yes,2,High,Medium,Public,Positive,4,No,College,Near,Female,70,137.6,5.0,Medio,3,0.5
20,71,Medium,Medium,No,7,70,High,Yes,0,High,High,Public,Negative,4,No,High School,Near,Female,65,122.6,4.0,Medio,3,1.0
20,75,Medium,Low,Yes,6,59,Medium,Yes,2,Medium,Medium,Public,Negative,1,No,Postgraduate,Moderate,Male,64,125.0,4.0,Medio,2,-3.0
16,80,High,High,Yes,9,62,Low,Yes,0,High,Medium,Public,Neutral,4,No,Postgraduate,Near,Female,68,112.0,5.0,Medio,3,5.0
16,74,Low,Medium,Yes,9,86,Low,Yes,1,Low,Medium,Private,Neutral,2,No,High School,Near,Female,63,108.4,4.5,Medio,2,3.0
12,70,Medium,High,No,5,53,Medium,Yes,2,Low,Medium,Private,Positive,3,No,College,Near,Male,63,90.0,6.0,Medio,2,2.0
30,76,Medium,Medium,Yes,6,75,Low,Yes,3,High,Medium,Public,Positive,3,No,College,Near,Female,71,165.6,5.5,Medio,3,-6.0
13,61,High,Low,No,7,68,Low,No,1,Medium,Medium,Public,Neutral,2,No,High School,Near,Male,58,88.6,1.5,Bajo,2,2.5
16,91,Medium,Medium,Yes,6,91,Medium,Yes,1,Medium,Medium,Public,Neutral,2,No,High School,Moderate,Female,68,118.6,4.5,Medio,2,0.0
16,67,Medium,High,No,8,90,High,Yes,1,High,Low,Public,Neutral,4,No,High School,Near,Male,65,104.19999999999999,5.5,Medio,3,4.0
25,62,Medium,Medium,No,10,84,Low,Yes,2,Low,Medium,Public,Positive,3,No,College,Near,Female,65,137.2,5.0,Medio,1,0.5
18,86,High,Low,Yes,6,69,Low,Yes,2,Medium,High,Public,Positive,2,No,High School,Near,Male,68,123.6,4.0,Medio,2,-1.0
27,91,Low,High,Yes,9,82,Medium,Yes,0,Low,Low,Public,Neutral,1,No,High School,Far,Male,69,162.6,5.0,Medio,1,-3.5
16,93,Medium,Medium,Yes,5,82,Low,Yes,5,High,Medium,Public,Positive,1,No,High School,Near,Male,71,119.8,6.5,Medio,3,-2.0
22,80,Low,Medium,No,8,67,Low,Yes,2,Low,Low,Private,Positive,2,No,Postgraduate,Moderate,Male,65,136.0,5.0,Medio,2,-1.0
15,68,Low,Medium,Yes,6,94,Low,Yes,0,Medium,High,Public,Neutral,5,No,Postgraduate,Near,Female,64,100.8,4.0,Medio,2,3.5
33,89,Low,Medium,No,8,99,Medium,Yes,2,High,High,Private,Positive,4,No,College,Moderate,Male,75,185.4,5.0,Medio,6,-4.5
13,88,High,Medium,No,4,66,Low,Yes,1,Low,High,Public,Positive,4,No,High School,Near,Female,67,104.8,4.5,Medio,1,1.5
22,70,Medium,High,Yes,5,90,High,Yes,1,Medium,High,Public,Neutral,3,No,College,Far,Female,68,130.0,5.5,Medio,2,-3.0
24,96,High,High,No,8,75,Low,Yes,1,Medium,Medium,Public,Positive,1,No,College,Moderate,Female,72,153.6,5.5,Medio,2,-3.0
22,64,Medium,Medium,No,6,73,High,Yes,3,Medium,Medium,Public,Positive,4,No,Postgraduate,Moderate,Female,67,126.4,5.5,Medio,2,-1.0
19,99,High,Medium,No,7,69,Medium,Yes,1,High,Medium,Public,Positive,3,No,High School,Near,Male,72,135.4,4.5,Medio,3,0.5
19,94,Medium,Low,Yes,10,65,High,Yes,1,Low,High,Public,Negative,3,No,Postgraduate,Moderate,Male,69,132.4,3.5,Medio,1,3.5
20,88,Low,Low,No,7,96,Low,Yes,0,High,High,Public,Positive,3,No,Postgraduate,Moderate,Male,68,132.8,3.0,Medio,3,0.0
19,98,Medium,Medium,Yes,8,87,Medium,Yes,0,Medium,Medium,Private,Negative,6,No,High School,Near,Male,70,134.8,4.0,Medio,4,4.5
26,89,Medium,Medium,No,6,72,High,Yes,1,Low,Medium,Public,Neutral,3,Yes,College,Near,Female,69,157.4,4.5,Medio,1,-4.0
33,68,Medium,Low,Yes,5,88,Medium,Yes,2,Low,Medium,Public,Negative,1,No,College,Moderate,Male,67,172.8,4.0,Medio,1,-10.5
17,78,Medium,Medium,No,7,86,Medium,No,0,Low,Low,Public,Neutral,3,No,College,Near,Female,63,114.8,2.0,Medio,1,1.5
12,63,Medium,High,No,5,63,Low,Yes,4,Low,Medium,Private,Positive,2,No,High School,Moderate,Male,61,85.8,7.0,Medio,2,1.0
19,76,Medium,High,Yes,6,59,Medium,Yes,1,Medium,Medium,Public,Neutral,3,No,High School,Near,Female,66,121.6,5.5,Medio,2,-0.5
35,90,High,Medium,Yes,7,92,Low,No,0,Low,Medium,Private,Neutral,4,No,High School,Near,Male,73,194.0,2.0,Medio,2,-6.5
15,75,Medium,High,Yes,7,91,High,Yes,0,Medium,High,Public,Neutral,3,No,College,Moderate,Male,67,105.0,5.0,Medio,2,2.5
30,73,High,Medium,Yes,8,100,Medium,Yes,2,High,High,Public,Neutral,2,No,High School,Near,Female,72,163.8,5.0,Medio,3,-5.0
30,84,High,Medium,No,8,51,Low,Yes,1,Low,Medium,Public,Positive,4,Yes,Postgraduate,Far,Male,69,170.4,4.5,Medio,1,-3.0
17,95,Low,High,No,5,77,Medium,Yes,2,Medium,Medium,Public,Positive,4,No,High School,Moderate,Female,69,125.0,6.0,Medio,2,0.5
23,62,Low,High,Yes,6,85,Medium,Yes,1,Low,Medium,Public,Negative,3,Yes,College,Moderate,Male,63,129.2,5.5,Medio,1,-2.5
30,75,Medium,Medium,Yes,4,79,Low,Yes,0,Medium,Medium,Public,Negative,4,No,High School,Moderate,Male,67,165.0,4.0,Medio,2,-7.0
18,66,Medium,Medium,No,6,86,Medium,Yes,0,High,Medium,Public,Positive,2,No,High School,Moderate,Female,63,111.6,4.0,Medio,3,-1.0
19,88,Medium,High,Yes,8,57,Low,No,1,Medium,Low,Private,Negative,4,No,College,Near,Male,66,128.8,3.5,Medio,4,2.5
17,64,Medium,Medium,No,9,50,Medium,Yes,2,Low,High,Public,Positive,4,No,High School,Moderate,Female,62,106.4,5.0,Medio,1,4.5
14,87,Medium,Medium,Yes,7,55,Medium,Yes,2,Low,High,Private,Positive,4,No,Postgraduate,Near,Male,68,108.19999999999999,5.0,Medio,2,4.0
16,71,Medium,High,No,9,69,Medium,Yes,1,Low,Medium,Public,Neutral,4,No,Postgraduate,Near,Female,65,106.6,5.5,Medio,1,5.0
13,68,Low,Low,Yes,8,66,Medium,Yes,0,Medium,Low,Public,Neutral,4,Yes,College,Near,Male,59,92.8,3.0,Bajo,2,5.5
20,97,High,Medium,Yes,7,94,High,Yes,1,Medium,Medium,Public,Negative,1,No,College,Moderate,Male,72,138.2,4.5,Medio,2,-2.0
15,61,Medium,High,Yes,6,54,Medium,Yes,0,High,High,Private,Neutral,2,No,Postgraduate,Near,Male,63,96.6,5.0,Medio,6,0.5
21,78,Medium,Medium,No,4,72,Medium,Yes,1,Medium,High,Public,Neutral,4,No,Postgraduate,Near,Male,68,130.8,4.5,Medio,2,-2.5
11,61,Medium,Medium,Yes,9,98,High,Yes,0,Medium,High,Public,Negative,2,No,High School,Moderate,Male,61,80.6,4.0,Medio,2,5.5
22,79,Low,Medium,No,7,75,Low,Yes,1,Low,High,Private,Neutral,3,No,High School,Near,Female,65,135.4,4.5,Medio,2,-1.0
25,80,Medium,Medium,Yes,9,57,Low,Yes,2,Low,High,Public,Positive,3,No,High School,Moderate,Female,68,148.0,5.0,Medio,1,-0.5
8,73,Low,Medium,Yes,6,65,High,Yes,1,Low,Medium,Public,Neutral,4,No,College,Moderate,Male,61,75.8,4.5,Medio,1,6.0
22,65,Low,Low,Yes,10,81,Medium,Yes,1,Low,Medium,Private,Neutral,3,No,Postgraduate,Near,Male,63,127.0,3.5,Medio,2,2.0
27,75,Medium,Medium,Yes,7,51,High,Yes,1,Medium,Low,Public,Negative,2,No,Postgraduate,Near,Male,67,153.0,4.5,Medio,2,-4.5
13,87,Low,Medium,Yes,6,98,Low,Yes,0,High,High,Public,Positive,3,Yes,Postgraduate,Moderate,Male,66,104.19999999999999,4.0,Medio,3,2.5
30,91,Medium,Medium,Yes,7,78,High,Yes,3,Medium,Medium,Private,Positive,2,No,Postgraduate,Near,Male,75,174.6,5.5,Medio,4,-6.0
23,81,Medium,Medium,No,7,85,Low,Yes,0,Medium,Medium,Public,Positive,4,No,High School,Near,Male,68,140.6,4.0,Medio,2,-0.5
16,84,Low,Medium,No,7,75,High,Yes,2,Medium,Medium,Public,Negative,3,No,High School,Near,Female,65,114.4,5.0,Medio,2,2.0
20,68,Low,Medium,No,6,98,High,Yes,0,Low,High,Public,Negative,4,No,High School,Near,Female,64,120.8,4.0,Medio,1,0.0
23,71,High,Medium,Yes,4,79,Medium,No,2,Low,Medium,Public,Positive,3,No,High School,Near,Male,67,134.6,3.0,Medio,1,-4.5
20,66,Low,Medium,Yes,6,83,Medium,Yes,2,Low,Medium,Private,Neutral,3,No,College,Near,Male,64,119.6,5.0,Medio,2,-1.0
23,70,Medium,High,Yes,9,93,Medium,Yes,0,Low,High,Public,Neutral,2,Yes,Postgraduate,Moderate,Female,67,134.0,5.0,Medio,1,-0.5
14,69,Medium,High,Yes,6,93,Low,No,2,Low,Medium,Private,Neutral,0,No,High School,Near,Male,63,97.4,4.0,Medio,2,-1.0
21,81,High,Medium,Yes,4,51,Medium,Yes,0,Medium,Medium,Private,Positive,2,No,College,Moderate,Female,67,132.6,4.0,Medio,4,-4.5
12,83,High,Low,Yes,5,64,Medium,Yes,1,High,Medium,Private,Negative,2,No,Postgraduate,Near,Female,65,97.8,3.5,Medio,6,1.0
19,98,High,Low,Yes,7,62,High,Yes,1,Low,High,Public,Neutral,2,No,High School,Near,Female,70,134.8,3.5,Medio,1,-0.5
15,68,Medium,Medium,Yes,6,50,High,Yes,2,High,Low,Public,Neutral,3,No,High School,Moderate,Male,62,100.8,5.0,Medio,3,1.5
16,86,High,Medium,Yes,7,94,Medium,Yes,2,Low,High,Public,Neutral,3,No,High School,Moderate,Female,69,115.6,5.0,Medio,1,2.0
27,93,Medium,Low,Yes,6,66,Medium,Yes,2,Medium,Medium,Public,Negative,3,No,College,Moderate,Female,70,163.8,4.0,Medio,2,-4.5
27,82,Medium,Medium,Yes,9,67,Low,Yes,1,Low,High,Private,Neutral,2,No,High School,Moderate,Male,68,157.2,4.5,Medio,2,-2.5
24,70,Medium,High,No,8,55,Medium,Yes,4,Low,High,Public,Positive,4,No,Postgraduate,Moderate,Female,68,138.0,7.0,Medio,1,0.0
13,71,Medium,Medium,Yes,10,99,Medium,Yes,0,Low,Medium,Public,Neutral,3,No,Postgraduate,Near,Male,64,94.6,4.0,Medio,1,6.5
18,62,Low,High,Yes,6,91,High,No,4,Low,Medium,Private,Neutral,1,No,High School,Moderate,Male,63,109.19999999999999,5.0,Medio,2,-2.0
27,72,Low,Low,Yes,7,79,Medium,Yes,2,High,High,Public,Positive,2,No,Postgraduate,Moderate,Female,68,151.2,4.0,Medio,3,-4.5
21,90,High,Low,Yes,9,89,Low,Yes,1,Low,Low,Public,Neutral,2,No,High School,Far,Female,67,138.0,3.5,Medio,1,0.5
34,62,High,Low,No,8,89,Low,Yes,3,Low,Medium,Private,Neutral,4,No,College,Moderate,Female,68,173.2,4.5,Medio,2,-5.0
22,69,Medium,High,Yes,6,83,Medium,Yes,1,Low,Medium,Public,Positive,2,No,College,Moderate,Female,66,129.4,5.5,Medio,1,-3.0
21,88,Medium,Medium,Yes,8,59,Low,No,2,Medium,Medium,Private,Negative,1,No,Postgraduate,Near,Male,67,136.8,3.0,Medio,4,-1.5
18,91,High,Medium,No,8,86,High,Yes,1,Medium,Medium,Public,Neutral,4,Yes,High School,Moderate,Male,69,126.6,4.5,Medio,2,3.0
21,78,High,Medium,Yes,4,78,Medium,Yes,2,High,Medium,Private,Negative,3,No,High School,Far,Male,68,130.8,5.0,Medio,6,-3.5
19,88,Medium,High,No,6,86,Medium,Yes,4,Medium,Medium,Public,Positive,3,Yes,College,Moderate,Male,70,128.8,7.0,Medio,2,-0.5
24,76,Medium,Medium,No,7,77,Medium,Yes,3,Medium,Medium,Private,Negative,4,No,Postgraduate,Moderate,Female,68,141.6,5.5,Medio,4,-1.0
26,66,Low,Medium,Yes,9,98,Medium,Yes,2,Low,Medium,Public,Neutral,2,No,College,Near,Male,66,143.6,5.0,Medio,1,-2.0
15,76,Medium,High,Yes,8,81,Medium,Yes,2,Low,Medium,Private,Neutral,4,No,Postgraduate,Moderate,Female,67,105.6,6.0,Medio,2,4.5
12,83,Medium,Medium,No,6,79,Medium,Yes,1,High,Low,Public,Neutral,4,No,High School,Moderate,Female,65,97.8,4.5,Medio,3,4.0
9,98,Medium,Medium,No,6,92,Medium,Yes,0,Medium,Medium,Public,Neutral,5,No,High School,Moderate,Male,67,94.8,4.0,Medio,2,6.5
23,63,Medium,Medium,No,8,69,High,Yes,2,Medium,Low,Public,Negative,4,Yes,High School,Near,Male,63,129.8,5.0,Medio,2,0.5
13,80,Low,High,Yes,4,66,High,Yes,2,Low,Medium,Public,Negative,2,No,High School,Moderate,Female,64,100.0,6.0,Medio,1,-0.5
7,73,High,Medium,Yes,6,75,Medium,Yes,3,Low,Medium,Public,Neutral,3,No,College,Near,Female,64,71.8,5.5,Medio,1,5.5
22,80,Low,Low,No,9,79,High,Yes,0,Medium,Medium,Private,Neutral,3,No,College,Moderate,Female,66,136.0,3.0,Medio,4,1.0
35,61,Medium,High,Yes,7,61,Low,Yes,2,Medium,Medium,Private,Positive,4,Yes,High School,Near,Male,68,176.6,6.0,Medio,4,-6.5
20,73,High,Medium,Yes,6,84,High,Yes,0,Medium,Medium,Public,Positive,3,No,High School,Moderate,Male,67,123.8,4.0,Medio,2,-1.0
25,93,Medium,High,No,5,90,Low,Yes,1,Medium,Medium,Public,Positive,2,No,College,Near,Male,72,155.8,5.5,Medio,2,-5.5
20,82,Medium,Medium,Yes,8,79,Low,Yes,1,Low,Medium,Public,Positive,4,No,High School,Near,Male,67,129.2,4.5,Medio,1,2.0
19,78,Medium,Medium,No,7,76,High,Yes,2,Medium,Low,Public,Neutral,3,No,College,Moderate,Female,66,122.8,5.0,Medio,2,0.5
26,71,High,Low,No,7,65,Medium,Yes,1,Low,Medium,Public,Positive,3,No,College,Near,Female,66,146.6,3.5,Medio,1,-3.0
18,72,High,High,Yes,8,95,Medium,Yes,1,Medium,Medium,Public,Negative,4,No,High School,Moderate,Male,67,115.19999999999999,5.5,Medio,2,3.0
22,75,Medium,Medium,No,7,88,Low,Yes,0,Low,Medium,Private,Neutral,3,No,Postgraduate,Far,Male,65,133.0,4.0,Medio,2,-1.0
22,93,High,Medium,No,7,74,Low,Yes,2,Medium,High,Public,Negative,3,No,College,Far,Male,70,143.8,5.0,Medio,2,-1.0
16,99,Low,Medium,Yes,5,83,Low,Yes,0,Low,High,Private,Neutral,4,No,Postgraduate,Near,Female,69,123.4,4.0,Medio,2,1.0
26,78,High,High,Yes,5,67,Low,Yes,1,High,High,Private,Negative,3,No,High School,Moderate,Male,69,150.8,5.5,Medio,6,-5.0
19,76,High,Medium,Yes,8,53,Medium,Yes,1,Medium,Medium,Public,Negative,4,No,College,Near,Female,66,121.6,4.5,Medio,2,2.5
15,94,Medium,Low,No,8,60,Medium,Yes,2,Medium,Medium,Public,Neutral,4,No,High School,Far,Male,66,116.4,4.0,Medio,2,4.5
23,77,High,High,Yes,8,54,Medium,Yes,1,Low,Medium,Public,Negative,3,No,College,Moderate,Female,67,138.2,5.5,Medio,1,-0.5
15,82,Medium,High,Yes,6,75,Medium,Yes,1,Medium,Low,Public,Positive,3,No,High School,Near,Male,67,109.19999999999999,5.5,Medio,2,1.5
20,69,Medium,Medium,Yes,8,81,High,Yes,2,Medium,Medium,Public,Positive,4,No,High School,Near,Male,67,121.4,5.0,Medio,2,2.0
20,90,High,High,Yes,6,69,Medium,Yes,2,High,High,Public,Neutral,3,No,High School,Near,Female,72,134.0,6.0,Medio,3,-1.0
27,81,Medium,Low,Yes,9,77,Low,Yes,1,Medium,High,Public,Neutral,4,No,College,Moderate,Female,68,156.6,3.5,Medio,2,-0.5
23,92,Medium,Low,Yes,6,54,High,Yes,3,Medium,Medium,Public,Positive,2,Yes,Postgraduate,Near,Male,70,147.2,4.5,Medio,2,-3.5
20,91,Medium,Medium,Yes,6,88,Medium,Yes,1,Low,Medium,Public,Positive,4,No,High School,Moderate,Male,69,134.6,4.5,Medio,1,0.0
25,69,High,Low,Yes,7,52,High,Yes,1,Low,Medium,Public,Positive,4,No,High School,Moderate,Male,65,141.4,3.5,Medio,1,-1.5
28,89,High,High,No,8,82,Medium,Yes,0,Medium,Medium,Public,Negative,3,No,Postgraduate,Far,Male,72,165.4,5.0,Medio,2,-3.0
23,92,Medium,High,No,7,72,Medium,Yes,0,Low,Medium,Public,Neutral,4,No,College,Far,Female,69,147.2,5.0,Medio,1,-0.5
20,74,Medium,Medium,Yes,7,59,Low,Yes,5,High,Medium,Public,Positive,4,No,High School,Near,Female,68,124.4,6.5,Medio,3,1.0
12,67,High,High,No,6,76,High,Yes,1,Low,Medium,Public,Negative,2,No,High School,Moderate,Male,62,88.19999999999999,5.5,Medio,1,2.0
14,60,Medium,Low,Yes,7,89,Low,Yes,2,Medium,Medium,Public,Neutral,3,No,High School,Moderate,Male,60,92.0,4.0,Medio,2,3.0
18,78,High,Medium,Yes,7,71,Low,Yes,3,Medium,Medium,Public,Neutral,4,No,High School,Moderate,Male,67,118.8,5.5,Medio,2,2.0
16,74,High,High,Yes,6,68,Low,Yes,2,Medium,Medium,Public,Neutral,4,No,College,Near,Male,67,108.4,6.0,Medio,2,2.0
19,82,Medium,High,Yes,7,57,Medium,Yes,1,Medium,Medium,Public,Neutral,3,No,High School,Near,Male,67,125.19999999999999,5.5,Medio,2,0.5
20,68,Medium,Medium,Yes,7,80,Low,Yes,0,Low,Medium,Private,Neutral,4,No,High School,Near,Female,63,120.8,4.0,Medio,2,1.0
23,94,Medium,Low,Yes,10,91,High,Yes,1,Medium,Medium,Public,Neutral,3,No,High School,Near,Male,71,148.4,3.5,Medio,2,1.5
20,70,Medium,Medium,Yes,6,78,High,Yes,0,Medium,Medium,Private,Positive,2,No,College,Near,Female,66,122.0,4.0,Medio,4,-2.0
23,69,Medium,Medium,Yes,6,58,High,Yes,0,Medium,Medium,Public,Neutral,1,No,Postgraduate,Near,Female,65,133.4,4.0,Medio,2,-4.5
20,79,High,Medium,Yes,7,83,High,Yes,2,Medium,Medium,Public,Positive,2,No,High School,Moderate,Female,69,127.4,5.0,Medio,2,-1.0
8,80,High,Low,No,6,52,High,Yes,2,Medium,Medium,Public,Positive,1,No,High School,Near,Female,63,80.0,4.0,Medio,2,3.0
14,69,Medium,Medium,Yes,5,92,High,Yes,3,Low,Low,Public,Negative,2,No,Postgraduate,Moderate,Female,64,97.4,5.5,Medio,1,0.0
19,71,High,High,No,5,96,High,Yes,2,Low,Medium,Private,Neutral,0,Yes,College,Near,Female,67,118.6,6.0,Medio,2,-4.5
13,67,Medium,Medium,Yes,6,80,High,Yes,1,Low,High,Public,Negative,2,No,High School,Moderate,Male,62,92.19999999999999,4.5,Medio,1,1.5
24,89,Medium,Low,Yes,6,94,Low,Yes,2,Medium,Medium,Public,Neutral,2,No,High School,Far,Male,68,149.4,4.0,Medio,2,-4.0
29,91,Medium,High,No,5,54,Low,Yes,2,Low,Medium,Public,Neutral,3,No,Postgraduate,Moderate,Male,71,170.6,6.0,Medio,1,-6.5
27,78,High,Medium,No,7,61,Medium,No,1,Low,Medium,Public,Negative,3,No,High School,Moderate,Female,66,154.8,2.5,Medio,1,-3.5
19,89,Medium,High,Yes,4,66,Low,Yes,1,Low,Medium,Public,Positive,1,No,Postgraduate,Near,Female,69,129.4,5.5,Medio,1,-4.5
29,89,Medium,Low,Yes,8,89,Low,Yes,1,Medium,High,Private,Neutral,4,No,High School,Moderate,Male,71,169.4,3.5,Medio,4,-2.5
21,66,Medium,Medium,Yes,6,74,Medium,Yes,2,Medium,High,Private,Neutral,4,No,High School,Near,Female,66,123.6,5.0,Medio,4,-0.5
18,99,Medium,Medium,No,6,67,Medium,Yes,5,Low,Medium,Public,Positive,3,No,Postgraduate,Near,Female,72,131.4,6.5,Medio,1,0.0
16,93,Medium,Medium,Yes,8,58,Medium,Yes,1,High,High,Public,Positive,4,No,College,Near,Female,70,119.8,4.5,Medio,3,4.0
18,68,Low,Medium,No,8,91,High,Yes,1,Low,High,Private,Neutral,3,No,Postgraduate,Near,Female,65,112.8,4.5,Medio,2,2.0
18,67,High,Medium,No,6,51,Medium,Yes,0,Medium,High,Public,Positive,2,No,College,Near,Female,64,112.19999999999999,4.0,Medio,2,-1.0
21,65,Medium,Medium,Yes,8,67,Medium,Yes,1,Low,Medium,Public,Positive,2,No,College,Moderate,Male,63,123.0,4.5,Medio,1,-0.5
21,66,Medium,Medium,No,9,62,Low,No,3,Medium,Medium,Private,Positive,2,No,High School,Near,Male,63,123.6,3.5,Medio,4,0.5
20,90,Low,Medium,No,5,56,Medium,No,3,Medium,Medium,Public,Positive,2,No,High School,Moderate,Male,66,134.0,3.5,Medio,2,-3.0
23,79,High,High,Yes,8,59,Low,Yes,1,Low,High,Public,Negative,4,No,College,Moderate,Male,68,139.4,5.5,Medio,1,0.5
27,91,Medium,High,Yes,5,75,Low,Yes,1,High,High,Public,Neutral,4,No,College,Near,Male,74,162.6,5.5,Medio,3,-4.5
26,90,High,High,No,9,71,Low,Yes,0,High,Low,Private,Negative,2,No,College,Near,Female,71,158.0,5.0,Medio,6,-2.0
11,84,High,Medium,Yes,6,76,High,Yes,3,Low,High,Public,Negative,3,No,High School,Moderate,Female,67,94.4,5.5,Medio,1,3.5
5,87,High,Low,No,6,86,Medium,Yes,2,Medium,High,Public,Positive,3,No,Postgraduate,Near,Female,66,72.19999999999999,4.0,Medio,2,6.5
26,61,High,Medium,Yes,9,95,Medium,Yes,0,Medium,Medium,Private,Negative,6,No,College,Near,Male,67,140.6,4.0,Medio,4,2.0
12,72,Low,High,Yes,8,56,High,Yes,3,Low,Medium,Public,Positive,1,Yes,High School,Moderate,Male,62,91.19999999999999,6.5,Medio,1,3.0
19,86,Medium,Low,No,6,54,Low,Yes,1,High,High,Private,Positive,5,No,Postgraduate,Near,Male,68,127.6,3.5,Medio,6,1.5
13,60,Medium,Medium,Yes,7,66,Medium,Yes,2,Low,Medium,Public,Positive,3,No,Postgraduate,Near,Male,62,88.0,5.0,Medio,1,3.5
23,94,High,Medium,No,5,55,High,Yes,2,Medium,Medium,Public,Positive,2,Yes,High School,Near,Male,70,148.4,5.0,Medio,2,-4.5
25,87,High,Medium,No,7,86,Medium,Yes,4,Medium,Low,Private,Negative,2,No,College,Near,Male,72,152.2,6.0,Medio,4,-3.5
17,71,Low,High,Yes,6,78,Low,Yes,0,Medium,Medium,Public,Positive,4,No,College,Near,Female,64,110.6,5.0,Medio,2,1.5
4,88,Medium,High,No,6,87,Low,Yes,1,Medium,High,Public,Neutral,4,No,College,Near,Male,66,68.8,5.5,Medio,2,8.0
17,92,Medium,Medium,Yes,9,68,High,Yes,0,Medium,Low,Private,Positive,3,No,College,Near,Female,68,123.19999999999999,4.0,Medio,4,3.5
22,72,Low,Medium,No,6,70,Low,Yes,1,High,Medium,Public,Neutral,3,No,Postgraduate,Far,Male,64,131.2,4.5,Medio,3,-2.0
11,61,Low,Medium,Yes,7,90,High,Yes,0,Medium,High,Public,Neutral,3,No,High School,Near,Female,61,80.6,4.0,Medio,2,4.5
21,97,Medium,Medium,Yes,9,63,Medium,Yes,0,Medium,Medium,Public,Positive,1,No,High School,Moderate,Male,69,142.2,4.0,Medio,2,-0.5
20,74,High,High,No,7,69,Low,Yes,2,High,High,Private,Neutral,2,No,College,Near,Male,68,124.4,6.0,Medio,6,-1.0
23,64,Medium,Medium,No,6,51,Medium,Yes,1,Medium,Medium,Public,Positive,5,No,College,Near,Male,64,130.4,4.5,Medio,2,-0.5
21,80,Medium,High,No,7,78,Medium,Yes,1,Low,High,Private,Negative,4,No,High School,Moderate,Female,67,132.0,5.5,Medio,2,0.5
14,91,Medium,Medium,Yes,8,93,Medium,Yes,0,Medium,Medium,Public,Neutral,3,No,High School,Moderate,Male,67,110.6,4.0,Medio,2,4.0
27,69,Medium,Medium,No,8,51,Medium,Yes,1,High,Medium,Public,Negative,2,No,High School,Near,Male,65,149.4,4.5,Medio,3,-3.5
19,71,High,Medium,Yes,10,81,Medium,Yes,2,Medium,High,Public,Positive,3,No,High School,Near,Female,68,118.6,5.0,Medio,2,3.5
20,70,Medium,High,Yes,6,92,Medium,Yes,2,Medium,Low,Public,Positive,3,No,High School,Near,Male,67,122.0,6.0,Medio,2,-1.0
14,100,Low,Medium,No,7,75,Low,Yes,1,Low,Medium,Public,Positive,3,No,Postgraduate,Moderate,Male,67,116.0,4.5,Medio,1,3.0
17,68,Medium,High,Yes,5,66,Medium,Yes,1,High,Medium,Public,Negative,4,No,High School,Near,Male,64,108.8,5.5,Medio,3,0.5
15,83,High,High,Yes,8,100,Medium,Yes,0,Medium,Medium,Public,Positive,3,No,College,Near,Female,70,109.8,5.0,Medio,2,3.5
19,97,Medium,High,No,7,53,Medium,Yes,2,Low,Low,Private,Neutral,3,No,College,Moderate,Male,69,134.2,6.0,Medio,2,0.5
30,66,Medium,High,No,7,61,Low,Yes,0,High,High,Private,Positive,2,No,High School,Far,Male,66,159.6,5.0,Medio,6,-6.0
12,99,Low,Medium,No,6,94,Medium,Yes,2,Medium,Medium,Public,Neutral,3,No,Postgraduate,Moderate,Male,69,107.4,5.0,Medio,2,3.0
10,98,Low,Medium,Yes,6,65,Medium,Yes,1,Low,High,Private,Positive,2,No,High School,Near,Male,66,98.8,4.5,Medio,2,3.0
29,95,High,Medium,Yes,7,91,Low,Yes,1,Low,Medium,Public,Neutral,3,No,High School,Moderate,Female,73,173.0,4.5,Medio,1,-4.5
19,69,Medium,Medium,Yes,6,67,Medium,No,4,High,High,Private,Positive,4,No,Postgraduate,Moderate,Male,66,117.4,4.0,Medio,6,0.5
16,85,Medium,High,Yes,7,91,High,Yes,0,Medium,Medium,Public,Neutral,2,No,Postgraduate,Moderate,Male,69,115.0,5.0,Medio,2,1.0
26,90,Medium,Low,Yes,7,84,Low,Yes,1,Medium,Medium,Public,Positive,3,No,High School,Moderate,Male,70,158.0,3.5,Medio,2,-3.0
16,99,High,Medium,Yes,5,73,High,Yes,1,Medium,Medium,Private,Positive,5,Yes,College,Far,Male,71,123.4,4.5,Medio,4,2.0
31,67,Low,High,Yes,5,76,Medium,Yes,2,Medium,High,Public,Positive,4,No,College,Near,Male,70,164.2,6.0,Medio,2,-6.5
24,91,High,Low,Yes,6,59,Medium,Yes,0,Low,Medium,Private,Neutral,4,No,High School,Near,Male,69,150.6,3.0,Medio,2,-2.0
17,74,Medium,Medium,No,9,56,Medium,Yes,1,Medium,High,Private,Negative,3,No,High School,Moderate,Male,63,112.4,4.5,Medio,4,3.5
33,67,High,Medium,Yes,6,86,Medium,Yes,4,Medium,High,Public,Positive,3,Yes,High School,Near,Female,71,172.2,6.0,Medio,2,-7.5
16,77,High,High,No,7,92,Low,Yes,2,Medium,Medium,Public,Negative,2,No,College,Near,Male,67,110.19999999999999,6.0,Medio,2,1.0
24,92,Medium,Medium,Yes,5,86,High,Yes,3,Medium,High,Public,Neutral,2,No,High School,Near,Female,73,151.2,5.5,Medio,2,-5.0
22,79,Low,High,Yes,6,96,Medium,Yes,1,High,Medium,Public,Neutral,2,No,College,Moderate,Male,68,135.4,5.5,Medio,3,-3.0
28,82,Low,Medium,Yes,5,95,Medium,Yes,0,High,Low,Public,Neutral,3,No,High School,Near,Male,69,161.2,4.0,Medio,3,-6.0
29,100,High,High,Yes,8,89,Medium,Yes,2,Medium,Medium,Private,Neutral,3,No,High School,Moderate,Female,76,176.0,6.0,Medio,4,-3.5
20,76,Low,Medium,Yes,5,95,Medium,Yes,4,Low,High,Public,Positive,3,No,High School,Near,Male,68,125.6,6.0,Medio,1,-2.0
15,85,Medium,Medium,No,8,58,High,Yes,1,Low,Medium,Private,Negative,3,No,College,Near,Male,65,111.0,4.5,Medio,2,3.5
23,75,Medium,Medium,Yes,8,87,Low,Yes,0,High,Low,Public,Positive,1,No,High School,Near,Female,66,137.0,4.0,Medio,3,-2.5
16,76,Medium,Low,No,7,88,High,Yes,0,Low,Medium,Public,Positive,2,No,Postgraduate,Near,Male,65,109.6,3.0,Medio,1,1.0
32,88,Low,Medium,No,8,58,Low,Yes,3,Low,High,Private,Negative,3,No,High School,Moderate,Male,69,180.8,5.5,Medio,2,-5.0
21,98,High,Medium,Yes,10,95,Medium,Yes,0,Medium,Medium,Public,Neutral,1,No,High School,Near,Male,71,142.8,4.0,Medio,2,0.5
18,82,High,Low,Yes,8,50,Medium,Yes,1,High,Medium,Public,Positive,3,No,High School,Moderate,Male,66,121.19999999999999,3.5,Medio,3,2.0
21,91,Medium,High,No,5,72,Medium,Yes,3,Low,Medium,Public,Negative,3,Yes,High School,Near,Female,69,138.6,6.5,Medio,1,-2.5
12,64,Medium,Medium,No,9,51,Low,No,2,Low,Medium,Public,Neutral,4,No,College,Near,Male,59,86.4,3.0,Bajo,1,7.0
14,68,Medium,High,No,7,76,Medium,Yes,2,High,Medium,Public,Positive,3,No,High School,Near,Male,65,96.8,6.0,Medio,3,3.0
27,80,High,High,No,10,71,High,Yes,4,Low,Low,Public,Neutral,2,No,College,Near,Male,72,156.0,7.0,Medio,1,-1.5
16,61,Medium,Low,Yes,6,81,Medium,Yes,0,Medium,Medium,Public,Negative,2,No,College,Near,Male,60,100.6,3.0,Medio,2,0.0
14,70,Medium,Medium,Yes,9,88,Low,Yes,0,High,Medium,Private,Positive,4,No,College,Moderate,Female,64,98.0,4.0,Medio,6,6.0
23,81,Medium,Medium,No,7,88,Low,Yes,1,Low,Medium,Public,Positive,4,No,Postgraduate,Near,Male,69,140.6,4.5,Medio,1,-0.5
27,61,High,High,Yes,10,86,Medium,Yes,3,Medium,High,Private,Positive,3,No,High School,Near,Female,70,144.6,6.5,Medio,4,-0.5
24,71,Medium,High,Yes,7,55,Low,Yes,2,High,Medium,Public,Positive,3,No,College,Far,Male,67,138.6,6.0,Medio,3,-2.0
26,81,Medium,Medium,No,10,71,Low,Yes,0,Medium,Medium,Private,Positive,5,Yes,High School,Near,Female,67,152.6,4.0,Medio,4,2.0
15,83,Medium,Low,Yes,8,91,Medium,Yes,0,Low,Medium,Private,Neutral,3,No,College,Far,Male,64,109.8,3.0,Medio,2,3.5
11,97,Medium,Medium,Yes,8,83,Low,Yes,4,Medium,High,Private,Negative,2,No,High School,Far,Male,68,102.19999999999999,6.0,Medio,4,4.5
29,86,Medium,High,No,10,84,Low,Yes,1,Low,High,Private,Positive,4,No,High School,Near,Female,72,167.6,5.5,Medio,2,-0.5
18,77,Medium,High,Yes,6,61,Medium,Yes,1,Low,Medium,Private,Neutral,3,No,High School,Near,Female,65,118.19999999999999,5.5,Medio,2,0.0
18,97,Medium,High,No,8,66,Low,Yes,2,Medium,Medium,Public,Neutral,2,No,College,Moderate,Male,70,130.2,6.0,Medio,2,1.0
28,91,High,Medium,No,7,98,Low,Yes,2,Low,Medium,Private,Positive,5,No,Postgraduate,Near,Male,75,166.6,5.0,Medio,2,-2.0
23,68,Low,Low,Yes,7,92,Medium,No,3,Low,High,Private,Neutral,4,No,High School,Near,Male,65,132.8,2.5,Medio,2,-0.5
23,65,Medium,High,Yes,7,58,Low,Yes,1,Low,Medium,Public,Neutral,3,Yes,College,Moderate,Female,63,131.0,5.5,Medio,1,-1.5
33,87,Medium,High,No,8,77,Low,Yes,0,Low,Medium,Private,Positive,3,Yes,High School,Near,Male,71,184.2,5.0,Medio,2,-5.5
16,82,Medium,Low,Yes,8,75,Medium,Yes,2,Medium,Medium,Public,Positive,2,No,College,Near,Female,66,113.19999999999999,4.0,Medio,2,2.0
26,92,Medium,Low,Yes,6,72,Medium,Yes,1,Low,Medium,Private,Neutral,3,No,High School,Moderate,Female,69,159.2,3.5,Medio,2,-4.0
20,90,High,Medium,No,7,74,Low,No,0,High,Low,Private,Positive,3,No,Postgraduate,Moderate,Female,68,134.0,2.0,Medio,6,0.0
22,85,Medium,High,No,4,82,Medium,Yes,1,Medium,High,Public,Positive,2,No,Postgraduate,Near,Male,71,139.0,5.5,Medio,2,-5.0
29,99,High,Medium,Yes,8,98,High,No,5,Low,Low,Public,Neutral,2,No,Postgraduate,Near,Male,77,175.4,4.5,Medio,1,-4.5
23,81,High,Low,Yes,10,94,High,Yes,1,Medium,High,Public,Neutral,2,No,College,Near,Female,70,140.6,3.5,Medio,2,0.5
23,65,Medium,Medium,No,7,94,Medium,Yes,1,High,Medium,Public,Negative,3,No,College,Near,Female,66,131.0,4.5,Medio,3,-1.5
26,93,High,Medium,No,5,85,Low,Yes,1,High,High,Public,Positive,3,No,College,Moderate,Female,73,159.8,4.5,Medio,3,-5.0
18,70,Medium,Medium,Yes,8,51,Medium,Yes,1,Low,Medium,Private,Negative,3,No,College,Moderate,Male,62,114.0,4.5,Medio,2,2.0
15,91,Medium,Medium,No,6,72,Low,Yes,0,Medium,Medium,Public,Neutral,2,No,High School,Moderate,Female,65,114.6,4.0,Medio,2,0.5
14,98,High,High,Yes,7,76,Medium,Yes,0,Low,Medium,Public,Neutral,2,No,Postgraduate,Near,Male,71,114.8,5.0,Medio,1,2.0
8,88,Medium,Medium,Yes,8,92,High,Yes,1,Low,Medium,Public,Negative,4,No,College,Near,Male,66,84.8,4.5,Medio,1,8.0
32,84,Low,Medium,Yes,8,96,Medium,Yes,1,Low,Medium,Public,Positive,3,No,High School,Near,Female,72,178.4,4.5,Medio,1,-5.0
13,78,Medium,Medium,Yes,9,73,Medium,Yes,0,Medium,High,Private,Negative,4,No,High School,Near,Male,64,98.8,4.0,Medio,4,6.5
19,75,Medium,Medium,No,7,65,Low,Yes,0,Low,Low,Private,Neutral,4,No,High School,Near,Female,63,121.0,4.0,Medio,2,1.5
18,74,Low,Medium,Yes,7,67,Low,Yes,0,Low,Medium,Public,Positive,3,No,High School,Near,Male,63,116.4,4.0,Medio,1,1.0
22,85,High,Medium,No,8,79,High,Yes,5,Medium,High,Public,Neutral,2,No,High School,Near,Female,72,139.0,6.5,Medio,2,-1.0
25,90,Medium,Medium,Yes,7,64,Medium,Yes,2,Medium,High,Public,Positive,2,No,High School,Moderate,Male,71,154.0,5.0,Medio,2,-3.5
25,87,High,High,Yes,6,96,Low,No,3,Medium,Medium,Public,Positive,2,No,High School,Moderate,Female,72,152.2,4.5,Medio,2,-4.5
17,68,Medium,High,Yes,8,71,Medium,Yes,1,Medium,High,Private,Neutral,2,No,High School,Near,Male,65,108.8,5.5,Medio,4,1.5
19,80,Medium,Medium,Yes,5,100,Medium,Yes,0,Medium,Medium,Public,Neutral,3,No,High School,Near,Female,67,124.0,4.0,Medio,2,-1.5
22,92,Low,High,Yes,7,55,Low,Yes,1,Low,Medium,Public,Positive,4,No,High School,Moderate,Female,68,143.2,5.5,Medio,1,0.0
19,79,Medium,High,Yes,5,59,Medium,Yes,2,Low,Medium,Private,Neutral,2,No,Postgraduate,Far,Male,66,123.4,6.0,Medio,2,-2.5
30,81,Medium,High,No,6,76,Medium,Yes,0,High,Medium,Public,Positive,3,No,Postgraduate,Near,Male,72,168.6,5.0,Medio,3,-6.0
23,91,High,Medium,No,6,93,Medium,Yes,3,Low,Low,Public,Neutral,3,No,High School,Moderate,Female,71,146.6,5.5,Medio,1,-2.5
24,86,Medium,High,No,6,68,Low,Yes,3,Low,High,Public,Positive,3,Yes,College,Moderate,Female,70,147.6,6.5,Medio,1,-3.0
24,76,Medium,Medium,No,9,92,Medium,Yes,1,Medium,Low,Public,Neutral,3,No,Postgraduate,Near,Female,68,141.6,4.5,Medio,2,0.0
27,96,Medium,High,No,9,71,Low,Yes,0,Low,Medium,Private,Positive,4,No,College,Near,Female,72,165.6,5.0,Medio,2,-0.5
21,67,Low,Medium,Yes,9,93,High,Yes,1,Low,High,Public,Neutral,3,No,College,Near,Male,66,124.19999999999999,4.5,Medio,1,1.5
12,100,Medium,Medium,No,7,64,Medium,Yes,1,Medium,High,Public,Positive,6,No,High School,Near,Male,69,108.0,4.5,Medio,2,7.0
22,65,Low,Medium,Yes,6,74,High,Yes,2,Medium,Medium,Public,Positive,1,No,College,Near,Male,65,127.0,5.0,Medio,2,-4.0
16,61,High,High,No,8,64,Medium,Yes,1,Low,High,Public,Positive,3,No,High School,Far,Male,62,100.6,5.5,Medio,1,3.0
17,96,High,High,No,7,61,Low,Yes,1,Low,High,Public,Positive,1,No,College,Moderate,Female,69,125.6,5.5,Medio,1,-0.5
24,70,Medium,Medium,Yes,7,71,Medium,Yes,1,Medium,Low,Public,Negative,4,No,High School,Near,Male,65,138.0,4.5,Medio,2,-1.0
27,89,Medium,Low,No,4,67,Medium,Yes,2,Low,Low,Private,Neutral,4,No,College,Near,Female,69,161.4,4.0,Medio,2,-5.5
20,92,Low,High,Yes,8,89,Medium,Yes,1,Low,Medium,Public,Neutral,3,No,High School,Moderate,Female,69,135.2,5.5,Medio,1,1.0
22,94,High,Medium,Yes,8,87,Medium,Yes,2,Low,Medium,Private,Neutral,5,No,College,Near,Female,73,144.4,5.0,Medio,2,2.0
30,100,High,Medium,Yes,7,68,Low,Yes,2,Medium,Medium,Private,Neutral,2,No,Postgraduate,Near,Female,75,180.0,5.0,Medio,4,-6.0
21,72,High,High,Yes,8,100,Medium,Yes,3,Low,High,Private,Positive,3,No,College,Far,Male,70,127.19999999999999,6.5,Medio,2,0.5
36,88,Medium,High,No,8,99,High,Yes,0,Low,Medium,Private,Negative,3,No,College,Near,Female,74,196.8,5.0,Medio,2,-7.0
23,65,Medium,Medium,Yes,6,96,Medium,Yes,0,Low,Low,Public,Positive,3,No,High School,Near,Male,65,131.0,4.0,Medio,1,-2.5
9,76,Medium,Medium,No,7,79,Medium,Yes,1,Medium,Medium,Public,Negative,3,No,College,Near,Male,63,81.6,4.5,Medio,2,5.5
25,94,High,High,No,5,71,Low,Yes,4,Medium,High,Public,Negative,4,No,College,Near,Female,74,156.4,7.0,Medio,2,-3.5
22,75,High,High,Yes,9,66,Low,Yes,0,Low,Medium,Private,Neutral,2,No,Postgraduate,Near,Male,67,133.0,5.0,Medio,2,0.0
28,84,Medium,Medium,Yes,8,51,Medium,No,3,Medium,Medium,Public,Positive,4,No,Postgraduate,Near,Female,71,162.4,3.5,Medio,2,-2.0
24,80,High,Low,Yes,6,82,Medium,Yes,1,Low,High,Public,Neutral,3,No,College,Moderate,Female,68,144.0,3.5,Medio,1,-3.0
19,86,High,Medium,No,8,78,Medium,Yes,2,Medium,Medium,Public,Negative,4,No,College,Near,Female,69,127.6,5.0,Medio,2,2.5
13,99,Medium,High,No,7,81,Medium,Yes,0,Medium,Medium,Public,Positive,4,No,Postgraduate,Near,Male,71,111.4,5.0,Medio,2,4.5
15,83,Medium,Medium,Yes,7,57,Low,Yes,0,Medium,Medium,Private,Positive,3,No,Postgraduate,Near,Male,65,109.8,4.0,Medio,4,2.5
17,95,Medium,Low,Yes,8,85,Low,No,1,Low,High,Private,Negative,2,No,College,Moderate,Female,66,125.0,1.5,Medio,2,1.5
24,79,Low,Low,Yes,8,68,High,Yes,2,Low,Medium,Private,Negative,2,No,High School,Near,Male,65,143.4,4.0,Medio,2,-2.0
30,63,Medium,Medium,No,10,76,Medium,Yes,1,Medium,Medium,Public,Neutral,4,No,Postgraduate,Moderate,Female,67,157.8,4.5,Medio,2,-1.0
22,82,High,Medium,No,7,68,High,Yes,2,Low,Medium,Private,Neutral,4,No,Postgraduate,Near,Male,70,137.2,5.0,Medio,2,0.0
13,73,Medium,Medium,Yes,7,51,Medium,Yes,1,Low,Medium,Public,Positive,4,No,Postgraduate,Near,Male,63,95.8,4.5,Medio,1,4.5
23,66,Low,Low,No,8,94,Low,Yes,1,Medium,High,Private,Neutral,3,No,Postgraduate,Moderate,Male,64,131.6,3.5,Medio,4,-0.5
27,94,Medium,Medium,Yes,7,57,Medium,Yes,1,Medium,Medium,Private,Neutral,1,No,High School,Near,Male,71,164.4,4.5,Medio,4,-5.5
16,81,Medium,High,Yes,6,79,Medium,Yes,2,Low,High,Public,Positive,3,No,College,Moderate,Female,68,112.6,6.0,Medio,1,1.0
19,97,Medium,Low,No,6,94,Medium,Yes,2,High,Medium,Public,Neutral,4,No,Postgraduate,Near,Male,72,134.2,4.0,Medio,3,0.5
20,92,Medium,High,Yes,4,61,Medium,Yes,2,High,Medium,Public,Neutral,4,No,College,Near,Male,71,135.2,6.0,Medio,3,-2.0
15,88,Low,Low,Yes,8,71,Medium,No,1,Low,Low,Private,Positive,2,No,Postgraduate,Moderate,Male,64,112.8,1.5,Medio,2,2.5
24,60,High,Low,Yes,5,69,Medium,Yes,1,Medium,High,Public,Neutral,5,No,High School,Moderate,Male,64,132.0,3.5,Medio,2,-2.0
19,77,High,Medium,Yes,6,54,Low,Yes,3,High,Medium,Private,Negative,2,No,College,Moderate,Male,66,122.19999999999999,5.5,Medio,6,-1.5
23,68,Medium,High,Yes,7,71,High,Yes,3,Medium,Medium,Public,Positive,3,No,High School,Moderate,Female,68,132.8,6.5,Medio,2,-1.5
15,96,High,Medium,No,7,74,Medium,Yes,2,Low,Low,Private,Positive,2,No,High School,Far,Male,68,117.6,5.0,Medio,2,1.5
17,67,High,Medium,Yes,10,51,Medium,Yes,3,Low,Medium,Public,Positive,5,No,High School,Near,Male,65,108.19999999999999,5.5,Medio,1,6.5
24,71,Medium,Medium,Yes,5,74,Medium,Yes,1,Medium,Medium,Private,Positive,3,No,High School,Near,Male,67,138.6,4.5,Medio,4,-4.0
18,81,Medium,Low,Yes,10,55,Low,Yes,3,Low,Medium,Public,Negative,2,No,High School,Near,Male,64,120.6,4.5,Medio,1,3.0
30,71,High,Medium,Yes,9,95,High,No,1,Medium,Medium,Public,Neutral,4,No,College,Near,Male,70,162.6,2.5,Medio,2,-2.0
18,68,Medium,High,Yes,8,83,Low,Yes,1,Low,Medium,Public,Positive,2,No,College,Near,Male,65,112.8,5.5,Medio,1,1.0
21,84,Medium,Low,No,9,53,Low,Yes,2,Medium,High,Public,Negative,3,No,High School,Moderate,Female,65,134.4,4.0,Medio,2,1.5
26,64,High,Medium,No,8,91,High,Yes,1,Medium,Medium,Public,Positive,4,No,High School,Near,Male,68,142.4,4.5,Medio,2,-1.0
11,62,Medium,High,Yes,4,68,Medium,Yes,2,High,Medium,Public,Negative,3,No,High School,Moderate,Male,61,81.19999999999999,6.0,Medio,3,1.5
9,75,High,Low,No,8,61,High,Yes,3,Medium,Medium,Public,Neutral,3,No,High School,Near,Male,63,81.0,4.5,Medio,2,6.5
11,89,Medium,Medium,Yes,5,63,Medium,Yes,0,Medium,Medium,Public,Neutral,2,No,College,Near,Female,65,97.4,4.0,Medio,2,1.5
28,82,Medium,Medium,Yes,6,80,Medium,Yes,1,Low,Medium,Private,Neutral,5,No,High School,Far,Female,69,161.2,4.5,Medio,2,-3.0
17,77,Medium,Medium,No,7,54,Low,Yes,1,Low,High,Public,Positive,2,No,College,Near,Male,64,114.19999999999999,4.5,Medio,1,0.5
35,83,Medium,Low,No,6,53,Medium,Yes,1,Low,Medium,Private,Neutral,2,No,High School,Near,Female,69,189.8,3.5,Medio,2,-9.5
17,75,High,Medium,Yes,8,81,Low,Yes,3,High,Medium,Public,Neutral,3,Yes,Postgraduate,Near,Male,67,113.0,5.5,Medio,3,2.5
21,97,Medium,High,Yes,7,99,High,Yes,1,Medium,High,Public,Neutral,1,No,Postgraduate,Moderate,Male,74,142.2,5.5,Medio,2,-2.5
29,62,High,Medium,Yes,8,74,Medium,Yes,1,Low,Medium,Private,Negative,3,Yes,College,Near,Male,66,153.2,4.5,Medio,2,-3.5
32,87,Medium,High,Yes,7,71,Medium,Yes,0,High,Low,Public,Neutral,4,Yes,College,Near,Male,72,180.2,5.0,Medio,3,-5.0
32,96,Medium,Low,Yes,7,97,Low,Yes,1,Low,Medium,Public,Neutral,5,No,College,Moderate,Male,73,185.6,3.5,Medio,1,-4.0
27,92,High,Medium,No,6,62,High,Yes,0,Medium,High,Public,Positive,4,No,College,Near,Male,73,163.2,4.0,Medio,2,-3.5
26,67,Low,Medium,Yes,5,62,High,Yes,0,Medium,Medium,Public,Negative,2,No,High School,Moderate,Male,63,144.2,4.0,Medio,2,-6.0
24,72,High,Medium,Yes,7,95,Medium,Yes,3,Low,Medium,Public,Negative,2,No,Postgraduate,Near,Male,69,139.2,5.5,Medio,1,-3.0
25,89,Low,Low,Yes,6,82,High,Yes,2,Low,Medium,Public,Neutral,6,No,Postgraduate,Near,Male,71,153.4,4.0,Medio,1,-0.5
17,63,High,Medium,No,9,53,High,Yes,1,Low,High,Public,Neutral,4,No,College,Moderate,Male,63,105.8,4.5,Medio,1,4.5
15,92,Medium,High,Yes,5,84,Medium,Yes,0,High,Low,Public,Positive,5,No,High School,Moderate,Female,69,115.19999999999999,5.0,Medio,3,2.5
20,89,High,High,Yes,10,91,Low,Yes,3,Medium,Medium,Private,Neutral,3,No,College,Moderate,Male,72,133.4,6.5,Medio,4,3.0
19,89,High,Low,Yes,7,64,Medium,Yes,2,Low,Medium,Public,Positive,4,Yes,Postgraduate,Moderate,Female,68,129.4,4.0,Medio,1,1.5
17,64,Low,High,No,7,69,Medium,Yes,1,Medium,Medium,Public,Negative,3,No,High School,Near,Female,62,106.4,5.5,Medio,2,1.5
24,89,Low,High,Yes,6,60,Medium,Yes,1,Low,Medium,Private,Neutral,2,No,High School,Near,Male,68,149.4,5.5,Medio,2,-4.0
26,87,Medium,Medium,Yes,8,82,High,Yes,1,Low,Medium,Public,Negative,2,No,Postgraduate,Near,Male,71,156.2,4.5,Medio,1,-3.0
21,93,Medium,Low,Yes,7,83,Low,No,1,High,High,Public,Neutral,3,Yes,High School,Moderate,Male,67,139.8,1.5,Medio,3,-0.5
29,62,Low,High,Yes,7,53,High,Yes,0,Low,Medium,Private,Positive,3,No,College,Moderate,Female,65,153.2,5.0,Medio,2,-4.5
13,61,Low,Medium,Yes,8,84,High,No,1,Medium,High,Public,Neutral,3,Yes,Postgraduate,Far,Male,60,88.6,2.5,Medio,2,4.5
19,75,Medium,High,Yes,8,83,High,Yes,2,High,Medium,Public,Neutral,2,No,High School,Near,Male,68,121.0,6.0,Medio,3,0.5
16,66,Low,Medium,Yes,9,52,Medium,Yes,1,Medium,Low,Public,Negative,3,Yes,High School,Near,Male,59,103.6,4.5,Bajo,2,4.0
9,82,High,Medium,No,8,78,Medium,Yes,0,High,Medium,Public,Neutral,0,No,High School,Moderate,Female,64,85.19999999999999,4.0,Medio,3,3.5
20,97,High,Medium,Yes,6,81,High,Yes,2,Low,Low,Public,Neutral,3,No,High School,Moderate,Male,71,138.2,5.0,Medio,1,-1.0
19,76,High,High,No,4,72,Low,Yes,2,High,Medium,Public,Neutral,2,No,College,Moderate,Female,68,121.6,6.0,Medio,3,-3.5
29,94,Low,Medium,Yes,7,95,Medium,No,2,Low,Medium,Public,Neutral,3,Yes,College,Moderate,Male,70,172.4,3.0,Medio,1,-4.5
24,60,Low,Low,No,7,66,Medium,Yes,1,Medium,High,Public,Neutral,4,No,College,Near,Female,62,132.0,3.5,Medio,2,-1.0
14,67,Medium,Medium,No,10,53,Medium,Yes,2,High,Medium,Public,Neutral,3,No,College,Near,Male,62,96.19999999999999,5.0,Medio,3,6.0
31,61,High,Medium,No,7,84,Medium,Yes,2,Medium,Medium,Private,Neutral,3,No,High School,Near,Male,68,160.6,5.0,Medio,4,-5.5
27,73,Medium,Medium,No,8,80,Low,Yes,3,Medium,Medium,Private,Negative,3,No,High School,Near,Female,68,151.8,5.5,Medio,4,-2.5
23,96,Medium,Medium,Yes,8,99,High,Yes,3,Low,Low,Public,Positive,4,No,High School,Near,Female,74,149.6,5.5,Medio,1,0.5
19,64,Low,Medium,No,8,62,Medium,Yes,0,High,Medium,Public,Positive,4,Yes,College,Near,Male,61,114.4,4.0,Medio,3,2.5
14,84,Medium,Medium,Yes,8,70,Medium,Yes,1,Low,High,Public,Neutral,5,No,College,Near,Male,67,106.4,4.5,Medio,1,6.0
18,78,Medium,Low,No,6,73,Medium,Yes,1,High,High,Public,Positive,2,No,High School,Moderate,Female,65,118.8,3.5,Medio,3,-1.0
31,65,Medium,Low,Yes,7,71,Medium,Yes,1,Low,Medium,Public,Neutral,4,No,High School,Moderate,Male,65,163.0,3.5,Medio,1,-4.5
29,68,Medium,Medium,No,4,89,Medium,Yes,0,Medium,Medium,Private,Neutral,4,Yes,College,Near,Male,67,156.8,4.0,Medio,4,-6.5
17,61,Medium,High,Yes,7,58,Low,Yes,2,Low,Medium,Public,Positive,3,Yes,High School,Near,Female,61,104.6,6.0,Medio,1,1.5
13,77,Medium,Medium,No,6,70,Medium,Yes,3,Medium,High,Public,Neutral,4,Yes,High School,Near,Male,64,98.19999999999999,5.5,Medio,2,3.5
21,71,High,Low,No,7,58,High,Yes,1,Medium,High,Public,Positive,3,Yes,College,Far,Female,64,126.6,3.5,Medio,2,-0.5
9,95,Medium,Medium,Yes,7,97,Medium,Yes,1,Low,Low,Public,Neutral,2,No,College,Near,Male,67,93.0,4.5,Medio,1,4.5
22,84,Medium,Medium,Yes,5,59,Medium,Yes,0,High,High,Private,Positive,3,No,College,Near,Female,69,138.4,4.0,Medio,6,-3.0
19,85,High,Medium,Yes,9,71,Low,Yes,1,Medium,High,Public,Positive,2,No,Postgraduate,Moderate,Female,69,127.0,4.5,Medio,2,1.5
17,81,High,Medium,No,7,54,Medium,Yes,4,Low,Medium,Public,Positive,3,No,High School,Near,Female,67,116.6,6.0,Medio,1,1.5
10,64,Medium,High,No,8,96,Medium,Yes,1,Medium,Medium,Public,Neutral,3,No,High School,Moderate,Male,62,78.4,5.5,Medio,2,6.0
23,78,Low,High,No,7,81,Medium,Yes,0,Low,Medium,Private,Neutral,1,No,High School,Near,Male,66,138.8,5.0,Medio,2,-3.5
17,100,High,Medium,No,8,98,Low,Yes,0,Medium,High,Public,Positive,4,No,College,Near,Male,72,128.0,4.0,Medio,2,3.5
13,93,Medium,Medium,Yes,5,52,Low,Yes,2,Medium,Medium,Public,Positive,3,No,College,Near,Female,67,107.8,5.0,Medio,2,1.5
3,96,High,High,Yes,9,59,Medium,Yes,2,Low,Medium,Public,Negative,3,No,College,Moderate,Female,66,69.6,6.0,Medio,1,10.5
20,93,Low,Low,Yes,8,69,Medium,Yes,2,Low,Medium,Public,Neutral,4,No,High School,Moderate,Male,67,135.8,4.0,Medio,1,2.0
31,64,High,Low,Yes,7,81,Low,Yes,1,Medium,Medium,Public,Positive,4,No,High School,Near,Female,67,162.4,3.5,Medio,2,-4.5
30,69,Medium,Medium,Yes,7,66,Medium,Yes,0,Medium,Low,Public,Positive,4,No,Postgraduate,Near,Female,68,161.4,4.0,Medio,2,-4.0
17,60,High,Medium,Yes,9,86,Medium,Yes,0,Low,High,Public,Positive,2,No,High School,Near,Male,63,104.0,4.0,Medio,1,2.5
16,72,Medium,High,No,6,58,Low,Yes,1,Medium,Medium,Public,Negative,2,No,High School,Far,Male,62,107.19999999999999,5.5,Medio,2,0.0
23,64,High,Medium,Yes,5,80,Low,Yes,3,Medium,High,Public,Negative,2,Yes,College,Moderate,Female,65,130.4,5.5,Medio,2,-4.5
14,79,Medium,Medium,Yes,6,70,Medium,Yes,1,Low,Medium,Public,Positive,6,No,College,Moderate,Male,65,103.4,4.5,Medio,1,5.0
22,87,Medium,High,Yes,7,75,Medium,Yes,0,Medium,High,Public,Positive,2,Yes,College,Near,Female,70,140.2,5.0,Medio,2,-2.0
27,90,High,Medium,Yes,9,53,Medium,Yes,1,Medium,High,Public,Positive,2,No,Postgraduate,Near,Female,73,162.0,4.5,Medio,2,-2.5
19,98,Medium,Low,Yes,6,96,Medium,No,2,Low,Medium,Private,Negative,2,No,High School,Moderate,Male,68,134.8,2.0,Medio,2,-1.5
19,62,Medium,Low,No,6,89,High,Yes,3,Medium,Medium,Public,Positive,1,No,High School,Moderate,Male,63,113.19999999999999,4.5,Medio,2,-2.5
15,60,Medium,Low,Yes,5,72,High,Yes,2,High,High,Public,Positive,2,No,High School,Near,Male,62,96.0,4.0,Medio,3,-0.5
15,86,High,Medium,Yes,8,77,Medium,Yes,0,Medium,Medium,Public,Positive,3,No,Postgraduate,Near,Male,69,111.6,4.0,Medio,2,3.5
19,72,Medium,High,No,5,52,Medium,Yes,2,Medium,Medium,Public,Neutral,3,No,Postgraduate,Near,Male,66,119.19999999999999,6.0,Medio,2,-1.5
22,70,Medium,High,Yes,8,75,High,Yes,0,Medium,Medium,Private,Positive,3,No,Postgraduate,Near,Male,68,130.0,5.0,Medio,4,0.0
25,73,High,Medium,Yes,6,71,Low,Yes,0,Low,Medium,Private,Positive,3,No,College,Far,Female,67,143.8,4.0,Medio,2,-3.5
15,71,High,High,Yes,6,69,Low,Yes,2,Low,High,Private,Negative,4,No,College,Near,Female,65,102.6,6.0,Medio,2,2.5
29,80,Low,Medium,Yes,10,91,High,No,1,High,Medium,Public,Positive,3,No,College,Moderate,Male,70,164.0,2.5,Medio,3,-1.5
18,78,Low,Medium,Yes,9,59,High,No,0,High,High,Private,Positive,1,No,High School,Moderate,Female,64,118.8,2.0,Medio,6,1.0
20,80,Low,Low,Yes,7,59,High,Yes,2,Medium,High,Private,Neutral,3,No,High School,Moderate,Male,65,128.0,4.0,Medio,4,0.0
16,87,Medium,Medium,No,5,76,High,Yes,1,Low,High,Private,Neutral,2,No,Postgraduate,Far,Female,67,116.19999999999999,4.5,Medio,2,-1.0
5,75,Medium,Low,Yes,10,84,Medium,Yes,0,High,Medium,Private,Neutral,4,No,Postgraduate,Moderate,Female,62,65.0,3.0,Medio,6,11.5
25,70,Medium,Medium,Yes,7,51,High,Yes,3,Low,Medium,Public,Positive,4,No,High School,Moderate,Male,66,142.0,5.5,Medio,1,-1.5
24,67,High,High,Yes,7,77,Low,Yes,0,High,Medium,Public,Positive,2,No,College,Near,Female,68,136.2,5.0,Medio,3,-3.0
18,74,Medium,Low,No,8,65,High,Yes,0,Medium,High,Public,Positive,4,No,College,Moderate,Female,64,116.4,3.0,Medio,2,3.0
20,90,High,Low,No,4,88,Medium,Yes,3,Low,Medium,Public,Negative,3,No,High School,Moderate,Male,69,134.0,4.5,Medio,1,-3.0
23,90,Medium,Medium,Yes,6,73,Low,No,1,High,Medium,Private,Positive,2,No,High School,Near,Female,69,146.0,2.5,Medio,6,-3.5
11,87,Medium,Medium,Yes,7,92,Medium,Yes,1,Medium,Medium,Public,Positive,5,No,High School,Moderate,Female,67,96.19999999999999,4.5,Medio,2,6.5
17,69,Medium,Medium,Yes,7,70,Low,Yes,0,Low,High,Public,Neutral,3,Yes,College,Moderate,Male,61,109.4,4.0,Medio,1,1.5
25,84,High,Medium,Yes,5,91,Low,Yes,1,Medium,Medium,Public,Positive,4,Yes,Postgraduate,Moderate,Female,70,150.4,4.5,Medio,2,-3.5
12,83,Low,Medium,Yes,7,86,Low,Yes,1,High,Medium,Public,Negative,4,No,College,Near,Female,65,97.8,4.5,Medio,3,5.0
22,79,Medium,Medium,Yes,7,91,Low,Yes,0,Low,Medium,Public,Positive,4,Yes,College,Moderate,Male,66,135.4,4.0,Medio,1,0.0
12,82,Low,Medium,Yes,10,91,Medium,Yes,3,Low,Medium,Public,Negative,3,No,Postgraduate,Near,Male,66,97.19999999999999,5.5,Medio,1,7.0
23,80,Medium,High,Yes,9,74,Medium,Yes,4,Medium,Medium,Public,Negative,3,No,High School,Moderate,Male,69,140.0,7.0,Medio,2,0.5
20,83,Medium,Medium,Yes,7,68,High,Yes,1,Medium,Medium,Public,Positive,1,No,High School,Near,Female,67,129.8,4.5,Medio,2,-2.0
10,89,High,High,Yes,7,88,Medium,Yes,2,High,Medium,Private,Positive,2,No,Postgraduate,Near,Female,71,93.4,6.0,Medio,6,4.0
27,64,High,High,Yes,9,68,High,Yes,1,Low,High,Private,Neutral,4,No,High School,Near,Male,68,146.4,5.5,Medio,2,-0.5
16,90,Medium,Medium,No,7,54,High,No,2,Medium,Medium,Public,Positive,3,No,High School,Near,Female,67,118.0,3.0,Medio,2,2.0
15,65,High,Medium,No,5,93,Low,Yes,2,Low,Medium,Public,Neutral,4,Yes,High School,Near,Female,63,99.0,5.0,Medio,1,1.5
21,63,Medium,Medium,No,10,70,Low,Yes,1,High,High,Private,Positive,2,No,College,Near,Female,64,121.8,4.5,Medio,6,1.5
27,99,High,Medium,Yes,6,57,Medium,Yes,3,Low,Medium,Public,Neutral,3,No,College,Moderate,Male,73,167.4,5.5,Medio,1,-4.5
14,98,Medium,Medium,Yes,10,82,High,Yes,1,Low,Medium,Private,Positive,3,No,High School,Moderate,Male,69,114.8,4.5,Medio,2,6.0
20,62,High,Low,No,8,94,High,Yes,1,Medium,Medium,Public,Positive,3,No,High School,Near,Female,65,117.19999999999999,3.5,Medio,2,1.0
23,78,High,Low,Yes,6,93,Medium,Yes,0,Medium,High,Private,Positive,5,No,Postgraduate,Near,Male,70,138.8,3.0,Medio,4,-0.5
24,67,High,Medium,Yes,4,78,Low,Yes,1,Low,High,Public,Positive,2,No,High School,Near,Female,67,136.2,4.5,Medio,1,-6.0
21,79,Medium,Low,Yes,8,54,High,Yes,3,Low,Medium,Public,Positive,3,No,Postgraduate,Moderate,Female,67,131.4,4.5,Medio,1,0.5
18,93,Medium,High,Yes,5,85,Medium,Yes,0,Low,Medium,Public,Positive,3,No,High School,Near,Male,70,127.8,5.0,Medio,1,-1.0
15,98,High,Low,No,8,80,Low,No,2,High,High,Public,Negative,2,No,Postgraduate,Near,Female,69,118.8,2.0,Medio,3,2.5
21,85,High,Medium,No,10,61,High,Yes,2,Medium,Medium,Public,Neutral,2,Yes,High School,Near,Male,68,135.0,5.0,Medio,2,1.5
14,74,Medium,High,No,5,95,High,Yes,1,Low,High,Public,Positive,3,Yes,College,Near,Male,66,100.4,5.5,Medio,1,1.0
2,84,Low,High,No,8,54,Low,Yes,3,Low,Low,Public,Positive,4,No,High School,Near,Male,62,58.4,6.5,Medio,1,11.0
23,72,Medium,Medium,Yes,6,69,Low,Yes,2,High,Medium,Public,Positive,4,No,High School,Near,Male,67,135.2,5.0,Medio,3,-1.5
25,96,Medium,Low,Yes,9,55,High,Yes,2,Medium,High,Public,Neutral,4,No,High School,Moderate,Male,71,157.6,4.0,Medio,2,0.5
6,95,High,Medium,Yes,7,96,Medium,Yes,4,Low,Medium,Public,Neutral,2,No,High School,Moderate,Female,68,81.0,6.0,Medio,1,6.0
14,82,High,Medium,Yes,7,52,High,Yes,3,Low,Medium,Public,Negative,2,No,High School,Near,Female,66,105.19999999999999,5.5,Medio,1,2.0
24,73,Low,Medium,Yes,9,71,High,Yes,0,Low,Medium,Public,Neutral,3,No,High School,Moderate,Male,64,139.8,4.0,Medio,1,0.0
32,72,High,Medium,Yes,8,93,Low,Yes,1,Low,Medium,Private,Neutral,4,No,Postgraduate,Near,Female,71,171.2,4.5,Medio,2,-4.0
20,61,Low,Low,Yes,6,63,Medium,Yes,1,Medium,High,Public,Positive,4,No,College,Far,Male,61,116.6,3.5,Medio,2,0.0
16,93,Medium,High,No,10,55,Medium,No,2,Low,Medium,Public,Neutral,2,No,College,Near,Male,67,119.8,4.0,Medio,1,4.0
19,78,Medium,Low,Yes,5,56,Low,Yes,3,High,Medium,Public,Neutral,4,No,College,Moderate,Female,65,122.8,4.5,Medio,3,-0.5
28,73,High,Medium,Yes,7,70,Low,No,0,Low,Medium,Private,Negative,6,No,College,Moderate,Female,66,155.8,2.0,Medio,2,-1.0
16,79,High,High,Yes,6,71,Medium,Yes,2,Low,High,Public,Neutral,4,No,High School,Near,Female,68,111.4,6.0,Medio,1,2.0
15,93,Medium,Medium,No,5,86,Medium,Yes,0,Low,Medium,Public,Neutral,2,No,College,Far,Male,66,115.8,4.0,Medio,1,-0.5
17,65,Medium,Medium,No,5,62,Medium,Yes,2,Medium,Medium,Public,Positive,4,No,High School,Near,Female,63,107.0,5.0,Medio,2,0.5
14,94,Low,Low,Yes,7,85,Low,Yes,1,High,Medium,Public,Neutral,3,No,High School,Moderate,Female,66,112.4,3.5,Medio,3,3.0
21,96,Medium,High,No,8,100,Medium,Yes,1,High,Medium,Private,Positive,2,No,College,Near,Female,73,141.6,5.5,Medio,6,-0.5
22,76,Medium,Medium,No,9,82,High,Yes,0,Medium,High,Private,Neutral,4,No,High School,Near,Male,67,133.6,4.0,Medio,4,2.0
18,69,High,High,Yes,7,97,Medium,Yes,2,Medium,Medium,Public,Positive,2,No,College,Near,Female,69,113.4,6.0,Medio,2,0.0
18,75,Medium,Low,Yes,6,100,High,Yes,2,Low,Medium,Public,Positive,3,No,High School,Near,Female,67,117.0,4.0,Medio,1,0.0
11,73,Medium,High,Yes,9,79,Medium,Yes,1,Low,High,Public,Neutral,2,No,High School,Near,Male,64,87.8,5.5,Medio,1,5.5
25,67,Medium,High,Yes,6,64,Medium,No,0,Low,Medium,Public,Neutral,2,No,High School,Moderate,Male,64,140.2,3.0,Medio,1,-4.5
20,84,Low,Medium,No,5,96,Low,Yes,1,Low,Medium,Public,Negative,2,No,High School,Near,Male,65,130.4,4.5,Medio,1,-3.0
19,79,Medium,Medium,No,8,92,High,Yes,1,Medium,High,Public,Positive,2,No,High School,Near,Male,68,123.4,4.5,Medio,2,0.5
39,95,Medium,High,Yes,9,54,High,Yes,2,Medium,Medium,Private,Positive,3,No,High School,Moderate,Male,77,213.0,6.0,Medio,4,-7.5
22,61,Medium,Medium,Yes,6,97,High,Yes,0,Low,High,Public,Negative,2,Yes,High School,Near,Male,63,124.6,4.0,Medio,1,-3.0
15,86,High,High,Yes,10,68,Medium,Yes,0,High,Medium,Public,Neutral,5,No,College,Near,Male,69,111.6,5.0,Medio,3,7.5
17,91,Medium,Medium,Yes,8,66,Medium,Yes,3,Medium,Low,Public,Positive,2,No,College,Near,Male,69,122.6,5.5,Medio,2,1.5
27,90,Medium,Low,No,8,67,Medium,Yes,2,Medium,Medium,Public,Negative,3,No,Postgraduate,Near,Male,70,162.0,4.0,Medio,2,-2.5
21,95,High,Medium,Yes,6,66,High,Yes,1,Medium,High,Public,Positive,4,No,College,Near,Male,73,141.0,4.5,Medio,2,-0.5
11,89,Medium,Low,Yes,9,76,Medium,Yes,1,Medium,High,Public,Neutral,3,No,Postgraduate,Far,Male,66,97.4,3.5,Medio,2,6.5
26,97,Medium,Low,No,5,79,High,Yes,2,Low,Low,Private,Positive,3,No,High School,Near,Female,71,162.2,4.0,Medio,2,-5.0
16,73,Medium,Low,Yes,6,71,Medium,Yes,2,High,High,Public,Positive,5,No,College,Near,Male,66,107.8,4.0,Medio,3,3.0
31,80,Medium,Medium,Yes,6,71,High,Yes,2,Low,High,Public,Neutral,3,No,High School,Near,Female,71,172.0,5.0,Medio,1,-6.5
26,61,Medium,Low,Yes,5,87,Medium,Yes,3,High,High,Public,Positive,2,Yes,High School,Near,Male,66,140.6,4.5,Medio,3,-6.0
17,60,Medium,High,Yes,8,50,High,Yes,0,Low,High,Public,Positive,4,No,High School,Near,Female,63,104.0,5.0,Medio,1,3.5
28,70,High,High,Yes,8,97,Medium,Yes,5,Low,Low,Public,Negative,5,Yes,High School,Near,Male,70,154.0,7.5,Medio,1,-1.0
20,64,High,Medium,Yes,8,86,Medium,Yes,1,Medium,Medium,Public,Neutral,2,No,Postgraduate,Near,Male,66,118.4,4.5,Medio,2,0.0
25,70,Medium,Medium,No,7,85,Medium,Yes,1,Medium,Medium,Public,Negative,4,No,High School,Near,Male,66,142.0,4.5,Medio,2,-1.5
23,67,Medium,Medium,No,8,71,High,Yes,2,Medium,Medium,Public,Neutral,4,No,College,Moderate,Female,66,132.2,5.0,Medio,2,0.5
15,61,Medium,Medium,No,7,98,Medium,Yes,1,Medium,Medium,Public,Neutral,3,No,High School,Near,Male,62,96.6,4.5,Medio,2,2.5
16,96,Medium,Medium,No,6,50,High,Yes,1,Medium,High,Public,Positive,3,No,College,Near,Male,69,121.6,4.5,Medio,2,1.0
26,60,Low,High,Yes,6,54,Low,Yes,1,Low,Medium,Private,Positive,1,No,Postgraduate,Moderate,Male,63,140.0,5.5,Medio,2,-6.0
18,89,Medium,Low,Yes,4,90,Low,Yes,1,High,Medium,Public,Positive,2,Yes,Postgraduate,Near,Female,68,125.4,3.5,Medio,3,-3.0
18,66,Medium,High,No,9,87,Medium,Yes,1,Medium,Low,Private,Positive,3,No,High School,Moderate,Male,64,111.6,5.5,Medio,4,3.0
14,96,Low,High,Yes,9,64,High,Yes,2,Low,High,Public,Neutral,3,No,Postgraduate,Moderate,Male,69,113.6,6.0,Medio,1,5.0
23,96,Low,Medium,Yes,10,80,Low,Yes,3,Low,High,Public,Positive,3,No,High School,Near,Male,71,149.6,5.5,Medio,1,1.5
32,86,Medium,Medium,Yes,6,77,Medium,No,2,Medium,Low,Private,Negative,4,No,High School,Near,Male,71,179.6,3.0,Medio,4,-6.0
14,87,Medium,Medium,No,6,76,Medium,Yes,1,Low,Medium,Private,Positive,4,No,College,Far,Female,66,108.19999999999999,4.5,Medio,2,3.0
20,60,Medium,Medium,Yes,4,80,Low,Yes,2,High,Medium,Private,Positive,3,Yes,College,Moderate,Male,63,116.0,5.0,Medio,6,-3.0
28,99,Low,Medium,Yes,8,100,Low,Yes,0,Medium,Medium,Public,Positive,2,No,High School,Far,Male,72,171.4,4.0,Medio,2,-4.0
20,95,Medium,Medium,Yes,8,99,Low,No,1,Low,Medium,Private,Neutral,3,No,College,Near,Female,70,137.0,2.5,Medio,2,1.0
23,96,Medium,Low,No,9,99,Medium,Yes,0,High,Medium,Private,Neutral,2,No,College,Near,Female,71,149.6,3.0,Medio,6,-0.5
14,86,Low,Low,Yes,6,77,Medium,Yes,3,High,Medium,Private,Neutral,3,No,High School,Far,Male,65,107.6,4.5,Medio,6,2.0
23,74,Medium,Low,Yes,8,66,Low,Yes,0,High,Medium,Public,Negative,4,No,Postgraduate,Near,Female,65,136.4,3.0,Medio,3,0.5
19,96,Low,Medium,No,6,78,High,Yes,1,Low,Low,Public,Positive,2,No,High School,Far,Male,67,133.6,4.5,Medio,1,-1.5
26,72,High,Medium,No,9,81,High,Yes,0,Medium,High,Public,Neutral,3,No,High School,Near,Male,68,147.2,4.0,Medio,2,-1.0
27,83,Medium,Medium,Yes,8,66,Medium,Yes,3,Medium,Medium,Public,Positive,4,No,College,Far,Female,70,157.8,5.5,Medio,2,-1.5
36,64,Medium,Medium,Yes,5,82,Medium,Yes,2,Medium,High,Private,Positive,2,No,High School,Near,Female,70,182.4,5.0,Medio,4,-11.0
23,97,Low,High,Yes,7,81,Low,Yes,2,Medium,High,Public,Neutral,3,No,High School,Near,Male,72,150.2,6.0,Medio,2,-1.5
22,66,Medium,High,No,4,95,Medium,Yes,1,Low,Low,Public,Neutral,5,No,College,Moderate,Male,65,127.6,5.5,Medio,1,-2.0
21,69,Medium,Medium,Yes,5,62,High,Yes,2,Low,Medium,Public,Positive,3,No,High School,Near,Male,65,125.4,5.0,Medio,1,-2.5
18,82,High,Medium,Yes,5,85,High,Yes,3,Medium,High,Private,Neutral,4,No,Postgraduate,Near,Male,71,121.19999999999999,5.5,Medio,4,0.0
22,91,High,High,Yes,6,73,Low,Yes,3,High,Medium,Public,Positive,4,No,Postgraduate,Near,Male,74,142.6,6.5,Medio,3,-1.0
18,85,Low,Medium,No,7,56,Low,Yes,0,Low,Medium,Private,Positive,4,No,High School,Moderate,Male,64,123.0,4.0,Medio,2,2.0
21,69,Medium,Medium,No,7,66,High,Yes,1,Medium,Medium,Private,Neutral,4,No,High School,Far,Female,64,125.4,4.5,Medio,4,0.5
28,60,Medium,High,Yes,7,53,Low,Yes,3,Low,Medium,Private,Neutral,3,No,High School,Near,Female,65,148.0,6.5,Medio,2,-4.0
14,90,Low,Medium,Yes,7,66,Medium,Yes,1,Medium,Medium,Public,Neutral,5,No,College,Near,Male,67,110.0,4.5,Medio,2,5.0
27,99,High,Medium,No,7,53,Low,Yes,2,Low,High,Public,Neutral,3,No,College,Near,Male,73,167.4,5.0,Medio,1,-3.5
28,92,Low,High,No,5,96,High,Yes,1,Medium,Low,Public,Neutral,3,No,College,Moderate,Male,72,167.2,5.5,Medio,2,-6.0
19,78,Medium,Medium,No,7,55,Low,Yes,0,Medium,Medium,Public,Positive,3,No,College,Near,Male,65,122.8,4.0,Medio,2,0.5
7,96,Medium,High,No,9,91,Medium,Yes,0,Low,Medium,Public,Neutral,4,No,College,Near,Male,67,85.6,5.0,Medio,1,9.5
16,76,Medium,Medium,Yes,7,95,Low,Yes,2,Medium,Medium,Public,Negative,3,No,High School,Near,Female,66,109.6,5.0,Medio,2,2.0
28,81,High,Medium,Yes,8,73,Low,Yes,0,Medium,High,Public,Negative,3,No,Postgraduate,Near,Male,70,160.6,4.0,Medio,2,-3.0
20,79,High,Medium,No,8,53,Medium,Yes,2,Medium,Medium,Private,Neutral,3,No,High School,Moderate,Female,66,127.4,5.0,Medio,4,1.0
14,78,High,High,Yes,8,80,Low,Yes,1,Medium,Medium,Public,Neutral,1,No,High School,Near,Female,66,102.8,5.5,Medio,2,2.0
17,91,Medium,Low,Yes,7,62,Low,Yes,3,High,Medium,Public,Negative,3,No,Postgraduate,Near,Male,68,122.6,4.5,Medio,3,1.5
25,81,Low,Medium,Yes,8,59,Low,Yes,3,Low,Medium,Public,Positive,4,No,College,Near,Male,68,148.6,5.5,Medio,1,-0.5
23,73,High,High,No,8,78,Low,Yes,0,High,Medium,Public,Neutral,4,No,High School,Moderate,Female,67,135.8,5.0,Medio,3,0.5
19,70,High,Medium,Yes,8,68,High,No,1,Low,Medium,Public,Positive,3,No,College,Near,Female,65,118.0,2.5,Medio,1,1.5
18,62,Medium,Low,Yes,8,87,Medium,Yes,4,Low,Medium,Public,Positive,4,No,College,Near,Female,64,109.19999999999999,5.0,Medio,1,3.0
18,83,High,Medium,No,5,80,High,Yes,1,High,High,Public,Positive,2,No,College,Near,Male,70,121.8,4.5,Medio,3,-2.0
14,69,Low,Medium,No,5,91,Medium,Yes,0,High,Medium,Public,Positive,3,No,College,Moderate,Male,63,97.4,4.0,Medio,3,1.0
30,66,Medium,High,No,6,53,Low,No,2,Low,Medium,Public,Positive,2,No,High School,Near,Male,65,159.6,4.0,Medio,1,-7.0
18,86,Low,Medium,Yes,9,62,Medium,Yes,4,Medium,Medium,Public,Negative,2,Yes,Postgraduate,Near,Female,67,123.6,6.0,Medio,2,2.0
27,87,Medium,Medium,Yes,7,78,Low,Yes,3,Low,Medium,Private,Negative,5,No,High School,Near,Female,71,160.2,5.5,Medio,2,-1.5
29,90,High,Medium,Yes,7,94,Medium,Yes,1,Low,Low,Private,Neutral,4,No,High School,Near,Female,73,170.0,4.5,Medio,2,-3.5
26,80,Medium,Medium,No,4,91,Low,Yes,1,Low,Medium,Private,Neutral,3,No,High School,Far,Male,67,152.0,4.5,Medio,2,-6.0
17,96,High,Medium,Yes,7,84,Medium,Yes,2,Low,High,Private,Positive,3,No,College,Near,Female,72,125.6,5.0,Medio,2,1.5
22,97,Medium,Medium,No,7,79,High,Yes,2,Medium,High,Public,Positive,0,No,High School,Far,Male,71,146.2,5.0,Medio,2,-4.0
20,92,Medium,High,Yes,4,82,High,Yes,0,Medium,Medium,Public,Neutral,4,No,Postgraduate,Near,Male,72,135.2,5.0,Medio,2,-2.0
15,85,High,High,Yes,7,61,Medium,Yes,1,Medium,High,Public,Negative,3,No,High School,Near,Male,68,111.0,5.5,Medio,2,2.5
22,72,Low,Low,Yes,5,80,Medium,Yes,2,Low,High,Public,Neutral,3,No,College,Near,Female,65,131.2,4.0,Medio,1,-3.0
13,99,High,Medium,No,6,75,Low,Yes,1,Medium,Medium,Public,Positive,4,Yes,College,Far,Female,68,111.4,4.5,Medio,2,3.5
27,71,Medium,Low,No,8,69,Medium,Yes,1,High,Medium,Public,Positive,4,No,College,Near,Male,67,150.6,3.5,Medio,3,-1.5
17,68,Medium,Medium,No,7,94,High,Yes,1,High,Medium,Private,Neutral,4,No,College,Moderate,Female,66,108.8,4.5,Medio,6,2.5
21,78,Medium,Low,Yes,6,91,Medium,Yes,0,Medium,Low,Private,Neutral,1,Yes,High School,Near,Male,64,130.8,3.0,Medio,4,-3.5
22,62,High,Medium,No,6,54,Medium,Yes,3,Low,Medium,Private,Neutral,3,No,Postgraduate,Near,Male,65,125.19999999999999,5.5,Medio,2,-2.0
18,99,Medium,Medium,No,6,99,Medium,Yes,0,Low,Medium,Public,Neutral,3,No,High School,Moderate,Male,69,131.4,4.0,Medio,1,0.0
24,84,Medium,Medium,Yes,7,61,Medium,Yes,2,Medium,Medium,Public,Positive,2,No,High School,Far,Male,68,146.4,5.0,Medio,2,-3.0
17,82,High,High,No,5,61,Medium,Yes,3,Medium,Medium,Public,Neutral,4,No,Postgraduate,Near,Male,69,117.19999999999999,6.5,Medio,2,0.5
25,86,Medium,Medium,Yes,9,97,Low,Yes,1,High,Medium,Private,Neutral,3,No,High School,Moderate,Male,70,151.6,4.5,Medio,6,-0.5
12,80,High,Medium,No,5,72,Medium,Yes,1,High,Medium,Private,Positive,4,Yes,High School,Near,Female,65,96.0,4.5,Medio,6,3.0
21,61,Medium,Medium,No,4,90,Low,Yes,2,Medium,Low,Public,Neutral,3,No,High School,Near,Male,63,120.6,5.0,Medio,2,-3.5
32,84,Low,Medium,Yes,8,64,Medium,Yes,1,Low,High,Private,Positive,3,No,College,Near,Female,71,178.4,4.5,Medio,2,-5.0
14,89,Medium,High,Yes,6,94,Low,Yes,0,Low,Medium,Private,Neutral,2,No,Postgraduate,Near,Male,68,109.4,5.0,Medio,2,1.0
16,77,Medium,Medium,Yes,7,92,High,Yes,5,Low,High,Public,Positive,3,No,Postgraduate,Near,Female,70,110.19999999999999,6.5,Medio,1,2.0
23,90,Medium,High,Yes,8,76,High,Yes,2,Medium,Low,Public,Positive,3,No,High School,Near,Female,72,146.0,6.0,Medio,2,-0.5
21,69,Medium,Medium,Yes,6,85,Medium,Yes,3,Low,Low,Public,Neutral,1,No,College,Far,Female,64,125.4,5.5,Medio,1,-3.5
22,69,Low,Medium,No,7,98,Low,Yes,0,Low,Medium,Public,Positive,2,No,Postgraduate,Moderate,Male,64,129.4,4.0,Medio,1,-2.0
23,66,Medium,Low,Yes,8,73,High,Yes,2,High,Medium,Public,Positive,2,No,College,Near,Female,66,131.6,4.0,Medio,3,-1.5
24,75,Medium,High,Yes,9,75,High,Yes,0,Medium,High,Public,Positive,3,No,College,Far,Male,69,141.0,5.0,Medio,2,0.0
27,94,Medium,Low,No,6,86,Medium,Yes,2,Medium,Medium,Private,Neutral,2,No,High School,Near,Female,71,164.4,4.0,Medio,4,-5.5
22,93,Medium,High,Yes,6,69,High,Yes,0,High,Low,Public,Negative,3,Yes,High School,Near,Male,69,143.8,5.0,Medio,3,-2.0
19,75,High,Medium,No,8,98,Low,Yes,1,Low,Medium,Public,Neutral,3,No,Postgraduate,Moderate,Male,67,121.0,4.5,Medio,1,1.5
24,84,Low,Medium,Yes,7,52,Medium,Yes,0,Low,High,Public,Neutral,3,No,High School,Near,Male,66,146.4,4.0,Medio,1,-2.0
31,89,Medium,Medium,No,7,70,Medium,Yes,2,Low,High,Public,Positive,2,No,High School,Moderate,Female,71,177.4,5.0,Medio,1,-6.5
19,70,Medium,Low,Yes,9,86,Low,Yes,2,High,Medium,Public,Neutral,2,Yes,High School,Near,Male,63,118.0,4.0,Medio,3,1.5
14,67,Medium,Low,No,4,71,Medium,Yes,0,High,Medium,Public,Neutral,4,No,College,Near,Female,62,96.19999999999999,3.0,Medio,3,1.0
27,99,Medium,High,No,5,63,Medium,Yes,0,Medium,High,Public,Neutral,4,No,High School,Near,Female,73,167.4,5.0,Medio,2,-4.5
19,85,High,Medium,No,4,71,Low,Yes,1,Medium,High,Public,Negative,3,No,High School,Far,Female,66,127.0,4.5,Medio,2,-2.5
7,99,High,Medium,Yes,9,94,Medium,Yes,3,High,High,Public,Positive,2,No,Postgraduate,Moderate,Male,72,87.4,5.5,Medio,3,7.5
25,74,High,Low,Yes,8,77,Low,Yes,1,Low,Medium,Public,Neutral,2,No,Postgraduate,Moderate,Female,67,144.4,3.5,Medio,1,-2.5
17,88,Low,Low,No,5,67,Medium,No,0,Medium,High,Public,Neutral,3,No,Postgraduate,Near,Male,65,120.8,1.0,Medio,2,-0.5
19,69,Medium,Medium,Yes,7,84,Medium,Yes,2,Medium,Medium,Public,Neutral,4,No,High School,Near,Male,66,117.4,5.0,Medio,2,1.5
22,70,High,Medium,Yes,7,81,Low,Yes,3,Medium,Medium,Public,Neutral,2,No,Postgraduate,Moderate,Female,68,130.0,5.5,Medio,2,-2.0
21,80,Medium,High,Yes,4,78,Medium,Yes,1,Medium,High,Private,Neutral,4,No,High School,Near,Female,69,132.0,5.5,Medio,4,-2.5
24,73,High,Medium,Yes,7,70,Medium,Yes,0,High,Medium,Public,Negative,3,No,Postgraduate,Near,Female,68,139.8,4.0,Medio,3,-2.0
17,67,Medium,High,Yes,5,54,Medium,Yes,0,Low,Medium,Public,Negative,2,No,High School,Moderate,Male,61,108.19999999999999,5.0,Medio,1,-1.5
23,71,High,Low,Yes,8,81,Medium,Yes,3,Medium,High,Private,Positive,2,No,High School,Near,Male,68,134.6,4.5,Medio,4,-1.5
18,61,High,Low,Yes,5,71,Low,Yes,3,High,High,Private,Neutral,3,No,College,Near,Male,64,108.6,4.5,Medio,6,-1.0
24,88,Medium,Low,Yes,7,71,Low,No,1,Low,High,Public,Neutral,3,No,College,Moderate,Male,67,148.8,1.5,Medio,1,-2.0
24,80,Low,High,Yes,9,62,High,Yes,3,High,Low,Public,Neutral,3,No,High School,Moderate,Male,68,144.0,6.5,Medio,3,0.0
14,64,Medium,High,No,8,62,Low,Yes,1,Medium,High,Public,Positive,4,Yes,High School,Moderate,Male,61,94.4,5.5,Medio,2,5.0
27,67,High,Low,No,8,89,Low,Yes,1,Low,Low,Public,Positive,3,No,Postgraduate,Near,Female,66,148.2,3.5,Medio,1,-2.5
17,64,High,Low,Yes,7,74,Low,Yes,2,Medium,Low,Public,Positive,2,No,Postgraduate,Near,Female,64,106.4,4.0,Medio,2,0.5
25,85,Low,Medium,No,5,55,Low,Yes,3,High,Medium,Public,Negative,3,No,High School,Moderate,Female,67,151.0,5.5,Medio,3,-4.5
22,64,Medium,High,No,6,52,Low,Yes,2,High,Medium,Private,Negative,4,No,College,Moderate,Female,64,126.4,6.0,Medio,6,-1.0
31,90,High,High,No,7,61,Low,Yes,0,Low,Medium,Public,Positive,3,No,High School,Near,Male,72,178.0,5.0,Medio,1,-5.5
19,61,Medium,Medium,No,7,74,Low,Yes,2,High,Medium,Public,Negative,3,No,Postgraduate,Far,Male,62,112.6,5.0,Medio,3,0.5
18,70,High,Medium,Yes,5,81,Low,Yes,2,Low,Medium,Private,Negative,2,No,High School,Far,Female,63,114.0,5.0,Medio,2,-2.0
20,96,High,High,No,8,57,Low,Yes,1,Low,Medium,Private,Neutral,4,No,High School,Near,Male,70,137.6,5.5,Medio,2,2.0
18,89,High,Medium,No,5,72,Low,Yes,3,Medium,Medium,Public,Positive,3,No,College,Moderate,Male,69,125.4,5.5,Medio,2,-1.0
25,63,Low,Medium,Yes,9,54,Medium,Yes,3,Medium,Low,Public,Positive,2,No,High School,Near,Male,64,137.8,5.5,Medio,2,-1.5
10,93,Low,Medium,No,7,52,Medium,Yes,2,Medium,Medium,Public,Positive,3,No,Postgraduate,Near,Male,66,95.8,5.0,Medio,2,5.0
14,80,Low,Medium,Yes,8,93,Medium,Yes,3,Low,High,Private,Positive,4,No,High School,Near,Female,67,104.0,5.5,Medio,2,5.0
14,94,High,High,Yes,8,83,Medium,Yes,4,Medium,Low,Public,Negative,5,Yes,Postgraduate,Near,Female,71,112.4,7.0,Medio,2,6.0
26,84,Medium,High,Yes,10,89,Medium,Yes,0,Low,High,Private,Positive,1,No,High School,Far,Female,70,154.4,5.0,Medio,2,-2.0
30,87,Low,Medium,No,7,59,Medium,Yes,2,Medium,Medium,Public,Neutral,3,No,High School,Moderate,Male,69,172.2,5.0,Medio,2,-5.0
19,100,Medium,Low,No,6,66,High,Yes,0,Low,Medium,Public,Neutral,3,No,High School,Moderate,Male,68,136.0,3.0,Medio,1,-0.5
19,69,Medium,High,Yes,6,72,Medium,No,1,Low,Medium,Public,Neutral,1,No,College,Near,Female,64,117.4,3.5,Medio,1,-2.5
20,85,High,Medium,Yes,9,83,Low,Yes,3,Medium,Medium,Public,Positive,3,Yes,College,Near,Male,70,131.0,5.5,Medio,2,2.0
27,78,High,Low,Yes,5,77,Medium,Yes,0,Medium,Low,Private,Neutral,3,No,Postgraduate,Near,Male,69,154.8,3.0,Medio,4,-5.5
14,62,Medium,Medium,Yes,6,78,Medium,Yes,0,High,Medium,Public,Positive,2,No,College,Near,Female,63,93.19999999999999,4.0,Medio,3,1.0
21,61,Low,Medium,No,7,58,Medium,Yes,1,Medium,Low,Public,Negative,3,No,High School,Near,Female,60,120.6,4.5,Medio,2,-0.5
26,65,High,Low,No,7,74,Medium,Yes,2,Low,Medium,Public,Negative,4,No,High School,Near,Female,65,143.0,4.0,Medio,1,-2.0
23,86,Medium,Medium,No,8,91,Medium,Yes,0,Low,Medium,Public,Negative,0,No,High School,Near,Male,67,143.6,4.0,Medio,1,-3.5
21,83,Medium,Low,No,5,75,Low,Yes,1,Medium,Medium,Public,Negative,4,No,College,Near,Male,66,133.8,3.5,Medio,2,-1.5
26,82,Low,High,No,7,60,Medium,No,3,Low,Medium,Public,Neutral,3,No,Postgraduate,Near,Female,68,153.2,4.5,Medio,1,-3.0
4,61,Low,High,Yes,7,71,High,Yes,0,Low,Low,Public,Positive,1,No,Postgraduate,Near,Male,58,52.6,5.0,Bajo,1,6.0
24,79,Low,High,Yes,5,88,Medium,Yes,0,Medium,Medium,Public,Neutral,3,No,High School,Moderate,Female,67,143.4,5.0,Medio,2,-4.0
16,97,Medium,Medium,Yes,8,57,Low,Yes,0,Medium,Medium,Public,Positive,4,Yes,High School,Near,Male,68,122.19999999999999,4.0,Medio,2,4.0
9,76,Medium,Medium,Yes,7,79,Medium,Yes,1,Low,Medium,Public,Neutral,3,No,High School,Near,Female,62,81.6,4.5,Medio,1,5.5
23,85,Low,High,No,7,98,High,No,2,Low,Medium,Public,Negative,3,No,Postgraduate,Moderate,Female,69,143.0,4.0,Medio,1,-1.5
28,91,Medium,High,Yes,6,69,High,Yes,1,Medium,High,Private,Neutral,4,No,High School,Far,Male,73,166.6,5.5,Medio,4,-4.0
19,91,High,Low,No,6,52,Medium,Yes,2,Low,Medium,Public,Negative,4,Yes,High School,Moderate,Male,66,130.6,4.0,Medio,1,0.5
26,81,Low,Medium,Yes,5,82,Medium,Yes,0,Medium,Medium,Public,Negative,5,Yes,Postgraduate,Near,Female,67,152.6,4.0,Medio,2,-3.0
30,94,Medium,Medium,No,8,52,Medium,Yes,1,Medium,Low,Public,Neutral,4,No,High School,Near,Female,71,176.4,4.5,Medio,2,-3.0
28,76,Medium,Medium,Yes,9,60,Medium,Yes,1,Low,Medium,Public,Neutral,2,No,High School,Far,Male,66,157.6,4.5,Medio,1,-3.0
30,96,High,Medium,Yes,10,52,Medium,Yes,0,High,High,Public,Positive,4,No,College,Moderate,Female,74,177.6,4.0,Medio,3,-1.0
24,70,Medium,High,No,8,59,Low,Yes,2,Low,High,Public,Positive,5,No,High School,Near,Male,67,138.0,6.0,Medio,1,1.0
20,71,High,Medium,No,6,93,High,Yes,2,Medium,High,Public,Negative,2,No,Postgraduate,Near,Male,68,122.6,5.0,Medio,2,-2.0
10,62,Medium,Medium,No,6,87,High,Yes,2,Low,High,Public,Neutral,3,No,High School,Near,Male,61,77.19999999999999,5.0,Medio,1,4.0
19,92,Medium,High,No,8,67,Medium,Yes,2,Medium,Medium,Private,Negative,2,No,High School,Near,Female,69,131.2,6.0,Medio,4,0.5
15,77,Low,Medium,Yes,7,95,Low,Yes,4,Low,Medium,Public,Positive,4,No,High School,Moderate,Male,65,106.19999999999999,6.0,Medio,1,3.5
33,69,Medium,High,Yes,7,83,Medium,Yes,2,Medium,Low,Public,Neutral,2,No,Postgraduate,Near,Male,71,173.4,6.0,Medio,2,-7.5
19,69,Medium,Low,No,7,72,Medium,Yes,1,Low,Low,Public,Positive,2,No,High School,Far,Female,61,117.4,3.5,Medio,1,-0.5
21,96,Medium,High,Yes,9,53,Medium,Yes,0,Low,High,Public,Neutral,3,No,College,Near,Male,70,141.6,5.0,Medio,1,1.5
23,93,Medium,Low,No,6,87,Medium,Yes,2,Medium,Medium,Private,Neutral,3,No,High School,Moderate,Male,70,147.8,4.0,Medio,4,-2.5
20,82,Medium,High,Yes,9,69,Low,Yes,1,Medium,Medium,Public,Positive,3,No,College,Near,Male,69,129.2,5.5,Medio,2,2.0
30,85,High,Low,Yes,7,65,High,Yes,2,Low,Medium,Public,Negative,3,No,High School,Near,Female,70,171.0,4.0,Medio,1,-5.0
16,79,High,Medium,Yes,6,64,Medium,Yes,4,Low,Low,Public,Positive,4,Yes,College,Near,Male,67,111.4,6.0,Medio,1,2.0
21,76,Low,Medium,No,6,50,Low,Yes,2,Low,Medium,Public,Negative,4,No,Postgraduate,Moderate,Female,63,129.6,5.0,Medio,1,-0.5
16,97,Medium,Medium,No,7,87,Medium,Yes,1,High,Medium,Public,Neutral,3,No,High School,Near,Female,70,122.19999999999999,4.5,Medio,3,2.0
12,65,Medium,Medium,No,8,57,Medium,Yes,1,High,High,Private,Positive,5,Yes,High School,Near,Female,61,87.0,4.5,Medio,6,7.0
16,77,Low,High,Yes,6,76,Low,Yes,1,Low,Medium,Public,Neutral,1,No,Postgraduate,Moderate,Female,64,110.19999999999999,5.5,Medio,1,-1.0
20,74,Medium,Medium,Yes,8,51,High,Yes,2,Medium,Medium,Public,Negative,3,No,College,Near,Male,65,124.4,5.0,Medio,2,1.0
17,80,Medium,Medium,No,6,81,Medium,Yes,1,Medium,High,Public,Neutral,1,No,College,Far,Male,65,116.0,4.5,Medio,2,-1.5
16,78,Medium,Low,Yes,7,68,High,Yes,3,Low,High,Private,Positive,3,No,Postgraduate,Far,Female,66,110.8,4.5,Medio,2,2.0
12,81,High,High,Yes,5,82,Low,Yes,1,Medium,High,Public,Positive,3,No,High School,Far,Female,66,96.6,5.5,Medio,2,2.0
20,66,Low,Medium,Yes,8,54,Medium,Yes,2,Medium,Low,Public,Positive,2,No,Postgraduate,Near,Male,63,119.6,5.0,Medio,2,0.0
11,81,Low,High,Yes,7,63,Medium,Yes,3,Medium,Medium,Public,Neutral,2,No,Postgraduate,Near,Male,66,92.6,6.5,Medio,2,3.5
25,70,Medium,Medium,Yes,9,56,High,Yes,0,Low,Medium,Public,Positive,1,No,High School,Far,Male,64,142.0,4.0,Medio,1,-2.5
20,67,High,Low,No,8,82,Medium,Yes,3,Low,High,Public,Neutral,4,Yes,High School,Near,Male,65,120.19999999999999,4.5,Medio,1,2.0
11,63,High,Medium,No,7,55,Low,Yes,3,High,Medium,Private,Positive,1,No,Postgraduate,Near,Male,62,81.8,5.5,Medio,6,2.5
18,91,Low,High,Yes,9,81,High,Yes,4,High,Medium,Public,Neutral,5,No,High School,Moderate,Male,71,126.6,7.0,Medio,3,5.0
15,77,Medium,Medium,Yes,8,57,Low,Yes,1,Low,Medium,Public,Neutral,2,No,College,Near,Male,63,106.19999999999999,4.5,Medio,1,2.5
22,85,Medium,High,No,9,97,High,Yes,0,Medium,High,Public,Negative,3,No,College,Moderate,Male,70,139.0,5.0,Medio,2,1.0
28,89,Medium,Low,Yes,6,71,Low,Yes,2,Low,Medium,Private,Neutral,4,No,College,Moderate,Male,70,165.4,4.0,Medio,2,-4.0
9,87,Medium,Medium,No,8,56,Medium,Yes,1,Medium,High,Public,Positive,3,No,College,Moderate,Female,65,88.19999999999999,4.5,Medio,2,6.5
21,79,High,High,Yes,8,52,Medium,Yes,1,Low,Medium,Public,Neutral,3,Yes,High School,Near,Female,66,131.4,5.5,Medio,1,0.5
19,76,Medium,Low,Yes,5,66,Medium,Yes,2,Medium,Medium,Private,Positive,4,No,College,Near,Female,66,121.6,4.0,Medio,4,-0.5
24,75,Medium,Low,No,9,95,High,Yes,0,Medium,High,Public,Positive,2,No,College,Near,Male,68,141.0,3.0,Medio,2,-1.0
21,86,High,High,No,5,57,Medium,Yes,1,Low,Medium,Private,Negative,3,No,High School,Near,Male,68,135.6,5.5,Medio,2,-2.5
15,80,High,Medium,Yes,5,90,Medium,Yes,4,Medium,High,Private,Neutral,3,No,High School,Near,Female,69,108.0,6.0,Medio,4,0.5
18,94,Medium,Medium,Yes,4,71,Medium,Yes,3,High,Low,Public,Positive,3,No,College,Near,Female,71,128.4,5.5,Medio,3,-2.0
15,95,Medium,Medium,Yes,8,90,Low,Yes,2,Low,Medium,Private,Negative,1,No,Postgraduate,Near,Male,69,117.0,5.0,Medio,2,1.5
26,67,Medium,High,Yes,5,94,Medium,Yes,0,Medium,Medium,Public,Positive,2,No,College,Near,Male,68,144.2,5.0,Medio,2,-6.0
20,65,Medium,High,Yes,6,100,Medium,Yes,2,Low,High,Public,Neutral,5,No,High School,Moderate,Male,67,119.0,6.0,Medio,1,1.0
31,85,High,Medium,No,8,53,Medium,Yes,2,Low,High,Public,Positive,3,No,High School,Near,Male,72,175.0,5.0,Medio,1,-4.5
20,72,High,Medium,Yes,7,90,High,Yes,2,Medium,Medium,Public,Neutral,3,No,High School,Near,Male,68,123.19999999999999,5.0,Medio,2,0.0
16,61,High,Medium,Yes,6,53,Low,Yes,0,High,Medium,Public,Positive,4,Yes,High School,Moderate,Female,60,100.6,4.0,Medio,3,2.0
11,96,Medium,High,No,5,66,High,Yes,2,Low,Medium,Public,Neutral,4,No,High School,Moderate,Male,68,101.6,6.0,Medio,1,3.5
9,69,High,Medium,Yes,7,82,High,Yes,1,High,High,Public,Positive,2,No,High School,Near,Female,65,77.4,4.5,Medio,3,4.5
10,97,Low,High,No,8,72,High,Yes,0,Low,Medium,Public,Neutral,3,No,Postgraduate,Moderate,Female,67,98.19999999999999,5.0,Medio,1,6.0
22,89,Low,Medium,No,8,78,Low,Yes,4,High,Medium,Private,Positive,3,No,High School,Near,Female,70,141.4,6.0,Medio,6,0.0
23,91,Medium,Low,Yes,10,98,High,Yes,0,Low,High,Private,Negative,3,No,High School,Near,Female,70,146.6,3.0,Medio,2,1.5
11,68,Medium,Medium,No,6,91,Low,Yes,3,Low,High,Public,Negative,2,No,College,Far,Female,61,84.8,5.5,Medio,1,2.5
25,69,High,Low,Yes,5,68,Medium,Yes,2,High,High,Public,Positive,4,No,College,Far,Male,68,141.4,4.0,Medio,3,-3.5
17,81,Medium,High,No,7,80,High,Yes,1,Low,Medium,Public,Negative,3,No,Postgraduate,Near,Female,67,116.6,5.5,Medio,1,1.5
21,67,Medium,High,No,7,52,Medium,Yes,3,Low,Medium,Public,Negative,3,Yes,High School,Moderate,Female,62,124.19999999999999,6.5,Medio,1,-0.5
30,72,Medium,Low,No,7,73,Medium,Yes,0,High,Medium,Public,Neutral,4,No,High School,Moderate,Male,66,163.2,3.0,Medio,3,-4.0
25,73,High,Medium,Yes,6,80,Medium,Yes,3,High,Medium,Public,Positive,2,No,High School,Far,Female,69,143.8,5.5,Medio,3,-4.5
18,66,Medium,High,Yes,4,86,Medium,Yes,2,Medium,Medium,Public,Negative,4,No,College,Near,Female,66,111.6,6.0,Medio,2,-1.0
15,68,Medium,Medium,Yes,5,95,Medium,Yes,0,High,Medium,Public,Negative,5,No,College,Near,Female,64,100.8,4.0,Medio,3,2.5
7,92,High,Medium,No,8,64,High,Yes,1,Low,Low,Public,Neutral,4,No,Postgraduate,Near,Male,66,83.19999999999999,4.5,Medio,1,8.5
16,67,Medium,Medium,No,7,95,Low,Yes,2,Medium,Medium,Public,Neutral,5,Yes,High School,Near,Male,63,104.19999999999999,5.0,Medio,2,4.0
19,61,Low,High,Yes,8,83,Low,Yes,1,Medium,Medium,Private,Negative,3,No,High School,Near,Male,62,112.6,5.5,Medio,4,1.5
14,85,Medium,Medium,Yes,8,54,Low,Yes,1,High,Medium,Private,Negative,4,No,Postgraduate,Moderate,Male,65,107.0,4.5,Medio,6,5.0
19,99,Low,High,No,8,69,Low,Yes,0,High,Medium,Private,Negative,2,No,High School,Moderate,Male,68,135.4,5.0,Medio,6,0.5
20,73,High,High,Yes,8,74,Low,Yes,1,Low,Low,Private,Negative,4,No,High School,Moderate,Male,65,123.8,5.5,Medio,2,2.0
19,65,Medium,High,Yes,7,68,Low,Yes,1,Low,Low,Public,Neutral,4,No,College,Near,Female,63,115.0,5.5,Medio,1,1.5
16,83,High,High,Yes,7,56,Medium,Yes,3,Medium,Medium,Public,Negative,2,No,High School,Near,Male,68,113.8,6.5,Medio,2,1.0
21,96,Medium,High,Yes,4,78,Low,Yes,2,High,Medium,Private,Positive,2,No,High School,Near,Male,72,141.6,6.0,Medio,6,-4.5
23,91,High,Low,No,6,57,Medium,Yes,2,Low,Medium,Private,Positive,3,No,High School,Near,Male,69,146.6,4.0,Medio,2,-2.5
13,85,Low,Medium,No,6,96,Low,Yes,1,Low,High,Public,Positive,5,No,Postgraduate,Far,Male,66,103.0,4.5,Medio,1,4.5
28,73,Low,Low,Yes,7,93,High,Yes,2,Low,High,Private,Neutral,3,No,College,Near,Male,68,155.8,4.0,Medio,2,-4.0
19,82,Low,Low,No,6,74,Medium,Yes,1,Medium,High,Public,Neutral,2,No,High School,Moderate,Male,64,125.19999999999999,3.5,Medio,2,-1.5
20,64,Medium,Low,Yes,8,53,Low,Yes,1,Low,Medium,Public,Positive,2,No,High School,Near,Male,61,118.4,3.5,Medio,1,0.0
24,87,Low,Medium,No,6,78,High,Yes,0,Low,Low,Public,Neutral,2,Yes,Postgraduate,Near,Male,67,148.2,4.0,Medio,1,-4.0
21,89,Medium,Low,Yes,9,80,Medium,Yes,0,Medium,Low,Public,Neutral,3,No,Postgraduate,Moderate,Male,68,137.4,3.0,Medio,2,1.5
26,99,Medium,Medium,No,6,94,High,Yes,2,Medium,Medium,Public,Positive,3,No,High School,Near,Male,74,163.4,5.0,Medio,2,-4.0
22,70,Medium,High,Yes,6,53,Medium,Yes,3,Medium,High,Public,Positive,2,No,High School,Near,Female,67,130.0,6.5,Medio,2,-3.0
16,61,Medium,High,Yes,6,85,Medium,Yes,2,Medium,Medium,Private,Positive,3,No,High School,Near,Male,64,100.6,6.0,Medio,4,1.0
22,82,Low,High,No,6,78,Medium,Yes,3,Medium,High,Public,Neutral,3,No,High School,Moderate,Male,69,137.2,6.5,Medio,2,-2.0
13,88,High,Medium,Yes,9,59,Medium,Yes,0,Low,Medium,Private,Negative,3,Yes,High School,Far,Female,63,104.8,4.0,Medio,2,5.5
21,92,Medium,Medium,No,7,56,Medium,Yes,0,Low,Medium,Private,Neutral,4,No,High School,Moderate,Female,67,139.2,4.0,Medio,2,0.5
20,68,High,Medium,Yes,7,85,Medium,Yes,1,Medium,Medium,Public,Neutral,3,No,College,Far,Male,65,120.8,4.5,Medio,2,0.0
19,70,Medium,Medium,Yes,6,67,Medium,Yes,5,Medium,Low,Public,Positive,4,No,Postgraduate,Moderate,Female,67,118.0,6.5,Medio,2,0.5
19,81,High,Medium,No,7,100,Medium,Yes,1,Low,Medium,Private,Negative,5,No,Postgraduate,Moderate,Female,68,124.6,4.5,Medio,2,2.5
9,73,Medium,Low,Yes,7,95,Medium,No,3,Low,Medium,Private,Negative,3,No,Postgraduate,Near,Male,62,79.8,2.5,Medio,2,5.5
17,94,High,Medium,Yes,7,78,Medium,Yes,1,Low,High,Public,Neutral,3,No,College,Near,Female,70,124.4,4.5,Medio,1,1.5
21,79,Low,High,Yes,7,82,Medium,Yes,1,High,Medium,Public,Negative,3,No,High School,Near,Female,67,131.4,5.5,Medio,3,-0.5
14,83,High,Medium,Yes,7,95,Low,Yes,1,Low,Medium,Private,Neutral,2,Yes,High School,Near,Female,65,105.8,4.5,Medio,2,2.0
28,91,Low,Medium,Yes,5,73,Medium,No,2,Medium,Medium,Public,Neutral,2,No,High School,Near,Female,69,166.6,3.0,Medio,2,-7.0
15,73,Medium,Medium,No,7,76,High,Yes,2,Low,Medium,Public,Positive,4,No,High School,Far,Female,64,103.8,5.0,Medio,1,3.5
23,71,Medium,High,No,8,50,Medium,Yes,0,High,Medium,Public,Positive,2,No,High School,Far,Female,64,134.6,5.0,Medio,3,-1.5
16,82,Low,High,No,7,75,Medium,Yes,0,Low,Medium,Public,Negative,2,No,Postgraduate,Moderate,Female,64,113.19999999999999,5.0,Medio,1,1.0
31,69,Medium,Low,Yes,9,81,Medium,Yes,2,Medium,Medium,Private,Negative,2,No,College,Near,Male,67,165.4,4.0,Medio,4,-4.5
13,79,Low,Low,Yes,6,58,High,Yes,2,Medium,Medium,Public,Positive,4,No,College,Moderate,Male,63,99.4,4.0,Medio,2,3.5
26,73,High,Medium,Yes,7,53,Low,Yes,3,Medium,High,Private,Neutral,5,No,High School,Moderate,Female,68,147.8,5.5,Medio,4,-1.0
26,71,Low,Medium,Yes,5,77,Low,Yes,0,Medium,Medium,Public,Neutral,5,No,Postgraduate,Near,Male,66,146.6,4.0,Medio,2,-3.0
16,99,Low,High,Yes,7,77,High,Yes,0,Low,Medium,Public,Neutral,3,Yes,High School,Moderate,Female,68,123.4,5.0,Medio,1,2.0
28,66,Medium,High,No,5,67,Medium,Yes,1,High,Medium,Private,Positive,1,No,Postgraduate,Moderate,Female,68,151.6,5.5,Medio,6,-8.0
18,91,Medium,Medium,No,7,94,Medium,Yes,3,Low,Medium,Private,Neutral,2,No,High School,Near,Female,69,126.6,5.5,Medio,2,0.0
22,99,High,Low,No,7,65,Medium,Yes,3,Low,Low,Public,Neutral,3,No,Postgraduate,Near,Female,71,147.4,4.5,Medio,1,-1.0
22,61,Low,High,Yes,7,76,Medium,Yes,1,High,Medium,Public,Positive,3,No,College,Near,Female,65,124.6,5.5,Medio,3,-1.0
19,88,Low,Medium,Yes,8,59,Medium,Yes,2,Medium,Medium,Private,Neutral,4,No,High School,Near,Male,67,128.8,5.0,Medio,4,2.5
25,70,Medium,Medium,No,7,51,Medium,Yes,1,High,Medium,Public,Negative,4,No,College,Near,Female,65,142.0,4.5,Medio,3,-1.5
25,62,High,Medium,No,5,71,Medium,Yes,0,Low,High,Private,Positive,4,No,High School,Moderate,Male,65,137.2,4.0,Medio,2,-3.5
10,76,Medium,Low,No,6,76,Medium,Yes,1,High,High,Public,Negative,2,No,Postgraduate,Near,Male,80,85.6,3.5,Alto,3,3.0
28,97,Medium,Medium,Yes,7,88,High,Yes,2,Medium,Medium,Public,Neutral,2,No,High School,Moderate,Male,74,170.2,5.0,Medio,2,-5.0
10,60,Medium,Medium,No,7,72,Low,No,3,Medium,Low,Public,Positive,3,No,High School,Near,Male,59,76.0,3.5,Bajo,2,5.0
26,84,Medium,Medium,No,7,64,Low,Yes,2,High,High,Public,Neutral,3,No,High School,Near,Male,69,154.4,5.0,Medio,3,-3.0
27,80,Medium,Low,Yes,9,80,Medium,Yes,0,High,Medium,Public,Neutral,2,Yes,High School,Moderate,Male,66,156.0,3.0,Medio,3,-2.5
13,95,Medium,Medium,Yes,7,69,Medium,Yes,1,Low,Low,Public,Positive,2,Yes,Postgraduate,Moderate,Female,66,109.0,4.5,Medio,1,2.5
18,63,High,High,No,8,62,Medium,Yes,2,High,Medium,Public,Positive,4,No,High School,Near,Female,65,109.8,6.0,Medio,3,3.0
13,87,High,Medium,Yes,4,96,Low,Yes,3,Low,Low,Public,Neutral,3,Yes,College,Near,Male,67,104.19999999999999,5.5,Medio,1,0.5
19,87,High,High,No,8,77,Low,Yes,3,Low,Medium,Private,Neutral,4,No,High School,Moderate,Male,69,128.2,6.5,Medio,2,2.5
18,87,Medium,Low,Yes,10,60,High,Yes,2,Medium,Medium,Public,Positive,3,No,High School,Near,Female,68,124.19999999999999,4.0,Medio,2,4.0
25,98,Medium,Medium,Yes,9,84,Medium,Yes,1,Medium,High,Private,Neutral,2,No,Postgraduate,Near,Female,73,158.8,4.5,Medio,4,-1.5
28,93,Low,High,Yes,6,90,Medium,Yes,1,Low,Medium,Public,Positive,2,Yes,High School,Near,Female,71,167.8,5.5,Medio,1,-6.0
28,62,High,Medium,Yes,10,88,Medium,Yes,0,Low,High,Public,Positive,2,Yes,Postgraduate,Moderate,Male,67,149.2,4.0,Medio,1,-2.0
17,79,Medium,Medium,Yes,7,80,Low,Yes,1,High,High,Public,Positive,3,No,College,Near,Female,67,115.4,4.5,Medio,3,1.5
19,76,High,Low,No,7,76,Medium,Yes,0,High,High,Public,Neutral,2,No,Postgraduate,Near,Male,66,121.6,3.0,Medio,3,-0.5
10,72,Medium,Low,No,7,89,Medium,Yes,3,Medium,Medium,Public,Negative,4,No,College,Near,Female,63,83.19999999999999,4.5,Medio,2,6.0
15,78,High,High,No,7,85,Medium,No,1,High,Medium,Public,Negative,1,No,High School,Far,Male,65,106.8,3.5,Medio,3,0.5
26,75,Medium,Low,Yes,4,79,Medium,Yes,2,High,Medium,Public,Negative,1,No,College,Near,Male,67,149.0,4.0,Medio,3,-8.0
30,77,Medium,Low,Yes,8,83,Medium,Yes,1,Low,Low,Public,Positive,3,No,College,Near,Male,69,166.2,3.5,Medio,1,-4.0
13,99,Medium,Medium,Yes,7,58,Medium,Yes,1,Low,Medium,Public,Neutral,2,No,High School,Near,Male,67,111.4,4.5,Medio,1,2.5
16,64,High,Medium,Yes,7,51,High,Yes,4,High,High,Public,Neutral,3,No,College,Near,Male,66,102.4,6.0,Medio,3,2.0
20,97,High,High,Yes,7,97,Low,Yes,2,Medium,High,Private,Neutral,4,No,High School,Moderate,Female,74,138.2,6.0,Medio,4,1.0
22,79,High,Medium,No,6,97,Medium,No,2,High,Medium,Public,Positive,2,No,College,Moderate,Female,69,135.4,3.0,Medio,3,-3.0
15,85,Low,Medium,Yes,7,89,High,Yes,0,Medium,Medium,Public,Negative,4,No,College,Moderate,Female,66,111.0,4.0,Medio,2,3.5
23,93,High,Low,Yes,9,69,Low,Yes,0,Medium,Medium,Private,Positive,3,Yes,Postgraduate,Moderate,Male,69,147.8,3.0,Medio,4,0.5
17,74,Medium,Medium,Yes,8,58,Low,Yes,1,High,Medium,Public,Neutral,2,No,College,Far,Male,63,112.4,4.5,Medio,3,1.5
20,77,Medium,Low,Yes,7,68,Medium,No,0,Medium,High,Private,Positive,3,No,College,Near,Female,65,126.19999999999999,1.0,Medio,4,0.0
23,76,Low,Medium,No,7,86,Low,No,1,Low,Medium,Private,Positive,4,No,College,Far,Male,64,137.6,2.5,Medio,2,-0.5
20,75,Low,Medium,No,7,67,High,Yes,0,Medium,Medium,Private,Neutral,4,No,High School,Near,Male,64,125.0,4.0,Medio,4,1.0
17,97,Low,High,Yes,6,90,Low,Yes,2,Medium,Low,Public,Negative,2,No,High School,Moderate,Male,69,126.19999999999999,6.0,Medio,2,-0.5
19,93,High,High,No,7,84,Medium,Yes,5,Low,High,Public,Negative,3,No,High School,Near,Female,73,131.8,7.5,Medio,1,0.5
19,64,Medium,Medium,Yes,8,81,High,Yes,1,Medium,Medium,Public,Negative,3,Yes,High School,Moderate,Male,62,114.4,4.5,Medio,2,1.5
18,64,Low,Low,Yes,7,97,Low,Yes,2,Medium,Low,Private,Neutral,4,No,College,Near,Male,62,110.4,4.0,Medio,4,2.0
18,77,Medium,Medium,Yes,6,95,High,Yes,0,Medium,High,Private,Positive,2,No,Postgraduate,Moderate,Female,68,118.19999999999999,4.0,Medio,4,-1.0
30,64,Medium,Medium,No,7,86,Low,Yes,1,Medium,Medium,Private,Positive,3,No,Postgraduate,Far,Female,66,158.4,4.5,Medio,4,-5.0
23,85,Low,High,Yes,8,60,High,Yes,2,Medium,Medium,Public,Positive,1,Yes,College,Moderate,Female,68,143.0,6.0,Medio,2,-2.5
18,66,Low,High,Yes,5,97,Medium,Yes,4,Medium,Medium,Public,Neutral,4,No,High School,Moderate,Male,66,111.6,7.0,Medio,2,0.0
24,81,Low,Medium,Yes,6,61,Low,Yes,3,Medium,Medium,Public,Positive,3,No,Postgraduate,Near,Male,69,144.6,5.5,Medio,2,-3.0
18,60,Medium,Medium,Yes,5,69,Medium,Yes,0,Medium,Medium,Public,Neutral,2,No,Postgraduate,Near,Female,62,108.0,4.0,Medio,2,-2.0
27,73,Low,Medium,No,7,91,Medium,Yes,2,High,Medium,Public,Neutral,4,No,College,Far,Female,68,151.8,5.0,Medio,3,-2.5
22,87,Medium,Medium,No,8,60,Low,Yes,2,Medium,High,Public,Negative,2,No,College,Moderate,Male,67,140.2,5.0,Medio,2,-1.0
19,79,Low,Medium,No,9,82,Medium,Yes,1,Low,Medium,Private,Neutral,4,No,High School,Near,Male,65,123.4,4.5,Medio,2,3.5
23,99,Low,Medium,No,9,73,Medium,Yes,0,Low,Medium,Public,Negative,4,No,College,Near,Male,69,151.4,4.0,Medio,1,1.5
11,95,Medium,Medium,No,6,81,High,Yes,2,Low,Low,Public,Positive,3,No,High School,Near,Male,67,101.0,5.0,Medio,1,3.5
13,74,Low,Low,Yes,7,98,High,Yes,0,Medium,Medium,Public,Positive,3,No,Postgraduate,Near,Female,64,96.4,3.0,Medio,2,3.5
13,62,Low,Medium,Yes,6,90,Medium,No,3,High,High,Private,Neutral,3,Yes,Postgraduate,Near,Female,62,89.19999999999999,3.5,Medio,6,2.5
21,94,Medium,Medium,Yes,9,65,Low,Yes,5,High,High,Private,Neutral,3,Yes,High School,Near,Male,71,140.4,6.5,Medio,6,1.5
30,96,Medium,High,Yes,9,53,Medium,No,0,Medium,Medium,Private,Neutral,3,No,High School,Near,Male,72,177.6,3.0,Medio,4,-3.0
33,93,High,High,Yes,7,98,Low,Yes,0,Medium,Medium,Public,Negative,2,Yes,High School,Near,Female,74,187.8,5.0,Medio,2,-7.5
24,65,Low,High,No,6,79,Low,Yes,1,Medium,High,Public,Neutral,2,No,Postgraduate,Near,Male,66,135.0,5.5,Medio,2,-4.0
23,100,High,Low,Yes,4,59,Medium,Yes,2,Medium,Medium,Public,Positive,4,No,High School,Near,Female,72,152.0,4.0,Medio,2,-3.5
9,70,High,Medium,No,5,81,Medium,Yes,1,High,High,Private,Neutral,4,No,Postgraduate,Near,Female,65,78.0,4.5,Medio,6,4.5
17,89,High,Medium,Yes,4,52,High,Yes,0,Low,Medium,Public,Positive,3,No,College,Far,Female,67,121.4,4.0,Medio,1,-1.5
15,96,Medium,High,Yes,5,59,High,Yes,2,Medium,High,Private,Neutral,2,No,High School,Near,Male,70,117.6,6.0,Medio,4,-0.5
16,69,High,Medium,Yes,10,82,Medium,Yes,0,Low,High,Public,Negative,1,Yes,High School,Moderate,Male,62,105.4,4.0,Medio,1,3.0
19,96,Low,Low,Yes,5,70,High,Yes,0,Low,Medium,Public,Positive,2,No,High School,Far,Male,66,133.6,3.0,Medio,1,-2.5
17,72,Low,Medium,Yes,5,66,Medium,Yes,2,High,High,Public,Negative,3,No,College,Near,Male,65,111.19999999999999,5.0,Medio,3,-0.5
8,99,Low,High,Yes,6,83,High,Yes,2,Medium,High,Public,Positive,4,Yes,Postgraduate,Near,Male,70,91.4,6.0,Medio,2,6.0
24,71,High,High,Yes,10,93,Low,Yes,2,Medium,Medium,Private,Positive,2,Yes,College,Near,Female,69,138.6,6.0,Medio,4,0.0
14,98,Medium,Medium,Yes,7,84,Low,Yes,3,High,Medium,Public,Neutral,3,No,High School,Near,Female,70,114.8,5.5,Medio,3,3.0
21,62,High,High,No,8,73,Medium,Yes,2,High,Medium,Private,Negative,2,No,College,Near,Female,66,121.19999999999999,6.0,Medio,6,-0.5
32,88,Medium,Low,Yes,7,83,Low,Yes,1,Low,High,Private,Positive,4,No,Postgraduate,Near,Male,73,180.8,3.5,Medio,2,-5.0
14,81,High,Medium,No,4,85,Low,Yes,3,Medium,High,Public,Positive,4,No,Postgraduate,Moderate,Female,69,104.6,5.5,Medio,2,1.0
5,79,High,High,Yes,9,89,Low,Yes,3,Medium,Medium,Private,Neutral,3,No,College,Near,Female,66,67.4,6.5,Medio,4,9.5
18,69,High,Medium,Yes,8,65,Medium,Yes,4,Medium,Medium,Public,Neutral,4,No,High School,Far,Male,65,113.4,6.0,Medio,2,3.0
27,88,Medium,Low,No,7,56,High,Yes,2,Low,Medium,Public,Neutral,4,No,Postgraduate,Near,Female,70,160.8,4.0,Medio,1,-2.5
32,68,High,High,No,10,84,Medium,Yes,0,Medium,High,Private,Positive,2,No,Postgraduate,Far,Male,70,168.8,5.0,Medio,4,-4.0
13,82,High,Medium,No,6,56,High,Yes,2,Low,High,Public,Neutral,4,No,Postgraduate,Near,Male,67,101.19999999999999,5.0,Medio,1,3.5
23,70,Medium,High,Yes,7,73,High,Yes,1,Low,Medium,Private,Positive,3,No,Postgraduate,Near,Male,68,134.0,5.5,Medio,2,-1.5
17,98,Medium,Low,Yes,6,62,Low,Yes,1,Medium,Medium,Private,Neutral,2,No,College,Near,Female,68,126.8,3.5,Medio,4,-0.5
19,61,High,Medium,No,9,67,Medium,Yes,0,Low,Medium,Public,Negative,2,No,College,Far,Female,61,112.6,4.0,Medio,1,1.5
36,68,Medium,Medium,Yes,8,74,High,Yes,2,Medium,Medium,Public,Negative,3,No,High School,Near,Male,70,184.8,5.0,Medio,2,-7.0
11,70,High,High,No,7,95,High,Yes,0,Low,High,Public,Negative,5,No,College,Moderate,Male,65,86.0,5.0,Medio,1,6.5
22,77,Low,Medium,Yes,5,84,Medium,No,3,High,Medium,Public,Positive,2,No,High School,Moderate,Male,66,134.2,3.5,Medio,3,-4.0
23,69,Medium,Medium,Yes,6,59,Medium,Yes,3,High,Medium,Public,Neutral,3,No,Postgraduate,Moderate,Male,67,133.4,5.5,Medio,3,-2.5
27,80,Low,Low,Yes,5,94,High,Yes,3,High,Medium,Public,Negative,3,No,High School,Near,Male,69,156.0,4.5,Medio,3,-5.5
21,95,Medium,High,No,9,75,Medium,Yes,1,Low,Medium,Public,Neutral,2,No,College,Far,Male,69,141.0,5.5,Medio,1,0.5
22,88,Medium,Medium,Yes,5,60,Low,Yes,1,Low,Medium,Public,Neutral,2,No,High School,Moderate,Male,67,140.8,4.5,Medio,1,-4.0
18,83,High,Low,No,9,76,Medium,Yes,0,Medium,Low,Private,Neutral,4,No,High School,Near,Female,66,121.8,3.0,Medio,4,4.0
22,64,Low,Medium,Yes,9,60,Medium,Yes,1,High,High,Private,Neutral,2,No,High School,Near,Male,63,126.4,4.5,Medio,6,0.0
18,88,High,Medium,No,6,68,Low,Yes,0,Medium,High,Public,Neutral,4,No,High School,Far,Female,67,124.8,4.0,Medio,2,1.0
24,67,High,Low,Yes,6,90,Medium,Yes,0,Low,Medium,Public,Neutral,1,No,College,Far,Male,64,136.2,3.0,Medio,1,-5.0
18,91,Medium,Low,No,6,83,Medium,Yes,2,Low,Medium,Private,Neutral,4,No,High School,Near,Male,68,126.6,4.0,Medio,2,1.0
22,70,Medium,High,Yes,8,74,Low,Yes,2,Low,High,Public,Negative,2,No,High School,Moderate,Male,65,130.0,6.0,Medio,1,-1.0
20,77,Medium,Low,No,9,61,Medium,Yes,2,Medium,Medium,Public,Neutral,3,No,High School,Near,Male,65,126.19999999999999,4.0,Medio,2,2.0
27,74,Medium,Low,Yes,9,64,High,No,1,Low,Medium,Public,Neutral,3,No,High School,Near,Male,65,152.4,1.5,Medio,1,-1.5
20,94,Low,Medium,Yes,6,99,Medium,Yes,0,Medium,Medium,Public,Negative,4,No,College,Near,Female,70,136.4,4.0,Medio,2,0.0
9,65,Medium,High,Yes,9,67,Medium,Yes,1,High,Medium,Public,Neutral,3,No,High School,Near,Female,62,75.0,5.5,Medio,3,7.5
28,83,High,Low,No,9,81,Medium,Yes,0,Low,Medium,Public,Neutral,4,No,High School,Moderate,Male,68,161.8,3.0,Medio,1,-1.0
15,66,Low,High,Yes,7,75,Low,Yes,0,High,High,Public,Negative,3,No,College,Near,Male,62,99.6,5.0,Medio,3,2.5
16,88,Medium,High,Yes,7,51,Medium,Yes,0,Medium,Medium,Public,Positive,3,No,College,Near,Female,68,116.8,5.0,Medio,2,2.0
16,96,High,Medium,Yes,9,97,Medium,Yes,0,Medium,High,Private,Neutral,5,No,College,Near,Male,72,121.6,4.0,Medio,4,6.0
28,77,High,Medium,Yes,9,54,Low,Yes,1,High,Medium,Public,Positive,3,No,Postgraduate,Near,Female,70,158.2,4.5,Medio,3,-2.0
7,80,High,Medium,No,9,83,Low,No,3,Medium,Medium,Public,Neutral,3,No,High School,Far,Female,62,76.0,3.5,Medio,2,8.5
39,97,High,High,Yes,10,91,Medium,Yes,2,Low,Medium,Public,Positive,3,No,High School,Moderate,Female,79,214.2,6.0,Medio,1,-6.5
26,81,Medium,High,Yes,8,87,Medium,Yes,2,High,High,Public,Neutral,1,No,Postgraduate,Near,Male,73,152.6,6.0,Medio,3,-4.0
21,80,High,High,Yes,7,90,High,Yes,1,Low,Low,Public,Negative,2,No,College,Far,Male,68,132.0,5.5,Medio,1,-1.5
20,83,High,Medium,Yes,9,87,Low,Yes,0,High,Medium,Public,Neutral,2,No,High School,Near,Male,68,129.8,4.0,Medio,3,1.0
22,88,Medium,Medium,Yes,10,72,Medium,Yes,2,Low,High,Public,Neutral,2,No,High School,Moderate,Female,69,140.8,5.0,Medio,1,1.0
23,64,Medium,Low,Yes,6,95,High,Yes,1,Low,Medium,Public,Positive,2,Yes,College,Far,Female,63,130.4,3.5,Medio,1,-3.5
24,93,Medium,Medium,Yes,7,96,Medium,No,5,High,Medium,Public,Negative,4,No,Postgraduate,Near,Female,74,151.8,4.5,Medio,3,-1.0
23,77,Medium,Medium,Yes,5,72,Medium,Yes,2,High,High,Public,Negative,5,No,College,Moderate,Female,69,138.2,5.0,Medio,3,-1.5
21,63,Medium,Low,No,8,74,Medium,Yes,0,Low,Medium,Public,Negative,3,No,High School,Near,Female,61,121.8,3.0,Medio,1,0.5
19,91,Medium,Low,Yes,8,74,Low,Yes,4,Medium,Medium,Public,Neutral,2,Yes,Postgraduate,Near,Female,69,130.6,5.0,Medio,2,0.5
19,75,Medium,Low,No,6,64,High,Yes,2,Low,Medium,Public,Neutral,3,No,High School,Near,Female,64,121.0,4.0,Medio,1,-0.5
19,64,Medium,Medium,Yes,9,56,Low,Yes,2,Low,Medium,Public,Positive,4,No,Postgraduate,Far,Female,63,114.4,5.0,Medio,1,3.5
27,85,Low,High,No,6,63,Low,Yes,1,Low,Medium,Public,Negative,2,No,College,Near,Male,68,159.0,5.5,Medio,1,-5.5
24,95,High,Medium,Yes,6,92,Medium,Yes,2,Low,Medium,Public,Neutral,3,No,High School,Far,Male,72,153.0,5.0,Medio,1,-3.0
2,96,Low,High,Yes,9,77,Medium,Yes,3,Medium,Medium,Public,Neutral,2,No,High School,Far,Female,65,65.6,6.5,Medio,2,10.0
24,98,Low,Low,No,6,93,Low,No,2,Low,Low,Public,Positive,4,No,College,Near,Male,69,154.8,2.0,Medio,1,-2.0
21,95,Medium,Low,No,5,87,Low,Yes,2,Medium,Medium,Private,Neutral,4,No,High School,Near,Male,70,141.0,4.0,Medio,4,-1.5
20,60,Medium,Medium,Yes,8,67,Low,Yes,1,Medium,Medium,Public,Neutral,4,No,Postgraduate,Moderate,Female,63,116.0,4.5,Medio,2,2.0
18,75,Low,Medium,Yes,7,59,Low,Yes,0,Medium,Medium,Public,Positive,2,Yes,High School,Near,Female,62,117.0,4.0,Medio,2,0.0
27,93,Medium,Medium,Yes,9,78,Low,Yes,1,Low,Medium,Public,Positive,2,No,Postgraduate,Near,Female,72,163.8,4.5,Medio,1,-2.5
26,75,High,High,No,8,97,Medium,Yes,1,Low,Medium,Public,Neutral,4,No,High School,Far,Male,69,149.0,5.5,Medio,1,-1.0
15,84,Medium,Medium,No,4,92,Low,Yes,2,Medium,Medium,Public,Negative,3,No,High School,Moderate,Female,66,110.4,5.0,Medio,2,-0.5
22,84,Medium,Medium,Yes,9,88,Medium,Yes,2,Low,High,Private,Neutral,4,No,Postgraduate,Near,Male,71,138.4,5.0,Medio,2,2.0
14,75,Low,Low,No,10,88,Medium,Yes,2,Low,Medium,Private,Negative,3,No,College,Moderate,Female,62,101.0,4.0,Medio,2,6.0
12,96,Medium,Low,Yes,9,76,Medium,Yes,2,Medium,High,Public,Positive,2,No,High School,Near,Male,68,105.6,4.0,Medio,2,5.0
16,80,High,Low,No,9,58,Low,Yes,0,Medium,Medium,Public,Neutral,2,No,High School,Near,Female,63,112.0,3.0,Medio,2,3.0
25,79,Medium,Medium,Yes,7,64,Medium,Yes,0,Low,Medium,Public,Neutral,3,No,College,Far,Female,66,147.4,4.0,Medio,1,-2.5
26,100,High,Medium,Yes,6,79,High,Yes,1,Medium,High,Public,Positive,3,No,College,Moderate,Male,75,164.0,4.5,Medio,2,-4.0
23,80,Medium,Low,Yes,7,66,High,Yes,1,High,High,Private,Positive,4,No,College,Near,Female,69,140.0,3.5,Medio,6,-0.5
24,67,High,Medium,No,8,89,Medium,Yes,2,High,Low,Private,Positive,3,No,High School,Near,Female,68,136.2,5.0,Medio,6,-1.0
23,81,High,Medium,No,8,69,Medium,Yes,5,Medium,Medium,Public,Negative,2,No,High School,Moderate,Male,69,140.6,6.5,Medio,2,-1.5
16,93,High,Low,No,6,56,Medium,Yes,2,Low,Medium,Public,Positive,4,No,High School,Near,Male,67,119.8,4.0,Medio,1,2.0
23,91,High,Medium,Yes,6,89,Medium,Yes,3,Medium,Medium,Private,Negative,3,No,Postgraduate,Near,Male,73,146.6,5.5,Medio,4,-2.5
25,92,Medium,High,Yes,5,85,Low,Yes,1,Low,Medium,Public,Negative,1,No,College,Near,Male,71,155.2,5.5,Medio,1,-6.5
25,88,High,Medium,Yes,8,63,Medium,Yes,2,High,Medium,Public,Positive,3,No,High School,Moderate,Female,71,152.8,5.0,Medio,3,-1.5
27,70,Medium,Medium,No,6,99,High,Yes,2,Low,Medium,Private,Neutral,2,No,High School,Near,Female,68,150.0,5.0,Medio,2,-5.5
24,94,High,Low,No,7,70,Medium,Yes,1,High,Medium,Public,Neutral,1,No,High School,Near,Male,70,152.4,3.5,Medio,3,-4.0
22,96,Low,High,Yes,10,84,Low,Yes,1,High,High,Public,Negative,3,No,High School,Near,Male,71,145.6,5.5,Medio,3,2.0
26,68,Medium,High,No,8,96,High,Yes,1,Medium,High,Public,Neutral,2,No,High School,Near,Male,69,144.8,5.5,Medio,2,-3.0
20,65,High,Medium,No,7,58,Medium,No,3,Low,Medium,Private,Neutral,4,No,High School,Near,Male,63,119.0,3.5,Medio,2,1.0
15,99,Low,Medium,Yes,8,94,Medium,Yes,2,Medium,Medium,Private,Neutral,3,No,Postgraduate,Near,Male,71,119.4,5.0,Medio,4,3.5
19,95,Medium,Medium,Yes,9,85,Medium,No,2,Low,Medium,Public,Negative,3,No,College,Near,Male,69,133.0,3.0,Medio,1,2.5
16,96,High,Medium,Yes,5,58,Medium,Yes,2,High,Low,Public,Positive,5,No,Postgraduate,Moderate,Male,71,121.6,5.0,Medio,3,2.0
16,95,Medium,Low,No,6,83,Low,Yes,2,Low,High,Private,Neutral,3,No,High School,Near,Female,68,121.0,4.0,Medio,2,1.0
19,82,Medium,Medium,No,7,94,Medium,Yes,1,Medium,Medium,Public,Positive,3,No,High School,Near,Female,68,125.19999999999999,4.5,Medio,2,0.5
15,86,Medium,Low,No,6,90,Medium,Yes,0,Medium,High,Public,Neutral,3,No,Postgraduate,Far,Male,66,111.6,3.0,Medio,2,1.5
18,82,Medium,Medium,No,7,88,Medium,Yes,3,Low,Medium,Public,Negative,3,No,College,Moderate,Female,67,121.19999999999999,5.5,Medio,1,1.0
9,62,Low,High,Yes,5,58,Low,Yes,0,Medium,High,Private,Positive,5,No,College,Moderate,Female,59,73.19999999999999,5.0,Bajo,4,5.5
21,90,Low,Medium,No,8,60,Medium,Yes,1,Low,Medium,Public,Negative,2,No,College,Near,Female,66,138.0,4.5,Medio,1,-0.5
20,80,Low,Low,No,6,77,Low,Yes,0,Medium,High,Private,Negative,3,No,High School,Near,Male,64,128.0,3.0,Medio,4,-1.0
15,86,Medium,Medium,No,7,79,Medium,Yes,1,Low,Medium,Public,Neutral,3,Yes,High School,Moderate,Female,64,111.6,4.5,Medio,1,2.5
24,80,Medium,High,Yes,7,97,Medium,Yes,0,Low,High,Private,Neutral,4,No,High School,Moderate,Female,69,144.0,5.0,Medio,2,-1.0
26,80,High,Low,No,8,73,High,Yes,1,Medium,Medium,Public,Neutral,3,No,High School,Near,Male,69,152.0,3.5,Medio,2,-2.0
10,67,Medium,Medium,No,4,65,Medium,No,3,Medium,Medium,Public,Positive,3,No,High School,Near,Male,61,80.19999999999999,3.5,Medio,2,2.0
15,71,High,High,No,8,60,Medium,Yes,0,Low,High,Private,Negative,3,No,High School,Far,Female,62,102.6,5.0,Medio,2,3.5
15,66,Low,Medium,No,7,53,Medium,Yes,2,Medium,High,Public,Negative,3,No,College,Near,Female,61,99.6,5.0,Medio,2,2.5
14,68,Medium,Medium,Yes,8,53,High,Yes,1,Medium,High,Private,Positive,2,No,College,Near,Female,63,96.8,4.5,Medio,4,3.0
25,99,Medium,Low,No,5,79,Low,Yes,2,Low,Medium,Public,Positive,4,No,College,Near,Female,71,159.4,4.0,Medio,1,-3.5
19,66,High,High,Yes,8,59,Medium,Yes,1,Medium,Low,Public,Positive,2,No,Postgraduate,Moderate,Female,65,115.6,5.5,Medio,2,0.5
18,71,High,High,Yes,9,93,Medium,Yes,1,Low,High,Private,Neutral,4,No,College,Moderate,Male,68,114.6,5.5,Medio,2,4.0
8,84,High,High,No,7,80,Medium,Yes,1,High,High,Public,Positive,4,No,High School,Moderate,Male,67,82.4,5.5,Medio,3,7.0
24,84,Low,High,Yes,6,93,High,Yes,2,Low,Medium,Public,Neutral,1,No,High School,Near,Female,70,146.4,6.0,Medio,1,-5.0
13,66,High,Medium,Yes,6,71,Medium,Yes,3,Medium,Medium,Public,Neutral,3,No,High School,Near,Male,64,91.6,5.5,Medio,2,2.5
20,92,Medium,High,No,8,80,High,Yes,0,Medium,Medium,Private,Neutral,3,No,College,Near,Male,71,135.2,5.0,Medio,4,1.0
22,91,High,Medium,Yes,8,76,Low,Yes,2,Medium,Medium,Public,Neutral,3,No,College,Moderate,Female,71,142.6,5.0,Medio,2,0.0
28,69,Medium,High,No,8,99,Low,Yes,0,High,Medium,Private,Negative,3,No,High School,Moderate,Female,67,153.4,5.0,Medio,6,-3.0
12,72,Medium,Low,Yes,7,90,Medium,Yes,0,High,Medium,Public,Positive,3,No,Postgraduate,Far,Male,63,91.19999999999999,3.0,Medio,3,4.0
2,98,Low,High,Yes,7,80,High,Yes,2,Low,High,Public,Neutral,1,No,High School,Near,Male,66,66.8,6.0,Medio,1,7.0
21,93,Medium,Low,Yes,7,80,Medium,Yes,3,High,Medium,Public,Neutral,1,No,High School,Moderate,Male,70,139.8,4.5,Medio,3,-2.5
31,88,Medium,Low,No,6,62,Medium,Yes,2,Low,Medium,Private,Positive,4,No,High School,Near,Male,70,176.8,4.0,Medio,2,-5.5
27,63,Low,Medium,Yes,8,87,Medium,Yes,3,Low,High,Private,Positive,3,No,High School,Near,Female,67,145.8,5.5,Medio,2,-2.5
21,77,Low,Medium,No,7,99,High,Yes,3,Medium,High,Public,Neutral,3,No,Postgraduate,Near,Male,69,130.2,5.5,Medio,2,-0.5
17,82,High,Low,No,9,56,Low,Yes,3,High,Medium,Public,Positive,2,No,High School,Near,Female,66,117.19999999999999,4.5,Medio,3,2.5
25,67,Medium,High,No,9,82,Medium,Yes,1,Medium,Medium,Public,Positive,3,No,Postgraduate,Far,Female,67,140.2,5.5,Medio,2,-0.5
14,78,High,Medium,Yes,7,76,Medium,Yes,0,High,Medium,Public,Negative,2,Yes,College,Near,Female,65,102.8,4.0,Medio,3,2.0
23,84,High,High,Yes,8,93,Medium,Yes,1,High,Medium,Public,Positive,3,No,Postgraduate,Far,Male,72,142.4,5.5,Medio,3,-0.5
23,73,High,High,No,6,50,Medium,Yes,1,Medium,Medium,Public,Positive,3,No,College,Near,Male,68,135.8,5.5,Medio,2,-2.5
26,91,High,Medium,Yes,7,57,Low,Yes,3,Medium,Medium,Public,Negative,3,No,College,Near,Male,72,158.6,5.5,Medio,2,-3.0
37,94,High,Medium,Yes,8,52,High,Yes,1,Low,Medium,Private,Positive,3,No,Postgraduate,Near,Male,76,204.4,4.5,Medio,2,-7.5
22,73,Medium,Low,Yes,5,58,Medium,Yes,4,Low,Medium,Public,Positive,3,Yes,College,Near,Female,65,131.8,5.0,Medio,1,-3.0
17,94,Low,Medium,No,8,85,Medium,Yes,1,Medium,Low,Public,Positive,4,No,High School,Near,Male,68,124.4,4.5,Medio,2,3.5
20,64,Medium,Medium,Yes,6,57,Medium,Yes,3,Low,High,Public,Neutral,4,No,College,Near,Female,65,118.4,5.5,Medio,1,0.0
9,94,Medium,Medium,Yes,6,81,Low,Yes,0,Low,High,Public,Positive,3,No,High School,Near,Male,66,92.4,4.0,Medio,1,4.5
18,63,Medium,Low,No,7,52,Medium,Yes,2,High,High,Public,Positive,3,No,Postgraduate,Moderate,Female,63,109.8,4.0,Medio,3,1.0
17,86,Medium,Medium,Yes,5,51,Medium,Yes,2,Low,Medium,Private,Neutral,2,No,Postgraduate,Moderate,Male,66,119.6,5.0,Medio,2,-1.5
21,79,High,Low,Yes,8,99,Medium,Yes,2,Low,High,Public,Positive,4,No,High School,Near,Male,69,131.4,4.0,Medio,1,1.5
15,96,Medium,High,Yes,7,84,High,Yes,3,Medium,Low,Public,Positive,1,No,Postgraduate,Near,Male,72,117.6,6.5,Medio,2,0.5
27,75,Medium,Low,Yes,10,57,Medium,Yes,3,High,Low,Public,Negative,3,No,High School,Near,Male,66,153.0,4.5,Medio,3,-0.5
20,71,Medium,Medium,Yes,7,65,Medium,No,2,Medium,Medium,Public,Negative,4,No,High School,Moderate,Female,64,122.6,3.0,Medio,2,1.0
20,80,Medium,Low,Yes,8,99,Low,Yes,0,Low,High,Private,Positive,3,No,High School,Near,Male,67,128.0,3.0,Medio,2,1.0
18,78,High,High,Yes,6,61,Low,Yes,1,Low,Medium,Private,Positive,5,No,High School,Near,Male,67,118.8,5.5,Medio,2,2.0
21,74,Low,Medium,Yes,5,88,Medium,Yes,1,Medium,High,Public,Neutral,1,No,College,Near,Male,66,128.4,4.5,Medio,2,-4.5
25,88,Medium,Low,Yes,8,62,Low,Yes,2,Low,Medium,Public,Neutral,2,No,High School,Near,Female,68,152.8,4.0,Medio,1,-2.5
15,90,Medium,Medium,No,5,70,Medium,Yes,0,Medium,Medium,Private,Neutral,2,No,High School,Moderate,Male,65,114.0,4.0,Medio,4,-0.5
16,94,Medium,High,Yes,8,94,High,Yes,2,Low,High,Private,Negative,3,No,High School,Near,Male,71,120.4,6.0,Medio,2,3.0
18,99,Medium,High,Yes,10,51,Medium,Yes,1,Medium,Low,Public,Neutral,4,No,Postgraduate,Near,Male,71,131.4,5.5,Medio,2,5.0
12,71,Medium,Medium,Yes,8,65,Medium,Yes,1,Medium,High,Private,Neutral,2,No,High School,Moderate,Male,62,90.6,4.5,Medio,4,4.0
15,89,Medium,High,Yes,8,74,Low,Yes,2,Medium,High,Public,Positive,2,No,College,Near,Male,69,113.4,6.0,Medio,2,2.5
17,76,Medium,Low,No,7,81,Low,Yes,4,High,Medium,Private,Neutral,2,No,High School,Near,Male,65,113.6,5.0,Medio,6,0.5
25,87,High,Low,No,6,51,Low,Yes,3,Medium,Medium,Public,Neutral,3,No,Postgraduate,Near,Male,70,152.2,4.5,Medio,2,-3.5
22,79,Medium,Medium,Yes,7,71,Medium,Yes,2,Low,Medium,Private,Neutral,2,No,College,Moderate,Male,66,135.4,5.0,Medio,2,-2.0
21,100,Medium,Medium,No,6,67,Medium,Yes,0,High,Medium,Public,Positive,3,No,High School,Far,Male,70,144.0,4.0,Medio,3,-1.5
25,89,Medium,High,No,5,51,Low,Yes,2,Medium,High,Private,Negative,2,No,Postgraduate,Moderate,Female,70,153.4,6.0,Medio,4,-5.5
19,98,Low,High,Yes,7,68,Medium,Yes,1,Low,Medium,Private,Neutral,4,No,High School,Moderate,Female,69,134.8,5.5,Medio,2,1.5
22,93,High,Low,Yes,9,97,Medium,Yes,2,Medium,Medium,Public,Neutral,3,Yes,High School,Near,Male,71,143.8,4.0,Medio,2,1.0
19,96,Medium,Medium,No,5,64,Medium,Yes,1,Medium,Medium,Public,Neutral,3,No,High School,Near,Male,69,133.6,4.5,Medio,2,-1.5
22,93,High,Medium,No,9,79,Medium,Yes,2,Medium,High,Public,Positive,2,No,Postgraduate,Near,Female,73,143.8,5.0,Medio,2,0.0
17,78,Medium,Medium,Yes,9,65,Low,Yes,1,Medium,High,Public,Neutral,4,No,High School,Moderate,Female,65,114.8,4.5,Medio,2,4.5
5,70,High,High,Yes,8,55,Medium,Yes,3,Low,Medium,Public,Neutral,3,No,High School,Near,Male,62,62.0,6.5,Medio,1,8.5
19,75,Medium,High,No,8,64,Medium,Yes,2,High,Low,Public,Negative,5,No,Postgraduate,Moderate,Female,67,121.0,6.0,Medio,3,3.5
29,61,Low,Medium,Yes,7,74,High,Yes,1,Medium,Medium,Public,Neutral,3,No,Postgraduate,Moderate,Male,65,152.6,4.5,Medio,2,-4.5
26,81,Low,Medium,No,7,65,Low,Yes,1,Medium,Medium,Public,Neutral,3,No,High School,Far,Male,65,152.6,4.5,Medio,2,-3.0
26,80,Medium,High,Yes,6,81,Medium,Yes,0,Medium,Medium,Public,Neutral,2,No,College,Near,Female,70,152.0,5.0,Medio,2,-5.0
27,81,Medium,Medium,Yes,7,97,Low,Yes,1,Medium,Medium,Public,Neutral,2,No,College,Near,Female,70,156.6,4.5,Medio,2,-4.5
21,99,Medium,High,Yes,7,53,Medium,Yes,0,Medium,Low,Public,Neutral,4,No,Postgraduate,Near,Female,71,143.4,5.0,Medio,2,0.5
21,96,High,Low,No,10,86,Low,Yes,1,Low,High,Public,Neutral,3,No,College,Near,Male,71,141.6,3.5,Medio,1,2.5
16,66,Medium,Medium,Yes,8,50,Low,Yes,1,Medium,High,Public,Neutral,4,No,High School,Moderate,Male,62,103.6,4.5,Medio,2,4.0
18,75,Medium,Low,No,7,50,Medium,Yes,4,Low,Medium,Public,Positive,2,No,Postgraduate,Near,Female,65,117.0,5.0,Medio,1,0.0
27,74,Medium,Medium,Yes,6,74,Medium,Yes,2,Medium,High,Public,Neutral,2,No,College,Far,Male,68,152.4,5.0,Medio,2,-5.5
19,92,High,Medium,Yes,6,52,Medium,Yes,3,High,Medium,Public,Positive,1,No,High School,Near,Male,70,131.2,5.5,Medio,3,-2.5
17,81,Medium,High,No,8,86,Medium,Yes,1,Medium,Medium,Private,Neutral,3,No,Postgraduate,Near,Male,68,116.6,5.5,Medio,4,2.5
20,83,Medium,Medium,No,6,51,Medium,Yes,2,Low,High,Public,Negative,4,No,Postgraduate,Near,Male,67,129.8,5.0,Medio,1,0.0
24,94,Low,Medium,Yes,6,75,Low,Yes,1,Low,High,Public,Negative,4,No,High School,Near,Female,69,152.4,4.5,Medio,1,-2.0
11,92,High,High,Yes,6,84,Medium,Yes,2,Low,Low,Public,Negative,1,No,High School,Near,Female,68,99.19999999999999,6.0,Medio,1,1.5
6,65,High,High,No,6,62,Medium,No,3,Low,Low,Public,Neutral,1,No,High School,Near,Male,59,63.0,4.5,Bajo,1,4.0
17,89,High,Low,Yes,9,79,Medium,No,0,Medium,Medium,Public,Positive,2,No,College,Near,Female,67,121.4,1.0,Medio,2,2.5
13,77,Medium,High,Yes,7,63,Low,Yes,0,High,Low,Public,Positive,1,No,High School,Moderate,Male,63,98.19999999999999,5.0,Medio,3,1.5
17,72,High,High,Yes,7,61,Low,Yes,1,Medium,Medium,Public,Negative,4,No,High School,Near,Female,65,111.19999999999999,5.5,Medio,2,2.5
19,62,Medium,Medium,No,7,91,Low,Yes,1,Low,Medium,Public,Positive,3,No,College,Near,Male,63,113.19999999999999,4.5,Medio,1,0.5
17,79,Medium,Medium,No,7,67,Low,Yes,1,Low,Medium,Private,Positive,3,No,High School,Near,Female,64,115.4,4.5,Medio,2,1.5
29,74,High,Medium,Yes,6,91,High,Yes,3,Low,High,Public,Positive,4,No,College,Far,Female,72,160.4,5.5,Medio,1,-4.5
22,70,Low,Medium,Yes,5,61,High,Yes,1,Low,Medium,Public,Negative,3,No,College,Moderate,Male,63,130.0,4.5,Medio,1,-3.0
22,88,Medium,Medium,No,9,68,Medium,No,2,Medium,Medium,Public,Neutral,2,Yes,High School,Near,Male,66,140.8,3.0,Medio,2,0.0
24,91,Medium,Medium,Yes,8,55,Low,Yes,0,Medium,Low,Private,Neutral,2,No,College,Moderate,Female,67,150.6,4.0,Medio,4,-2.0
13,70,High,High,Yes,8,75,High,Yes,1,High,Medium,Public,Positive,2,Yes,Postgraduate,Moderate,Male,66,94.0,5.5,Medio,3,3.5
26,62,Medium,Medium,Yes,8,69,Medium,Yes,2,Medium,High,Public,Positive,3,No,College,Moderate,Female,66,141.2,5.0,Medio,2,-2.0
20,94,Medium,Medium,Yes,10,50,Low,Yes,1,Low,High,Private,Negative,4,Yes,Postgraduate,Near,Female,68,136.4,4.5,Medio,2,4.0
24,60,High,High,No,6,73,Medium,Yes,1,Low,Medium,Private,Positive,5,No,Postgraduate,Moderate,Male,66,132.0,5.5,Medio,2,-1.0
14,97,Medium,Medium,Yes,5,54,Medium,Yes,3,Medium,Medium,Public,Negative,2,No,College,Near,Female,68,114.19999999999999,5.5,Medio,2,0.0
11,85,Medium,Medium,Yes,8,92,Low,Yes,2,Medium,Medium,Public,Negative,4,No,High School,Far,Female,65,95.0,5.0,Medio,2,6.5
25,73,Medium,Medium,Yes,5,75,Low,Yes,0,Medium,Medium,Private,Positive,2,No,College,Near,Female,67,143.8,4.0,Medio,4,-5.5
22,70,High,Low,No,7,85,Medium,Yes,0,High,Medium,Private,Negative,3,No,High School,Far,Male,64,130.0,3.0,Medio,6,-1.0
15,60,Low,High,No,7,91,Low,Yes,0,Low,Medium,Private,Negative,2,No,College,Far,Male,59,96.0,5.0,Bajo,2,1.5
15,69,Medium,Medium,Yes,8,53,Low,No,0,High,Medium,Private,Negative,3,No,High School,Near,Male,60,101.4,2.0,Medio,6,3.5
27,66,Low,High,No,6,67,Low,Yes,1,High,High,Public,Negative,4,No,College,Far,Female,65,147.6,5.5,Medio,3,-3.5
13,84,Medium,Medium,Yes,9,51,High,Yes,0,Low,Medium,Public,Negative,4,No,High School,Near,Female,64,102.4,4.0,Medio,1,6.5
30,67,Medium,High,No,6,52,Medium,Yes,1,Low,Medium,Public,Neutral,1,No,High School,Near,Female,66,160.2,5.5,Medio,1,-8.0
15,81,Medium,Medium,Yes,8,52,Medium,Yes,0,Medium,Medium,Public,Neutral,2,No,Postgraduate,Near,Male,65,108.6,4.0,Medio,2,2.5
24,84,Medium,Medium,Yes,6,74,Medium,Yes,2,Medium,High,Public,Positive,2,No,High School,Far,Male,69,146.4,5.0,Medio,2,-4.0
18,72,High,High,Yes,8,73,Medium,Yes,0,Medium,Medium,Private,Positive,4,Yes,High School,Near,Female,66,115.19999999999999,5.0,Medio,4,3.0
24,61,High,Medium,Yes,5,53,Medium,Yes,1,Low,High,Private,Neutral,5,No,College,Near,Female,65,132.6,4.5,Medio,2,-2.0
17,61,High,Medium,No,7,63,Low,Yes,1,Medium,Medium,Public,Positive,4,No,College,Moderate,Female,62,104.6,4.5,Medio,2,2.5
19,61,Medium,Low,No,9,62,Medium,Yes,2,Medium,Medium,Public,Neutral,2,No,High School,Far,Female,60,112.6,4.0,Medio,2,1.5
20,90,Low,Medium,No,7,65,Low,No,4,Low,High,Public,Positive,4,No,College,Moderate,Female,68,134.0,4.0,Medio,1,1.0
14,73,Medium,High,Yes,9,82,Medium,Yes,1,Medium,Medium,Public,Negative,3,No,High School,Near,Female,64,99.8,5.5,Medio,2,5.0
24,92,High,High,No,7,85,High,Yes,0,Medium,Medium,Public,Positive,3,No,College,Near,Female,73,151.2,5.0,Medio,2,-2.0
17,77,Medium,Medium,Yes,6,67,Low,Yes,1,Low,Medium,Public,Positive,1,No,College,Near,Male,64,114.19999999999999,4.5,Medio,1,-1.5
19,78,High,High,No,7,89,Medium,Yes,2,Medium,Medium,Public,Neutral,4,No,High School,Moderate,Female,69,122.8,6.0,Medio,2,1.5
14,81,Low,Medium,No,8,71,Low,Yes,1,Low,High,Public,Neutral,3,Yes,Postgraduate,Near,Female,63,104.6,4.5,Medio,1,4.0
5,89,Medium,Medium,Yes,4,76,High,Yes,2,Medium,Medium,Public,Neutral,3,No,College,Near,Male,65,73.4,5.0,Medio,2,4.5
19,71,Medium,Medium,No,8,57,Medium,Yes,2,Medium,High,Public,Positive,4,No,High School,Moderate,Male,65,118.6,5.0,Medio,2,2.5
34,65,Medium,Medium,Yes,6,62,High,Yes,0,Medium,High,Public,Negative,3,No,High School,Near,Male,67,175.0,4.0,Medio,2,-8.0
25,82,Medium,Medium,Yes,5,86,Medium,No,0,Low,Low,Public,Positive,4,No,High School,Near,Male,67,149.2,2.0,Medio,1,-3.5
20,73,Medium,Medium,No,8,99,Low,Yes,1,Medium,Medium,Private,Positive,3,No,High School,Near,Male,66,123.8,4.5,Medio,4,1.0
18,78,Medium,High,Yes,9,85,High,Yes,1,Low,High,Private,Negative,2,No,Postgraduate,Near,Male,68,118.8,5.5,Medio,2,2.0
20,86,Medium,Low,Yes,7,53,Medium,Yes,1,Low,High,Public,Negative,2,No,High School,Near,Male,65,131.6,3.5,Medio,1,-1.0
23,80,Low,Low,Yes,5,57,Medium,Yes,1,Low,Medium,Public,Neutral,4,No,Postgraduate,Near,Male,66,140.0,3.5,Medio,1,-2.5
13,85,High,Low,Yes,6,72,Medium,Yes,2,Low,Medium,Public,Positive,1,No,College,Moderate,Female,66,103.0,4.0,Medio,1,0.5
27,82,Medium,Medium,Yes,6,87,Low,No,2,Low,High,Public,Positive,2,No,High School,Near,Male,69,157.2,3.0,Medio,1,-5.5
24,90,Medium,Medium,No,7,58,Medium,Yes,2,Low,Medium,Private,Neutral,2,No,Postgraduate,Near,Male,70,150.0,5.0,Medio,2,-3.0
24,88,Medium,Low,Yes,7,88,Medium,Yes,2,Medium,High,Private,Neutral,2,No,Postgraduate,Moderate,Male,71,148.8,4.0,Medio,4,-3.0
23,81,High,Medium,No,8,78,High,Yes,4,Low,Low,Public,Positive,3,No,High School,Moderate,Male,70,140.6,6.0,Medio,1,-0.5
20,87,Medium,Medium,No,8,89,Low,Yes,2,Medium,Medium,Public,Neutral,3,No,High School,Moderate,Male,68,132.2,5.0,Medio,2,1.0
24,95,High,High,Yes,8,78,Medium,Yes,2,Low,High,Public,Negative,2,No,Postgraduate,Far,Female,73,153.0,6.0,Medio,1,-2.0
24,77,Medium,High,No,8,80,High,Yes,1,Low,High,Public,Positive,2,Yes,High School,Moderate,Female,68,142.2,5.5,Medio,1,-2.0
18,77,Medium,Medium,Yes,7,62,Low,Yes,2,High,Medium,Private,Neutral,4,No,College,Near,Male,66,118.19999999999999,5.0,Medio,6,2.0
17,91,Medium,Low,Yes,10,86,Low,Yes,1,Medium,Medium,Public,Neutral,3,Yes,Postgraduate,Moderate,Female,67,122.6,3.5,Medio,2,4.5
21,83,Medium,Low,Yes,8,92,Low,Yes,2,Medium,Medium,Private,Negative,4,Yes,High School,Near,Male,66,133.8,4.0,Medio,4,1.5
29,63,Medium,High,Yes,8,94,Medium,Yes,0,Medium,High,Private,Positive,2,No,Postgraduate,Near,Female,69,153.8,5.0,Medio,4,-4.5
13,96,Medium,Medium,No,10,51,Medium,Yes,1,Low,Low,Public,Positive,3,No,Postgraduate,Near,Female,67,109.6,4.5,Medio,1,6.5
11,61,Medium,Low,Yes,7,81,High,Yes,5,Medium,Low,Public,Positive,4,Yes,High School,Near,Male,61,80.6,5.5,Medio,2,5.5
21,90,Medium,Medium,No,6,99,Medium,Yes,2,Low,Medium,Private,Negative,3,No,College,Near,Female,70,138.0,5.0,Medio,2,-1.5
20,90,High,High,No,9,79,Medium,Yes,2,Low,Medium,Public,Negative,2,No,High School,Near,Female,70,134.0,6.0,Medio,1,1.0
21,98,Medium,Medium,Yes,9,59,High,No,3,Medium,Medium,Public,Neutral,3,Yes,College,Near,Female,70,142.8,3.5,Medio,2,1.5
21,62,Medium,Medium,No,7,94,Low,Yes,1,Low,High,Private,Positive,3,No,College,Moderate,Female,64,121.19999999999999,4.5,Medio,2,-0.5
19,84,High,Medium,No,10,63,Medium,Yes,0,Low,Medium,Public,Negative,3,No,College,Far,Female,65,126.4,4.0,Medio,1,3.5
29,77,Medium,Medium,No,7,52,Medium,Yes,5,Low,Medium,Public,Positive,4,No,College,Near,Female,70,162.2,6.5,Medio,1,-3.5
10,73,Low,High,Yes,8,72,Low,Yes,1,Low,High,Public,Positive,2,No,College,Moderate,Female,62,83.8,5.5,Medio,1,5.0
15,64,High,High,Yes,9,55,High,Yes,1,Medium,Low,Public,Neutral,3,No,College,Near,Female,64,98.4,5.5,Medio,2,4.5
19,83,Medium,High,Yes,7,56,Medium,Yes,1,Medium,Low,Private,Positive,3,No,College,Far,Female,67,125.8,5.5,Medio,4,0.5
10,79,High,Medium,No,8,73,High,No,1,Low,Low,Public,Neutral,4,No,High School,Near,Female,63,87.4,2.5,Medio,1,7.0
19,64,Low,Medium,Yes,9,81,High,Yes,0,Medium,High,Public,Neutral,3,Yes,High School,Near,Male,62,114.4,4.0,Medio,2,2.5
30,84,Low,Medium,No,6,95,Medium,Yes,2,High,High,Public,Negative,2,No,College,Near,Male,72,170.4,5.0,Medio,3,-7.0
20,90,Low,Medium,No,6,85,High,No,3,Low,High,Private,Neutral,2,No,College,Near,Male,69,134.0,3.5,Medio,2,-2.0
21,91,Medium,High,Yes,9,92,Medium,Yes,5,Low,Medium,Private,Negative,2,No,High School,Near,Male,72,138.6,7.5,Medio,2,0.5
12,96,Low,Medium,Yes,7,71,High,Yes,2,Medium,Medium,Private,Positive,2,No,College,Near,Male,68,105.6,5.0,Medio,4,3.0
16,76,Low,Medium,No,6,66,Low,Yes,1,Medium,Medium,Private,Neutral,3,No,Postgraduate,Near,Female,64,109.6,4.5,Medio,4,1.0
18,98,High,High,Yes,7,80,Low,Yes,3,Low,Medium,Private,Neutral,1,No,College,Near,Female,72,130.8,6.5,Medio,2,-1.0
18,95,High,High,Yes,8,85,Low,Yes,2,Low,High,Public,Positive,3,No,College,Near,Female,73,129.0,6.0,Medio,1,2.0
28,72,High,Medium,Yes,5,78,Low,No,5,Medium,Low,Private,Negative,2,No,College,Far,Male,67,155.2,4.5,Medio,4,-7.0
23,66,High,Low,Yes,8,63,Medium,Yes,0,Low,Medium,Public,Negative,4,No,College,Near,Female,64,131.6,3.0,Medio,1,0.5
13,77,Medium,Medium,Yes,8,68,Low,Yes,3,High,Medium,Private,Neutral,3,No,High School,Near,Female,65,98.19999999999999,5.5,Medio,6,4.5
21,76,High,High,Yes,9,72,Low,Yes,1,Low,High,Public,Neutral,3,No,High School,Moderate,Female,67,129.6,5.5,Medio,1,1.5
23,83,Medium,Medium,Yes,7,51,Low,Yes,3,Medium,High,Public,Neutral,2,No,College,Moderate,Male,68,141.8,5.5,Medio,2,-2.5
27,83,Medium,High,Yes,9,94,Medium,Yes,2,Low,High,Public,Positive,2,No,High School,Near,Male,72,157.8,6.0,Medio,1,-2.5
29,90,High,Low,Yes,7,76,Low,Yes,1,Medium,Low,Public,Positive,3,No,High School,Moderate,Female,71,170.0,3.5,Medio,2,-4.5
14,80,Medium,Medium,Yes,7,88,Medium,Yes,1,Medium,Medium,Private,Neutral,3,No,High School,Near,Male,66,104.0,4.5,Medio,4,3.0
15,64,High,Medium,No,7,59,Low,Yes,0,Low,Medium,Public,Neutral,3,Yes,High School,Near,Female,59,98.4,4.0,Bajo,1,2.5
12,94,Medium,Medium,Yes,10,78,Medium,Yes,1,Medium,High,Public,Neutral,2,No,High School,Near,Female,68,104.4,4.5,Medio,2,6.0
19,72,Low,High,Yes,5,96,Low,No,3,Low,Low,Public,Positive,2,No,High School,Moderate,Female,64,119.19999999999999,4.5,Medio,1,-2.5
23,99,Low,Medium,No,8,61,Low,Yes,2,High,High,Private,Positive,3,Yes,High School,Near,Female,70,151.4,5.0,Medio,6,-0.5
26,65,Low,Medium,Yes,7,67,Medium,Yes,4,High,Medium,Private,Negative,3,No,High School,Moderate,Female,65,143.0,6.0,Medio,6,-3.0
20,98,High,Medium,Yes,7,69,High,No,2,High,High,Public,Negative,2,No,College,Near,Female,72,138.8,3.0,Medio,3,-1.0
18,64,High,High,No,8,69,Medium,Yes,3,High,Medium,Public,Positive,3,No,College,Moderate,Male,66,110.4,6.5,Medio,3,2.0
21,69,Medium,Medium,Yes,9,80,High,Yes,2,Medium,High,Public,Positive,5,No,College,Near,Male,68,125.4,5.0,Medio,2,3.5
15,62,Medium,High,No,8,70,Medium,Yes,1,Low,Medium,Private,Positive,3,No,College,Near,Male,62,97.19999999999999,5.5,Medio,2,3.5
33,88,Medium,Low,No,9,84,Medium,Yes,1,Low,Medium,Public,Negative,3,No,High School,Near,Male,70,184.8,3.5,Medio,1,-4.5
10,94,High,Medium,Yes,7,74,High,Yes,3,High,Medium,Public,Positive,3,No,College,Moderate,Male,70,96.4,5.5,Medio,3,5.0
21,77,Medium,Low,Yes,7,58,Medium,Yes,0,Low,High,Public,Negative,3,No,College,Near,Male,64,130.2,3.0,Medio,1,-0.5
32,97,High,Low,Yes,5,97,Low,Yes,1,Low,High,Public,Positive,5,No,College,Moderate,Female,76,186.2,3.5,Medio,1,-6.0
20,84,Medium,Medium,Yes,10,62,High,Yes,1,Medium,Medium,Public,Neutral,2,No,College,Moderate,Male,67,130.4,4.5,Medio,2,2.0
19,85,High,High,No,7,78,Low,Yes,2,Low,High,Private,Negative,3,No,College,Near,Male,69,127.0,6.0,Medio,2,0.5
18,94,Medium,Low,Yes,7,53,Medium,Yes,4,Medium,High,Public,Positive,3,No,High School,Far,Female,68,128.4,5.0,Medio,2,1.0
19,72,Medium,Medium,Yes,8,96,Low,Yes,1,Medium,High,Public,Positive,2,No,Postgraduate,Moderate,Female,67,119.19999999999999,4.5,Medio,2,0.5
28,74,Medium,Medium,Yes,9,96,Low,Yes,0,High,High,Private,Neutral,3,No,High School,Near,Female,69,156.4,4.0,Medio,6,-2.0
7,96,High,Medium,Yes,6,68,Medium,Yes,2,Low,High,Public,Neutral,1,No,High School,Near,Female,67,85.6,5.0,Medio,1,3.5
29,96,High,High,Yes,9,56,Low,Yes,0,Low,High,Private,Neutral,4,No,High School,Near,Male,73,173.6,5.0,Medio,2,-1.5
11,99,Medium,High,Yes,7,88,High,No,4,Medium,Low,Private,Neutral,3,No,College,Near,Male,71,103.4,5.0,Medio,4,4.5
18,96,Medium,Low,No,9,63,Medium,Yes,4,Low,Medium,Private,Neutral,3,No,Postgraduate,Near,Male,70,129.6,5.0,Medio,2,3.0
17,65,High,Medium,Yes,6,85,Medium,Yes,1,Low,Medium,Private,Neutral,3,No,High School,Near,Male,65,107.0,4.5,Medio,2,0.5
24,93,High,Medium,Yes,8,96,Medium,Yes,0,Medium,Medium,Public,Positive,1,No,Postgraduate,Moderate,Male,73,151.8,4.0,Medio,2,-3.0
10,76,Medium,Medium,Yes,7,80,Medium,Yes,1,Low,High,Public,Positive,4,No,Postgraduate,Near,Female,65,85.6,4.5,Medio,1,6.0
23,100,Low,Medium,Yes,5,93,Medium,Yes,4,Low,Medium,Private,Neutral,3,No,Postgraduate,Moderate,Male,73,152.0,6.0,Medio,2,-3.5
32,79,Low,High,Yes,5,61,Medium,Yes,0,Low,High,Public,Positive,3,No,College,Near,Male,70,175.4,5.0,Medio,1,-8.0
12,82,High,Medium,Yes,6,96,High,Yes,0,Low,Low,Private,Positive,4,Yes,College,Near,Male,66,97.19999999999999,4.0,Medio,2,4.0
21,81,Low,Medium,Yes,8,61,High,Yes,3,Medium,Low,Public,Negative,5,No,High School,Moderate,Female,66,132.6,5.5,Medio,2,2.5
16,73,Medium,Medium,Yes,4,61,Low,Yes,4,Low,High,Private,Neutral,5,No,High School,Moderate,Male,64,107.8,6.0,Medio,2,1.0
23,63,Medium,Medium,Yes,8,94,High,Yes,2,Medium,Medium,Public,Neutral,5,No,Postgraduate,Near,Male,68,129.8,5.0,Medio,2,1.5
20,96,Medium,Medium,No,7,78,Medium,Yes,1,High,High,Public,Neutral,2,No,High School,Near,Male,70,137.6,4.5,Medio,3,-1.0
23,66,Medium,High,No,6,90,Medium,Yes,2,Low,Medium,Public,Neutral,3,No,High School,Near,Male,66,131.6,6.0,Medio,1,-2.5
31,91,Medium,Medium,Yes,6,82,Medium,Yes,2,Medium,High,Public,Positive,3,No,High School,Near,Male,74,178.6,5.0,Medio,2,-6.5
19,85,High,Medium,No,7,59,Low,Yes,0,Medium,High,Private,Negative,4,No,College,Moderate,Male,67,127.0,4.0,Medio,4,1.5
24,76,High,High,Yes,9,85,Medium,Yes,2,Low,Medium,Private,Positive,2,No,Postgraduate,Near,Female,71,141.6,6.0,Medio,2,-1.0
12,70,Low,High,Yes,9,53,Medium,Yes,2,Low,Medium,Public,Neutral,2,Yes,High School,Near,Male,60,90.0,6.0,Medio,1,5.0
14,94,Low,Medium,No,6,60,Medium,Yes,3,High,Medium,Public,Neutral,3,No,College,Near,Female,68,112.4,5.5,Medio,3,2.0
23,88,Medium,Medium,No,6,82,Medium,Yes,0,Medium,Medium,Private,Negative,3,No,College,Near,Male,69,144.8,4.0,Medio,4,-2.5
29,82,High,High,No,5,95,Medium,Yes,2,Medium,High,Public,Neutral,3,No,College,Near,Male,74,165.2,6.0,Medio,2,-6.5
22,84,High,Medium,Yes,6,89,Medium,Yes,2,Medium,Medium,Public,Neutral,3,No,High School,Near,Male,71,138.4,5.0,Medio,2,-2.0
18,64,High,Medium,Yes,6,67,High,Yes,0,Low,Medium,Private,Negative,4,No,College,Near,Male,63,110.4,4.0,Medio,2,1.0
20,79,High,Low,Yes,7,91,High,No,2,Low,Medium,Private,Negative,4,Yes,College,Moderate,Male,66,127.4,2.0,Medio,2,1.0
12,68,Medium,High,No,7,98,Medium,Yes,1,Medium,High,Private,Neutral,4,No,High School,Near,Male,65,88.8,5.5,Medio,4,5.0
24,68,Low,Low,No,6,67,High,No,0,Low,High,Private,Positive,3,Yes,High School,Far,Female,60,136.8,1.0,Medio,2,-3.0
25,86,Medium,Low,Yes,6,59,Medium,Yes,3,Low,Medium,Public,Positive,3,No,High School,Near,Female,69,151.6,4.5,Medio,1,-3.5
17,96,High,Medium,No,6,60,Medium,Yes,1,Low,Medium,Public,Neutral,3,No,College,Near,Female,69,125.6,4.5,Medio,1,0.5
17,76,Medium,High,Yes,6,70,Low,Yes,2,High,Medium,Public,Neutral,4,No,Postgraduate,Moderate,Male,67,113.6,6.0,Medio,3,1.5
22,68,High,Medium,Yes,9,53,High,Yes,1,Medium,Medium,Public,Neutral,2,No,High School,Moderate,Female,65,128.8,4.5,Medio,2,0.0
17,86,High,High,Yes,8,74,Medium,Yes,1,Low,High,Private,Neutral,4,No,College,Near,Male,70,119.6,5.5,Medio,2,3.5
20,95,High,Medium,Yes,8,87,Low,Yes,0,Low,Medium,Private,Positive,3,No,Postgraduate,Moderate,Female,71,137.0,4.0,Medio,2,1.0
33,90,Low,Medium,Yes,9,77,Medium,Yes,3,Medium,High,Public,Negative,6,Yes,Postgraduate,Moderate,Male,73,186.0,5.5,Medio,2,-1.5
19,95,Low,High,Yes,8,99,Medium,Yes,0,Low,Medium,Public,Neutral,2,No,Postgraduate,Moderate,Male,70,133.0,5.0,Medio,1,0.5
18,81,High,Low,Yes,9,73,High,Yes,1,Medium,High,Public,Neutral,2,No,High School,Near,Female,67,120.6,3.5,Medio,2,2.0
16,90,Low,High,Yes,8,51,Medium,Yes,1,High,Medium,Public,Neutral,5,No,High School,Moderate,Female,67,118.0,5.5,Medio,3,5.0
24,66,Low,High,No,7,74,Medium,Yes,0,High,High,Public,Neutral,2,No,College,Moderate,Male,65,135.6,5.0,Medio,3,-3.0
19,74,High,High,Yes,6,96,Medium,Yes,2,High,Medium,Public,Neutral,3,No,College,Near,Male,69,120.4,6.0,Medio,3,-0.5
16,76,High,High,Yes,6,55,Medium,No,1,Low,Medium,Public,Positive,1,No,Postgraduate,Near,Male,65,109.6,3.5,Medio,1,-1.0
28,80,Medium,High,Yes,8,61,Low,Yes,1,Low,Medium,Private,Negative,3,No,College,Far,Female,68,160.0,5.5,Medio,2,-3.0
29,97,High,Medium,No,7,86,Medium,Yes,0,Medium,Medium,Public,Positive,3,No,College,Near,Female,74,174.2,4.0,Medio,2,-4.5
16,95,Low,Medium,Yes,5,65,High,Yes,0,Medium,Medium,Private,Neutral,3,No,College,Near,Female,68,121.0,4.0,Medio,4,0.0
9,65,Medium,Medium,No,4,88,Low,Yes,1,Low,Medium,Public,Positive,3,No,College,Near,Male,61,75.0,4.5,Medio,1,2.5
26,67,Medium,Low,Yes,10,71,High,Yes,3,Low,Medium,Public,Neutral,3,No,Postgraduate,Near,Male,67,144.2,4.5,Medio,1,0.0
16,74,High,High,Yes,6,90,Medium,Yes,1,Low,Medium,Private,Negative,4,Yes,High School,Near,Female,66,108.4,5.5,Medio,2,2.0
8,85,Medium,Low,Yes,9,54,Low,Yes,1,Low,High,Private,Positive,3,No,High School,Near,Male,62,83.0,3.5,Medio,2,8.0
25,96,Medium,High,Yes,5,69,Low,Yes,0,Low,Medium,Public,Neutral,4,No,High School,Moderate,Male,71,157.6,5.0,Medio,1,-3.5
13,98,High,High,Yes,8,67,Medium,Yes,1,Medium,Medium,Private,Positive,4,No,Postgraduate,Moderate,Female,71,110.8,5.5,Medio,4,5.5
24,86,Medium,High,Yes,10,91,Low,Yes,0,Low,High,Private,Positive,4,No,College,Near,Female,72,147.6,5.0,Medio,2,2.0
20,94,Medium,High,Yes,10,81,Low,Yes,1,Medium,High,Public,Neutral,5,Yes,High School,Far,Female,69,136.4,5.5,Medio,2,5.0
18,68,Medium,High,No,7,69,Medium,Yes,1,Low,High,Public,Neutral,4,Yes,High School,Moderate,Female,63,112.8,5.5,Medio,1,2.0
24,81,Medium,Medium,Yes,6,85,Medium,No,1,Medium,High,Public,Neutral,4,No,College,Moderate,Male,68,144.6,2.5,Medio,2,-2.0
21,82,High,High,Yes,7,53,Low,Yes,0,High,Medium,Public,Positive,2,No,Postgraduate,Near,Male,69,133.2,5.0,Medio,3,-1.5
24,90,Medium,Low,Yes,9,52,Low,Yes,0,Low,Medium,Public,Negative,3,Yes,College,Near,Female,65,150.0,3.0,Medio,1,0.0
32,69,High,High,Yes,5,64,Medium,Yes,0,Medium,Medium,Public,Negative,3,No,Postgraduate,Near,Female,70,169.4,5.0,Medio,2,-8.0
11,75,Medium,Medium,No,8,89,Medium,Yes,2,High,High,Private,Positive,4,No,College,Moderate,Male,65,89.0,5.0,Medio,6,6.5
30,75,Medium,Medium,No,7,77,Medium,Yes,0,Low,Medium,Public,Positive,2,No,High School,Moderate,Male,67,165.0,4.0,Medio,1,-6.0
21,98,Medium,High,Yes,9,70,Medium,Yes,0,Low,High,Public,Positive,1,No,College,Near,Male,72,142.8,5.0,Medio,1,-0.5
15,78,Medium,High,Yes,9,95,High,Yes,1,High,High,Public,Positive,3,No,High School,Near,Male,69,106.8,5.5,Medio,3,4.5
12,90,High,High,Yes,6,75,Low,No,2,Medium,Medium,Public,Neutral,3,No,Postgraduate,Near,Male,69,102.0,4.0,Medio,2,3.0
19,90,High,Low,No,7,81,Medium,Yes,4,High,High,Public,Neutral,4,Yes,College,Near,Female,71,130.0,5.0,Medio,3,1.5
26,71,Medium,Low,Yes,8,99,Medium,Yes,1,Medium,High,Public,Positive,3,No,High School,Far,Male,67,146.6,3.5,Medio,2,-2.0
19,83,Low,Low,No,8,76,Low,Yes,3,Low,Low,Public,Neutral,3,No,Postgraduate,Near,Female,65,125.8,4.5,Medio,1,1.5
29,96,Low,Low,No,4,89,Medium,Yes,2,Low,High,Public,Neutral,2,No,High School,Far,Female,70,173.6,4.0,Medio,1,-8.5
11,79,Medium,Medium,No,8,71,Low,Yes,1,Medium,Medium,Private,Positive,2,No,College,Moderate,Female,63,91.4,4.5,Medio,4,4.5
20,98,High,High,Yes,9,52,Medium,Yes,0,Medium,Medium,Private,Positive,3,No,College,Far,Male,71,138.8,5.0,Medio,4,2.0
12,69,High,Medium,Yes,7,92,Low,Yes,1,Medium,Medium,Public,Neutral,3,No,College,Near,Female,64,89.4,4.5,Medio,2,4.0
22,63,Medium,High,Yes,8,97,High,Yes,5,Medium,Medium,Private,Neutral,3,No,High School,Near,Male,69,125.8,7.5,Medio,4,0.0
25,96,Low,Medium,No,9,72,Low,Yes,0,Low,Medium,Private,Positive,3,No,High School,Near,Male,69,157.6,4.0,Medio,2,-0.5
17,94,Medium,Medium,Yes,7,75,Medium,Yes,1,Low,High,Public,Positive,3,No,Postgraduate,Moderate,Male,70,124.4,4.5,Medio,1,1.5
4,100,High,Low,No,8,71,Low,Yes,2,Low,Medium,Private,Negative,4,No,High School,Moderate,Female,64,76.0,4.0,Medio,2,10.0
21,87,Medium,High,No,7,100,Low,Yes,1,Low,Medium,Public,Positive,3,No,High School,Near,Male,70,136.2,5.5,Medio,1,-0.5
23,97,Medium,High,No,7,95,Medium,Yes,0,Medium,High,Private,Positive,4,No,Postgraduate,Moderate,Female,74,150.2,5.0,Medio,4,-0.5
22,93,Medium,Medium,Yes,6,52,Medium,Yes,1,Low,Medium,Public,Negative,3,No,College,Near,Female,69,143.8,4.5,Medio,1,-2.0
27,94,Low,Medium,Yes,7,89,Medium,Yes,3,Low,Medium,Private,Positive,2,No,College,Near,Female,73,164.4,5.5,Medio,2,-4.5
14,83,Medium,Medium,Yes,10,80,Medium,Yes,1,Medium,High,Private,Neutral,3,Yes,College,Near,Female,66,105.8,4.5,Medio,4,6.0
24,75,High,High,Yes,6,51,High,No,1,Medium,High,Public,Negative,3,No,High School,Near,Male,67,141.0,3.5,Medio,2,-3.0
9,77,Medium,Medium,No,7,57,Low,Yes,2,Medium,Low,Public,Negative,3,No,High School,Near,Male,61,82.19999999999999,5.0,Medio,2,5.5
22,82,Low,Medium,Yes,9,94,High,Yes,0,Medium,Medium,Public,Positive,4,No,High School,Moderate,Female,68,137.2,4.0,Medio,2,2.0
17,78,Medium,Low,Yes,9,51,High,Yes,1,Low,Medium,Private,Neutral,3,No,High School,Moderate,Male,63,114.8,3.5,Medio,2,3.5
20,83,High,Low,Yes,6,94,Medium,Yes,1,Low,Medium,Public,Neutral,2,No,High School,Near,Male,67,129.8,3.5,Medio,1,-2.0
22,79,Low,Low,Yes,6,97,Low,Yes,3,High,Medium,Public,Negative,3,No,High School,Moderate,Male,66,135.4,4.5,Medio,3,-2.0
17,62,High,Low,Yes,6,54,Low,Yes,2,Medium,High,Public,Neutral,3,No,College,Near,Male,62,105.19999999999999,4.0,Medio,2,0.5
16,95,High,Low,Yes,6,86,Medium,Yes,0,Low,High,Private,Neutral,3,No,High School,Near,Male,69,121.0,3.0,Medio,2,1.0
20,78,Medium,Medium,No,6,77,Medium,Yes,3,Medium,Medium,Private,Positive,3,No,High School,Moderate,Male,67,126.8,5.5,Medio,4,-1.0
13,84,Medium,Medium,No,8,98,Low,No,2,Medium,Medium,Public,Positive,2,No,College,Moderate,Female,66,102.4,3.0,Medio,2,3.5
13,66,High,Medium,Yes,6,90,Medium,Yes,2,Low,Medium,Public,Positive,3,Yes,High School,Moderate,Male,63,91.6,5.0,Medio,1,2.5
24,60,Medium,Medium,No,6,85,Low,Yes,1,High,Medium,Public,Neutral,2,No,Postgraduate,Moderate,Male,64,132.0,4.5,Medio,3,-4.0
13,70,Low,Medium,Yes,6,96,High,Yes,2,Medium,Medium,Private,Negative,5,No,Postgraduate,Moderate,Male,64,94.0,5.0,Medio,4,4.5
24,88,Low,Medium,No,8,58,Medium,Yes,1,Low,High,Public,Negative,3,No,High School,Near,Male,67,148.8,4.5,Medio,1,-1.0
23,64,Low,Medium,Yes,7,69,High,Yes,4,High,Medium,Public,Positive,3,No,High School,Moderate,Male,66,130.4,6.0,Medio,3,-1.5
10,96,High,High,Yes,7,92,Medium,Yes,1,Low,Low,Public,Neutral,1,No,High School,Near,Female,68,97.6,5.5,Medio,1,3.0
16,69,Medium,High,Yes,6,55,Medium,Yes,1,Medium,High,Public,Negative,1,No,High School,Moderate,Male,62,105.4,5.5,Medio,2,-1.0
27,68,Medium,Medium,Yes,5,97,Low,Yes,1,Medium,Medium,Public,Negative,4,No,College,Near,Male,68,148.8,4.5,Medio,2,-4.5
14,67,High,Low,No,9,87,Medium,Yes,1,Medium,Medium,Private,Positive,3,No,High School,Near,Male,63,96.19999999999999,3.5,Medio,4,5.0
17,61,Medium,High,No,7,72,Low,Yes,1,Medium,High,Public,Neutral,2,No,High School,Moderate,Male,62,104.6,5.5,Medio,2,0.5
23,91,High,High,No,10,67,High,Yes,2,Low,Medium,Public,Positive,2,No,College,Near,Male,72,146.6,6.0,Medio,1,0.5
25,95,Medium,Low,No,8,57,Low,Yes,4,Low,Medium,Public,Neutral,3,No,High School,Moderate,Female,69,157.0,5.0,Medio,1,-1.5
18,85,Medium,Low,Yes,10,55,High,Yes,3,Medium,High,Public,Neutral,3,No,High School,Near,Male,67,123.0,4.5,Medio,2,4.0
16,68,Medium,High,Yes,8,71,Medium,Yes,1,High,High,Private,Neutral,3,No,High School,Moderate,Male,65,104.8,5.5,Medio,6,3.0
29,71,High,Medium,No,7,92,Low,Yes,1,Low,Medium,Public,Positive,3,No,High School,Near,Female,69,158.6,4.5,Medio,1,-4.5
30,79,High,High,Yes,6,77,Medium,Yes,1,Low,Medium,Public,Positive,2,No,High School,Near,Male,72,167.4,5.5,Medio,1,-7.0
26,98,Low,Medium,Yes,6,73,Medium,Yes,2,Low,Low,Public,Negative,3,No,High School,Near,Female,70,162.8,5.0,Medio,1,-4.0
15,89,High,Low,Yes,7,58,Low,Yes,2,Low,Medium,Public,Negative,3,No,High School,Moderate,Male,65,113.4,4.0,Medio,1,2.5
15,78,Low,Medium,Yes,8,100,Low,Yes,0,Low,Medium,Public,Negative,3,Yes,High School,Near,Female,62,106.8,4.0,Medio,1,3.5
23,72,Low,High,Yes,8,51,Medium,Yes,2,Low,Medium,Private,Positive,3,No,College,Far,Male,65,135.2,6.0,Medio,2,-0.5
23,78,Medium,Medium,Yes,8,66,Medium,Yes,1,Medium,High,Public,Neutral,1,No,College,Moderate,Female,67,138.8,4.5,Medio,2,-2.5
28,63,Medium,Low,No,6,88,High,Yes,4,Medium,High,Public,Neutral,4,No,High School,Far,Male,67,149.8,5.0,Medio,2,-4.0
24,92,Medium,High,No,9,76,Medium,Yes,2,High,Medium,Public,Positive,2,No,High School,Near,Female,72,151.2,6.0,Medio,3,-1.0
11,70,Medium,Low,Yes,7,66,Low,Yes,1,Medium,High,Public,Negative,3,No,High School,Near,Female,60,86.0,3.5,Medio,2,4.5
26,89,Medium,Low,No,7,100,Low,Yes,0,Medium,Low,Public,Neutral,3,No,High School,Near,Female,69,157.4,3.0,Medio,2,-3.0
14,63,Medium,Medium,No,8,81,Low,Yes,0,Medium,Low,Private,Positive,5,No,High School,Near,Female,61,93.8,4.0,Medio,4,6.0
18,98,Low,Medium,Yes,7,65,Medium,Yes,1,High,Medium,Private,Neutral,4,No,Postgraduate,Near,Female,70,130.8,4.5,Medio,6,2.0
22,68,Medium,High,No,4,92,High,Yes,2,High,Medium,Public,Neutral,3,No,High School,Near,Male,68,128.8,6.0,Medio,3,-4.0
32,95,Medium,High,Yes,9,58,Medium,Yes,2,Medium,Medium,Private,Positive,4,No,High School,Near,Male,75,185.0,6.0,Medio,4,-3.0
39,92,Medium,Medium,No,9,73,Medium,Yes,1,Medium,Medium,Public,Negative,4,No,Postgraduate,Moderate,Male,75,211.2,4.5,Medio,2,-6.5
24,99,High,Medium,No,4,92,Low,Yes,2,High,Medium,Private,Neutral,3,No,High School,Far,Male,72,155.4,5.0,Medio,6,-5.0
19,79,Low,Medium,Yes,5,99,High,Yes,1,Low,Medium,Private,Negative,4,No,College,Moderate,Female,66,123.4,4.5,Medio,2,-0.5
23,89,Low,High,No,10,69,Low,Yes,5,Medium,Medium,Public,Neutral,4,No,High School,Near,Male,71,145.4,7.5,Medio,2,2.5
25,75,Low,High,No,7,57,High,Yes,4,Low,High,Public,Positive,5,No,College,Near,Male,70,145.0,7.0,Medio,1,-0.5
18,67,Medium,High,Yes,7,78,Low,Yes,2,Medium,Medium,Public,Negative,3,Yes,High School,Near,Female,63,112.19999999999999,6.0,Medio,2,1.0
31,78,High,High,Yes,6,97,Low,Yes,0,Medium,High,Public,Neutral,3,No,High School,Near,Male,72,170.8,5.0,Medio,2,-6.5
21,67,Medium,Medium,Yes,5,83,Medium,Yes,1,Low,High,Private,Neutral,5,No,High School,Near,Male,65,124.19999999999999,4.5,Medio,2,-0.5
23,99,Medium,Medium,Yes,7,80,Low,Yes,3,Low,Low,Private,Neutral,2,No,High School,Near,Male,71,151.4,5.5,Medio,2,-2.5
24,64,Medium,Medium,Yes,8,65,Medium,Yes,0,Medium,Medium,Public,Positive,3,No,College,Near,Female,65,134.4,4.0,Medio,2,-1.0
23,84,Medium,Low,Yes,7,80,Medium,Yes,1,Medium,High,Private,Positive,3,No,College,Moderate,Female,69,142.4,3.5,Medio,4,-1.5
25,85,Medium,Low,Yes,8,94,Medium,Yes,3,Medium,High,Public,Positive,3,No,High School,Moderate,Male,71,151.0,4.5,Medio,2,-1.5
16,82,Medium,High,Yes,10,69,Medium,Yes,2,Low,Medium,Public,Positive,4,No,College,Near,Male,68,113.19999999999999,6.0,Medio,1,6.0
17,86,Low,Medium,No,6,62,Low,Yes,2,Medium,High,Public,Positive,4,No,High School,Near,Female,66,119.6,5.0,Medio,2,1.5
13,65,High,Medium,No,7,74,Low,Yes,0,High,Medium,Public,Neutral,2,Yes,High School,Moderate,Male,60,91.0,4.0,Medio,3,2.5
23,82,Medium,Medium,No,9,69,Medium,Yes,0,High,Medium,Public,Positive,3,No,High School,Near,Female,68,141.2,4.0,Medio,3,0.5
25,71,Medium,High,Yes,6,73,Medium,Yes,1,Low,Medium,Private,Neutral,4,No,High School,Near,Female,67,142.6,5.5,Medio,2,-2.5
23,98,Medium,Low,No,7,55,Medium,Yes,3,High,High,Private,Neutral,4,No,High School,Near,Male,71,150.8,4.5,Medio,6,-0.5
30,90,High,Medium,No,10,67,High,Yes,2,Medium,Medium,Private,Neutral,6,No,High School,Near,Male,74,174.0,5.0,Medio,4,1.0
20,99,Low,Medium,No,6,91,Medium,Yes,2,Medium,Low,Public,Negative,4,No,High School,Near,Male,70,139.4,5.0,Medio,2,0.0
24,62,Low,High,No,9,70,Low,Yes,2,Low,Medium,Public,Positive,2,No,College,Moderate,Female,63,133.2,6.0,Medio,1,-1.0
13,71,Medium,Medium,No,7,98,Medium,Yes,0,Medium,Medium,Public,Positive,3,No,College,Near,Male,64,94.6,4.0,Medio,2,3.5
18,68,Medium,High,Yes,10,85,High,Yes,3,Low,Medium,Public,Neutral,3,No,High School,Near,Male,66,112.8,6.5,Medio,1,4.0
24,60,Medium,Medium,Yes,5,68,Medium,Yes,0,Medium,Low,Public,Neutral,3,No,Postgraduate,Near,Female,64,132.0,4.0,Medio,2,-4.0
25,70,High,High,Yes,7,63,Medium,Yes,1,Medium,High,Private,Positive,3,No,College,Moderate,Male,69,142.0,5.5,Medio,4,-2.5
18,87,Medium,High,Yes,5,84,Medium,Yes,2,Medium,Low,Private,Positive,4,No,Postgraduate,Near,Male,71,124.19999999999999,6.0,Medio,4,0.0
20,69,High,Medium,No,6,65,Medium,Yes,1,Low,Medium,Public,Neutral,2,No,High School,Near,Female,64,121.4,4.5,Medio,1,-2.0
11,80,Medium,Medium,Yes,6,96,Low,Yes,1,Low,High,Public,Neutral,3,No,High School,Near,Male,65,92.0,4.5,Medio,1,3.5
18,96,High,Medium,No,7,56,Low,Yes,2,Medium,Medium,Private,Neutral,1,No,College,Near,Female,69,129.6,5.0,Medio,4,-1.0
25,88,Medium,High,No,5,51,Medium,Yes,1,Medium,Low,Public,Neutral,1,No,High School,Near,Female,68,152.8,5.5,Medio,2,-6.5
23,76,Medium,Medium,Yes,7,61,Medium,Yes,3,Medium,Low,Public,Positive,4,No,High School,Near,Male,68,137.6,5.5,Medio,2,-0.5
23,75,High,Medium,Yes,8,80,High,Yes,0,Low,High,Private,Neutral,4,No,High School,Moderate,Female,68,137.0,4.0,Medio,2,0.5
20,78,Low,Medium,Yes,5,92,Low,Yes,1,Medium,Medium,Public,Positive,3,No,High School,Far,Male,65,126.8,4.5,Medio,2,-2.0
20,67,High,High,No,6,59,Low,Yes,1,Medium,Medium,Private,Negative,4,No,College,Near,Female,65,120.19999999999999,5.5,Medio,4,0.0
16,85,Medium,Low,No,10,79,Low,Yes,1,High,Medium,Private,Neutral,3,No,College,Near,Male,66,115.0,3.5,Medio,6,5.0
24,75,High,Low,No,7,57,Medium,Yes,0,Medium,Medium,Public,Neutral,1,No,Postgraduate,Near,Male,66,141.0,3.0,Medio,2,-4.0
23,94,Medium,Low,Yes,4,78,Medium,Yes,2,High,High,Public,Neutral,4,No,High School,Moderate,Male,71,148.4,4.0,Medio,3,-3.5
23,90,High,Medium,Yes,5,51,Medium,Yes,0,Low,High,Public,Negative,1,No,High School,Near,Male,68,146.0,4.0,Medio,1,-5.5
17,84,Low,Medium,Yes,7,78,Low,Yes,0,High,High,Public,Neutral,5,Yes,College,Moderate,Female,65,118.4,4.0,Medio,3,3.5
7,75,Medium,High,Yes,7,76,Medium,Yes,0,Medium,Low,Private,Positive,4,No,College,Moderate,Female,63,73.0,5.0,Medio,4,7.5
27,68,High,Medium,No,6,52,Medium,Yes,1,Medium,Low,Private,Neutral,5,No,Postgraduate,Far,Female,66,148.8,4.5,Medio,4,-2.5
15,79,Low,Medium,Yes,10,79,Medium,Yes,2,Low,Medium,Private,Neutral,4,No,College,Moderate,Male,65,107.4,5.0,Medio,2,6.5
24,69,Medium,High,Yes,7,81,Low,Yes,3,Medium,Medium,Private,Neutral,4,No,High School,Near,Female,68,137.4,6.5,Medio,4,-1.0
18,68,Medium,Medium,Yes,8,76,High,Yes,2,High,Medium,Public,Neutral,3,No,Postgraduate,Near,Male,66,112.8,5.0,Medio,3,2.0
26,67,Low,High,No,8,86,Medium,Yes,2,Low,Medium,Public,Negative,2,Yes,High School,Near,Female,64,144.2,6.0,Medio,1,-3.0
24,91,Medium,Low,Yes,9,76,High,Yes,1,Low,Low,Public,Positive,4,No,College,Near,Female,70,150.6,3.5,Medio,1,1.0
24,69,High,Low,Yes,6,96,Medium,Yes,4,High,Medium,Public,Positive,4,No,College,Moderate,Male,70,137.4,5.0,Medio,3,-2.0
12,81,Medium,High,No,10,97,Low,Yes,1,Low,Medium,Private,Positive,5,No,High School,Near,Female,66,96.6,5.5,Medio,2,9.0
27,78,Medium,Medium,Yes,7,86,Medium,Yes,3,Medium,Medium,Public,Positive,2,No,High School,Moderate,Female,70,154.8,5.5,Medio,2,-4.5
22,83,High,High,No,8,96,Medium,No,2,Medium,High,Public,Positive,0,No,College,Near,Female,71,137.8,4.0,Medio,2,-3.0
18,95,Low,High,No,7,96,Medium,Yes,2,Medium,High,Private,Positive,4,Yes,High School,Moderate,Male,70,129.0,6.0,Medio,4,2.0
21,95,Medium,Medium,No,7,63,Medium,Yes,1,Low,Medium,Private,Positive,4,No,Postgraduate,Near,Male,70,141.0,4.5,Medio,2,0.5
9,78,High,Medium,Yes,7,100,Low,Yes,2,Medium,Medium,Public,Positive,2,No,High School,Near,Male,66,82.8,5.0,Medio,2,4.5
22,61,High,Medium,No,5,63,Low,Yes,1,Low,Medium,Public,Positive,3,No,Postgraduate,Near,Male,64,124.6,4.5,Medio,1,-3.0
14,77,High,High,No,4,51,Low,Yes,5,Low,Medium,Public,Positive,3,No,College,Moderate,Male,66,102.19999999999999,7.5,Medio,1,0.0
12,84,High,Medium,Yes,7,98,High,Yes,1,Low,Medium,Public,Positive,3,No,High School,Near,Female,68,98.4,4.5,Medio,1,4.0
11,82,Low,Low,No,6,61,Low,Yes,2,Medium,Medium,Public,Neutral,2,No,High School,Near,Female,61,93.19999999999999,4.0,Medio,2,2.5
27,86,Medium,Medium,Yes,8,79,Medium,Yes,2,Low,High,Private,Positive,4,No,College,Near,Male,72,159.6,5.0,Medio,2,-1.5
16,66,High,High,No,8,99,Medium,Yes,1,Low,High,Private,Positive,3,No,High School,Moderate,Male,66,103.6,5.5,Medio,2,3.0
29,86,Low,Low,Yes,7,52,Medium,Yes,1,Low,Medium,Public,Positive,3,No,College,Near,Female,68,167.6,3.5,Medio,1,-4.5
17,67,Low,Medium,No,9,63,High,Yes,1,Low,High,Public,Negative,4,No,College,Far,Male,61,108.19999999999999,4.5,Medio,1,4.5
10,90,High,Medium,Yes,7,80,Low,Yes,0,Medium,Medium,Public,Neutral,5,No,High School,Near,Female,67,94.0,4.0,Medio,2,7.0
13,74,High,High,Yes,5,88,Low,Yes,3,Low,Medium,Private,Neutral,3,Yes,College,Near,Female,66,96.4,6.5,Medio,2,1.5
27,88,Medium,Medium,Yes,7,90,Medium,Yes,3,Medium,Medium,Public,Positive,4,No,Postgraduate,Moderate,Female,74,160.8,5.5,Medio,2,-2.5
19,62,High,Medium,Yes,9,94,Medium,Yes,0,High,Low,Public,Neutral,4,No,Postgraduate,Near,Female,66,113.19999999999999,4.0,Medio,3,3.5
17,76,High,Medium,Yes,4,58,Medium,Yes,4,Medium,Medium,Private,Neutral,2,No,Postgraduate,Moderate,Female,67,113.6,6.0,Medio,4,-2.5
21,88,High,Low,Yes,7,69,Medium,Yes,4,Medium,Medium,Private,Neutral,3,No,College,Near,Male,71,136.8,5.0,Medio,4,-0.5
23,69,High,Low,Yes,8,86,High,Yes,0,Medium,High,Public,Neutral,4,No,College,Far,Male,66,133.4,3.0,Medio,2,0.5
27,92,Medium,Medium,Yes,10,86,High,Yes,0,Low,Low,Private,Positive,3,No,High School,Moderate,Male,71,163.2,4.0,Medio,2,-0.5
29,85,High,Medium,Yes,9,65,High,No,4,Low,Medium,Private,Neutral,4,No,Postgraduate,Moderate,Male,72,167.0,4.0,Medio,2,-1.5
18,84,Medium,Medium,Yes,7,65,Medium,Yes,2,Medium,Medium,Public,Negative,3,No,High School,Near,Female,66,122.4,5.0,Medio,2,1.0
12,74,High,Low,Yes,8,66,Low,Yes,1,Low,Medium,Public,Positive,2,No,High School,Near,Male,62,92.4,3.5,Medio,1,4.0
18,79,High,Medium,Yes,4,95,Low,Yes,1,Low,High,Public,Negative,2,No,High School,Moderate,Female,66,119.4,4.5,Medio,1,-3.0
22,84,Low,High,Yes,5,95,Medium,Yes,2,Low,High,Public,Neutral,3,No,High School,Moderate,Male,69,138.4,6.0,Medio,1,-3.0
14,79,Medium,Medium,Yes,8,51,Medium,Yes,0,Medium,High,Public,Negative,4,No,High School,Near,Male,64,103.4,4.0,Medio,2,5.0
14,88,Medium,Medium,Yes,7,66,Medium,Yes,4,Medium,High,Public,Positive,3,No,High School,Near,Female,69,108.8,6.0,Medio,2,3.0
22,77,High,Low,Yes,7,70,Medium,Yes,2,Medium,Medium,Private,Positive,4,No,Postgraduate,Near,Male,69,134.2,4.0,Medio,4,0.0
20,68,High,Low,Yes,7,99,High,Yes,0,Low,Medium,Public,Positive,2,Yes,College,Moderate,Female,64,120.8,3.0,Medio,1,-1.0
20,69,Medium,High,Yes,7,97,Medium,Yes,3,Medium,High,Public,Positive,3,Yes,College,Near,Female,68,121.4,6.5,Medio,2,0.0
15,60,Medium,Medium,Yes,7,81,Low,Yes,4,Low,High,Public,Positive,2,No,High School,Near,Male,63,96.0,6.0,Medio,1,1.5
19,72,High,Medium,Yes,5,52,Low,Yes,1,Low,Medium,Public,Positive,2,No,High School,Near,Male,64,119.19999999999999,4.5,Medio,1,-2.5
14,90,Medium,High,Yes,7,60,Medium,Yes,2,Medium,Medium,Public,Neutral,4,No,Postgraduate,Near,Male,69,110.0,6.0,Medio,2,4.0
25,92,Low,High,No,5,72,Medium,Yes,1,Medium,Medium,Public,Positive,4,No,High School,Near,Female,71,155.2,5.5,Medio,2,-3.5
26,68,Medium,High,No,6,98,Low,Yes,2,Medium,Medium,Private,Neutral,3,No,College,Far,Female,67,144.8,6.0,Medio,4,-4.0
9,98,High,Medium,No,9,55,Low,Yes,3,Low,Medium,Public,Positive,2,No,High School,Near,Male,67,94.8,5.5,Medio,1,6.5
14,80,High,Low,Yes,7,90,High,Yes,2,Low,High,Public,Negative,2,No,College,Far,Female,66,104.0,4.0,Medio,1,2.0
11,97,Medium,High,Yes,8,60,Medium,Yes,0,Medium,Low,Private,Positive,3,No,High School,Near,Male,67,102.19999999999999,5.0,Medio,4,5.5
16,88,Low,High,No,7,75,Low,Yes,2,Medium,Medium,Public,Neutral,4,No,Postgraduate,Near,Female,68,116.8,6.0,Medio,2,3.0
19,89,Medium,Medium,Yes,6,88,Low,Yes,1,Medium,High,Public,Positive,2,No,High School,Near,Female,69,129.4,4.5,Medio,2,-1.5
11,63,High,High,Yes,5,85,High,No,0,Low,High,Public,Positive,4,Yes,High School,Moderate,Female,62,81.8,3.0,Medio,1,3.5
14,69,Medium,Medium,Yes,6,89,High,Yes,2,High,High,Private,Positive,5,No,High School,Moderate,Female,66,97.4,5.0,Medio,6,4.0
14,60,Medium,Medium,Yes,7,91,Medium,Yes,1,Low,High,Private,Negative,3,No,Postgraduate,Near,Male,63,92.0,4.5,Medio,2,3.0
21,89,Low,Low,Yes,8,65,Medium,Yes,2,Low,Low,Public,Neutral,3,No,College,Near,Female,67,137.4,4.0,Medio,1,0.5
20,74,High,Medium,No,7,68,High,Yes,3,Medium,Medium,Public,Positive,4,No,High School,Far,Male,68,124.4,5.5,Medio,2,1.0
16,91,Medium,Low,No,8,91,Low,Yes,2,Medium,Medium,Public,Neutral,2,No,High School,Far,Female,66,118.6,4.0,Medio,2,2.0
21,74,Medium,Medium,Yes,5,52,Medium,Yes,3,Medium,Medium,Private,Positive,1,No,High School,Near,Male,66,128.4,5.5,Medio,4,-4.5
17,93,High,Medium,No,8,76,Low,Yes,0,Low,Medium,Private,Negative,3,No,High School,Moderate,Female,67,123.8,4.0,Medio,2,2.5
18,65,High,Medium,Yes,5,96,Medium,Yes,1,High,Medium,Private,Neutral,2,No,High School,Near,Female,66,111.0,4.5,Medio,6,-2.0
30,67,Medium,Medium,Yes,8,94,Medium,Yes,1,Medium,Medium,Public,Neutral,2,No,College,Near,Female,69,160.2,4.5,Medio,2,-5.0
28,74,Medium,High,No,8,90,High,Yes,2,Medium,Medium,Public,Positive,3,No,Postgraduate,Near,Male,72,156.4,6.0,Medio,2,-3.0
12,76,Medium,Low,Yes,4,51,Medium,Yes,0,Low,Medium,Private,Neutral,1,No,High School,Near,Female,60,93.6,3.0,Medio,2,-1.0
25,74,Low,High,Yes,8,94,High,Yes,0,Low,Medium,Public,Positive,4,No,High School,Moderate,Female,68,144.4,5.0,Medio,1,-0.5
25,91,Low,Medium,Yes,8,96,Medium,Yes,3,Medium,Medium,Public,Neutral,3,No,High School,Near,Female,72,154.6,5.5,Medio,2,-1.5
13,64,Medium,High,Yes,9,83,Low,Yes,1,High,Medium,Public,Positive,4,No,High School,Near,Male,64,90.4,5.5,Medio,3,6.5
25,74,Low,Medium,Yes,6,65,High,Yes,0,High,Medium,Public,Neutral,1,No,High School,Moderate,Male,65,144.4,4.0,Medio,3,-5.5
29,93,High,High,No,7,74,Medium,Yes,3,Medium,High,Private,Positive,3,No,High School,Near,Male,76,171.8,6.5,Medio,4,-4.5
13,63,Low,Medium,No,8,88,Medium,Yes,0,Low,Medium,Private,Negative,2,No,High School,Near,Male,59,89.8,4.0,Bajo,2,3.5
14,98,Medium,Medium,Yes,8,91,Low,Yes,0,Low,Medium,Public,Negative,4,No,High School,Moderate,Male,67,114.8,4.0,Medio,1,5.0
26,99,Medium,Medium,Yes,8,67,Medium,Yes,4,Medium,Medium,Private,Positive,4,Yes,High School,Near,Male,73,163.4,6.0,Medio,4,-1.0
22,64,Medium,High,No,6,66,Low,Yes,1,Medium,Medium,Public,Neutral,4,No,College,Near,Male,64,126.4,5.5,Medio,2,-1.0
23,72,Medium,High,No,8,87,Low,Yes,3,Medium,Low,Public,Neutral,3,No,High School,Near,Male,67,135.2,6.5,Medio,2,-0.5
22,75,High,Medium,Yes,8,84,Low,Yes,3,High,Medium,Public,Negative,3,No,College,Near,Male,69,133.0,5.5,Medio,3,0.0
22,91,Medium,Low,Yes,7,76,Medium,Yes,1,Low,High,Public,Neutral,3,No,College,Moderate,Female,69,142.6,3.5,Medio,1,-1.0
12,84,High,High,Yes,6,71,Medium,No,2,Medium,Medium,Public,Positive,3,No,College,Moderate,Male,67,98.4,4.0,Medio,2,3.0
26,86,Medium,High,Yes,6,83,Medium,Yes,2,Low,Medium,Public,Positive,4,No,High School,Near,Male,72,155.6,6.0,Medio,1,-3.0
19,65,Medium,High,Yes,8,54,Medium,Yes,0,Low,High,Private,Neutral,3,No,High School,Far,Female,62,115.0,5.0,Medio,2,1.5
20,93,Medium,Low,No,7,79,Medium,Yes,1,Medium,Low,Public,Neutral,3,No,Postgraduate,Near,Female,69,135.8,3.5,Medio,2,0.0
11,88,High,High,Yes,7,61,Low,Yes,2,Medium,Medium,Public,Neutral,3,No,Postgraduate,Near,Male,68,96.8,6.0,Medio,2,4.5
23,96,Low,Medium,Yes,7,89,Medium,Yes,1,Low,Medium,Private,Positive,3,No,College,Far,Female,70,149.6,4.5,Medio,2,-1.5
20,88,Low,Medium,Yes,5,85,Medium,Yes,2,Medium,Medium,Public,Negative,3,No,High School,Near,Male,68,132.8,5.0,Medio,2,-2.0
27,68,Medium,Medium,Yes,7,95,Low,Yes,0,Medium,Medium,Public,Positive,4,No,High School,Near,Male,67,148.8,4.0,Medio,2,-2.5
18,77,High,Medium,Yes,9,57,Low,Yes,1,Low,High,Public,Negative,2,No,Postgraduate,Near,Male,66,118.19999999999999,4.5,Medio,1,2.0
23,80,Low,High,No,6,63,Low,Yes,0,High,Medium,Private,Positive,2,No,High School,Near,Male,66,140.0,5.0,Medio,6,-3.5
14,62,Medium,High,Yes,7,63,Medium,Yes,2,Low,Medium,Public,Positive,2,No,College,Moderate,Female,62,93.19999999999999,6.0,Medio,1,2.0
20,98,Medium,Medium,Yes,8,89,High,Yes,3,High,Medium,Public,Negative,2,Yes,College,Near,Male,72,138.8,5.5,Medio,3,0.0
19,65,Medium,High,Yes,7,76,Medium,No,0,Medium,Medium,Public,Neutral,3,No,Postgraduate,Near,Female,64,115.0,3.0,Medio,2,0.5
21,88,Medium,Medium,Yes,6,63,Low,Yes,1,Medium,Medium,Public,Neutral,3,No,High School,Near,Female,68,136.8,4.5,Medio,2,-1.5
18,80,Medium,High,Yes,7,57,Medium,Yes,2,Low,Low,Public,Positive,3,No,Postgraduate,Far,Female,66,120.0,6.0,Medio,1,1.0
19,61,Medium,High,Yes,8,95,High,Yes,4,Medium,Medium,Private,Positive,3,No,College,Near,Male,68,112.6,7.0,Medio,4,1.5
25,97,Low,High,Yes,7,85,High,Yes,3,High,Medium,Public,Neutral,1,No,Postgraduate,Near,Male,75,158.2,6.5,Medio,3,-4.5
17,94,Low,Low,No,7,76,High,Yes,3,Low,High,Public,Neutral,3,Yes,College,Far,Male,67,124.4,4.5,Medio,1,1.5
10,81,Low,Medium,Yes,9,98,Medium,Yes,2,Low,Medium,Public,Neutral,2,No,College,Near,Male,65,88.6,5.0,Medio,1,6.0
30,69,Medium,Medium,No,8,92,Medium,Yes,2,Medium,Low,Public,Neutral,3,No,High School,Near,Female,68,161.4,5.0,Medio,2,-4.0
28,65,Medium,Medium,Yes,5,59,High,Yes,2,Low,Medium,Private,Neutral,5,No,High School,Near,Male,67,151.0,5.0,Medio,2,-4.0
12,75,Medium,Medium,Yes,8,75,High,Yes,1,Low,Medium,Private,Negative,2,No,College,Near,Female,63,93.0,4.5,Medio,2,4.0
24,70,Medium,High,Yes,8,74,Low,Yes,2,Medium,High,Public,Negative,3,No,High School,Near,Male,67,138.0,6.0,Medio,2,-1.0
17,80,Medium,Medium,Yes,5,92,Medium,Yes,0,Low,Medium,Private,Negative,4,No,Postgraduate,Near,Female,67,116.0,4.0,Medio,2,0.5
22,99,Medium,Medium,Yes,4,57,High,Yes,2,Medium,High,Public,Positive,3,No,College,Near,Female,73,147.4,5.0,Medio,2,-4.0
22,83,Medium,Medium,Yes,5,73,High,No,0,Low,Medium,Public,Positive,3,No,High School,Near,Male,67,137.8,2.0,Medio,1,-3.0
19,96,Medium,Medium,No,7,82,Medium,Yes,1,High,Medium,Public,Neutral,4,No,Postgraduate,Near,Male,71,133.6,4.5,Medio,3,1.5
15,86,Low,Medium,No,9,97,Medium,Yes,2,Medium,Medium,Public,Negative,4,No,High School,Near,Male,67,111.6,5.0,Medio,2,5.5
16,79,High,Low,Yes,6,95,Medium,Yes,0,High,Medium,Public,Neutral,5,No,College,Near,Male,68,111.4,3.0,Medio,3,3.0
15,94,Low,Low,Yes,8,77,Medium,Yes,1,High,High,Private,Positive,1,No,College,Near,Male,68,116.4,3.5,Medio,6,1.5
15,79,High,Medium,Yes,4,80,Medium,Yes,1,High,Medium,Private,Negative,4,No,High School,Far,Male,66,107.4,4.5,Medio,6,0.5
20,95,High,Low,Yes,7,93,Low,No,0,Low,High,Public,Neutral,2,No,High School,Near,Male,68,137.0,1.0,Medio,1,-1.0
16,72,Medium,Low,No,6,87,Medium,No,2,Medium,Low,Private,Positive,4,No,High School,Near,Female,63,107.19999999999999,2.0,Medio,4,2.0
24,65,High,High,No,10,94,Medium,Yes,2,Medium,Medium,Public,Neutral,2,No,Postgraduate,Moderate,Male,68,135.0,6.0,Medio,2,0.0
29,94,Low,High,Yes,4,95,Medium,Yes,1,Medium,Medium,Public,Positive,5,No,High School,Near,Male,74,172.4,5.5,Medio,2,-5.5
17,83,Low,Medium,Yes,7,92,Low,Yes,3,Low,Medium,Public,Neutral,2,Yes,High School,Moderate,Male,65,117.8,5.5,Medio,1,0.5
21,96,Medium,Medium,Yes,4,50,Medium,Yes,1,Low,Low,Private,Positive,2,No,Postgraduate,Moderate,Male,69,141.6,4.5,Medio,2,-4.5
23,98,Medium,High,No,6,66,Medium,Yes,1,Low,Medium,Public,Neutral,1,No,High School,Moderate,Male,70,150.8,5.5,Medio,1,-4.5
23,62,Medium,Low,Yes,4,70,High,Yes,3,Medium,High,Public,Positive,2,No,College,Moderate,Female,65,129.2,4.5,Medio,2,-5.5
20,80,Medium,Medium,No,10,84,Medium,Yes,1,Medium,Medium,Public,Positive,4,No,College,Near,Male,68,128.0,4.5,Medio,2,4.0
24,75,Low,Medium,No,6,65,Medium,No,0,Medium,Medium,Public,Positive,5,No,College,Moderate,Male,65,141.0,2.0,Medio,2,-1.0
23,85,Medium,High,No,7,66,Low,No,0,High,High,Public,Neutral,2,No,College,Near,Male,68,143.0,3.0,Medio,3,-2.5
13,92,Medium,High,Yes,7,70,Low,Yes,4,Low,Medium,Public,Neutral,3,No,High School,Near,Male,68,107.19999999999999,7.0,Medio,1,3.5
25,71,Medium,Medium,Yes,5,98,Low,Yes,0,Low,Medium,Public,Positive,1,No,Postgraduate,Far,Male,66,142.6,4.0,Medio,1,-6.5
25,82,High,Medium,No,9,72,High,Yes,0,High,Medium,Public,Positive,0,No,College,Near,Female,70,149.2,4.0,Medio,3,-3.5
15,88,Medium,Medium,No,8,57,Medium,Yes,1,High,Medium,Private,Positive,2,No,High School,Far,Male,66,112.8,4.5,Medio,6,2.5
20,65,Medium,High,Yes,8,50,Medium,Yes,0,Low,Medium,Public,Positive,5,No,High School,Near,Male,64,119.0,5.0,Medio,1,3.0
24,93,Medium,High,No,5,62,Medium,Yes,1,Low,Medium,Public,Neutral,1,No,College,Near,Female,70,151.8,5.5,Medio,1,-6.0
19,84,High,Medium,No,9,97,Low,Yes,1,High,Medium,Public,Negative,3,Yes,High School,Near,Male,68,126.4,4.5,Medio,3,2.5
26,98,Low,High,Yes,9,98,Low,Yes,4,Low,Low,Public,Positive,2,No,College,Moderate,Male,74,162.8,7.0,Medio,1,-2.0
34,74,High,Low,Yes,7,76,Medium,Yes,2,Low,High,Public,Positive,2,No,College,Near,Female,71,180.4,4.0,Medio,1,-8.0
15,64,Medium,Medium,Yes,8,82,Low,Yes,0,Low,Medium,Public,Negative,3,No,High School,Near,Male,61,98.4,4.0,Medio,1,3.5
12,80,Medium,Low,No,7,90,Medium,Yes,3,Low,Medium,Public,Neutral,3,No,High School,Near,Female,64,96.0,4.5,Medio,1,4.0
22,63,High,Low,No,5,53,High,Yes,2,High,Medium,Public,Neutral,1,No,Postgraduate,Moderate,Male,64,125.8,4.0,Medio,3,-5.0
24,99,High,Medium,Yes,7,69,Medium,Yes,0,Medium,Medium,Private,Positive,3,No,High School,Near,Male,73,155.4,4.0,Medio,4,-2.0
19,62,Medium,High,Yes,6,82,Medium,Yes,0,Low,High,Public,Negative,3,Yes,College,Moderate,Male,62,113.19999999999999,5.0,Medio,1,-0.5
29,90,Low,Medium,Yes,7,95,Medium,Yes,0,High,High,Public,Neutral,2,Yes,High School,Near,Male,71,170.0,4.0,Medio,3,-5.5
12,81,High,Medium,Yes,9,86,Medium,Yes,2,Medium,High,Public,Negative,2,No,Postgraduate,Near,Male,68,96.6,5.0,Medio,2,5.0
24,75,Medium,Low,Yes,5,68,High,Yes,2,Medium,Medium,Public,Neutral,2,No,Postgraduate,Near,Male,67,141.0,4.0,Medio,2,-5.0
16,63,Medium,Medium,No,6,95,High,Yes,1,Medium,Medium,Public,Negative,4,No,College,Far,Female,63,101.8,4.5,Medio,2,2.0
30,85,Low,Medium,No,6,83,Medium,Yes,2,Medium,Medium,Public,Positive,3,No,College,Near,Female,71,171.0,5.0,Medio,2,-6.0
32,83,Medium,Medium,Yes,6,92,Low,Yes,1,High,Medium,Public,Neutral,3,No,High School,Near,Male,72,177.8,4.5,Medio,3,-7.0
15,71,High,Medium,No,6,69,High,No,3,Medium,High,Public,Positive,3,No,Postgraduate,Moderate,Female,66,102.6,3.5,Medio,2,1.5
17,96,Medium,Medium,Yes,7,50,Low,Yes,1,Medium,Medium,Private,Negative,4,No,High School,Near,Female,67,125.6,4.5,Medio,4,2.5
25,72,High,Medium,Yes,8,58,Medium,Yes,0,Low,Medium,Public,Negative,4,No,College,Moderate,Female,66,143.2,4.0,Medio,1,-0.5
18,78,Low,Medium,No,8,96,Medium,Yes,4,High,Medium,Public,Positive,4,Yes,College,Near,Male,68,118.8,6.0,Medio,3,3.0
20,82,Low,Low,Yes,7,52,Low,Yes,0,Medium,Medium,Private,Neutral,3,No,College,Near,Female,64,129.2,3.0,Medio,4,0.0
20,64,Medium,Medium,Yes,8,80,High,Yes,1,Medium,Medium,Private,Positive,3,No,High School,Near,Male,65,118.4,4.5,Medio,4,1.0
8,97,High,Medium,Yes,10,70,High,Yes,0,Low,Low,Public,Neutral,1,No,High School,Near,Male,66,90.19999999999999,4.0,Medio,1,7.0
20,75,High,High,Yes,7,71,High,Yes,1,Medium,High,Public,Positive,4,No,College,Moderate,Male,69,125.0,5.5,Medio,2,1.0
16,63,High,High,No,9,70,Low,Yes,2,Medium,High,Private,Negative,5,No,College,Moderate,Female,64,101.8,6.0,Medio,4,6.0
17,75,Low,High,Yes,8,53,Medium,Yes,1,Low,High,Public,Positive,3,No,College,Near,Female,65,113.0,5.5,Medio,1,2.5
29,84,High,Medium,Yes,10,56,High,Yes,3,Low,High,Public,Neutral,4,No,Postgraduate,Far,Female,72,166.4,5.5,Medio,1,-0.5
12,81,High,Medium,No,8,53,Low,Yes,1,Medium,High,Private,Positive,3,No,College,Near,Male,65,96.6,4.5,Medio,4,5.0
25,88,Low,High,Yes,6,53,Medium,Yes,2,Medium,High,Public,Negative,4,No,College,Near,Female,70,152.8,6.0,Medio,2,-2.5
18,62,Medium,Medium,Yes,7,54,Medium,Yes,2,Medium,High,Private,Positive,3,No,Postgraduate,Moderate,Male,64,109.19999999999999,5.0,Medio,4,1.0
18,71,Medium,Low,Yes,7,85,Low,Yes,1,Low,Low,Public,Neutral,2,No,High School,Moderate,Male,62,114.6,3.5,Medio,1,0.0
25,93,Medium,High,No,8,56,High,Yes,0,Low,Low,Private,Neutral,3,No,High School,Near,Male,69,155.8,5.0,Medio,2,-1.5
22,63,High,Low,No,6,63,Low,Yes,1,Medium,Low,Public,Negative,2,No,Postgraduate,Moderate,Male,62,125.8,3.5,Medio,2,-3.0
23,94,Low,Low,Yes,9,83,Medium,Yes,2,Low,Medium,Private,Positive,2,No,High School,Near,Female,69,148.4,4.0,Medio,2,-0.5
26,64,Medium,High,No,7,56,Medium,Yes,3,Medium,Medium,Public,Positive,3,No,High School,Near,Male,66,142.4,6.5,Medio,2,-3.0
18,93,Medium,High,Yes,8,96,Medium,Yes,2,Medium,Low,Public,Positive,2,No,High School,Moderate,Female,71,127.8,6.0,Medio,2,1.0
16,74,Medium,High,Yes,7,74,Low,Yes,4,Low,Low,Private,Positive,3,No,High School,Near,Male,66,108.4,7.0,Medio,2,2.0
13,84,High,Medium,No,7,98,Medium,No,0,Low,Low,Public,Neutral,4,Yes,High School,Near,Male,64,102.4,2.0,Medio,1,4.5
15,66,Medium,High,Yes,7,60,High,Yes,2,High,Medium,Private,Negative,3,No,High School,Moderate,Female,63,99.6,6.0,Medio,6,2.5
38,63,Medium,High,No,8,52,High,Yes,1,Medium,Medium,Private,Positive,3,No,College,Moderate,Male,69,189.8,5.5,Medio,4,-8.0
27,69,High,High,Yes,10,80,Medium,No,1,Medium,High,Public,Positive,4,Yes,High School,Near,Female,68,149.4,3.5,Medio,2,0.5
12,65,High,High,Yes,4,66,Medium,Yes,0,Medium,High,Public,Neutral,2,No,High School,Near,Female,63,87.0,5.0,Medio,2,0.0
12,72,Medium,Medium,Yes,8,79,High,Yes,1,High,Medium,Public,Positive,3,No,College,Far,Male,64,91.19999999999999,4.5,Medio,3,5.0
23,81,Medium,Low,Yes,7,74,Medium,Yes,0,Low,Medium,Public,Neutral,0,No,Postgraduate,Near,Female,66,140.6,3.0,Medio,1,-4.5
23,84,Medium,High,Yes,7,73,Medium,Yes,1,High,Medium,Public,Positive,4,No,High School,Near,Male,71,142.4,5.5,Medio,3,-0.5
23,92,High,Medium,Yes,4,93,High,Yes,0,High,Medium,Public,Negative,4,No,High School,Near,Female,72,147.2,4.0,Medio,3,-3.5
19,84,Medium,High,Yes,7,75,Low,Yes,1,Low,Medium,Public,Negative,2,No,College,Far,Male,66,126.4,5.5,Medio,1,-0.5
22,76,Medium,Medium,Yes,6,71,Medium,Yes,0,Low,High,Private,Neutral,2,No,High School,Moderate,Male,65,133.6,4.0,Medio,2,-3.0
21,79,Low,Medium,Yes,7,84,Low,Yes,2,Medium,Medium,Private,Neutral,3,No,High School,Near,Male,66,131.4,5.0,Medio,4,-0.5
7,77,Low,Medium,Yes,7,53,High,Yes,4,Low,Medium,Private,Positive,2,No,College,Moderate,Female,62,74.19999999999999,6.0,Medio,2,5.5
19,94,Medium,Low,No,4,76,Medium,Yes,4,Low,High,Private,Negative,3,No,High School,Moderate,Female,68,132.4,5.0,Medio,2,-2.5
15,69,Medium,Medium,Yes,7,74,High,Yes,2,Low,Medium,Private,Neutral,5,No,Postgraduate,Near,Female,65,101.4,5.0,Medio,2,4.5
21,60,Low,High,No,8,99,Low,Yes,0,Low,Low,Private,Positive,3,No,High School,Near,Male,62,120.0,5.0,Medio,2,0.5
38,86,High,Medium,No,6,88,High,Yes,1,Low,High,Public,Negative,4,No,High School,Moderate,Female,74,203.6,4.5,Medio,1,-9.0
22,68,Medium,Low,Yes,7,58,Medium,Yes,0,Medium,Medium,Public,Neutral,3,No,Postgraduate,Near,Male,64,128.8,3.0,Medio,2,-1.0
18,96,High,High,No,7,75,High,Yes,2,Medium,High,Public,Negative,2,No,High School,Near,Male,72,129.6,6.0,Medio,2,0.0
26,94,Medium,Medium,No,9,89,Medium,Yes,0,Low,Medium,Public,Neutral,3,Yes,High School,Near,Female,70,160.4,4.0,Medio,1,-1.0
23,63,High,Medium,No,7,76,Medium,Yes,2,Medium,High,Public,Positive,1,No,High School,Far,Male,65,129.8,5.0,Medio,2,-3.5
23,64,Medium,High,Yes,8,68,Low,Yes,3,Low,High,Public,Neutral,3,No,High School,Near,Female,66,130.4,6.5,Medio,1,-0.5
24,80,Medium,Medium,Yes,7,69,Low,Yes,0,Medium,High,Private,Positive,3,No,College,Far,Male,67,144.0,4.0,Medio,4,-2.0
32,84,Medium,High,Yes,10,68,Medium,Yes,1,Low,Medium,Public,Positive,5,No,High School,Near,Male,73,178.4,5.5,Medio,1,-1.0
13,71,Medium,High,Yes,6,51,Low,Yes,4,High,Medium,Public,Positive,4,No,College,Moderate,Female,65,94.6,7.0,Medio,3,3.5
23,89,High,High,No,6,87,Medium,Yes,4,Medium,High,Private,Neutral,3,No,College,Near,Female,74,145.4,7.0,Medio,4,-2.5
14,84,Medium,Medium,No,7,81,Medium,Yes,0,High,Medium,Public,Neutral,2,No,College,Near,Female,66,106.4,4.0,Medio,3,2.0
23,73,Medium,Medium,No,6,63,Medium,Yes,1,High,Medium,Public,Positive,3,No,High School,Near,Male,67,135.8,4.5,Medio,3,-2.5
14,61,Medium,Medium,No,5,82,Low,No,0,Low,Medium,Public,Neutral,0,No,High School,Near,Female,58,92.6,2.0,Bajo,1,-2.0
17,90,High,High,No,8,65,Medium,Yes,2,Low,High,Public,Positive,3,No,Postgraduate,Moderate,Male,71,122.0,6.0,Medio,1,2.5
18,69,Low,High,Yes,4,62,High,Yes,1,Medium,Low,Public,Neutral,3,No,High School,Moderate,Male,63,113.4,5.5,Medio,2,-2.0
26,93,Low,High,No,6,87,Medium,Yes,1,Medium,High,Public,Positive,3,No,College,Near,Female,73,159.8,5.5,Medio,2,-4.0
26,77,High,Medium,Yes,5,90,Medium,Yes,1,Medium,Medium,Private,Neutral,2,No,High School,Far,Female,68,150.2,4.5,Medio,4,-6.0
13,83,Low,Medium,Yes,7,81,Medium,Yes,4,Low,Medium,Public,Negative,5,No,College,Near,Female,66,101.8,6.0,Medio,1,5.5
20,95,Low,Medium,No,4,89,Medium,Yes,3,Low,Medium,Public,Negative,3,Yes,High School,Near,Male,68,137.0,5.5,Medio,1,-3.0
16,95,Medium,Low,No,8,68,Low,No,2,Medium,High,Public,Neutral,4,No,High School,Near,Female,66,121.0,2.0,Medio,2,4.0
12,75,Medium,High,No,8,54,Low,Yes,1,Medium,High,Public,Negative,3,No,High School,Near,Female,62,93.0,5.5,Medio,2,5.0
19,68,Medium,Medium,Yes,5,80,Medium,Yes,0,Medium,Medium,Public,Neutral,3,Yes,High School,Moderate,Male,78,116.8,4.0,Medio,2,-1.5
18,91,Medium,Medium,No,7,63,Medium,Yes,1,Medium,Medium,Public,Negative,4,No,College,Near,Male,68,126.6,4.5,Medio,2,2.0
35,77,High,High,Yes,8,89,Medium,Yes,5,High,Medium,Public,Positive,4,No,College,Near,Female,77,186.2,7.5,Medio,3,-5.5
23,68,High,Low,Yes,8,68,Medium,Yes,1,Medium,Medium,Public,Neutral,2,No,College,Near,Male,65,132.8,3.5,Medio,2,-1.5
12,96,High,High,Yes,5,84,Low,Yes,3,High,Medium,Public,Positive,4,No,Postgraduate,Near,Female,73,105.6,6.5,Medio,3,3.0
17,68,Medium,Low,Yes,5,78,Medium,Yes,4,Low,Low,Public,Positive,2,No,College,Near,Male,64,108.8,5.0,Medio,1,-1.5
26,61,Low,High,Yes,9,91,Medium,No,0,High,High,Private,Positive,4,No,College,Near,Female,67,140.6,3.0,Medio,6,0.0
33,61,High,Medium,No,6,92,Medium,Yes,1,Medium,Medium,Public,Positive,4,No,High School,Near,Female,69,168.6,4.5,Medio,2,-6.5
10,85,Low,Low,Yes,6,53,High,Yes,1,Low,Medium,Private,Neutral,3,Yes,High School,Moderate,Male,60,91.0,3.5,Medio,2,4.0
9,86,High,Medium,No,8,65,High,Yes,0,Medium,Medium,Public,Positive,3,No,College,Near,Female,66,87.6,4.0,Medio,2,6.5
31,72,Low,High,Yes,5,94,High,Yes,2,Low,Low,Public,Positive,2,No,High School,Near,Male,70,167.2,6.0,Medio,1,-8.5
22,73,High,Medium,Yes,7,70,Low,No,2,Low,Medium,Public,Positive,3,No,College,Near,Male,66,131.8,3.0,Medio,1,-1.0
15,74,High,Medium,Yes,8,76,Medium,Yes,1,Medium,Low,Public,Neutral,4,No,High School,Far,Male,64,104.4,4.5,Medio,2,4.5
23,87,Medium,High,No,5,59,Medium,Yes,1,High,Low,Public,Neutral,4,No,College,Near,Male,70,144.2,5.5,Medio,3,-2.5
4,62,Medium,Medium,No,6,78,High,Yes,3,High,Medium,Public,Neutral,2,No,High School,Far,Female,58,53.199999999999996,5.5,Bajo,3,6.0
20,97,Medium,High,Yes,5,63,Medium,Yes,0,Low,Medium,Public,Negative,3,No,College,Far,Female,69,138.2,5.0,Medio,1,-2.0
22,69,Medium,Medium,Yes,6,91,Low,Yes,0,High,High,Private,Neutral,1,Yes,High School,Moderate,Male,64,129.4,4.0,Medio,6,-4.0
26,100,Low,Medium,No,9,60,Medium,Yes,2,Medium,Medium,Public,Positive,4,No,High School,Near,Male,72,164.0,5.0,Medio,2,0.0
14,67,Medium,Medium,Yes,9,68,Low,Yes,1,Low,Medium,Public,Neutral,3,Yes,High School,Near,Male,60,96.19999999999999,4.5,Medio,1,5.0
21,91,Medium,Medium,Yes,7,55,High,Yes,2,High,Medium,Private,Neutral,3,No,High School,Near,Female,70,138.6,5.0,Medio,6,-0.5
14,69,Medium,Low,Yes,8,79,Medium,Yes,1,High,Medium,Public,Negative,1,No,Postgraduate,Moderate,Female,62,97.4,3.5,Medio,3,2.0
22,63,Medium,Medium,Yes,8,97,Medium,Yes,1,High,High,Public,Neutral,3,No,High School,Moderate,Female,66,125.8,4.5,Medio,3,0.0
15,95,Medium,Medium,Yes,6,59,Low,Yes,0,Medium,Medium,Private,Positive,5,No,High School,Far,Female,66,117.0,4.0,Medio,4,3.5
18,94,Low,Medium,Yes,7,51,Medium,Yes,1,Low,Medium,Public,Neutral,3,Yes,College,Moderate,Male,65,128.4,4.5,Medio,1,1.0
14,76,High,Medium,Yes,5,71,Medium,Yes,1,Low,Medium,Public,Negative,3,No,High School,Near,Male,64,101.6,4.5,Medio,1,1.0
24,88,High,Medium,Yes,6,87,Medium,Yes,1,High,Low,Private,Positive,3,No,High School,Near,Female,72,148.8,4.5,Medio,6,-3.0
25,82,Medium,Medium,Yes,7,99,High,Yes,3,Low,High,Public,Neutral,2,No,High School,Near,Female,71,149.2,5.5,Medio,1,-3.5
19,94,Low,High,No,5,53,Medium,Yes,1,Medium,Medium,Public,Neutral,3,No,High School,Near,Female,68,132.4,5.5,Medio,2,-1.5
20,73,High,Medium,Yes,5,89,Medium,Yes,2,Medium,High,Public,Positive,5,Yes,High School,Moderate,Female,68,123.8,5.0,Medio,2,0.0
11,81,Low,Medium,Yes,6,68,High,Yes,2,High,Medium,Private,Negative,3,No,Postgraduate,Far,Female,64,92.6,5.0,Medio,6,3.5
18,79,Low,Medium,Yes,9,58,Medium,Yes,3,Medium,High,Public,Negative,3,No,High School,Near,Female,65,119.4,5.5,Medio,2,3.0
20,74,Medium,High,Yes,9,60,Medium,No,1,Low,Medium,Public,Positive,3,No,High School,Moderate,Female,64,124.4,3.5,Medio,1,2.0
36,96,Medium,Low,No,7,96,Medium,Yes,1,Low,High,Public,Positive,3,No,College,Moderate,Female,75,201.6,3.5,Medio,1,-8.0
13,67,Low,Medium,Yes,8,90,Medium,Yes,2,Low,Medium,Private,Negative,2,No,High School,Near,Male,61,92.19999999999999,5.0,Medio,2,3.5
29,66,High,High,No,6,66,Medium,Yes,0,Medium,Medium,Private,Negative,3,No,Postgraduate,Near,Male,68,155.6,5.0,Medio,4,-5.5
26,83,Medium,Medium,No,4,97,Low,Yes,2,Low,High,Public,Negative,4,No,College,Moderate,Male,70,153.8,5.0,Medio,1,-5.0
22,86,High,Medium,No,6,55,Medium,Yes,5,High,Low,Private,Negative,3,No,Postgraduate,Near,Female,71,139.6,6.5,Medio,6,-2.0
31,68,Low,High,Yes,7,66,Low,Yes,0,Low,Medium,Public,Positive,3,No,High School,Near,Male,66,164.8,5.0,Medio,1,-5.5
22,76,High,Low,Yes,7,83,Low,Yes,0,Low,Medium,Public,Positive,1,No,College,Near,Male,66,133.6,3.0,Medio,1,-3.0
22,98,Medium,Medium,Yes,7,100,Low,Yes,0,Low,Medium,Public,Neutral,3,No,High School,Far,Male,70,146.8,4.0,Medio,1,-1.0
20,70,Low,Medium,No,7,73,Medium,Yes,0,Low,Medium,Public,Negative,5,No,High School,Near,Female,62,122.0,4.0,Medio,1,2.0
27,87,High,Low,Yes,6,91,Low,Yes,4,High,Medium,Public,Neutral,4,No,High School,Moderate,Male,72,160.2,5.0,Medio,3,-3.5
27,90,High,Medium,No,8,96,High,Yes,0,Medium,Medium,Public,Negative,4,No,High School,Moderate,Male,72,162.0,4.0,Medio,2,-1.5
16,78,Low,Medium,Yes,5,50,Medium,Yes,2,Low,Medium,Private,Positive,2,No,College,Moderate,Male,63,110.8,5.0,Medio,2,-1.0
12,98,High,Low,Yes,8,64,Medium,No,5,Low,Medium,Public,Neutral,5,No,College,Near,Female,69,106.8,3.5,Medio,1,7.0
19,89,Medium,Medium,Yes,6,55,Medium,Yes,0,Medium,High,Public,Positive,2,No,Postgraduate,Moderate,Male,68,129.4,4.0,Medio,2,-1.5
15,78,High,High,Yes,10,89,Low,Yes,0,Medium,Medium,Public,Neutral,3,No,High School,Near,Male,67,106.8,5.0,Medio,2,5.5
20,83,High,High,Yes,7,78,High,Yes,3,Low,Medium,Private,Neutral,2,No,College,Near,Female,71,129.8,6.5,Medio,2,-1.0
27,88,Low,Medium,Yes,6,55,Low,No,2,Low,Medium,Public,Positive,5,No,High School,Far,Male,67,160.8,3.0,Medio,1,-2.5
17,84,Low,Low,Yes,6,71,Low,Yes,0,Medium,Medium,Private,Negative,4,Yes,High School,Near,Male,62,118.4,3.0,Medio,4,1.5
20,95,Medium,Medium,No,6,76,Medium,Yes,0,Low,High,Private,Positive,4,No,High School,Moderate,Female,69,137.0,4.0,Medio,2,0.0
20,74,High,Medium,Yes,8,85,Medium,Yes,2,Low,Medium,Public,Positive,0,No,High School,Near,Male,67,124.4,5.0,Medio,1,-2.0
25,72,Medium,High,Yes,7,89,Medium,Yes,2,Low,High,Public,Positive,3,No,Postgraduate,Near,Female,71,143.2,6.0,Medio,1,-2.5
16,62,Low,Medium,No,8,74,Medium,Yes,2,High,High,Private,Neutral,3,No,High School,Moderate,Male,62,101.19999999999999,5.0,Medio,6,3.0
21,62,High,Low,Yes,7,58,Medium,Yes,2,Low,High,Public,Positive,1,No,College,Near,Female,64,121.19999999999999,4.0,Medio,1,-2.5
27,95,Medium,High,No,8,88,High,Yes,3,Medium,Medium,Private,Positive,2,No,High School,Far,Female,74,165.0,6.5,Medio,4,-3.5
17,87,High,High,Yes,9,83,Medium,Yes,0,Low,High,Public,Neutral,2,No,College,Moderate,Male,69,120.19999999999999,5.0,Medio,1,2.5
9,86,High,Medium,No,8,86,Medium,Yes,1,Low,High,Public,Neutral,1,No,High School,Near,Male,65,87.6,4.5,Medio,1,4.5
24,85,Low,Medium,Yes,7,54,Medium,No,2,Medium,Low,Public,Neutral,3,No,College,Moderate,Female,66,147.0,3.0,Medio,2,-2.0
16,94,Medium,Medium,Yes,8,76,Low,Yes,3,Medium,Medium,Public,Negative,4,No,Postgraduate,Near,Female,70,120.4,5.5,Medio,2,4.0
13,79,High,High,No,5,92,Medium,Yes,3,Medium,Medium,Public,Neutral,3,No,High School,Near,Male,68,99.4,6.5,Medio,2,1.5
16,95,Low,Low,No,10,86,Medium,Yes,4,High,Medium,Public,Positive,2,No,College,Near,Female,70,121.0,5.0,Medio,3,4.0
19,74,High,High,No,8,93,High,Yes,1,Medium,Medium,Public,Negative,3,No,High School,Near,Male,68,120.4,5.5,Medio,2,1.5
16,97,High,Low,Yes,8,60,Medium,Yes,0,Low,High,Public,Positive,3,No,High School,Near,Male,69,122.19999999999999,3.0,Medio,1,3.0
7,88,Medium,High,Yes,7,64,Low,Yes,2,Medium,High,Public,Neutral,4,No,Postgraduate,Moderate,Male,66,80.8,6.0,Medio,2,7.5
25,70,Medium,Medium,Yes,4,72,Medium,Yes,0,Low,Low,Public,Neutral,4,No,College,Moderate,Male,65,142.0,4.0,Medio,1,-4.5
28,83,Medium,Medium,Yes,7,76,Medium,Yes,1,Medium,Medium,Public,Positive,3,No,College,Near,Male,71,161.8,4.5,Medio,2,-4.0
24,81,Medium,Low,Yes,7,63,Medium,Yes,1,Low,Medium,Public,Positive,3,No,High School,Moderate,Male,66,144.6,3.5,Medio,1,-2.0
13,66,Low,Medium,Yes,6,69,Low,Yes,2,Low,Medium,Private,Positive,4,No,High School,Near,Male,61,91.6,5.0,Medio,2,3.5
19,84,Medium,Medium,Yes,6,84,Medium,Yes,3,Medium,High,Public,Neutral,2,No,Postgraduate,Moderate,Male,69,126.4,5.5,Medio,2,-1.5
20,73,Medium,Medium,No,6,82,Low,Yes,1,Medium,High,Private,Negative,3,No,College,Near,Male,65,123.8,4.5,Medio,4,-1.0
24,62,Medium,Medium,Yes,8,56,Medium,Yes,0,Medium,Medium,Private,Positive,2,No,College,Moderate,Male,63,133.2,4.0,Medio,4,-2.0
24,98,Medium,Low,Yes,9,99,High,Yes,2,Low,High,Public,Neutral,2,No,Postgraduate,Far,Female,73,154.8,4.0,Medio,1,-1.0
16,86,High,Medium,Yes,7,78,Low,Yes,1,Low,Medium,Private,Positive,4,No,Postgraduate,Moderate,Male,68,115.6,4.5,Medio,2,3.0
20,95,Medium,Medium,Yes,6,74,Medium,Yes,1,High,Low,Public,Positive,4,No,High School,Far,Female,70,137.0,4.5,Medio,3,0.0
23,87,Medium,Medium,Yes,6,98,Medium,Yes,3,Medium,Medium,Public,Neutral,3,No,College,Near,Male,72,144.2,5.5,Medio,2,-2.5
29,74,High,Medium,Yes,7,57,Medium,No,3,Medium,Medium,Private,Positive,2,No,High School,Moderate,Male,68,160.4,3.5,Medio,4,-5.5
24,81,Medium,Medium,No,7,77,Medium,Yes,0,High,Medium,Private,Positive,3,No,High School,Near,Male,68,144.6,4.0,Medio,6,-2.0
25,87,High,Medium,Yes,8,90,Medium,Yes,1,Low,Medium,Public,Negative,4,No,High School,Near,Female,71,152.2,4.5,Medio,1,-0.5
21,98,Low,Low,Yes,6,70,Medium,Yes,1,Medium,Medium,Public,Positive,3,No,High School,Moderate,Male,68,142.8,3.5,Medio,2,-1.5
28,70,High,Low,Yes,8,87,High,Yes,3,Low,Medium,Public,Neutral,3,No,Postgraduate,Moderate,Male,70,154.0,4.5,Medio,1,-3.0
22,95,Medium,Low,Yes,8,95,Medium,No,2,Low,High,Private,Neutral,4,No,High School,Near,Female,70,145.0,2.0,Medio,2,1.0
15,97,High,Medium,Yes,6,63,Low,Yes,2,Medium,Medium,Public,Neutral,3,No,High School,Near,Female,69,118.19999999999999,5.0,Medio,2,1.5
28,87,High,Medium,Yes,4,62,High,Yes,2,Low,High,Public,Positive,4,No,High School,Near,Female,73,164.2,5.0,Medio,1,-6.0
24,97,Medium,Medium,Yes,6,68,Low,Yes,1,Medium,High,Public,Neutral,4,No,College,Near,Male,72,154.2,4.5,Medio,2,-2.0
17,76,Medium,High,No,9,71,Medium,Yes,0,Medium,High,Public,Neutral,3,No,Postgraduate,Near,Male,67,113.6,5.0,Medio,2,3.5
17,98,High,Medium,No,4,56,Medium,Yes,2,Low,Low,Private,Positive,3,No,High School,Near,Female,69,126.8,5.0,Medio,2,-1.5
22,88,Low,Medium,Yes,9,62,Medium,Yes,1,High,Medium,Private,Negative,3,No,College,Near,Male,68,140.8,4.5,Medio,6,1.0
23,62,High,Low,No,4,94,Medium,Yes,0,Medium,Low,Private,Positive,3,No,Postgraduate,Far,Female,64,129.2,3.0,Medio,4,-4.5
21,96,Low,High,Yes,6,78,Low,Yes,2,Medium,High,Private,Neutral,3,No,High School,Moderate,Female,71,141.6,6.0,Medio,4,-1.5
22,79,High,Medium,Yes,6,63,Medium,Yes,1,Medium,High,Public,Neutral,4,No,High School,Near,Female,68,135.4,4.5,Medio,2,-1.0
30,78,Medium,High,Yes,10,97,Medium,Yes,1,Low,Low,Private,Positive,2,No,High School,Far,Male,70,166.8,5.5,Medio,2,-3.0
26,83,Medium,High,Yes,7,89,Medium,Yes,3,Low,Medium,Private,Positive,3,No,High School,Moderate,Male,72,153.8,6.5,Medio,2,-3.0
21,66,Low,High,Yes,7,68,High,Yes,2,Low,Medium,Public,Positive,1,No,High School,Near,Female,65,123.6,6.0,Medio,1,-2.5
26,79,Medium,High,No,6,88,Medium,Yes,1,Low,High,Public,Positive,3,Yes,College,Near,Male,70,151.4,5.5,Medio,1,-4.0
14,93,Medium,Medium,No,8,80,Low,Yes,2,Low,Medium,Private,Positive,4,No,Postgraduate,Near,Male,69,111.8,5.0,Medio,2,5.0
22,61,Medium,Medium,No,6,84,Low,Yes,0,Medium,Medium,Public,Positive,2,No,Postgraduate,Near,Male,64,124.6,4.0,Medio,2,-3.0
31,71,Low,High,Yes,7,66,Medium,Yes,3,Low,Medium,Private,Negative,1,No,High School,Near,Male,67,166.6,6.5,Medio,2,-7.5
19,60,High,High,Yes,6,60,High,Yes,1,Low,Medium,Public,Positive,2,No,College,Near,Male,65,112.0,5.5,Medio,1,-1.5
15,77,Low,Medium,Yes,8,63,Medium,Yes,0,Medium,Medium,Public,Neutral,1,No,High School,Near,Female,62,106.19999999999999,4.0,Medio,2,1.5
16,89,High,Medium,No,8,54,Medium,Yes,2,Low,High,Private,Positive,2,No,College,Moderate,Male,68,117.4,5.0,Medio,2,2.0
13,92,Medium,High,No,6,74,High,Yes,2,Low,Medium,Private,Neutral,2,No,College,Near,Male,68,107.19999999999999,6.0,Medio,2,1.5
15,98,Medium,Medium,No,6,70,Low,Yes,1,Medium,High,Private,Positive,3,No,High School,Moderate,Male,68,118.8,4.5,Medio,4,1.5
18,84,Medium,Low,Yes,6,50,Medium,Yes,4,High,High,Private,Negative,3,No,Postgraduate,Near,Male,68,122.4,5.0,Medio,6,0.0
12,70,Medium,Medium,Yes,7,93,Medium,Yes,1,Low,High,Public,Neutral,4,No,High School,Far,Female,62,90.0,4.5,Medio,1,5.0
20,97,Medium,Low,Yes,8,84,Low,Yes,4,Medium,Medium,Public,Positive,5,No,High School,Near,Female,72,138.2,5.0,Medio,2,3.0
25,91,Low,Medium,No,7,72,Medium,Yes,1,Medium,High,Private,Neutral,3,No,College,Far,Male,69,154.6,4.5,Medio,4,-2.5
15,83,Medium,High,No,4,98,Low,Yes,3,Low,High,Public,Positive,3,No,High School,Moderate,Female,68,109.8,6.5,Medio,1,-0.5
29,88,Low,Medium,Yes,8,97,Medium,Yes,4,Low,High,Public,Negative,3,Yes,College,Moderate,Male,71,168.8,6.0,Medio,1,-3.5
23,97,Low,High,Yes,5,55,Medium,Yes,0,Medium,Low,Public,Neutral,3,No,High School,Moderate,Female,69,150.2,5.0,Medio,2,-3.5
26,88,Low,High,No,6,81,Medium,Yes,1,High,Medium,Public,Positive,2,No,High School,Near,Male,71,156.8,5.5,Medio,3,-5.0
16,75,Medium,High,Yes,7,91,Low,Yes,2,Low,Low,Public,Positive,5,No,High School,Far,Male,65,109.0,6.0,Medio,1,4.0
25,89,Medium,High,No,7,59,Medium,Yes,1,Low,Medium,Public,Neutral,4,Yes,High School,Near,Male,68,153.4,5.5,Medio,1,-1.5
13,62,Medium,Medium,Yes,8,56,Low,Yes,1,Low,High,Public,Positive,4,Yes,High School,Near,Female,60,89.19999999999999,4.5,Medio,1,5.5
25,75,Medium,Medium,Yes,6,63,Low,Yes,3,High,Medium,Private,Neutral,4,No,High School,Near,Male,68,145.0,5.5,Medio,6,-2.5
21,76,Low,High,No,6,64,Medium,Yes,1,Medium,Medium,Public,Neutral,4,No,High School,Near,Female,66,129.6,5.5,Medio,2,-0.5
23,67,Medium,Medium,No,7,98,Low,Yes,4,Low,Medium,Private,Neutral,3,No,High School,Moderate,Male,66,132.2,6.0,Medio,2,-1.5
13,61,Medium,Medium,Yes,8,89,Low,Yes,4,Low,Medium,Private,Neutral,4,No,High School,Far,Female,62,88.6,6.0,Medio,2,5.5
15,65,Medium,Medium,No,8,53,Medium,Yes,2,Low,Medium,Public,Negative,3,No,College,Near,Male,61,99.0,5.0,Medio,1,3.5
24,86,High,Medium,No,7,89,Low,Yes,2,Low,Medium,Public,Negative,3,No,Postgraduate,Far,Female,69,147.6,5.0,Medio,1,-2.0
14,92,Medium,High,Yes,9,58,High,Yes,1,High,Low,Public,Positive,2,No,High School,Near,Male,69,111.19999999999999,5.5,Medio,3,4.0
23,100,Medium,Medium,Yes,9,68,Medium,Yes,4,High,High,Private,Negative,3,No,Postgraduate,Near,Male,74,152.0,6.0,Medio,6,0.5
12,74,Medium,High,Yes,8,66,Low,Yes,1,Low,Medium,Public,Negative,4,No,High School,Near,Female,62,92.4,5.5,Medio,1,6.0
25,84,Medium,Medium,Yes,5,64,Medium,Yes,0,Low,Medium,Public,Negative,3,No,College,Moderate,Female,67,150.4,4.0,Medio,1,-4.5
13,97,High,Medium,No,8,65,High,Yes,1,Low,Medium,Private,Positive,2,No,High School,Near,Female,69,110.19999999999999,4.5,Medio,2,3.5
23,67,High,Low,Yes,7,88,Medium,Yes,1,Low,Medium,Private,Positive,4,No,High School,Near,Male,66,132.2,3.5,Medio,2,-0.5
24,89,Medium,High,Yes,6,63,Medium,Yes,2,High,Medium,Private,Positive,3,No,College,Near,Male,72,149.4,6.0,Medio,6,-3.0
16,90,High,Low,No,6,90,Medium,Yes,2,High,Medium,Public,Neutral,3,No,High School,Near,Male,69,118.0,4.0,Medio,3,1.0
23,64,Medium,High,Yes,7,55,Medium,Yes,0,Medium,Medium,Public,Positive,4,No,High School,Moderate,Male,65,130.4,5.0,Medio,2,-0.5
22,94,Medium,High,No,6,80,Low,Yes,0,High,Medium,Private,Positive,2,No,Postgraduate,Near,Male,72,144.4,5.0,Medio,6,-3.0
17,93,Low,Medium,Yes,7,93,Low,Yes,2,Medium,Medium,Private,Positive,4,No,High School,Near,Male,69,123.8,5.0,Medio,4,2.5
14,61,Medium,High,No,7,54,Medium,Yes,3,Low,Medium,Public,Positive,2,Yes,High School,Near,Female,60,92.6,6.5,Medio,1,2.0
8,64,High,Medium,No,7,82,High,Yes,0,High,Medium,Public,Neutral,1,Yes,Postgraduate,Near,Female,61,70.4,4.0,Medio,3,4.0
22,62,High,Low,No,8,76,Medium,Yes,1,Medium,Low,Public,Neutral,3,No,High School,Near,Male,63,125.19999999999999,3.5,Medio,2,0.0
11,73,Medium,Medium,No,7,67,Medium,No,3,Medium,High,Private,Positive,5,Yes,Postgraduate,Near,Male,63,87.8,3.5,Medio,4,6.5
21,80,Medium,Medium,Yes,6,55,High,Yes,1,High,High,Public,Negative,3,No,Postgraduate,Moderate,Male,68,132.0,4.5,Medio,3,-1.5
18,81,Medium,Medium,Yes,4,84,Low,Yes,1,Medium,Medium,Private,Positive,4,No,College,Near,Female,68,120.6,4.5,Medio,4,-1.0
24,71,High,Medium,No,8,65,Medium,Yes,1,Low,Medium,Private,Negative,2,No,High School,Near,Male,65,138.6,4.5,Medio,2,-2.0
18,96,Medium,High,No,7,67,Medium,Yes,1,High,Medium,Public,Positive,2,No,High School,Near,Female,71,129.6,5.5,Medio,3,0.0
18,75,Medium,Medium,Yes,7,86,Low,Yes,1,Low,Medium,Private,Negative,3,No,High School,Near,Male,64,117.0,4.5,Medio,2,1.0
24,62,Medium,Medium,No,9,97,Medium,Yes,1,Medium,Medium,Private,Negative,2,No,Postgraduate,Near,Male,65,133.2,4.5,Medio,4,-1.0
22,72,High,Medium,Yes,5,67,Low,Yes,2,Medium,Medium,Public,Neutral,4,No,College,Near,Female,67,131.2,5.0,Medio,2,-2.0
22,81,High,Medium,No,7,87,Low,Yes,0,Low,Medium,Public,Neutral,2,No,High School,Near,Female,67,136.6,4.0,Medio,1,-2.0
23,76,Low,Medium,Yes,6,98,Medium,Yes,1,Low,High,Public,Neutral,3,No,College,Moderate,Male,67,137.6,4.5,Medio,1,-2.5
25,65,High,High,Yes,4,76,High,Yes,1,High,Medium,Private,Neutral,1,No,High School,Moderate,Female,67,139.0,5.5,Medio,6,-7.5
24,93,High,Medium,Yes,8,51,High,Yes,4,Medium,Medium,Private,Positive,2,Yes,High School,Near,Male,72,151.8,6.0,Medio,4,-2.0
14,100,Medium,Low,Yes,8,91,High,Yes,0,Low,High,Public,Neutral,3,No,High School,Near,Female,69,116.0,3.0,Medio,1,4.0
19,73,Medium,Medium,Yes,6,64,Low,Yes,1,High,Medium,Public,Positive,3,No,College,Moderate,Female,65,119.8,4.5,Medio,3,-0.5
20,75,High,Medium,Yes,7,67,Low,Yes,1,Low,Medium,Private,Positive,4,No,High School,Near,Female,66,125.0,4.5,Medio,2,1.0
19,85,High,High,No,6,84,Low,Yes,3,Medium,Medium,Private,Negative,3,No,Postgraduate,Near,Male,70,127.0,6.5,Medio,4,-0.5
22,89,High,High,Yes,8,89,Medium,Yes,0,Medium,Medium,Private,Neutral,3,No,High School,Moderate,Male,71,141.4,5.0,Medio,4,0.0
29,76,Medium,High,Yes,8,70,Low,No,1,Low,Low,Public,Neutral,4,No,College,Moderate,Female,67,161.6,3.5,Medio,1,-2.5
26,96,High,Medium,No,5,83,Medium,Yes,0,Medium,High,Public,Positive,2,No,High School,Far,Male,72,161.6,4.0,Medio,2,-6.0
12,82,Low,Medium,No,5,98,Medium,Yes,0,Low,High,Public,Neutral,1,No,High School,Moderate,Male,63,97.19999999999999,4.0,Medio,1,0.0
24,78,High,Low,Yes,9,94,Low,Yes,0,Low,High,Public,Neutral,4,No,High School,Moderate,Female,67,142.8,3.0,Medio,1,1.0
22,98,Medium,Medium,No,8,97,Low,Yes,1,High,Medium,Private,Positive,1,Yes,Postgraduate,Near,Female,72,146.8,4.5,Medio,6,-2.0
27,92,Medium,Medium,No,8,94,Medium,No,1,Low,Medium,Private,Negative,4,No,College,Near,Female,70,163.2,2.5,Medio,2,-1.5
32,62,High,Medium,No,7,86,Low,Yes,0,Low,Medium,Public,Positive,2,No,High School,Near,Female,67,165.2,4.0,Medio,1,-7.0
26,73,Medium,Medium,No,7,96,High,Yes,0,Medium,High,Private,Neutral,3,No,High School,Near,Female,68,147.8,4.0,Medio,4,-3.0
21,79,Low,Medium,Yes,8,91,High,Yes,1,Low,Medium,Public,Positive,3,No,High School,Moderate,Male,67,131.4,4.5,Medio,1,0.5
26,73,High,High,No,7,75,Low,Yes,3,Low,Medium,Public,Positive,5,No,College,Near,Male,70,147.8,6.5,Medio,1,-1.0
21,88,Medium,Low,No,9,75,High,No,1,Medium,High,Private,Neutral,2,No,Postgraduate,Moderate,Female,67,136.8,1.5,Medio,4,0.5
20,93,Medium,Medium,Yes,7,50,Medium,Yes,1,High,High,Public,Positive,4,No,College,Near,Male,71,135.8,4.5,Medio,3,1.0
18,89,High,Low,Yes,7,52,Medium,Yes,1,High,High,Public,Positive,3,No,Postgraduate,Near,Female,69,125.4,3.5,Medio,3,1.0
29,100,Medium,Medium,Yes,7,87,Medium,No,3,Low,Medium,Public,Negative,5,No,College,Near,Female,74,176.0,3.5,Medio,1,-2.5
15,71,High,Low,No,7,78,Medium,Yes,0,Medium,Medium,Private,Positive,3,No,High School,Near,Male,63,102.6,3.0,Medio,4,2.5
29,95,Medium,Low,Yes,9,88,Medium,Yes,0,Medium,High,Public,Neutral,2,No,High School,Near,Female,72,173.0,3.0,Medio,2,-3.5
23,91,High,Low,Yes,7,97,Low,Yes,2,Low,Medium,Public,Neutral,3,No,College,Moderate,Male,71,146.6,4.0,Medio,1,-1.5
12,74,High,Medium,No,7,73,Medium,Yes,1,Low,Medium,Public,Neutral,5,No,High School,Near,Male,64,92.4,4.5,Medio,1,6.0
22,89,Medium,Medium,Yes,7,54,Medium,Yes,1,High,Medium,Public,Positive,3,No,High School,Near,Female,69,141.4,4.5,Medio,3,-1.0
7,64,High,High,No,6,81,Medium,Yes,2,Low,Low,Private,Positive,3,No,Postgraduate,Moderate,Female,62,66.4,6.0,Medio,2,5.5
24,92,Medium,Medium,Yes,5,55,Medium,No,1,Medium,Medium,Public,Neutral,4,No,College,Near,Male,69,151.2,2.5,Medio,2,-3.0
25,81,High,Low,Yes,9,81,Low,Yes,2,Low,Medium,Public,Neutral,3,No,High School,Near,Male,68,148.6,4.0,Medio,1,-0.5
21,86,Medium,Medium,Yes,9,86,High,Yes,2,Medium,Medium,Public,Neutral,3,No,Postgraduate,Near,Male,71,135.6,5.0,Medio,2,1.5
32,86,Medium,Medium,Yes,5,68,Low,Yes,1,Medium,Medium,Public,Negative,4,No,High School,Moderate,Male,70,179.6,4.5,Medio,2,-7.0
17,68,High,Medium,No,9,57,Medium,Yes,2,Medium,Low,Public,Neutral,3,No,High School,Moderate,Male,63,108.8,5.0,Medio,2,3.5
14,61,Low,High,No,10,62,Medium,Yes,0,High,Medium,Public,Negative,4,No,College,Moderate,Female,60,92.6,5.0,Medio,3,7.0
29,77,Medium,Medium,No,9,84,Medium,Yes,0,Low,High,Public,Neutral,3,No,College,Near,Female,69,162.2,4.0,Medio,1,-2.5
32,83,Medium,Medium,Yes,9,74,Medium,Yes,3,Low,Medium,Public,Neutral,3,No,College,Moderate,Male,71,177.8,5.5,Medio,1,-4.0
20,95,Low,Low,Yes,8,77,Medium,Yes,1,High,High,Public,Positive,2,No,High School,Near,Male,69,137.0,3.5,Medio,3,0.0
26,97,High,Low,Yes,6,66,Medium,Yes,2,Medium,Medium,Public,Positive,1,No,College,Near,Female,73,162.2,4.0,Medio,2,-6.0
28,81,Medium,High,Yes,8,92,Medium,Yes,1,High,Medium,Public,Positive,3,No,College,Near,Female,73,160.6,5.5,Medio,3,-3.0
16,90,Medium,Medium,No,5,100,Medium,Yes,1,Low,Medium,Public,Positive,3,No,High School,Moderate,Female,68,118.0,4.5,Medio,1,0.0
17,78,High,Medium,Yes,6,66,Medium,Yes,2,Low,Medium,Public,Positive,4,No,College,Moderate,Male,67,114.8,5.0,Medio,1,1.5
27,90,Medium,High,No,7,86,High,Yes,2,Medium,Medium,Public,Positive,3,No,College,Moderate,Male,74,162.0,6.0,Medio,2,-3.5
30,68,Medium,High,No,7,59,Medium,Yes,3,Low,Medium,Public,Positive,3,No,College,Moderate,Male,68,160.8,6.5,Medio,1,-5.0
23,75,High,Medium,No,8,87,Low,Yes,1,Medium,High,Public,Positive,2,No,College,Near,Female,69,137.0,4.5,Medio,2,-1.5
15,85,High,Medium,No,4,72,Medium,Yes,4,Low,High,Private,Neutral,4,No,College,Near,Male,69,111.0,6.0,Medio,2,0.5
32,61,High,High,Yes,7,80,Medium,Yes,0,Low,Medium,Public,Positive,4,Yes,College,Moderate,Female,68,164.6,5.0,Medio,1,-5.0
17,89,Low,High,No,8,62,Medium,Yes,1,Low,High,Public,Positive,1,No,High School,Moderate,Male,66,121.4,5.5,Medio,1,0.5
18,93,Low,Low,Yes,8,93,Medium,Yes,3,Low,High,Public,Negative,3,No,Postgraduate,Moderate,Male,69,127.8,4.5,Medio,1,2.0
22,76,Medium,Medium,Yes,8,59,Medium,Yes,1,Low,Medium,Public,Positive,2,No,College,Near,Female,66,133.6,4.5,Medio,1,-1.0
29,78,Low,Medium,Yes,7,96,High,Yes,5,Low,Medium,Public,Positive,4,No,College,Moderate,Male,72,162.8,6.5,Medio,1,-3.5
25,94,Medium,Low,Yes,6,53,Low,Yes,1,Medium,Medium,Public,Negative,3,No,High School,Near,Female,69,156.4,3.5,Medio,2,-3.5
22,91,Medium,Medium,Yes,8,64,Medium,Yes,1,Low,High,Public,Positive,3,Yes,High School,Moderate,Male,68,142.6,4.5,Medio,1,0.0
23,72,Medium,Medium,Yes,7,78,Medium,Yes,1,Low,Medium,Private,Neutral,3,No,High School,Near,Male,66,135.2,4.5,Medio,2,-1.5
20,73,Medium,Low,Yes,8,93,High,Yes,1,Low,High,Public,Negative,4,No,High School,Far,Male,65,123.8,3.5,Medio,1,2.0
23,87,Medium,Medium,No,8,79,High,Yes,2,Low,High,Public,Neutral,2,No,Postgraduate,Near,Male,71,144.2,5.0,Medio,1,-1.5
5,83,Medium,Medium,Yes,7,61,Medium,Yes,2,Low,Medium,Public,Negative,4,No,High School,Moderate,Male,61,69.8,5.0,Medio,1,8.5
18,66,Low,Medium,Yes,6,93,Medium,Yes,1,Low,Medium,Public,Neutral,3,Yes,College,Near,Female,63,111.6,4.5,Medio,1,0.0
21,72,Medium,High,Yes,9,80,Low,Yes,1,Medium,Medium,Public,Neutral,3,No,High School,Near,Female,66,127.19999999999999,5.5,Medio,2,1.5
13,96,Medium,High,No,8,62,Medium,Yes,0,High,Medium,Private,Neutral,2,No,Postgraduate,Near,Male,69,109.6,5.0,Medio,6,3.5
22,88,High,High,Yes,10,78,Medium,Yes,0,Medium,High,Private,Positive,2,No,High School,Moderate,Male,71,140.8,5.0,Medio,4,1.0
19,99,High,Medium,Yes,8,84,High,Yes,0,High,Medium,Public,Positive,4,No,High School,Near,Female,73,135.4,4.0,Medio,3,2.5
31,91,High,Medium,Yes,8,84,Low,Yes,2,Low,Medium,Public,Negative,2,No,High School,Near,Male,72,178.6,5.0,Medio,1,-5.5
29,98,Medium,High,No,5,86,Low,Yes,2,Medium,Medium,Private,Negative,4,No,High School,Far,Male,73,174.8,6.0,Medio,4,-5.5
17,69,Low,High,Yes,7,95,Medium,Yes,1,Low,High,Private,Positive,2,No,High School,Moderate,Male,65,109.4,5.5,Medio,2,0.5
19,91,Low,High,Yes,7,91,Medium,Yes,1,High,High,Public,Neutral,3,No,High School,Near,Female,71,130.6,5.5,Medio,3,0.5
20,61,High,Medium,Yes,8,80,Medium,Yes,1,Low,High,Public,Positive,3,No,High School,Near,Male,65,116.6,4.5,Medio,1,1.0
17,87,Medium,Medium,No,8,52,Low,Yes,1,Medium,Medium,Public,Positive,5,No,College,Near,Male,67,120.19999999999999,4.5,Medio,2,4.5
21,79,Medium,High,Yes,8,87,Medium,Yes,1,Low,High,Public,Neutral,2,No,Postgraduate,Moderate,Male,69,131.4,5.5,Medio,1,-0.5
15,74,Low,High,No,10,99,Low,No,0,Low,Medium,Private,Neutral,3,No,College,Moderate,Male,63,104.4,3.0,Medio,2,5.5
13,94,Low,High,Yes,6,65,High,Yes,2,Medium,Medium,Public,Neutral,2,No,Postgraduate,Moderate,Male,68,108.4,6.0,Medio,2,1.5
24,94,High,Low,Yes,8,80,High,No,1,Low,Medium,Public,Neutral,4,No,High School,Near,Female,70,152.4,1.5,Medio,1,0.0
24,61,Medium,Medium,Yes,8,88,Low,Yes,1,Low,Medium,Private,Positive,4,No,High School,Moderate,Female,64,132.6,4.5,Medio,2,0.0
15,84,Medium,Medium,No,10,82,Medium,Yes,1,High,Low,Private,Negative,2,Yes,High School,Near,Male,64,110.4,4.5,Medio,6,4.5
25,75,Low,High,Yes,8,96,High,Yes,1,Low,Medium,Private,Neutral,0,No,College,Near,Male,68,145.0,5.5,Medio,2,-4.5
16,77,Medium,High,Yes,8,74,Medium,Yes,0,High,Low,Private,Neutral,2,No,College,Moderate,Female,65,110.19999999999999,5.0,Medio,6,2.0
22,93,High,Medium,No,8,77,Medium,Yes,0,High,Medium,Public,Neutral,1,No,High School,Near,Female,70,143.8,4.0,Medio,3,-2.0
25,72,Medium,Medium,Yes,8,52,Low,Yes,0,Medium,Medium,Private,Positive,2,No,Postgraduate,Near,Male,66,143.2,4.0,Medio,4,-2.5
20,98,High,Low,Yes,9,95,Low,Yes,1,Low,Medium,Public,Positive,2,No,High School,Moderate,Female,70,138.8,3.5,Medio,1,1.0
23,67,Medium,Medium,Yes,6,63,High,Yes,3,Low,High,Private,Neutral,3,No,High School,Near,Male,66,132.2,5.5,Medio,2,-2.5
17,87,Medium,Medium,No,6,99,Medium,Yes,2,Low,Medium,Private,Neutral,2,No,Postgraduate,Near,Male,69,120.19999999999999,5.0,Medio,2,-0.5
19,87,High,High,No,10,60,High,Yes,2,Medium,Low,Private,Positive,3,No,High School,Moderate,Male,69,128.2,6.0,Medio,4,3.5
19,70,High,High,No,4,63,Medium,Yes,1,Low,Medium,Private,Neutral,3,No,College,Far,Female,64,118.0,5.5,Medio,2,-2.5
16,73,Medium,Medium,Yes,7,74,Low,Yes,1,Low,High,Public,Positive,3,No,High School,Moderate,Male,64,107.8,4.5,Medio,1,2.0
19,93,Low,Medium,Yes,7,83,Medium,Yes,1,Medium,Medium,Public,Positive,3,No,High School,Near,Female,69,131.8,4.5,Medio,2,0.5
11,90,Medium,Medium,Yes,7,72,High,Yes,3,Medium,Medium,Public,Negative,3,No,High School,Near,Female,67,98.0,5.5,Medio,2,4.5
17,73,Low,Medium,Yes,9,68,Low,Yes,2,Medium,Medium,Public,Positive,3,Yes,College,Near,Female,63,111.8,5.0,Medio,2,3.5
18,81,Low,High,Yes,8,77,Low,Yes,1,Medium,High,Public,Positive,3,No,College,Moderate,Male,67,120.6,5.5,Medio,2,2.0
18,62,Medium,High,No,6,98,Low,Yes,3,Medium,Medium,Private,Neutral,1,No,College,Near,Male,65,109.19999999999999,6.5,Medio,4,-2.0
19,68,Medium,Medium,Yes,6,98,Low,Yes,2,Low,Medium,Public,Positive,1,No,High School,Moderate,Female,64,116.8,5.0,Medio,1,-2.5
20,79,High,Medium,No,7,66,Low,Yes,3,High,Medium,Public,Negative,3,No,College,Near,Female,68,127.4,5.5,Medio,3,0.0
23,63,Low,Medium,Yes,9,84,High,Yes,0,High,Medium,Public,Neutral,3,No,High School,Near,Female,64,129.8,4.0,Medio,3,0.5
25,94,High,Medium,No,7,86,Low,No,2,Low,Medium,Private,Negative,4,No,College,Moderate,Male,70,156.4,3.0,Medio,2,-1.5
16,89,High,Medium,Yes,7,83,High,Yes,0,Low,High,Public,Positive,4,No,Postgraduate,Moderate,Male,70,117.4,4.0,Medio,1,3.0
13,98,High,Low,Yes,6,56,Medium,Yes,1,High,Low,Public,Negative,3,No,College,Moderate,Female,67,110.8,3.5,Medio,3,2.5
14,88,High,High,Yes,8,77,Medium,Yes,2,Medium,Medium,Public,Positive,3,No,College,Far,Male,69,108.8,6.0,Medio,2,4.0
17,98,High,Medium,No,7,88,Medium,Yes,2,Low,High,Private,Negative,4,No,High School,Far,Male,70,126.8,5.0,Medio,2,2.5
18,82,High,High,No,6,60,Medium,Yes,5,Medium,High,Public,Negative,3,No,College,Near,Male,69,121.19999999999999,7.5,Medio,2,0.0
15,84,Medium,Low,Yes,9,67,Medium,Yes,1,Medium,High,Private,Negative,3,No,College,Moderate,Male,65,110.4,3.5,Medio,4,4.5
12,99,Medium,High,Yes,10,60,Medium,Yes,0,Low,Low,Public,Negative,1,No,High School,Moderate,Male,66,107.4,5.0,Medio,1,5.0
17,86,High,High,Yes,7,94,Medium,Yes,2,Medium,Medium,Public,Neutral,3,No,High School,Moderate,Male,70,119.6,6.0,Medio,2,1.5
21,61,Medium,Low,Yes,7,93,Low,Yes,1,Low,High,Private,Negative,5,No,High School,Near,Male,63,120.6,3.5,Medio,2,1.5
24,89,Low,Medium,No,5,58,Medium,Yes,3,High,Medium,Public,Positive,3,No,High School,Near,Female,69,149.4,5.5,Medio,3,-4.0
17,96,High,High,Yes,8,88,Medium,Yes,4,Low,Low,Private,Positive,4,No,Postgraduate,Near,Male,74,125.6,7.0,Medio,2,3.5
18,92,Medium,Medium,Yes,8,68,Low,Yes,2,High,High,Private,Positive,3,No,High School,Near,Male,70,127.19999999999999,5.0,Medio,6,2.0
14,83,High,Medium,No,7,84,Medium,Yes,1,Low,Medium,Public,Neutral,3,No,High School,Near,Female,66,105.8,4.5,Medio,1,3.0
20,87,Low,High,Yes,6,75,Medium,Yes,0,Low,Medium,Public,Positive,3,Yes,Postgraduate,Near,Male,68,132.2,5.0,Medio,1,-1.0
15,100,Medium,Low,No,10,74,Medium,Yes,2,Medium,Medium,Public,Negative,5,No,High School,Far,Male,67,120.0,4.0,Medio,2,7.5
23,64,Medium,Medium,Yes,8,94,Low,Yes,2,Medium,Medium,Private,Positive,5,No,High School,Moderate,Female,66,130.4,5.0,Medio,4,1.5
9,87,High,Medium,No,6,82,Medium,Yes,0,Low,Medium,Public,Negative,3,No,College,Near,Female,65,88.19999999999999,4.0,Medio,1,4.5
18,71,Low,Medium,Yes,8,62,Medium,Yes,3,High,High,Public,Positive,2,No,College,Near,Male,66,114.6,5.5,Medio,3,1.0
22,86,High,Medium,Yes,7,56,Medium,Yes,1,High,Medium,Private,Positive,4,No,High School,Moderate,Male,69,139.6,4.5,Medio,6,0.0
21,84,Low,Medium,No,7,97,Medium,Yes,2,Low,Low,Public,Neutral,4,No,High School,Moderate,Female,67,134.4,5.0,Medio,1,0.5
36,66,Low,High,Yes,8,58,High,Yes,1,Medium,Medium,Public,Positive,3,No,College,Far,Male,69,183.6,5.5,Medio,2,-7.0
22,68,Medium,Medium,No,4,87,High,Yes,2,Medium,Medium,Public,Neutral,3,No,Postgraduate,Far,Female,66,128.8,5.0,Medio,2,-4.0
14,85,Medium,Medium,No,4,75,High,Yes,2,High,Medium,Public,Negative,1,Yes,High School,Far,Female,64,107.0,5.0,Medio,3,-2.0
19,65,Medium,Medium,No,9,57,Low,Yes,1,Medium,Medium,Public,Positive,2,Yes,High School,Near,Female,61,115.0,4.5,Medio,2,1.5
9,71,Low,High,Yes,7,89,Medium,Yes,0,Low,Medium,Public,Negative,2,No,High School,Near,Male,61,78.6,5.0,Medio,1,4.5
20,93,Medium,Medium,Yes,6,95,Low,Yes,1,Medium,High,Public,Negative,4,No,College,Moderate,Male,70,135.8,4.5,Medio,2,0.0
15,73,Medium,High,No,5,56,Medium,Yes,1,Medium,Medium,Public,Positive,2,No,Postgraduate,Near,Female,65,103.8,5.5,Medio,2,-0.5
25,80,High,Low,No,7,53,Medium,Yes,1,Medium,Medium,Private,Neutral,3,No,College,Moderate,Male,67,148.0,3.5,Medio,4,-2.5
17,98,Low,Medium,No,7,92,Medium,Yes,0,High,Medium,Private,Positive,0,No,College,Near,Male,69,126.8,4.0,Medio,6,-1.5
19,69,Medium,Low,Yes,9,75,Medium,Yes,2,Medium,Low,Public,Negative,5,No,High School,Moderate,Female,63,117.4,4.0,Medio,2,4.5
16,76,Medium,Medium,No,8,84,High,Yes,1,High,High,Public,Neutral,4,No,High School,Near,Male,66,109.6,4.5,Medio,3,4.0
30,84,High,Medium,Yes,7,72,Medium,Yes,3,Medium,Medium,Public,Positive,2,No,High School,Near,Male,73,170.4,5.5,Medio,2,-6.0
18,90,High,High,No,8,71,High,No,0,Low,Medium,Public,Neutral,3,No,High School,Near,Female,68,126.0,3.0,Medio,1,2.0
31,96,High,High,Yes,9,65,High,Yes,0,Low,Medium,Private,Positive,2,No,High School,Far,Male,74,181.6,5.0,Medio,2,-4.5
25,97,Low,Medium,Yes,8,78,Medium,Yes,0,Medium,Medium,Public,Neutral,3,No,High School,Near,Male,70,158.2,4.0,Medio,2,-1.5
23,91,High,Low,Yes,8,58,Medium,Yes,0,Medium,Medium,Public,Positive,2,No,High School,Far,Male,68,146.6,3.0,Medio,2,-1.5
22,69,High,High,No,7,86,Low,Yes,1,High,Medium,Public,Positive,4,Yes,High School,Moderate,Female,67,129.4,5.5,Medio,3,0.0
22,61,High,Medium,No,6,77,Low,Yes,1,Medium,Medium,Public,Positive,4,No,Postgraduate,Moderate,Male,65,124.6,4.5,Medio,2,-1.0
8,75,Medium,Medium,No,5,92,Medium,Yes,5,High,High,Public,Positive,4,No,High School,Moderate,Male,66,77.0,6.5,Medio,3,5.0
18,66,High,Medium,Yes,5,96,Medium,Yes,0,Low,Medium,Public,Neutral,5,No,High School,Moderate,Female,64,111.6,4.0,Medio,1,1.0
25,88,Medium,Medium,Yes,8,95,Low,Yes,1,High,High,Public,Neutral,4,No,High School,Near,Female,72,152.8,4.5,Medio,3,-0.5
20,86,Medium,Medium,Yes,8,80,High,Yes,2,Medium,Medium,Public,Neutral,2,No,College,Near,Male,70,131.6,5.0,Medio,2,0.0
12,62,Medium,Medium,Yes,9,66,Medium,Yes,1,Low,Medium,Private,Neutral,2,No,College,Moderate,Female,60,85.19999999999999,4.5,Medio,2,5.0
20,93,Medium,Medium,Yes,8,68,Medium,Yes,1,Low,Low,Public,Neutral,3,No,High School,Moderate,Male,68,135.8,4.5,Medio,1,1.0
30,70,Medium,High,Yes,9,83,Medium,Yes,1,High,Medium,Private,Neutral,2,No,Postgraduate,Near,Female,71,162.0,5.5,Medio,6,-4.0
27,77,Medium,Medium,Yes,7,86,Low,Yes,1,High,Medium,Public,Neutral,3,No,High School,Moderate,Male,68,154.2,4.5,Medio,3,-3.5
20,87,High,Medium,Yes,8,58,Low,Yes,2,Low,Medium,Public,Negative,2,Yes,Postgraduate,Near,Male,67,132.2,5.0,Medio,1,0.0
26,77,Medium,Medium,Yes,5,100,Low,Yes,1,Low,High,Private,Positive,5,No,High School,Near,Female,70,150.2,4.5,Medio,2,-3.0
18,78,Medium,High,No,7,55,High,Yes,0,High,Medium,Public,Negative,3,No,High School,Near,Male,65,118.8,5.0,Medio,3,1.0
10,63,Medium,Medium,No,4,80,Medium,Yes,0,Low,Medium,Public,Positive,3,No,College,Near,Male,60,77.8,4.0,Medio,1,2.0
14,76,High,Low,No,7,77,Low,No,2,High,Medium,Public,Positive,4,No,College,Near,Male,65,101.6,2.0,Medio,3,4.0
29,91,Medium,Medium,No,9,80,Low,Yes,0,Low,High,Public,Negative,4,No,High School,Near,Female,70,170.6,4.0,Medio,1,-1.5
18,97,Low,Low,Yes,7,77,Medium,Yes,4,Low,Low,Private,Neutral,4,No,Postgraduate,Near,Male,69,130.2,5.0,Medio,2,2.0
19,77,High,Low,No,8,53,Medium,Yes,1,Low,Medium,Private,Positive,3,No,High School,Near,Male,64,122.19999999999999,3.5,Medio,2,1.5
18,77,Low,Medium,No,7,100,Medium,Yes,2,High,High,Private,Positive,3,Yes,High School,Near,Male,67,118.19999999999999,5.0,Medio,6,1.0
31,88,Low,Medium,Yes,6,99,Low,Yes,2,High,Low,Public,Negative,3,No,Postgraduate,Near,Male,73,176.8,5.0,Medio,3,-6.5
30,98,Medium,High,No,7,76,High,Yes,1,Low,Medium,Public,Neutral,3,No,College,Near,Male,74,178.8,5.5,Medio,1,-5.0
33,71,Medium,Low,Yes,9,60,Medium,Yes,0,Medium,Medium,Public,Positive,4,Yes,High School,Near,Male,67,174.6,3.0,Medio,2,-3.5
19,78,Low,High,Yes,8,59,Medium,Yes,2,High,Medium,Public,Positive,1,No,High School,Near,Male,66,122.8,6.0,Medio,3,-0.5
22,92,Medium,Medium,No,6,53,Medium,Yes,4,High,Medium,Public,Neutral,4,Yes,High School,Near,Male,69,143.2,6.0,Medio,3,-1.0
11,84,High,Medium,No,5,81,Low,Yes,1,Low,Medium,Private,Negative,3,No,High School,Moderate,Female,64,94.4,4.5,Medio,2,2.5
29,64,Medium,High,Yes,7,74,Medium,Yes,0,High,Medium,Public,Positive,2,No,Postgraduate,Near,Female,69,154.4,5.0,Medio,3,-5.5
13,85,Low,High,Yes,6,71,Medium,Yes,1,Low,Medium,Public,Positive,3,No,High School,Near,Female,66,103.0,5.5,Medio,1,2.5
21,67,High,Medium,Yes,7,76,Medium,Yes,1,Medium,High,Private,Neutral,2,Yes,High School,Near,Male,65,124.19999999999999,4.5,Medio,4,-1.5
13,80,Medium,Medium,Yes,5,94,High,Yes,1,Medium,Medium,Private,Positive,3,No,High School,Near,Female,67,100.0,4.5,Medio,4,1.5
16,81,Medium,High,No,9,54,Medium,Yes,3,Medium,High,Public,Negative,3,No,Postgraduate,Moderate,Male,67,112.6,6.5,Medio,2,4.0
15,95,Medium,Medium,No,7,77,High,Yes,0,Low,Medium,Private,Neutral,3,No,High School,Near,Female,68,117.0,4.0,Medio,2,2.5
16,78,Medium,Low,No,7,85,Medium,Yes,4,Medium,Medium,Public,Neutral,2,Yes,High School,Near,Male,65,110.8,5.0,Medio,2,1.0
17,71,Medium,Low,Yes,6,99,Low,Yes,4,Medium,Medium,Public,Positive,3,Yes,Postgraduate,Near,Male,66,110.6,5.0,Medio,2,0.5
17,69,High,Medium,Yes,7,87,Low,Yes,2,Low,Medium,Public,Neutral,3,No,College,Near,Male,65,109.4,5.0,Medio,1,1.5
25,95,Medium,Medium,Yes,7,77,High,No,0,Low,High,Public,Neutral,3,No,Postgraduate,Near,Male,71,157.0,2.0,Medio,1,-2.5
13,67,Medium,High,Yes,6,88,Medium,Yes,0,Low,Medium,Public,Neutral,3,No,College,Moderate,Female,63,92.19999999999999,5.0,Medio,1,2.5
21,77,High,Low,Yes,7,100,Low,Yes,2,High,High,Public,Positive,4,No,College,Near,Female,70,130.2,4.0,Medio,3,0.5
27,67,High,High,Yes,9,94,High,Yes,0,High,Low,Public,Positive,2,No,College,Near,Female,70,148.2,5.0,Medio,3,-2.5
17,91,Low,Medium,Yes,4,54,High,Yes,3,Low,Medium,Public,Neutral,4,No,College,Moderate,Female,67,122.6,5.5,Medio,1,-0.5
16,79,High,Medium,Yes,7,79,High,Yes,2,High,High,Public,Positive,2,No,High School,Moderate,Male,68,111.4,5.0,Medio,3,1.0
19,74,Medium,Low,Yes,6,89,Medium,No,0,High,Medium,Public,Neutral,2,No,High School,Moderate,Male,63,120.4,1.0,Medio,3,-1.5
27,74,Medium,High,Yes,9,84,Low,Yes,3,High,Medium,Private,Negative,3,No,College,Near,Female,70,152.4,6.5,Medio,6,-1.5
21,94,Medium,Medium,No,7,71,Low,No,1,Low,High,Private,Neutral,2,No,Postgraduate,Near,Male,69,140.4,2.5,Medio,2,-1.5
17,82,Medium,Medium,Yes,5,66,Medium,Yes,1,Medium,Low,Public,Positive,3,No,High School,Near,Female,66,117.19999999999999,4.5,Medio,2,-0.5
23,89,Low,High,No,7,81,Medium,Yes,2,Low,High,Public,Neutral,2,No,Postgraduate,Moderate,Male,70,145.4,6.0,Medio,1,-2.5
13,96,Medium,High,No,8,71,Low,Yes,1,Medium,Low,Public,Positive,3,No,High School,Near,Male,68,109.6,5.5,Medio,2,4.5
24,96,Medium,Medium,No,10,70,Medium,Yes,0,High,Medium,Public,Negative,4,No,High School,Near,Female,70,153.6,4.0,Medio,3,2.0
22,73,Low,High,Yes,4,92,Medium,Yes,0,Low,Medium,Public,Positive,4,No,Postgraduate,Moderate,Male,67,131.8,5.0,Medio,1,-3.0
18,98,Medium,High,Yes,5,66,Medium,Yes,0,Medium,Medium,Private,Negative,0,No,Postgraduate,Near,Male,69,130.8,5.0,Medio,4,-4.0
15,61,High,Low,Yes,9,82,Medium,Yes,2,Medium,High,Public,Positive,2,No,Postgraduate,Near,Male,64,96.6,4.0,Medio,2,3.5
15,75,High,Medium,No,5,94,Low,No,1,Low,Medium,Public,Negative,3,Yes,High School,Moderate,Female,62,105.0,2.5,Medio,1,0.5
23,96,Medium,Medium,No,7,81,Medium,Yes,1,Low,Medium,Private,Positive,2,No,Postgraduate,Moderate,Male,71,149.6,4.5,Medio,2,-2.5
27,71,High,Medium,Yes,6,75,Medium,Yes,2,Medium,High,Private,Neutral,4,No,High School,Near,Male,69,150.6,5.0,Medio,4,-3.5
16,71,Medium,High,Yes,6,52,Low,Yes,0,High,High,Public,Neutral,1,No,High School,Far,Male,62,106.6,5.0,Medio,3,-1.0
23,72,Low,Medium,Yes,7,84,High,Yes,0,Medium,Medium,Public,Positive,4,No,High School,Near,Male,66,135.2,4.0,Medio,2,-0.5
7,84,Medium,High,Yes,7,100,Low,Yes,3,Low,Medium,Private,Negative,4,Yes,High School,Moderate,Male,64,78.4,6.5,Medio,2,7.5
16,78,Low,High,No,9,90,Medium,Yes,3,Low,Medium,Public,Negative,3,No,Postgraduate,Moderate,Male,66,110.8,6.5,Medio,1,4.0
20,89,High,Medium,Yes,9,82,Medium,Yes,2,High,High,Public,Neutral,3,No,College,Near,Female,72,133.4,5.0,Medio,3,2.0
15,96,High,High,Yes,8,73,Medium,Yes,3,Medium,Medium,Private,Negative,3,No,College,Near,Female,71,117.6,6.5,Medio,4,3.5
14,87,Medium,High,Yes,7,61,Medium,Yes,0,Low,Medium,Public,Neutral,3,No,High School,Far,Male,65,108.19999999999999,5.0,Medio,1,3.0
16,68,Medium,Medium,Yes,7,85,Medium,Yes,1,Medium,Medium,Public,Positive,2,No,College,Near,Female,65,104.8,4.5,Medio,2,1.0
22,97,Medium,High,Yes,8,59,Medium,Yes,1,Low,Medium,Public,Negative,3,No,High School,Near,Male,70,146.2,5.5,Medio,1,0.0
19,71,Medium,High,Yes,9,94,High,Yes,1,High,Medium,Private,Positive,4,No,High School,Near,Male,68,118.6,5.5,Medio,6,3.5
7,66,High,Low,Yes,8,68,High,Yes,0,Low,Medium,Public,Negative,2,Yes,College,Moderate,Male,57,67.6,3.0,Bajo,1,6.5
7,64,Medium,High,No,9,70,High,Yes,4,Low,Low,Public,Neutral,4,Yes,High School,Far,Male,59,66.4,7.0,Bajo,1,9.5
16,83,Low,Low,Yes,6,61,Medium,Yes,0,Medium,High,Public,Neutral,4,No,College,Near,Male,64,113.8,3.0,Medio,2,2.0
23,65,High,Medium,Yes,9,74,Medium,Yes,2,Medium,High,Private,Neutral,3,No,College,Moderate,Male,67,131.0,5.0,Medio,4,0.5
4,66,Low,High,No,8,84,Low,Yes,2,Low,High,Public,Neutral,3,No,Postgraduate,Near,Female,60,55.6,6.0,Medio,1,9.0
17,72,High,High,Yes,6,65,Low,Yes,3,Low,High,Public,Positive,2,No,Postgraduate,Far,Male,67,111.19999999999999,6.5,Medio,1,-0.5
17,71,Medium,High,Yes,7,85,Low,Yes,2,Low,Low,Private,Negative,2,No,College,Near,Female,65,110.6,6.0,Medio,2,0.5
28,84,Medium,Medium,Yes,7,81,Medium,Yes,1,Medium,High,Public,Negative,3,No,College,Near,Male,71,162.4,4.5,Medio,2,-4.0
18,93,Low,Medium,Yes,7,69,Medium,Yes,0,Low,Medium,Public,Neutral,2,No,College,Near,Male,67,127.8,4.0,Medio,1,0.0
22,90,Medium,Medium,Yes,7,66,Low,Yes,0,Low,Medium,Public,Positive,1,No,Postgraduate,Near,Male,69,142.0,4.0,Medio,1,-3.0
21,70,High,Medium,Yes,5,93,High,Yes,1,Low,Medium,Public,Neutral,3,No,College,Near,Male,68,126.0,4.5,Medio,1,-2.5
7,70,Medium,Medium,Yes,6,51,Medium,Yes,0,High,Medium,Private,Neutral,1,No,High School,Moderate,Female,59,70.0,4.0,Bajo,6,3.5
25,99,High,High,No,7,86,Low,No,3,Medium,Medium,Public,Positive,3,No,College,Near,Female,75,159.4,4.5,Medio,2,-2.5
21,60,Medium,Medium,Yes,6,71,Low,Yes,0,Medium,Low,Public,Negative,4,Yes,High School,Far,Male,59,120.0,4.0,Bajo,2,-0.5
23,95,High,Medium,No,6,86,Low,Yes,0,Medium,High,Public,Neutral,3,No,High School,Moderate,Female,71,149.0,4.0,Medio,2,-2.5
44,68,High,Low,No,9,75,Low,Yes,3,Medium,High,Private,Negative,2,No,High School,Moderate,Female,71,216.8,4.5,Medio,4,-11.0
7,98,Medium,Medium,No,7,54,High,Yes,0,Medium,High,Private,Neutral,2,No,High School,Near,Female,66,86.8,4.0,Medio,4,5.5
30,74,Medium,Low,No,10,99,Medium,Yes,1,High,Medium,Private,Positive,2,No,High School,Moderate,Male,69,164.4,3.5,Medio,6,-3.0
18,78,High,Medium,Yes,7,54,Low,No,4,Low,High,Public,Neutral,4,Yes,College,Moderate,Female,65,118.8,4.0,Medio,1,2.0
22,88,Medium,Medium,Yes,9,58,Low,Yes,3,Low,Medium,Private,Negative,2,No,College,Moderate,Male,68,140.8,5.5,Medio,2,0.0
20,84,High,Low,No,7,71,Medium,Yes,5,Low,High,Private,Positive,2,No,High School,Far,Female,68,130.4,5.5,Medio,2,-1.0
17,73,Medium,Medium,Yes,6,97,High,Yes,1,Medium,High,Public,Positive,3,No,High School,Near,Male,67,111.8,4.5,Medio,2,0.5
17,82,High,Medium,Yes,7,65,Medium,Yes,1,Medium,Medium,Public,Positive,5,No,High School,Near,Male,68,117.19999999999999,4.5,Medio,2,3.5
22,89,Low,Medium,Yes,9,78,Medium,Yes,0,Medium,Medium,Public,Positive,3,No,High School,Moderate,Male,68,141.4,4.0,Medio,2,1.0
25,60,Medium,High,Yes,8,67,Medium,Yes,1,Medium,High,Public,Neutral,2,No,College,Near,Female,66,136.0,5.5,Medio,2,-2.5
18,78,High,Low,Yes,7,85,High,Yes,3,Low,Low,Public,Negative,2,No,College,Near,Male,67,118.8,4.5,Medio,1,0.0
13,65,Medium,High,No,7,75,Low,Yes,2,Medium,High,Private,Neutral,4,No,High School,Moderate,Male,63,91.0,6.0,Medio,4,4.5
17,87,Medium,High,Yes,7,79,Medium,Yes,3,Low,Medium,Public,Neutral,4,Yes,High School,Near,Female,68,120.19999999999999,6.5,Medio,1,2.5
28,69,High,Low,No,6,61,Low,Yes,2,Medium,High,Public,Positive,1,Yes,High School,Near,Male,65,153.4,4.0,Medio,2,-7.0
17,77,High,Medium,Yes,7,96,Medium,Yes,1,Low,Low,Private,Positive,3,No,College,Near,Male,67,114.19999999999999,4.5,Medio,2,1.5
22,68,High,High,Yes,8,56,Medium,No,3,Medium,Medium,Private,Positive,1,No,Postgraduate,Near,Male,67,128.8,4.5,Medio,4,-2.0
16,82,Medium,Medium,Yes,7,85,Medium,Yes,1,High,Medium,Public,Neutral,4,No,High School,Near,Male,67,113.19999999999999,4.5,Medio,3,3.0
25,65,Medium,Low,No,7,94,Low,Yes,1,Low,High,Public,Positive,3,No,High School,Far,Male,64,139.0,3.5,Medio,1,-2.5
24,61,Medium,Medium,No,8,54,Medium,Yes,1,Low,Medium,Public,Neutral,2,Yes,High School,Moderate,Male,61,132.6,4.5,Medio,1,-2.0
31,62,Medium,Medium,Yes,7,51,Medium,Yes,2,Medium,Medium,Public,Neutral,1,No,College,Far,Female,65,161.2,5.0,Medio,2,-7.5
19,98,Low,High,Yes,7,67,High,Yes,1,Medium,Medium,Private,Negative,4,No,High School,Moderate,Female,70,134.8,5.5,Medio,4,1.5
24,66,Medium,High,No,8,89,Medium,Yes,0,Medium,High,Public,Positive,2,No,College,Near,Male,67,135.6,5.0,Medio,2,-2.0
21,88,High,Low,No,7,86,Medium,Yes,1,Low,Medium,Private,Positive,2,No,High School,Moderate,Male,68,136.8,3.5,Medio,2,-1.5
28,63,Medium,Medium,Yes,7,91,Medium,Yes,1,Low,Medium,Private,Positive,1,No,High School,Far,Male,65,149.8,4.5,Medio,2,-6.0
16,64,High,Medium,Yes,8,70,Low,Yes,3,High,High,Private,Negative,3,No,High School,Far,Female,63,102.4,5.5,Medio,6,3.0
24,80,Medium,High,No,7,100,Medium,Yes,1,High,High,Public,Neutral,3,No,Postgraduate,Moderate,Male,72,144.0,5.5,Medio,3,-2.0
19,79,High,Medium,Yes,7,68,Medium,Yes,2,High,High,Public,Negative,1,No,College,Near,Female,68,123.4,5.0,Medio,3,-1.5
20,98,Medium,High,Yes,7,90,Medium,Yes,2,Medium,Medium,Public,Positive,4,No,High School,Near,Male,73,138.8,6.0,Medio,2,1.0
21,98,High,Medium,Yes,7,68,High,Yes,0,Medium,Medium,Public,Positive,3,Yes,College,Near,Female,71,142.8,4.0,Medio,2,-0.5
22,91,Medium,High,No,5,61,Medium,Yes,3,Low,High,Public,Neutral,2,No,Postgraduate,Far,Male,70,142.6,6.5,Medio,1,-4.0
19,84,High,Medium,Yes,7,67,Low,Yes,0,Medium,Low,Public,Positive,3,No,Postgraduate,Near,Female,68,126.4,4.0,Medio,2,0.5
21,78,Medium,High,No,10,60,Medium,Yes,3,High,Medium,Public,Negative,5,No,High School,Moderate,Male,68,130.8,6.5,Medio,3,4.5
29,74,Medium,Medium,No,6,56,Low,Yes,2,Low,High,Public,Neutral,3,No,Postgraduate,Near,Female,68,160.4,5.0,Medio,1,-5.5
26,98,Low,High,Yes,6,68,Medium,Yes,1,Low,Medium,Private,Neutral,1,No,Postgraduate,Moderate,Male,71,162.8,5.5,Medio,2,-6.0
25,84,Medium,Medium,Yes,10,57,Low,Yes,4,Medium,Medium,Public,Positive,2,No,College,Near,Male,70,150.4,6.0,Medio,2,-0.5
17,83,High,Medium,No,6,75,Medium,Yes,2,Medium,Medium,Public,Positive,3,Yes,High School,Near,Male,67,117.8,5.0,Medio,2,0.5
15,69,Low,Medium,Yes,9,52,Medium,Yes,0,High,Medium,Public,Neutral,3,No,College,Near,Female,61,101.4,4.0,Medio,3,4.5
26,62,High,Low,Yes,7,72,Low,Yes,1,Medium,Medium,Public,Neutral,3,No,College,Moderate,Female,64,141.2,3.5,Medio,2,-3.0
25,98,Low,Medium,No,7,98,Medium,Yes,1,Medium,Medium,Public,Negative,4,No,Postgraduate,Near,Male,72,158.8,4.5,Medio,2,-1.5
29,73,High,Medium,No,7,68,Low,Yes,1,Low,High,Private,Positive,4,Yes,High School,Moderate,Male,67,159.8,4.5,Medio,2,-3.5
16,78,High,Low,Yes,8,57,High,Yes,1,Medium,Medium,Public,Negative,3,No,College,Near,Male,65,110.8,3.5,Medio,2,3.0
19,65,Medium,Low,Yes,5,65,High,Yes,1,High,Medium,Public,Positive,6,No,College,Moderate,Female,64,115.0,3.5,Medio,3,1.5
10,93,Low,Medium,Yes,7,90,Medium,Yes,0,Low,Medium,Private,Positive,2,No,High School,Near,Female,66,95.8,4.0,Medio,2,4.0
18,61,Medium,Medium,No,6,66,Medium,Yes,1,Medium,High,Public,Positive,2,No,High School,Moderate,Female,62,108.6,4.5,Medio,2,-1.0
26,93,Low,Medium,No,4,69,Medium,Yes,2,Low,Medium,Public,Neutral,3,No,High School,Near,Male,70,159.8,5.0,Medio,1,-6.0
17,66,Medium,Medium,Yes,9,89,Medium,No,1,Medium,High,Public,Positive,4,No,High School,Moderate,Female,64,107.6,2.5,Medio,2,4.5
24,95,Medium,Low,No,4,63,Low,Yes,3,Low,Medium,Public,Positive,3,No,High School,Near,Female,70,153.0,4.5,Medio,1,-5.0
19,89,Medium,Low,No,10,74,Medium,Yes,1,Low,Medium,Public,Positive,2,No,High School,Moderate,Female,66,129.4,3.5,Medio,1,2.5
22,67,Low,High,Yes,8,53,Medium,Yes,0,Medium,High,Public,Negative,3,No,High School,Far,Male,62,128.2,5.0,Medio,2,0.0
13,83,Low,Low,No,5,59,High,Yes,4,Low,Medium,Private,Neutral,2,No,High School,Near,Female,63,101.8,5.0,Medio,2,0.5
21,73,Low,Medium,Yes,9,60,High,Yes,2,Medium,Medium,Public,Positive,3,No,College,Near,Male,66,127.8,5.0,Medio,2,1.5
2,67,Medium,Medium,No,6,73,Low,Yes,1,Low,Medium,Private,Positive,2,No,College,Moderate,Male,58,48.199999999999996,4.5,Bajo,2,7.0
19,94,Medium,High,Yes,6,91,Medium,Yes,1,Low,Medium,Public,Negative,3,No,High School,Moderate,Male,70,132.4,5.5,Medio,1,-0.5
10,76,Medium,Low,No,4,68,Medium,Yes,1,High,Low,Private,Neutral,6,No,College,Near,Male,63,85.6,3.5,Medio,6,5.0
27,76,Medium,High,Yes,6,69,High,Yes,0,Medium,High,Public,Neutral,1,No,High School,Near,Male,70,153.6,5.0,Medio,2,-6.5
25,67,High,Medium,Yes,6,65,Medium,Yes,1,Low,Medium,Public,Negative,3,No,High School,Near,Male,65,140.2,4.5,Medio,1,-3.5
23,75,Medium,Low,Yes,8,66,Medium,Yes,5,Medium,Low,Public,Neutral,3,No,High School,Near,Male,67,137.0,5.5,Medio,2,-0.5
29,95,High,Medium,No,9,70,Medium,No,1,Low,Medium,Private,Positive,2,No,Postgraduate,Near,Female,73,173.0,2.5,Medio,2,-3.5
30,98,Low,Medium,No,7,51,High,Yes,0,Low,Medium,Public,Positive,2,No,High School,Near,Male,71,178.8,4.0,Medio,1,-6.0
26,98,Medium,Medium,Yes,4,81,Low,Yes,1,Low,Medium,Public,Positive,4,No,Postgraduate,Near,Male,73,162.8,4.5,Medio,1,-5.0
19,66,Medium,High,No,7,94,Low,Yes,1,High,Medium,Public,Positive,4,No,High School,Moderate,Female,65,115.6,5.5,Medio,3,1.5
27,67,High,Medium,Yes,10,71,Medium,Yes,1,Low,High,Public,Neutral,3,No,High School,Near,Female,67,148.2,4.5,Medio,1,-0.5
13,95,Medium,Medium,Yes,4,83,Low,No,1,Low,High,Public,Neutral,4,No,College,Moderate,Male,67,109.0,2.5,Medio,1,1.5
15,76,High,High,Yes,5,79,Medium,Yes,4,Medium,Medium,Public,Neutral,4,No,Postgraduate,Moderate,Female,69,105.6,7.0,Medio,2,1.5
16,60,Medium,High,Yes,8,67,Low,Yes,0,Low,Medium,Public,Neutral,3,No,High School,Near,Male,61,100.0,5.0,Medio,1,3.0
17,71,Medium,Low,No,8,57,Medium,Yes,3,Medium,High,Private,Positive,4,No,High School,Near,Female,64,110.6,4.5,Medio,4,3.5
14,84,Low,High,No,6,61,Low,Yes,1,High,Medium,Public,Positive,2,No,College,Far,Male,64,106.4,5.5,Medio,3,1.0
27,92,Low,Medium,Yes,9,53,Low,Yes,2,Low,Medium,Public,Negative,2,No,College,Far,Male,68,163.2,5.0,Medio,1,-2.5
18,65,Medium,Low,No,6,88,Medium,Yes,1,Medium,Medium,Private,Positive,1,Yes,College,Near,Male,62,111.0,3.5,Medio,4,-2.0
22,64,Medium,Medium,Yes,10,77,High,Yes,5,Medium,Medium,Public,Neutral,3,Yes,High School,Near,Male,66,126.4,6.5,Medio,2,2.0
17,97,High,Low,Yes,8,89,Medium,Yes,1,Low,Medium,Public,Neutral,4,No,College,Near,Male,70,126.19999999999999,3.5,Medio,1,3.5
9,90,High,Medium,Yes,9,65,Low,Yes,3,Medium,Medium,Public,Positive,3,No,High School,Near,Female,67,90.0,5.5,Medio,2,7.5
22,84,Medium,Medium,Yes,8,90,Medium,Yes,2,Medium,Medium,Public,Positive,2,No,College,Near,Female,70,138.4,5.0,Medio,2,-1.0
9,91,Medium,Medium,No,8,65,High,Yes,0,Medium,Medium,Public,Positive,4,No,High School,Moderate,Male,65,90.6,4.0,Medio,2,7.5
20,77,Low,Medium,No,8,56,Medium,Yes,1,Medium,High,Public,Positive,4,No,College,Moderate,Male,65,126.19999999999999,4.5,Medio,2,2.0
12,90,Medium,High,Yes,9,77,Medium,Yes,3,Medium,Medium,Public,Positive,3,No,Postgraduate,Near,Male,70,102.0,6.5,Medio,2,6.0
32,75,High,Medium,Yes,7,97,High,Yes,1,Medium,Medium,Private,Neutral,3,No,College,Moderate,Male,72,173.0,4.5,Medio,4,-6.0
25,70,Medium,Medium,No,6,71,Low,Yes,0,Low,Medium,Public,Neutral,2,No,College,Near,Female,65,142.0,4.0,Medio,1,-4.5
21,89,High,High,Yes,7,76,Medium,Yes,1,Medium,Medium,Public,Positive,2,No,High School,Near,Male,71,137.4,5.5,Medio,2,-1.5
28,77,High,High,Yes,6,73,Low,Yes,3,Medium,High,Private,Negative,3,No,College,Near,Female,71,158.2,6.5,Medio,4,-5.0
15,99,Medium,High,Yes,6,73,High,Yes,1,High,High,Public,Negative,5,No,Postgraduate,Near,Male,72,119.4,5.5,Medio,3,3.5
23,74,Low,Low,No,9,61,Low,Yes,0,Medium,Low,Public,Positive,4,No,Postgraduate,Near,Male,64,136.4,3.0,Medio,2,1.5
21,97,Medium,Medium,No,8,71,High,Yes,2,High,High,Public,Neutral,1,No,College,Moderate,Male,72,142.2,5.0,Medio,3,-1.5
22,97,Low,Medium,No,8,75,Medium,Yes,1,Medium,Medium,Private,Positive,4,No,Postgraduate,Near,Male,71,146.2,4.5,Medio,4,1.0
28,70,Medium,Medium,Yes,9,87,Low,Yes,0,Low,Medium,Public,Neutral,3,No,High School,Moderate,Male,66,154.0,4.0,Medio,1,-2.0
24,92,High,Low,No,8,57,Medium,Yes,3,Medium,Medium,Private,Positive,3,No,College,Near,Female,71,151.2,4.5,Medio,4,-1.0
22,77,Medium,Medium,Yes,10,79,High,Yes,2,Medium,Low,Public,Neutral,2,No,High School,Near,Male,67,134.2,5.0,Medio,2,1.0
10,97,High,High,No,4,83,Low,Yes,1,Low,High,Public,Neutral,2,No,Postgraduate,Near,Male,69,98.19999999999999,5.5,Medio,1,1.0
14,78,High,Medium,Yes,6,69,High,Yes,0,Medium,Medium,Public,Positive,5,No,College,Moderate,Female,67,102.8,4.0,Medio,2,4.0
19,90,High,Medium,Yes,6,77,Medium,Yes,0,High,Medium,Public,Neutral,4,No,Postgraduate,Near,Male,71,130.0,4.0,Medio,3,0.5
21,79,Medium,Low,No,5,86,Low,Yes,1,High,Medium,Private,Positive,2,No,High School,Moderate,Female,66,131.4,3.5,Medio,6,-3.5
13,69,High,High,No,7,73,Low,Yes,1,Medium,Low,Private,Positive,2,No,High School,Far,Male,62,93.4,5.5,Medio,4,2.5
34,68,Medium,Medium,No,7,67,High,Yes,0,Medium,Medium,Private,Neutral,2,No,High School,Moderate,Male,67,176.8,4.0,Medio,4,-8.0
29,77,Medium,Low,Yes,10,91,High,Yes,2,Low,Medium,Public,Negative,4,No,Postgraduate,Near,Female,70,162.2,4.0,Medio,1,-0.5
24,90,High,High,No,8,99,High,Yes,0,Low,Medium,Public,Neutral,3,No,College,Moderate,Female,72,150.0,5.0,Medio,1,-1.0
20,84,High,High,No,6,61,Medium,Yes,3,Medium,Medium,Private,Neutral,2,No,High School,Near,Male,69,130.4,6.5,Medio,4,-2.0
19,88,Medium,High,No,8,94,High,Yes,1,Medium,Medium,Public,Neutral,3,No,High School,Moderate,Male,70,128.8,5.5,Medio,2,1.5
14,71,High,High,No,4,77,Medium,Yes,0,Medium,Medium,Public,Negative,3,No,High School,Near,Female,64,98.6,5.0,Medio,2,0.0
20,79,Medium,Medium,Yes,7,72,Low,No,1,Medium,Medium,Public,Negative,3,No,High School,Near,Male,65,127.4,2.5,Medio,2,0.0
22,62,Medium,High,Yes,7,95,Medium,Yes,2,Medium,Medium,Public,Negative,2,No,High School,Near,Male,66,125.19999999999999,6.0,Medio,2,-2.0
13,93,Low,Medium,No,6,96,High,Yes,2,High,Medium,Private,Negative,3,No,High School,Near,Female,68,107.8,5.0,Medio,6,2.5
22,100,Medium,Medium,Yes,7,64,Medium,Yes,2,Low,Medium,Private,Positive,3,No,College,Near,Female,72,148.0,5.0,Medio,2,-1.0
19,76,Medium,Low,Yes,6,68,Medium,Yes,2,High,Medium,Public,Positive,3,No,High School,Moderate,Female,65,121.6,4.0,Medio,3,-0.5
9,60,Medium,Low,Yes,6,93,Medium,Yes,3,Low,High,Private,Neutral,2,No,High School,Moderate,Female,60,72.0,4.5,Medio,2,3.5
15,67,Medium,Medium,No,8,75,Medium,Yes,0,High,High,Public,Negative,4,No,Postgraduate,Near,Female,63,100.19999999999999,4.0,Medio,3,4.5
18,86,Low,Low,Yes,9,64,Low,Yes,3,Low,High,Public,Positive,3,No,High School,Near,Female,66,123.6,4.5,Medio,1,3.0
31,84,Low,Medium,Yes,8,98,Low,Yes,1,Medium,Medium,Public,Positive,4,No,Postgraduate,Near,Female,73,174.4,4.5,Medio,2,-3.5
23,92,Medium,Medium,Yes,6,61,Low,Yes,4,Low,Medium,Public,Positive,4,No,College,Near,Male,71,147.2,6.0,Medio,1,-1.5
12,70,Medium,Medium,Yes,6,81,Low,Yes,1,Low,Medium,Public,Negative,2,Yes,High School,Far,Male,59,90.0,4.5,Bajo,1,2.0
23,91,Medium,Low,Yes,6,71,Medium,Yes,5,Low,High,Public,Neutral,3,No,High School,Moderate,Female,70,146.6,5.5,Medio,1,-2.5
11,88,Medium,Low,Yes,7,73,Low,Yes,1,Medium,Low,Private,Neutral,3,Yes,College,Near,Female,63,96.8,3.5,Medio,4,4.5
26,73,Medium,Medium,No,6,55,Medium,Yes,1,Medium,Low,Public,Positive,4,No,Postgraduate,Near,Male,67,147.8,4.5,Medio,2,-3.0
17,82,Low,Medium,Yes,9,63,Medium,Yes,2,Low,Medium,Private,Neutral,2,No,College,Moderate,Male,65,117.19999999999999,5.0,Medio,2,2.5
19,66,Medium,Low,No,7,58,Medium,Yes,5,Medium,Low,Public,Positive,4,No,College,Moderate,Female,64,115.6,5.5,Medio,2,1.5
28,78,High,Medium,No,8,87,Low,Yes,2,Low,Medium,Public,Positive,2,No,Postgraduate,Near,Male,71,158.8,5.0,Medio,1,-4.0
12,95,Medium,High,Yes,5,85,Medium,Yes,2,High,Medium,Public,Negative,2,No,College,Near,Male,70,105.0,6.0,Medio,3,1.0
12,77,Medium,Low,Yes,6,90,Medium,Yes,2,Medium,Low,Public,Neutral,2,No,High School,Near,Female,63,94.19999999999999,4.0,Medio,2,2.0
16,94,Low,Medium,No,8,85,Medium,Yes,3,Low,High,Public,Neutral,2,No,High School,Near,Female,68,120.4,5.5,Medio,1,2.0
26,84,Medium,Medium,Yes,8,56,Medium,No,1,Medium,Medium,Public,Negative,2,No,College,Near,Female,67,154.4,2.5,Medio,2,-3.0
11,68,Medium,High,Yes,5,99,Medium,Yes,1,High,Medium,Public,Neutral,4,No,Postgraduate,Near,Female,66,84.8,5.5,Medio,3,3.5
3,83,High,Low,Yes,7,59,Low,Yes,2,Medium,High,Public,Positive,5,No,High School,Moderate,Male,63,61.8,4.0,Medio,2,10.5
17,80,Medium,Medium,Yes,7,68,Medium,Yes,0,Medium,Medium,Private,Negative,5,Yes,College,Near,Female,65,116.0,4.0,Medio,4,3.5
23,76,Medium,High,Yes,6,85,Low,Yes,2,Low,Medium,Public,Positive,3,Yes,High School,Far,Male,66,137.6,6.0,Medio,1,-2.5
27,65,Medium,Medium,Yes,8,57,Medium,Yes,2,Low,Low,Public,Negative,4,No,Postgraduate,Near,Female,65,147.0,5.0,Medio,1,-1.5
17,77,Low,Medium,Yes,5,59,Medium,Yes,2,Medium,High,Private,Neutral,4,No,High School,Near,Male,65,114.19999999999999,5.0,Medio,4,0.5
18,63,High,Low,No,6,94,Medium,Yes,2,Medium,High,Public,Neutral,2,Yes,High School,Near,Male,63,109.8,4.0,Medio,2,-1.0
27,64,Medium,High,No,8,67,Medium,Yes,0,Low,Medium,Public,Positive,3,No,High School,Near,Male,65,146.4,5.0,Medio,1,-2.5
9,77,Low,High,Yes,7,83,Medium,Yes,1,Low,High,Private,Neutral,4,Yes,High School,Far,Male,62,82.19999999999999,5.5,Medio,2,6.5
18,72,Medium,Medium,Yes,7,93,Medium,Yes,1,Medium,Medium,Public,Positive,3,No,College,Near,Female,66,115.19999999999999,4.5,Medio,2,1.0
21,97,Medium,Low,No,7,99,Medium,Yes,1,High,Medium,Public,Negative,3,No,Postgraduate,Near,Female,71,142.2,3.5,Medio,3,-0.5
23,75,Low,Low,Yes,8,61,High,Yes,2,Low,Medium,Public,Positive,2,No,High School,Far,Female,64,137.0,4.0,Medio,1,-1.5
17,90,Medium,Medium,Yes,8,56,Low,Yes,0,Medium,Medium,Private,Neutral,4,No,College,Near,Female,67,122.0,4.0,Medio,4,3.5
20,81,Medium,Medium,No,8,87,Medium,Yes,1,High,Medium,Private,Neutral,3,No,High School,Near,Male,68,128.6,4.5,Medio,6,1.0
5,88,Medium,Medium,No,7,59,Medium,Yes,3,Low,Medium,Public,Negative,3,No,College,Near,Female,63,72.8,5.5,Medio,1,7.5
16,70,Low,Medium,Yes,6,79,High,Yes,0,High,High,Public,Negative,3,No,College,Near,Female,64,106.0,4.0,Medio,3,1.0
23,98,High,High,Yes,6,77,Medium,Yes,1,Low,High,Public,Neutral,1,No,Postgraduate,Near,Female,74,150.8,5.5,Medio,1,-4.5
14,81,Low,Medium,Yes,5,78,Medium,Yes,2,High,High,Public,Positive,4,No,Postgraduate,Near,Male,68,104.6,5.0,Medio,3,2.0
20,93,Medium,Medium,Yes,6,82,Low,No,1,Medium,High,Public,Positive,3,Yes,High School,Moderate,Female,68,135.8,2.5,Medio,2,-1.0
23,75,High,High,Yes,6,93,Medium,No,2,Medium,Low,Public,Neutral,3,No,Postgraduate,Moderate,Female,69,137.0,4.0,Medio,2,-2.5
18,64,Low,Medium,Yes,9,64,Medium,Yes,4,Low,Medium,Public,Negative,4,Yes,High School,Near,Male,61,110.4,6.0,Medio,1,4.0
21,87,Low,High,Yes,5,78,High,Yes,1,Low,Medium,Private,Positive,2,No,High School,Near,Female,69,136.2,5.5,Medio,2,-3.5
14,60,Low,Low,Yes,9,67,Low,Yes,3,High,High,Public,Positive,3,No,High School,Near,Female,61,92.0,4.5,Medio,3,5.0
19,79,Medium,High,Yes,7,66,Low,Yes,3,High,Medium,Public,Positive,3,Yes,High School,Near,Male,67,123.4,6.5,Medio,3,0.5
24,68,Low,High,No,7,51,Medium,Yes,0,Low,Low,Private,Neutral,4,No,High School,Near,Female,63,136.8,5.0,Medio,2,-1.0
21,85,Medium,Medium,No,8,80,Medium,Yes,3,Low,High,Public,Positive,3,Yes,College,Moderate,Female,68,135.0,5.5,Medio,1,0.5
16,99,Medium,Medium,No,5,99,Low,No,0,Low,Medium,Private,Neutral,5,No,College,Moderate,Female,68,123.4,2.0,Medio,2,2.0
21,79,Medium,Low,Yes,6,88,Low,Yes,2,High,Medium,Public,Neutral,1,No,High School,Near,Male,67,131.4,4.0,Medio,3,-3.5
24,93,Low,Medium,Yes,5,62,High,Yes,1,High,Medium,Private,Negative,3,No,College,Moderate,Female,69,151.8,4.5,Medio,6,-4.0
8,80,High,Medium,No,6,86,Medium,Yes,2,Low,Medium,Public,Neutral,3,No,High School,Near,Male,64,80.0,5.0,Medio,1,5.0
27,80,Low,Low,No,6,65,Low,Yes,1,Low,Medium,Public,Positive,4,No,Postgraduate,Near,Male,67,156.0,3.5,Medio,1,-3.5
18,97,Medium,High,No,9,88,Low,Yes,1,High,Medium,Public,Neutral,3,Yes,High School,Near,Female,70,130.2,5.5,Medio,3,3.0
23,96,Low,High,Yes,6,93,Low,Yes,5,Low,Medium,Public,Negative,4,No,High School,Near,Female,72,149.6,7.5,Medio,1,-1.5
27,91,Low,High,No,4,67,Medium,Yes,1,High,High,Private,Neutral,2,No,High School,Moderate,Female,71,162.6,5.5,Medio,6,-7.5
12,72,Medium,Medium,No,6,50,High,Yes,1,Low,Medium,Public,Positive,3,No,College,Near,Male,62,91.19999999999999,4.5,Medio,1,3.0
16,82,Medium,Medium,Yes,8,65,High,Yes,2,Low,Medium,Private,Positive,5,Yes,Postgraduate,Near,Male,67,113.19999999999999,5.0,Medio,2,5.0
18,69,Medium,High,Yes,9,60,Medium,Yes,3,Low,Medium,Public,Negative,2,No,College,Far,Female,64,113.4,6.5,Medio,1,2.0
15,78,Medium,Medium,Yes,7,81,Medium,Yes,0,Medium,Low,Public,Neutral,2,No,High School,Near,Male,64,106.8,4.0,Medio,2,1.5
30,79,High,Medium,No,6,65,Medium,Yes,1,Low,Medium,Public,Negative,4,No,Postgraduate,Near,Female,70,167.4,4.5,Medio,1,-5.0
15,93,Medium,Medium,Yes,7,52,Medium,Yes,3,Low,Medium,Public,Negative,5,No,College,Near,Female,68,115.8,5.5,Medio,1,4.5
17,96,Medium,Medium,No,8,77,Medium,Yes,1,Medium,Medium,Public,Neutral,3,No,Postgraduate,Near,Female,70,125.6,4.5,Medio,2,2.5
21,77,Medium,Low,Yes,5,94,Low,Yes,1,Medium,High,Public,Negative,3,No,High School,Far,Male,65,130.2,3.5,Medio,2,-2.5
13,61,Low,Low,No,7,73,Low,Yes,2,High,Medium,Public,Positive,2,No,High School,Near,Female,59,88.6,4.0,Bajo,3,2.5
18,94,Medium,Medium,Yes,7,69,Medium,Yes,1,Medium,High,Public,Positive,2,No,High School,Far,Female,69,128.4,4.5,Medio,2,0.0
22,67,Medium,Medium,Yes,7,59,High,Yes,2,Low,High,Public,Positive,3,No,Postgraduate,Near,Male,67,128.2,5.0,Medio,1,-1.0
18,85,Medium,High,No,7,69,Medium,Yes,2,Low,Medium,Private,Positive,4,No,High School,Near,Male,68,123.0,6.0,Medio,2,2.0
19,61,Medium,Medium,No,6,67,Low,Yes,1,Medium,Medium,Public,Positive,1,No,College,Near,Male,62,112.6,4.5,Medio,2,-2.5
17,76,High,Medium,No,8,100,Low,No,0,High,Medium,Private,Neutral,4,No,High School,Moderate,Male,65,113.6,2.0,Medio,6,3.5
11,99,High,Medium,Yes,7,52,Medium,Yes,0,High,High,Private,Neutral,5,No,College,Near,Female,69,103.4,4.0,Medio,6,6.5
22,64,Medium,Medium,Yes,7,62,Medium,Yes,3,Low,Medium,Private,Neutral,4,No,Postgraduate,Moderate,Female,65,126.4,5.5,Medio,2,0.0
31,77,High,Low,Yes,5,53,High,Yes,1,Medium,Medium,Public,Neutral,2,No,High School,Near,Female,68,170.2,3.5,Medio,2,-8.5
20,72,High,Low,Yes,8,93,Medium,Yes,4,Low,High,Public,Positive,2,No,High School,Near,Male,68,123.19999999999999,5.0,Medio,1,0.0
21,96,High,Medium,Yes,6,71,High,No,3,Medium,Medium,Public,Negative,3,No,High School,Near,Female,71,141.6,3.5,Medio,2,-1.5
24,95,Medium,Low,Yes,9,90,Medium,Yes,3,Low,Low,Public,Positive,4,No,High School,Moderate,Male,71,153.0,4.5,Medio,1,1.0
12,70,High,Medium,No,5,85,High,Yes,1,High,Medium,Public,Positive,3,No,Postgraduate,Near,Female,66,90.0,4.5,Medio,3,2.0
30,63,Medium,High,Yes,8,96,Medium,Yes,4,Low,Medium,Private,Positive,3,No,Postgraduate,Near,Female,71,157.8,7.0,Medio,2,-4.0
21,85,Medium,Medium,No,4,51,Low,Yes,2,Low,Medium,Public,Neutral,3,No,College,Near,Female,66,135.0,5.0,Medio,1,-3.5
30,73,High,Low,No,4,60,Medium,Yes,0,Low,Low,Private,Positive,4,No,High School,Moderate,Female,66,163.8,3.0,Medio,2,-7.0
16,87,High,High,Yes,6,85,Medium,Yes,2,Medium,High,Public,Neutral,1,No,High School,Near,Female,69,116.19999999999999,6.0,Medio,2,-1.0
31,61,Medium,Medium,No,4,79,Medium,Yes,0,Low,Low,Public,Positive,3,No,High School,Moderate,Female,65,160.6,4.0,Medio,1,-8.5
25,65,High,Low,Yes,8,85,Medium,Yes,2,Low,Medium,Public,Negative,3,No,Postgraduate,Near,Female,66,139.0,4.0,Medio,1,-1.5
23,87,Medium,Low,No,7,79,Medium,Yes,2,Medium,Medium,Public,Neutral,2,No,High School,Far,Male,67,144.2,4.0,Medio,2,-2.5
21,68,Medium,Medium,No,9,79,Low,Yes,1,High,High,Private,Negative,4,No,Postgraduate,Moderate,Female,66,124.8,4.5,Medio,6,2.5
19,94,Medium,Medium,No,7,97,Medium,Yes,0,Medium,Medium,Public,Neutral,3,No,High School,Near,Female,69,132.4,4.0,Medio,2,0.5
27,62,High,Low,No,7,96,Medium,Yes,2,Low,Medium,Public,Neutral,4,No,High School,Near,Male,66,145.2,4.0,Medio,1,-2.5
21,69,High,Medium,Yes,7,52,Low,Yes,0,Low,Medium,Public,Negative,3,No,Postgraduate,Near,Male,64,125.4,4.0,Medio,1,-0.5
8,100,High,High,Yes,6,71,Medium,Yes,0,Low,High,Public,Positive,2,No,Postgraduate,Near,Female,70,92.0,5.0,Medio,1,4.0
13,77,Low,Medium,Yes,6,76,Low,No,1,Medium,Low,Private,Neutral,4,No,College,Moderate,Male,62,98.19999999999999,2.5,Medio,4,3.5
19,88,Low,Medium,Yes,5,68,High,Yes,1,Low,Low,Public,Positive,5,No,High School,Moderate,Male,67,128.8,4.5,Medio,1,0.5
22,67,Low,Medium,No,8,52,Medium,Yes,1,Medium,Low,Public,Negative,2,Yes,College,Moderate,Female,60,128.2,4.5,Medio,2,-1.0
20,84,Low,Low,No,7,74,Low,Yes,1,High,Medium,Public,Neutral,3,No,Postgraduate,Near,Female,66,130.4,3.5,Medio,3,0.0
27,89,Medium,Medium,Yes,7,99,Medium,Yes,0,Medium,High,Public,Positive,2,No,High School,Near,Female,72,161.4,4.0,Medio,2,-4.5
8,73,Medium,High,Yes,10,54,Medium,Yes,2,Medium,Medium,Public,Positive,3,No,High School,Near,Male,63,75.8,6.0,Medio,2,9.0
21,93,Low,Low,Yes,6,91,Low,Yes,1,High,Medium,Public,Negative,3,No,Postgraduate,Near,Male,69,139.8,3.5,Medio,3,-1.5
9,84,High,High,Yes,7,60,High,Yes,1,Low,Medium,Private,Positive,3,No,College,Moderate,Male,66,86.4,5.5,Medio,2,5.5
25,76,Medium,Medium,Yes,7,79,Medium,Yes,2,Medium,Medium,Public,Positive,2,No,College,Near,Male,69,145.6,5.0,Medio,2,-3.5
19,82,High,Medium,No,9,69,Low,Yes,2,Medium,Medium,Private,Neutral,3,No,College,Moderate,Male,68,125.19999999999999,5.0,Medio,4,2.5
23,83,Medium,Low,No,7,67,Medium,Yes,3,Low,Low,Public,Negative,4,No,High School,Moderate,Female,66,141.8,4.5,Medio,1,-0.5
15,67,Medium,Medium,Yes,7,94,Low,Yes,0,High,Low,Private,Positive,2,No,Postgraduate,Moderate,Male,63,100.19999999999999,4.0,Medio,6,1.5
28,76,Medium,Medium,Yes,10,99,High,Yes,1,Medium,Medium,Public,Neutral,3,No,High School,Near,Male,70,157.6,4.5,Medio,2,-1.0
26,74,Medium,Medium,No,6,69,Medium,Yes,2,Low,High,Public,Positive,4,No,Postgraduate,Moderate,Male,68,148.4,5.0,Medio,1,-3.0
24,76,Medium,Medium,Yes,7,82,Medium,Yes,2,Medium,Medium,Public,Positive,4,No,College,Far,Male,68,141.6,5.0,Medio,2,-1.0
19,90,Medium,Medium,No,8,78,Medium,Yes,1,Low,Medium,Private,Neutral,3,No,High School,Moderate,Male,67,130.0,4.5,Medio,2,1.5
23,79,High,High,Yes,6,54,Low,Yes,1,Low,Medium,Public,Neutral,1,No,High School,Moderate,Male,67,139.4,5.5,Medio,1,-4.5
16,98,High,Low,Yes,8,52,Medium,Yes,3,Low,High,Public,Neutral,3,No,College,Moderate,Female,69,122.8,4.5,Medio,1,3.0
25,72,Medium,Medium,No,6,89,Low,Yes,3,Low,High,Public,Neutral,5,No,High School,Near,Male,68,143.2,5.5,Medio,1,-1.5
30,77,Medium,Low,Yes,9,70,Medium,Yes,0,Medium,High,Public,Neutral,1,No,High School,Moderate,Male,67,166.2,3.0,Medio,2,-5.0
26,91,High,Medium,Yes,8,65,Low,Yes,0,Medium,High,Public,Neutral,2,No,High School,Moderate,Male,70,158.6,4.0,Medio,2,-3.0
16,82,High,High,No,7,99,Low,Yes,3,Medium,Medium,Public,Positive,3,No,Postgraduate,Moderate,Male,70,113.19999999999999,6.5,Medio,2,2.0
22,82,Medium,Low,No,5,54,Medium,Yes,2,Medium,Medium,Public,Neutral,2,No,College,Moderate,Male,66,137.2,4.0,Medio,2,-4.0
12,62,High,High,Yes,6,63,High,Yes,0,Low,Medium,Private,Negative,2,No,High School,Near,Male,61,85.19999999999999,5.0,Medio,2,2.0
23,76,Low,High,Yes,7,93,Medium,Yes,2,Low,Medium,Public,Negative,2,No,College,Near,Male,68,137.6,6.0,Medio,1,-2.5
23,71,Low,Medium,Yes,8,71,Low,Yes,1,Low,Low,Public,Neutral,2,No,Postgraduate,Near,Female,64,134.6,4.5,Medio,1,-1.5
9,100,Low,Low,No,7,79,Medium,Yes,1,Low,Medium,Public,Positive,2,No,Postgraduate,Near,Male,66,96.0,3.5,Medio,1,4.5
13,72,Low,High,Yes,8,52,Medium,Yes,3,High,High,Private,Positive,4,No,High School,Near,Male,65,95.19999999999999,6.5,Medio,6,5.5
18,95,Medium,High,No,8,96,Medium,Yes,3,Medium,Low,Public,Negative,6,No,Postgraduate,Near,Male,73,129.0,6.5,Medio,2,5.0
18,87,Low,Low,No,8,57,Medium,No,3,High,High,Public,Positive,4,No,High School,Near,Male,66,124.19999999999999,2.5,Medio,3,3.0
13,74,High,High,Yes,7,61,Medium,Yes,2,Low,Medium,Public,Positive,3,No,High School,Moderate,Male,65,96.4,6.0,Medio,1,3.5
22,82,Medium,High,Yes,7,58,Medium,Yes,0,Medium,Medium,Public,Negative,4,No,College,Near,Male,68,137.2,5.0,Medio,2,0.0
22,94,Medium,Medium,Yes,7,75,Low,Yes,0,Low,High,Public,Neutral,3,No,High School,Near,Male,69,144.4,4.0,Medio,1,-1.0
19,95,Low,High,Yes,6,91,High,Yes,1,Medium,High,Public,Neutral,4,No,College,Near,Male,72,133.0,5.5,Medio,2,0.5
15,66,Medium,Medium,No,9,63,Medium,Yes,3,Medium,Medium,Private,Neutral,3,No,High School,Near,Male,63,99.6,5.5,Medio,4,4.5
26,74,Low,Medium,No,8,57,Medium,Yes,0,Medium,Medium,Private,Positive,1,No,High School,Near,Male,65,148.4,4.0,Medio,4,-4.0
30,73,High,Medium,Yes,9,70,Low,Yes,0,Medium,Medium,Public,Negative,4,No,College,Near,Male,69,163.8,4.0,Medio,2,-2.0
17,62,High,Low,No,6,99,Medium,Yes,2,Medium,Medium,Private,Negative,3,No,High School,Far,Female,62,105.19999999999999,4.0,Medio,4,0.5
16,84,Medium,High,Yes,8,51,Low,Yes,0,Medium,Medium,Public,Negative,3,No,Postgraduate,Near,Female,66,114.4,5.0,Medio,2,3.0
23,94,Low,Low,Yes,9,75,Medium,Yes,3,Low,Medium,Private,Neutral,2,No,Postgraduate,Moderate,Female,69,148.4,4.5,Medio,2,-0.5
18,75,High,Medium,Yes,9,83,Medium,Yes,2,Low,Medium,Public,Positive,4,Yes,Postgraduate,Moderate,Female,67,117.0,5.0,Medio,1,4.0
24,85,Medium,Medium,Yes,7,87,High,Yes,2,Medium,Medium,Private,Neutral,2,No,High School,Near,Female,71,147.0,5.0,Medio,4,-3.0
9,75,Medium,Medium,No,7,54,Low,Yes,2,Low,Medium,Public,Positive,4,No,High School,Near,Female,61,81.0,5.0,Medio,1,6.5
28,66,High,Medium,Yes,9,73,Medium,Yes,2,Low,Medium,Public,Positive,2,No,College,Near,Male,68,151.6,5.0,Medio,1,-3.0
20,88,Medium,Medium,No,4,54,Low,Yes,0,High,Low,Public,Negative,4,No,High School,Near,Male,66,132.8,4.0,Medio,3,-2.0
18,94,High,High,Yes,5,81,Medium,Yes,0,High,Low,Public,Negative,5,No,High School,Near,Female,71,128.4,5.0,Medio,3,1.0
19,87,Low,Medium,No,9,54,Low,Yes,3,Low,High,Public,Positive,4,No,High School,Moderate,Female,66,128.2,5.5,Medio,1,3.5
20,61,Low,Medium,No,6,52,Medium,Yes,2,Low,Low,Private,Negative,2,No,Postgraduate,Near,Male,60,116.6,5.0,Medio,2,-2.0
10,69,Medium,Medium,Yes,5,65,Low,Yes,0,Medium,Medium,Private,Positive,3,No,High School,Near,Female,60,81.4,4.0,Medio,4,3.0
29,63,Low,Low,Yes,9,97,High,No,3,Medium,High,Public,Negative,3,No,High School,Near,Male,66,153.8,2.5,Medio,2,-2.5
20,83,Medium,Low,Yes,5,85,Medium,Yes,1,High,High,Public,Neutral,2,No,College,Far,Male,67,129.8,3.5,Medio,3,-3.0
23,90,Low,Low,No,9,50,Low,Yes,4,Medium,Medium,Private,Neutral,3,No,High School,Moderate,Male,67,146.0,5.0,Medio,4,0.5
26,64,Medium,Medium,No,5,64,Medium,Yes,2,High,Medium,Public,Negative,1,No,High School,Near,Male,64,142.4,5.0,Medio,3,-7.0
14,94,Medium,Medium,No,5,51,Medium,Yes,0,Medium,High,Public,Neutral,3,No,College,Near,Male,66,112.4,4.0,Medio,2,1.0
23,82,High,Low,No,7,65,High,Yes,1,Medium,High,Public,Negative,3,No,High School,Near,Female,68,141.2,3.5,Medio,2,-1.5
18,88,High,Low,Yes,6,84,Medium,Yes,1,Medium,High,Public,Positive,3,No,Postgraduate,Moderate,Female,70,124.8,3.5,Medio,2,0.0
25,99,High,Medium,Yes,7,88,Medium,Yes,3,Low,Medium,Private,Positive,4,No,College,Moderate,Female,75,159.4,5.5,Medio,2,-1.5
19,96,Medium,Medium,Yes,7,95,High,Yes,3,Medium,High,Private,Negative,3,No,College,Near,Female,73,133.6,5.5,Medio,4,0.5
16,65,Medium,Low,No,9,68,Medium,Yes,1,High,Medium,Public,Neutral,3,No,High School,Moderate,Male,61,103.0,3.5,Medio,3,4.0
23,76,High,High,No,7,93,Medium,Yes,0,Medium,Medium,Private,Negative,6,No,High School,Moderate,Male,68,137.6,5.0,Medio,4,1.5
23,94,Medium,High,No,8,86,Medium,Yes,1,Low,High,Public,Neutral,0,No,College,Far,Female,70,148.4,5.5,Medio,1,-3.5
16,96,Medium,Medium,Yes,4,77,High,Yes,1,High,High,Public,Positive,2,No,High School,Near,Male,71,121.6,4.5,Medio,3,-2.0
16,80,High,Medium,Yes,8,98,High,Yes,2,Medium,High,Private,Positive,4,No,Postgraduate,Near,Male,71,112.0,5.0,Medio,4,4.0
19,84,Medium,Medium,No,8,97,High,Yes,2,Medium,Medium,Public,Neutral,1,Yes,College,Near,Male,68,126.4,5.0,Medio,2,-0.5
15,88,High,High,Yes,6,95,Medium,Yes,2,Low,Medium,Public,Negative,4,No,High School,Near,Female,70,112.8,6.0,Medio,1,2.5
25,93,Medium,Medium,Yes,10,60,Low,Yes,1,Medium,Medium,Public,Positive,3,No,College,Moderate,Male,70,155.8,4.5,Medio,2,0.5
18,65,Medium,High,Yes,6,60,Low,Yes,0,Medium,High,Private,Neutral,3,No,High School,Moderate,Female,62,111.0,5.0,Medio,4,0.0
3,92,High,Low,Yes,5,95,High,Yes,3,Medium,Medium,Public,Neutral,1,No,Postgraduate,Near,Female,67,67.19999999999999,4.5,Medio,2,4.5
18,79,Medium,Medium,No,8,70,High,Yes,3,Medium,Medium,Public,Positive,3,No,College,Near,Female,68,119.4,5.5,Medio,2,2.0
14,78,High,High,Yes,5,90,Medium,Yes,1,Medium,Medium,Public,Neutral,3,No,Postgraduate,Near,Female,68,102.8,5.5,Medio,2,1.0
10,77,High,High,No,7,84,Low,Yes,2,Low,High,Private,Neutral,1,No,High School,Far,Male,64,86.19999999999999,6.0,Medio,2,3.0
13,80,Medium,High,No,9,88,Medium,Yes,1,High,High,Public,Positive,3,No,Postgraduate,Near,Male,68,100.0,5.5,Medio,3,5.5
21,98,Low,High,Yes,8,51,Medium,Yes,0,Medium,Medium,Public,Neutral,3,No,High School,Near,Male,69,142.8,5.0,Medio,2,0.5
28,82,Medium,High,No,7,71,Low,Yes,1,Medium,High,Public,Neutral,3,No,High School,Near,Male,70,161.2,5.5,Medio,2,-4.0
22,98,Medium,Medium,Yes,6,93,Medium,Yes,4,Low,Medium,Public,Neutral,4,No,High School,Near,Female,73,146.8,6.0,Medio,1,-1.0
16,67,High,Medium,Yes,9,74,Medium,Yes,1,High,High,Public,Positive,3,No,Postgraduate,Moderate,Male,66,104.19999999999999,4.5,Medio,3,4.0
23,89,Low,Medium,No,5,85,Low,Yes,0,Low,Medium,Public,Positive,3,No,Postgraduate,Moderate,Male,68,145.4,4.0,Medio,1,-3.5
17,92,Low,Medium,Yes,8,88,High,No,1,High,Medium,Public,Neutral,3,No,High School,Near,Female,68,123.19999999999999,2.5,Medio,3,2.5
16,87,Low,Medium,Yes,10,56,Low,Yes,2,Medium,High,Private,Neutral,0,No,Postgraduate,Moderate,Female,65,116.19999999999999,5.0,Medio,4,2.0
13,84,Medium,Medium,Yes,8,58,High,Yes,2,Low,Low,Public,Neutral,3,No,Postgraduate,Near,Female,66,102.4,5.0,Medio,1,4.5
9,83,High,Low,Yes,7,86,Medium,Yes,0,Low,Medium,Public,Negative,1,No,College,Far,Female,62,85.8,3.0,Medio,1,3.5
18,94,Low,Low,Yes,7,53,Low,Yes,3,Medium,High,Private,Neutral,2,No,High School,Near,Female,67,128.4,4.5,Medio,4,0.0
21,93,Medium,High,Yes,6,67,High,Yes,1,Medium,High,Public,Positive,3,No,Postgraduate,Near,Female,73,139.8,5.5,Medio,2,-1.5
19,65,Medium,Low,Yes,6,96,Medium,Yes,2,Medium,High,Private,Neutral,2,No,Postgraduate,Near,Male,65,115.0,4.0,Medio,4,-1.5
18,94,High,Low,No,7,79,High,Yes,2,High,Medium,Private,Neutral,4,No,High School,Near,Female,70,128.4,4.0,Medio,6,2.0
14,77,High,Medium,Yes,8,96,Medium,Yes,3,Medium,Medium,Public,Neutral,2,No,Postgraduate,Near,Male,68,102.19999999999999,5.5,Medio,2,3.0
24,70,High,Medium,Yes,9,65,Medium,Yes,3,Medium,Low,Private,Positive,3,No,High School,Moderate,Male,67,138.0,5.5,Medio,4,0.0
12,95,Low,Medium,Yes,4,82,High,Yes,2,Low,Medium,Public,Negative,3,No,High School,Moderate,Male,66,105.0,5.0,Medio,1,1.0
25,77,Medium,Low,No,4,64,Low,Yes,3,Low,Medium,Public,Neutral,4,Yes,College,Near,Female,65,146.2,4.5,Medio,1,-4.5
14,92,High,Low,Yes,9,56,Low,Yes,1,Medium,Medium,Public,Neutral,4,No,High School,Moderate,Female,66,111.19999999999999,3.5,Medio,2,6.0
15,71,High,High,No,7,100,Low,Yes,2,Low,Low,Public,Neutral,4,No,High School,Near,Male,66,102.6,6.0,Medio,1,3.5
11,60,Medium,High,No,7,59,High,Yes,2,Low,Medium,Public,Positive,1,No,College,Moderate,Male,60,80.0,6.0,Medio,1,2.5
17,80,High,Low,Yes,8,59,Medium,Yes,0,High,High,Public,Negative,4,No,College,Near,Female,66,116.0,3.0,Medio,3,3.5
26,64,High,Medium,Yes,7,92,Low,Yes,2,Low,High,Private,Positive,4,No,College,Moderate,Female,68,142.4,5.0,Medio,2,-2.0
23,90,Medium,Medium,Yes,10,90,Low,Yes,3,Low,Medium,Public,Positive,5,No,High School,Near,Male,72,146.0,5.5,Medio,1,3.5
26,71,Low,High,No,8,99,Medium,No,1,Medium,Medium,Public,Positive,3,No,College,Near,Male,68,146.6,3.5,Medio,2,-2.0
23,78,Medium,Medium,Yes,6,54,High,Yes,0,Low,Medium,Public,Neutral,3,No,Postgraduate,Near,Female,67,138.8,4.0,Medio,1,-2.5
13,63,High,Medium,No,6,55,High,Yes,0,Medium,Low,Public,Positive,4,No,Postgraduate,Near,Male,62,89.8,4.0,Medio,2,3.5
18,71,Medium,Medium,No,7,72,High,Yes,0,High,High,Public,Positive,5,No,College,Moderate,Female,66,114.6,4.0,Medio,3,3.0
15,91,High,Medium,No,6,80,Medium,Yes,0,Low,Medium,Private,Positive,3,No,Postgraduate,Near,Male,69,114.6,4.0,Medio,2,1.5
28,66,Medium,Medium,No,10,52,Low,Yes,0,Low,High,Public,Positive,3,No,High School,Near,Male,64,151.6,4.0,Medio,1,-1.0
13,86,Low,Medium,No,7,58,Medium,No,0,Medium,Medium,Private,Positive,3,No,High School,Near,Male,63,103.6,2.0,Medio,4,3.5
25,97,Low,High,Yes,5,85,Medium,Yes,2,High,Medium,Public,Positive,2,No,High School,Near,Male,74,158.2,6.0,Medio,3,-5.5
25,87,High,Medium,Yes,8,83,Medium,Yes,0,Medium,High,Private,Positive,4,No,College,Moderate,Male,72,152.2,4.0,Medio,4,-0.5
31,92,Medium,Medium,Yes,9,54,Medium,No,1,Low,Medium,Private,Positive,3,No,College,Near,Male,71,179.2,2.5,Medio,2,-3.5
18,64,Low,High,Yes,9,97,Medium,Yes,2,Medium,Medium,Public,Negative,3,No,High School,Moderate,Female,64,110.4,6.0,Medio,2,3.0
24,70,High,High,No,6,63,Low,No,0,Low,Medium,Public,Neutral,3,No,High School,Near,Male,65,138.0,3.0,Medio,1,-3.0
34,96,Medium,Medium,Yes,5,94,High,Yes,1,Medium,High,Public,Negative,5,Yes,High School,Moderate,Female,75,193.6,4.5,Medio,2,-7.0
16,89,High,Medium,No,9,96,Medium,Yes,2,Medium,Low,Public,Positive,3,No,College,Far,Male,69,117.4,5.0,Medio,2,4.0
11,86,Medium,Medium,No,5,75,Medium,Yes,1,Medium,Low,Public,Neutral,4,No,Postgraduate,Moderate,Female,65,95.6,4.5,Medio,2,3.5
9,87,Low,Low,No,8,71,Low,No,0,Low,High,Public,Neutral,1,No,College,Moderate,Male,60,88.19999999999999,1.0,Medio,1,4.5
24,77,Medium,Medium,Yes,6,64,Medium,Yes,2,High,Medium,Public,Positive,4,No,High School,Near,Male,69,142.2,5.0,Medio,3,-2.0
9,62,High,High,Yes,9,90,High,Yes,4,High,Medium,Public,Neutral,4,No,College,Far,Male,65,73.19999999999999,7.0,Medio,3,8.5
18,91,Low,Medium,Yes,5,60,Low,Yes,0,High,High,Private,Positive,4,No,High School,Moderate,Male,67,126.6,4.0,Medio,6,0.0
23,87,High,Low,No,6,81,Low,Yes,5,Medium,High,Private,Neutral,2,No,High School,Far,Female,70,144.2,5.5,Medio,4,-3.5
21,79,Medium,Low,Yes,8,78,Low,Yes,1,Low,High,Public,Positive,4,No,College,Moderate,Female,66,131.4,3.5,Medio,1,1.5
23,96,Medium,Medium,Yes,8,62,Medium,Yes,0,Low,High,Public,Neutral,4,No,High School,Moderate,Female,69,149.6,4.0,Medio,1,0.5
21,73,Medium,Medium,Yes,9,99,Medium,Yes,2,Medium,High,Public,Neutral,3,No,Postgraduate,Near,Male,69,127.8,5.0,Medio,2,1.5
28,72,High,Medium,Yes,8,92,Low,Yes,1,Medium,Medium,Public,Negative,2,No,High School,Near,Female,68,155.2,4.5,Medio,2,-4.0
14,95,Medium,Medium,Yes,8,51,Medium,Yes,5,Medium,Medium,Private,Positive,4,No,College,Near,Female,70,113.0,6.5,Medio,4,5.0
16,92,Medium,Low,No,9,71,High,Yes,2,Low,Medium,Private,Neutral,2,No,High School,Moderate,Female,66,119.19999999999999,4.0,Medio,2,3.0
15,81,High,Medium,No,5,68,Low,No,0,Medium,High,Public,Positive,3,No,High School,Near,Female,65,108.6,2.0,Medio,2,0.5
25,65,Low,Medium,No,6,94,Medium,Yes,1,Low,High,Public,Negative,4,No,College,Near,Male,65,139.0,4.5,Medio,1,-2.5
25,69,Low,Medium,Yes,5,63,Medium,Yes,1,High,Medium,Private,Neutral,2,No,High School,Near,Male,65,141.4,4.5,Medio,6,-5.5
23,86,Low,Medium,Yes,4,100,Medium,Yes,0,Low,High,Public,Negative,3,No,Postgraduate,Near,Male,69,143.6,4.0,Medio,1,-4.5
27,75,Medium,Medium,No,8,60,Medium,Yes,4,Medium,Medium,Public,Positive,2,No,Postgraduate,Moderate,Female,69,153.0,6.0,Medio,2,-3.5
13,93,Medium,High,No,9,62,Low,Yes,0,Low,Medium,Private,Neutral,3,No,High School,Moderate,Male,65,107.8,5.0,Medio,2,5.5
30,98,High,High,Yes,8,83,High,No,1,Low,High,Public,Neutral,3,No,High School,Near,Female,76,178.8,3.5,Medio,1,-4.0
29,92,Medium,High,No,8,58,Low,Yes,2,Medium,Low,Private,Neutral,3,No,College,Near,Male,72,171.2,6.0,Medio,4,-3.5
24,75,Medium,Low,No,7,94,Medium,Yes,2,Medium,High,Public,Negative,4,No,High School,Near,Male,67,141.0,4.0,Medio,2,-1.0
31,92,High,Medium,Yes,7,55,Medium,Yes,3,Low,High,Public,Positive,3,No,High School,Near,Male,74,179.2,5.5,Medio,1,-5.5
10,74,Medium,Medium,Yes,10,99,High,Yes,2,Medium,High,Public,Neutral,3,No,College,Near,Male,66,84.4,5.0,Medio,2,8.0
17,67,High,High,Yes,9,94,Medium,Yes,2,Low,Low,Private,Positive,3,No,High School,Near,Female,66,108.19999999999999,6.0,Medio,2,3.5
16,61,Medium,High,No,6,92,High,Yes,4,High,High,Public,Neutral,3,No,High School,Near,Male,66,100.6,7.0,Medio,3,1.0
24,75,Low,High,Yes,9,70,High,Yes,5,High,High,Public,Negative,5,No,College,Near,Female,71,141.0,7.5,Medio,3,2.0
14,96,Medium,Low,No,9,76,Medium,Yes,0,Low,High,Public,Neutral,3,No,High School,Moderate,Male,66,113.6,3.0,Medio,1,5.0
25,70,Low,High,No,8,73,High,Yes,1,Low,Low,Public,Negative,2,No,Postgraduate,Near,Male,65,142.0,5.5,Medio,1,-2.5
28,68,Low,High,Yes,8,99,Medium,Yes,1,High,Medium,Public,Neutral,3,No,High School,Near,Female,69,152.8,5.5,Medio,3,-3.0
24,99,Medium,Low,Yes,8,52,Low,Yes,1,Low,High,Public,Negative,2,No,High School,Near,Male,69,155.4,3.5,Medio,1,-2.0
22,61,Medium,Medium,Yes,5,69,Low,Yes,2,Low,High,Public,Neutral,2,No,High School,Far,Female,63,124.6,5.0,Medio,1,-4.0
14,91,Low,Medium,No,5,98,High,Yes,0,High,High,Public,Neutral,3,No,High School,Near,Female,68,110.6,4.0,Medio,3,1.0
15,73,Medium,Medium,No,8,68,Medium,Yes,1,High,Medium,Public,Neutral,3,No,High School,Near,Female,64,103.8,4.5,Medio,3,3.5
27,61,Medium,Medium,No,5,70,Medium,Yes,2,Low,Low,Public,Neutral,2,No,College,Near,Male,64,144.6,5.0,Medio,1,-6.5
25,97,Medium,High,Yes,5,82,High,Yes,1,Low,High,Public,Negative,5,No,College,Moderate,Male,73,158.2,5.5,Medio,1,-2.5
20,66,Low,High,Yes,4,95,High,Yes,2,High,Medium,Public,Neutral,2,No,High School,Moderate,Female,66,119.6,6.0,Medio,3,-4.0
17,82,Medium,High,No,6,65,Low,Yes,4,Low,Medium,Private,Positive,3,No,High School,Moderate,Female,67,117.19999999999999,7.0,Medio,2,0.5
8,71,High,Medium,Yes,8,97,Medium,Yes,3,Medium,Medium,Private,Neutral,1,Yes,High School,Near,Female,63,74.6,5.5,Medio,4,5.0
14,63,Medium,Medium,Yes,8,64,High,Yes,1,Low,Medium,Public,Neutral,3,No,High School,Moderate,Male,61,93.8,4.5,Medio,1,4.0
31,62,Medium,Medium,Yes,8,91,High,Yes,4,High,High,Public,Positive,4,No,High School,Moderate,Male,71,161.2,6.0,Medio,3,-3.5
12,65,Low,Medium,Yes,6,64,Medium,Yes,1,Medium,Medium,Public,Positive,3,No,College,Near,Female,61,87.0,4.5,Medio,2,3.0
21,63,Medium,Low,Yes,7,54,Low,Yes,1,Medium,Medium,Private,Positive,3,No,College,Moderate,Female,62,121.8,3.5,Medio,4,-0.5
26,90,High,High,Yes,8,91,Medium,Yes,1,High,High,Private,Neutral,4,Yes,High School,Near,Male,74,158.0,5.5,Medio,6,-1.0
12,79,Medium,Medium,No,8,73,Medium,Yes,2,Medium,Medium,Private,Neutral,4,No,High School,Near,Male,65,95.4,5.0,Medio,4,6.0
21,74,Low,Low,Yes,6,70,Low,Yes,2,Low,High,Public,Positive,3,No,High School,Moderate,Female,64,128.4,4.0,Medio,1,-1.5
26,77,Low,Low,No,7,71,Medium,Yes,1,Medium,High,Public,Neutral,4,No,Postgraduate,Moderate,Male,66,150.2,3.5,Medio,2,-2.0
20,97,High,High,Yes,4,81,Medium,Yes,1,Medium,Medium,Public,Positive,2,Yes,High School,Near,Male,72,138.2,5.5,Medio,2,-4.0
37,96,High,Medium,Yes,7,63,Medium,Yes,0,Medium,High,Private,Positive,4,No,High School,Near,Male,76,205.6,4.0,Medio,4,-7.5
10,89,Medium,Medium,Yes,6,62,Medium,Yes,4,Low,Medium,Public,Positive,3,No,Postgraduate,Moderate,Male,67,93.4,6.0,Medio,1,4.0
26,95,Medium,High,No,9,74,Low,Yes,3,Low,Medium,Private,Neutral,3,Yes,High School,Near,Female,71,161.0,6.5,Medio,2,-1.0
19,73,High,Medium,No,6,52,Medium,Yes,1,Medium,Medium,Public,Positive,3,No,High School,Near,Male,65,119.8,4.5,Medio,2,-0.5
25,75,Low,Low,Yes,7,82,Medium,Yes,3,Medium,High,Private,Negative,4,No,Postgraduate,Near,Male,68,145.0,4.5,Medio,4,-1.5
23,85,Medium,Medium,Yes,6,91,Low,Yes,1,Low,High,Public,Neutral,3,No,High School,Far,Male,68,143.0,4.5,Medio,1,-2.5
16,85,High,Low,Yes,6,86,Low,Yes,3,High,High,Private,Neutral,2,No,High School,Far,Male,67,115.0,4.5,Medio,6,0.0
21,79,Medium,Low,No,8,73,Medium,Yes,1,Low,Low,Public,Neutral,2,No,High School,Near,Female,64,131.4,3.5,Medio,1,-0.5
9,76,Low,High,No,6,78,Low,No,0,Medium,Medium,Public,Negative,4,Yes,Postgraduate,Near,Male,60,81.6,3.0,Medio,2,5.5
24,99,Medium,Medium,No,10,51,Low,Yes,1,Low,Medium,Public,Neutral,3,No,High School,Near,Male,70,155.4,4.5,Medio,1,1.0
22,93,High,Medium,Yes,4,96,High,Yes,1,High,Low,Private,Positive,2,No,College,Near,Male,73,143.8,4.5,Medio,6,-5.0
24,77,Medium,Medium,Yes,8,78,Low,Yes,2,High,High,Private,Positive,3,No,High School,Moderate,Male,69,142.2,5.0,Medio,6,-1.0
26,89,High,Medium,No,7,66,Medium,Yes,0,Low,Medium,Public,Neutral,5,Yes,College,Near,Male,70,157.4,4.0,Medio,1,-1.0
22,71,Medium,Medium,No,7,65,Low,Yes,1,Low,Medium,Public,Neutral,3,No,College,Near,Male,64,130.6,4.5,Medio,1,-1.0
21,64,High,Low,Yes,7,83,High,Yes,2,Low,Low,Public,Neutral,3,No,High School,Moderate,Female,64,122.4,4.0,Medio,1,-0.5
15,74,High,Medium,Yes,8,79,Medium,Yes,0,High,Medium,Public,Negative,3,No,College,Near,Male,65,104.4,4.0,Medio,3,3.5
16,76,Medium,Medium,No,7,59,Low,Yes,0,Low,Medium,Public,Neutral,2,No,College,Near,Female,62,109.6,4.0,Medio,1,1.0
27,61,Medium,Medium,Yes,9,70,Medium,Yes,0,Medium,Medium,Public,Neutral,2,No,High School,Near,Male,64,144.6,4.0,Medio,2,-2.5
29,93,Medium,Medium,Yes,7,84,Medium,Yes,0,High,Medium,Public,Neutral,3,No,College,Moderate,Male,72,171.8,4.0,Medio,3,-4.5
19,74,Medium,Low,Yes,5,65,High,No,1,Low,High,Public,Positive,3,No,High School,Near,Male,64,120.4,1.5,Medio,1,-1.5
20,83,Medium,Medium,Yes,7,75,Medium,Yes,0,Medium,Medium,Public,Neutral,4,No,High School,Near,Female,67,129.8,4.0,Medio,2,1.0
15,63,High,High,Yes,9,63,Low,No,4,High,High,Private,Negative,3,No,College,Near,Male,64,97.8,5.0,Medio,6,4.5
27,67,Low,Medium,No,6,54,Medium,Yes,0,Medium,Low,Private,Negative,2,No,High School,Far,Male,61,148.2,4.0,Medio,4,-5.5
24,96,Medium,High,Yes,5,69,Medium,Yes,1,Low,Medium,Public,Positive,4,No,High School,Near,Male,72,153.6,5.5,Medio,1,-3.0
32,84,Medium,Medium,Yes,8,87,Medium,No,2,Medium,Medium,Public,Positive,1,No,High School,Far,Male,70,178.4,3.0,Medio,2,-7.0
15,98,Medium,High,No,8,61,Medium,Yes,4,Low,Medium,Public,Positive,2,No,High School,Moderate,Female,70,118.8,7.0,Medio,1,2.5
18,100,Medium,Medium,No,6,88,Medium,Yes,2,Medium,Medium,Public,Neutral,2,No,College,Moderate,Male,71,132.0,5.0,Medio,2,-1.0
21,75,High,High,No,7,83,Low,Yes,1,Medium,Medium,Public,Positive,2,No,College,Near,Female,68,129.0,5.5,Medio,2,-1.5
24,72,Medium,Medium,No,7,75,Medium,Yes,3,High,Medium,Private,Neutral,2,No,College,Near,Female,68,139.2,5.5,Medio,6,-3.0
19,94,High,High,No,7,99,Medium,Yes,0,Low,Medium,Public,Neutral,1,Yes,High School,Near,Male,70,132.4,5.0,Medio,1,-1.5
15,100,High,High,No,8,94,High,Yes,2,Medium,High,Public,Negative,3,No,College,Near,Male,73,120.0,6.0,Medio,2,3.5
25,85,High,Medium,No,6,78,Low,Yes,2,Medium,High,Public,Neutral,1,No,High School,Far,Female,69,151.0,5.0,Medio,2,-5.5
24,92,Medium,High,No,8,78,High,Yes,0,Medium,Medium,Public,Neutral,3,No,High School,Near,Male,71,151.2,5.0,Medio,2,-1.0
15,91,Low,Medium,No,6,64,Low,Yes,1,Low,High,Public,Positive,3,Yes,High School,Near,Male,64,114.6,4.5,Medio,1,1.5
28,74,Medium,Medium,No,9,96,Low,Yes,0,Medium,Medium,Private,Neutral,3,No,High School,Near,Female,68,156.4,4.0,Medio,4,-2.0
27,83,Medium,Medium,No,10,95,Medium,Yes,0,High,Low,Private,Neutral,4,No,High School,Moderate,Female,69,157.8,4.0,Medio,6,0.5
21,93,High,Low,No,6,87,Medium,Yes,1,Low,High,Public,Positive,2,No,High School,Near,Female,70,139.8,3.5,Medio,1,-2.5
20,88,Medium,Medium,No,5,56,Medium,Yes,1,Low,Medium,Public,Neutral,4,No,High School,Near,Female,67,132.8,4.5,Medio,1,-1.0
23,61,Medium,High,Yes,8,85,Medium,Yes,1,Medium,High,Private,Positive,0,No,High School,Near,Male,66,128.6,5.5,Medio,4,-3.5
15,73,Medium,High,No,7,63,Medium,Yes,2,Medium,Medium,Public,Neutral,5,No,Postgraduate,Moderate,Male,65,103.8,6.0,Medio,2,4.5
20,66,Medium,High,Yes,8,59,Low,Yes,4,Medium,Medium,Public,Positive,3,No,College,Near,Male,66,119.6,7.0,Medio,2,1.0
7,69,Low,Medium,Yes,6,88,Medium,Yes,0,Low,High,Private,Negative,4,No,Postgraduate,Near,Female,61,69.4,4.0,Medio,2,6.5
25,96,Low,Medium,No,7,98,Medium,Yes,0,Low,Medium,Public,Positive,2,No,High School,Near,Female,71,157.6,4.0,Medio,1,-3.5
11,61,High,Low,Yes,6,55,Medium,Yes,5,High,Low,Public,Neutral,3,No,High School,Far,Male,60,80.6,5.5,Medio,3,3.5
29,69,Medium,Medium,Yes,7,58,Medium,Yes,1,Low,Low,Public,Positive,2,No,College,Near,Male,66,157.4,4.5,Medio,1,-5.5
18,72,Low,Low,Yes,5,61,Low,Yes,1,Medium,Medium,Private,Negative,4,No,College,Moderate,Male,61,115.19999999999999,3.5,Medio,4,0.0
19,85,Medium,Medium,Yes,7,98,High,Yes,2,Medium,Medium,Public,Negative,3,Yes,High School,Moderate,Female,68,127.0,5.0,Medio,2,0.5
16,81,Medium,High,Yes,5,85,High,No,2,Low,Medium,Public,Positive,3,No,College,Near,Male,68,112.6,4.0,Medio,1,0.0
18,69,Medium,Medium,Yes,6,84,Medium,Yes,2,Low,Medium,Public,Positive,4,No,High School,Near,Male,65,113.4,5.0,Medio,1,1.0
29,67,High,Low,No,7,75,Medium,No,3,Low,Medium,Public,Neutral,1,No,High School,Near,Female,65,156.2,2.5,Medio,1,-6.5
5,69,Medium,Medium,Yes,8,77,Medium,No,2,Low,High,Public,Negative,2,No,College,Near,Female,60,61.4,3.0,Medio,1,7.5
28,80,Low,Medium,No,8,65,Low,Yes,2,Low,Medium,Private,Neutral,2,No,College,Near,Male,67,160.0,5.0,Medio,2,-4.0
22,71,High,Medium,No,8,58,Medium,No,2,Low,Medium,Public,Negative,4,No,College,Near,Female,65,130.6,3.0,Medio,1,1.0
13,98,High,Medium,Yes,5,89,High,Yes,1,High,Medium,Public,Negative,3,No,High School,Near,Male,70,110.8,4.5,Medio,3,1.5
14,79,Medium,Medium,No,9,74,Medium,Yes,1,Medium,Medium,Public,Neutral,4,No,High School,Near,Male,64,103.4,4.5,Medio,2,6.0
30,62,Medium,High,Yes,6,63,Medium,Yes,2,Low,High,Public,Positive,4,No,High School,Moderate,Male,68,157.2,6.0,Medio,1,-5.0
14,89,High,Medium,No,6,82,High,Yes,2,Medium,Medium,Public,Negative,4,No,College,Moderate,Female,69,109.4,5.0,Medio,2,3.0
13,73,Medium,High,Yes,7,60,High,Yes,0,High,High,Public,Neutral,3,No,College,Near,Female,65,95.8,5.0,Medio,3,3.5
27,86,Medium,Medium,No,6,74,Medium,Yes,2,High,High,Private,Neutral,3,No,High School,Near,Male,71,159.6,5.0,Medio,6,-4.5
22,71,Medium,Medium,Yes,8,60,Low,Yes,1,Medium,High,Public,Neutral,4,No,High School,Moderate,Female,65,130.6,4.5,Medio,2,1.0
14,83,Medium,High,Yes,8,88,Low,Yes,0,High,Medium,Public,Negative,2,Yes,High School,Moderate,Male,65,105.8,5.0,Medio,3,3.0
21,91,Medium,Medium,Yes,6,66,High,Yes,0,Medium,Medium,Public,Positive,2,Yes,College,Far,Female,68,138.6,4.0,Medio,2,-2.5
14,97,Medium,Low,No,7,72,High,Yes,1,Low,Low,Public,Neutral,3,No,High School,Near,Female,66,114.19999999999999,3.5,Medio,1,3.0
27,70,Low,Low,Yes,7,88,Medium,No,1,High,Medium,Public,Neutral,3,No,High School,Near,Male,65,150.0,1.5,Medio,3,-3.5
26,73,High,High,Yes,8,83,Low,Yes,2,Medium,Medium,Public,Positive,4,No,College,Near,Male,71,147.8,6.0,Medio,2,-1.0
23,79,Low,Medium,Yes,6,70,Medium,Yes,3,Medium,High,Public,Negative,4,No,Postgraduate,Moderate,Female,68,139.4,5.5,Medio,2,-1.5
22,97,Medium,Medium,Yes,6,54,Medium,No,2,High,Medium,Public,Neutral,2,No,College,Near,Male,70,146.2,3.0,Medio,3,-3.0
31,96,Medium,Low,No,5,96,Low,Yes,3,Low,High,Private,Neutral,2,No,College,Near,Female,74,181.6,4.5,Medio,2,-8.5
20,64,High,Low,Yes,6,50,High,Yes,0,Low,Medium,Private,Neutral,2,No,High School,Near,Male,62,118.4,3.0,Medio,2,-2.0
13,65,Medium,High,No,5,87,Low,Yes,1,Medium,Medium,Public,Positive,2,Yes,High School,Moderate,Female,61,91.0,5.5,Medio,2,0.5
23,80,High,High,Yes,6,97,Medium,Yes,0,Medium,Medium,Private,Neutral,3,No,High School,Near,Male,70,140.0,5.0,Medio,4,-2.5
33,64,Low,Medium,Yes,9,65,Medium,Yes,0,Medium,Medium,Public,Negative,2,No,College,Moderate,Male,65,170.4,4.0,Medio,2,-5.5
14,74,Medium,Medium,Yes,8,54,High,Yes,2,Low,Low,Public,Neutral,2,No,High School,Moderate,Male,62,100.4,5.0,Medio,1,3.0
18,66,High,High,No,9,62,Medium,Yes,2,High,Medium,Public,Neutral,4,No,High School,Moderate,Female,65,111.6,6.0,Medio,3,4.0
22,85,High,Medium,No,6,66,Low,Yes,0,Low,Medium,Private,Positive,4,No,College,Near,Male,68,139.0,4.0,Medio,2,-1.0
20,98,Medium,High,Yes,4,73,Medium,Yes,2,Medium,Low,Private,Positive,1,No,High School,Far,Male,70,138.8,6.0,Medio,4,-5.0
14,100,Medium,Low,No,7,76,Low,Yes,1,Medium,Medium,Private,Neutral,3,No,Postgraduate,Near,Female,68,116.0,3.5,Medio,4,3.0
27,75,Low,Medium,No,10,86,Medium,No,3,Medium,Medium,Private,Positive,6,No,Postgraduate,Near,Female,69,153.0,3.5,Medio,4,2.5
34,84,Medium,High,Yes,6,95,Medium,Yes,1,Low,Medium,Private,Neutral,3,No,Postgraduate,Far,Male,73,186.4,5.5,Medio,2,-8.0
21,94,Medium,Medium,Yes,7,73,Medium,Yes,1,Medium,Medium,Private,Positive,5,No,College,Near,Female,71,140.4,4.5,Medio,4,1.5
15,65,Low,High,Yes,5,87,Medium,Yes,0,Low,High,Private,Neutral,4,No,High School,Near,Female,63,99.0,5.0,Medio,2,1.5
11,88,High,Medium,Yes,7,56,Low,Yes,2,Medium,Medium,Public,Neutral,2,No,College,Near,Male,66,96.8,5.0,Medio,2,3.5
22,76,High,Low,Yes,7,66,Low,Yes,1,Low,High,Private,Positive,4,No,Postgraduate,Near,Male,67,133.6,3.5,Medio,2,0.0
27,68,Low,High,No,4,56,Medium,Yes,0,Low,High,Public,Neutral,1,No,High School,Near,Female,64,148.8,5.0,Medio,1,-8.5
23,76,Medium,Low,Yes,5,85,Medium,Yes,1,Medium,Low,Public,Neutral,3,No,High School,Near,Female,66,137.6,3.5,Medio,2,-3.5
20,63,High,High,Yes,5,95,Medium,Yes,2,High,High,Public,Positive,3,No,College,Near,Male,69,117.8,6.0,Medio,3,-2.0
16,88,Medium,High,Yes,5,94,High,Yes,4,Medium,Medium,Private,Positive,6,No,College,Moderate,Male,72,116.8,7.0,Medio,4,3.0
13,70,Medium,High,Yes,6,66,Medium,Yes,1,Medium,Medium,Public,Negative,4,No,High School,Near,Male,63,94.0,5.5,Medio,2,3.5
25,72,Medium,High,Yes,8,62,Medium,Yes,2,Low,Medium,Public,Positive,2,No,High School,Near,Female,67,143.2,6.0,Medio,1,-2.5
25,65,Low,Medium,No,6,64,Medium,Yes,1,Medium,Medium,Private,Negative,4,No,College,Near,Male,64,139.0,4.5,Medio,4,-2.5
11,95,Medium,Medium,Yes,9,64,High,Yes,4,Low,Medium,Public,Positive,4,No,High School,Moderate,Male,68,101.0,6.0,Medio,1,7.5
30,80,High,High,No,6,54,High,Yes,1,High,Medium,Public,Positive,3,No,High School,Moderate,Female,71,168.0,5.5,Medio,3,-6.0
23,83,Medium,Low,Yes,7,57,Medium,No,2,Medium,High,Public,Positive,4,No,High School,Moderate,Female,67,141.8,2.0,Medio,2,-0.5
28,83,Medium,Low,No,8,61,Medium,Yes,1,Low,Medium,Private,Negative,5,Yes,Postgraduate,Near,Male,67,161.8,3.5,Medio,2,-1.0
12,76,Medium,Medium,Yes,9,50,Medium,Yes,2,Medium,High,Public,Negative,3,No,College,Near,Male,64,93.6,5.0,Medio,2,6.0
12,68,High,Low,No,6,52,Low,Yes,5,High,High,Public,Neutral,3,No,College,Near,Male,63,88.8,5.5,Medio,3,3.0
19,90,High,High,No,8,85,Medium,Yes,2,Medium,Medium,Public,Neutral,4,No,College,Near,Male,72,130.0,6.0,Medio,2,2.5
23,65,Low,Medium,Yes,6,81,Low,Yes,2,Low,Medium,Public,Neutral,2,No,High School,Near,Female,63,131.0,5.0,Medio,1,-3.5
31,64,High,Medium,No,10,97,Low,Yes,2,Medium,Medium,Private,Negative,4,No,High School,Far,Female,67,162.4,5.0,Medio,4,-1.5
24,88,Low,Medium,Yes,5,70,Medium,No,1,Low,Medium,Private,Positive,2,No,Postgraduate,Near,Male,68,148.8,2.5,Medio,2,-5.0
19,68,Low,High,Yes,8,72,High,Yes,2,Low,High,Private,Neutral,3,No,College,Far,Male,64,116.8,6.0,Medio,2,1.5
14,72,Medium,High,No,9,53,Medium,Yes,4,Medium,Medium,Public,Negative,3,No,Postgraduate,Near,Male,65,99.19999999999999,7.0,Medio,2,5.0
27,79,Medium,Low,Yes,5,58,High,Yes,2,Medium,Medium,Private,Neutral,1,No,Postgraduate,Far,Female,68,155.4,4.0,Medio,4,-7.5
14,78,Medium,High,Yes,8,85,Medium,Yes,2,Low,Medium,Private,Negative,4,No,High School,Near,Male,66,102.8,6.0,Medio,2,5.0
30,88,Medium,Medium,Yes,6,62,High,Yes,4,Low,Medium,Private,Positive,5,No,College,Far,Female,73,172.8,6.0,Medio,2,-4.0
18,85,Low,Medium,Yes,10,89,Medium,Yes,1,High,Medium,Private,Positive,3,No,High School,Near,Female,68,123.0,4.5,Medio,6,4.0
30,86,Medium,High,No,4,85,High,Yes,2,Medium,Medium,Private,Neutral,5,Yes,Postgraduate,Far,Male,72,171.6,6.0,Medio,4,-6.0
24,89,Medium,Medium,Yes,5,87,Medium,No,3,High,Medium,Public,Neutral,0,No,High School,Near,Female,70,149.4,3.5,Medio,3,-7.0
19,72,Medium,Medium,Yes,5,85,High,Yes,1,Low,Medium,Private,Neutral,4,No,College,Near,Female,66,119.19999999999999,4.5,Medio,2,-0.5
17,73,Low,Medium,Yes,5,85,High,Yes,3,Medium,Medium,Public,Positive,1,No,College,Near,Female,66,111.8,5.5,Medio,2,-2.5
18,78,Low,Low,Yes,8,77,Medium,Yes,2,Medium,High,Private,Neutral,4,No,College,Near,Female,66,118.8,4.0,Medio,4,3.0
23,72,High,Low,Yes,10,84,Low,Yes,2,Low,Medium,Public,Negative,2,No,High School,Moderate,Male,65,135.2,4.0,Medio,1,0.5
20,99,High,Low,Yes,9,76,High,Yes,2,Low,Medium,Public,Neutral,5,No,College,Far,Male,71,139.4,4.0,Medio,1,4.0
16,93,Low,Medium,Yes,7,60,Medium,Yes,1,Medium,Medium,Public,Positive,1,No,High School,Moderate,Female,66,119.8,4.5,Medio,2,0.0
19,67,Medium,Low,No,7,61,High,Yes,1,Medium,Medium,Private,Neutral,4,No,College,Moderate,Female,63,116.19999999999999,3.5,Medio,4,1.5
20,60,Medium,Medium,Yes,6,70,Medium,Yes,2,Low,Medium,Public,Neutral,3,Yes,Postgraduate,Near,Female,63,116.0,5.0,Medio,1,-1.0
7,62,High,Medium,Yes,8,51,Low,Yes,0,Medium,Low,Public,Positive,3,No,College,Moderate,Male,58,65.19999999999999,4.0,Bajo,2,7.5
23,70,Medium,High,No,7,94,Low,Yes,3,Medium,High,Public,Neutral,3,No,High School,Near,Female,68,134.0,6.5,Medio,2,-1.5
14,65,High,Medium,No,7,63,Medium,Yes,2,Low,Medium,Public,Neutral,3,No,High School,Moderate,Male,61,95.0,5.0,Medio,1,3.0
13,81,Medium,High,No,6,53,Low,Yes,2,Low,Medium,Public,Positive,4,No,High School,Near,Male,65,100.6,6.0,Medio,1,3.5
10,94,High,Low,No,5,71,Medium,Yes,1,High,Medium,Public,Positive,3,No,High School,Moderate,Male,67,96.4,3.5,Medio,3,3.0
9,89,Low,High,Yes,7,91,Medium,Yes,1,High,Low,Public,Neutral,3,No,Postgraduate,Near,Male,67,89.4,5.5,Medio,3,5.5
12,69,High,Low,No,7,70,Medium,Yes,1,Medium,Medium,Private,Positive,4,No,High School,Near,Male,62,89.4,3.5,Medio,4,5.0
32,80,High,Medium,No,6,77,Low,Yes,0,Medium,Medium,Public,Neutral,5,No,College,Near,Male,71,176.0,4.0,Medio,2,-5.0
17,92,Medium,Medium,Yes,8,79,Medium,Yes,1,Low,Medium,Public,Positive,3,No,Postgraduate,Near,Male,70,123.19999999999999,4.5,Medio,1,2.5
21,94,Medium,Medium,No,8,88,Medium,Yes,1,Medium,Medium,Public,Positive,3,No,College,Near,Male,71,140.4,4.5,Medio,2,0.5
22,96,High,Low,No,10,90,High,Yes,2,Low,Medium,Public,Neutral,3,Yes,College,Moderate,Male,71,145.6,4.0,Medio,1,2.0
21,80,High,High,Yes,9,85,Low,Yes,1,High,Medium,Public,Negative,3,No,College,Near,Female,70,132.0,5.5,Medio,3,1.5
20,88,Medium,High,Yes,5,50,Medium,No,2,Low,Medium,Public,Neutral,5,No,High School,Moderate,Male,67,132.8,4.0,Medio,1,0.0
13,64,Medium,Low,Yes,7,50,High,Yes,0,Medium,Low,Public,Positive,4,No,High School,Near,Male,60,90.4,3.0,Medio,2,4.5
29,83,High,High,No,5,99,Medium,Yes,0,Medium,High,Public,Neutral,4,No,College,Near,Female,73,165.8,5.0,Medio,2,-5.5
31,70,High,Low,Yes,4,63,High,Yes,1,Medium,Medium,Public,Neutral,2,Yes,High School,Near,Female,67,166.0,3.5,Medio,2,-9.5
10,77,Low,High,Yes,10,64,High,Yes,1,Low,Medium,Private,Negative,3,Yes,College,Near,Female,62,86.19999999999999,5.5,Medio,2,8.0
14,85,Medium,High,No,9,87,High,Yes,0,Medium,Medium,Public,Negative,3,No,College,Near,Female,67,107.0,5.0,Medio,2,5.0
18,70,High,Low,No,6,79,Medium,Yes,1,Medium,High,Public,Positive,2,No,College,Near,Female,65,114.0,3.5,Medio,2,-1.0
14,62,Medium,Medium,No,9,73,Medium,Yes,1,Low,Medium,Public,Neutral,6,No,High School,Near,Male,61,93.19999999999999,4.5,Medio,1,8.0
23,60,High,Medium,Yes,9,56,Low,No,0,Low,Medium,Private,Negative,4,No,High School,Moderate,Female,61,128.0,2.0,Medio,2,1.5
16,61,High,Medium,No,4,54,Low,Yes,1,Low,Medium,Private,Neutral,2,No,High School,Near,Female,60,100.6,4.5,Medio,2,-2.0
33,60,High,High,No,8,85,Low,Yes,4,Low,Low,Public,Negative,3,No,High School,Near,Male,68,168.0,7.0,Medio,1,-5.5
27,64,High,Medium,Yes,6,56,Low,Yes,0,Low,High,Public,Neutral,5,No,College,Moderate,Female,65,146.4,4.0,Medio,1,-2.5
21,70,High,High,Yes,8,72,Low,Yes,3,Medium,Low,Public,Neutral,1,No,Postgraduate,Moderate,Female,67,126.0,6.5,Medio,2,-1.5
26,69,High,Low,No,10,87,Low,Yes,2,Medium,Low,Public,Positive,2,No,Postgraduate,Near,Male,67,145.4,4.0,Medio,2,-1.0
27,99,High,Medium,No,9,96,Low,Yes,0,High,Medium,Private,Positive,2,No,College,Moderate,Male,74,167.4,4.0,Medio,6,-2.5
17,72,Low,Medium,No,7,94,Low,Yes,4,Medium,Medium,Public,Positive,2,No,High School,Far,Female,64,111.19999999999999,6.0,Medio,2,0.5
15,65,Medium,High,Yes,9,93,Low,Yes,2,Low,Low,Private,Neutral,3,No,College,Near,Male,64,99.0,6.0,Medio,2,4.5
20,82,Medium,Low,Yes,4,68,Medium,Yes,2,Low,High,Public,Neutral,3,No,High School,Near,Male,67,129.2,4.0,Medio,1,-3.0
21,87,Medium,Medium,Yes,8,84,High,Yes,1,Low,Low,Private,Positive,2,No,College,Near,Male,69,136.2,4.5,Medio,2,-0.5
11,72,Low,Medium,No,8,94,High,Yes,1,Low,Low,Public,Positive,2,No,High School,Near,Male,62,87.19999999999999,4.5,Medio,1,4.5
15,82,Medium,Medium,Yes,6,54,Medium,Yes,1,Medium,Medium,Public,Positive,2,No,College,Near,Female,66,109.19999999999999,4.5,Medio,2,0.5
20,89,High,High,Yes,8,52,Low,Yes,2,Medium,Medium,Public,Negative,3,No,College,Moderate,Female,69,133.4,6.0,Medio,2,1.0
20,89,High,Medium,Yes,8,71,Medium,Yes,1,Medium,Medium,Public,Negative,1,No,Postgraduate,Far,Male,68,133.4,4.5,Medio,2,-1.0
32,87,High,Medium,Yes,4,91,Medium,Yes,2,High,Medium,Public,Neutral,2,No,High School,Moderate,Female,74,180.2,5.0,Medio,3,-10.0
12,95,Medium,Medium,No,7,70,Medium,Yes,4,Medium,High,Public,Positive,3,No,High School,Far,Male,68,105.0,6.0,Medio,2,4.0
23,95,Medium,Medium,Yes,6,94,High,Yes,2,Medium,Medium,Public,Neutral,3,No,High School,Near,Male,73,149.0,5.0,Medio,2,-2.5
29,83,Medium,Low,No,8,62,Low,Yes,4,High,Medium,Public,Negative,5,No,College,Near,Male,70,165.8,5.0,Medio,3,-1.5
34,77,Medium,High,No,9,52,Medium,Yes,0,Medium,Medium,Private,Neutral,4,No,High School,Moderate,Female,69,182.2,5.0,Medio,4,-4.0
18,86,Medium,Medium,Yes,6,88,Medium,Yes,2,Medium,High,Public,Neutral,2,No,College,Far,Male,68,123.6,5.0,Medio,2,-1.0
23,93,Medium,High,No,5,81,High,Yes,2,Low,Medium,Private,Negative,1,No,College,Near,Male,71,147.8,6.0,Medio,2,-5.5
23,60,Low,Medium,No,7,72,Low,Yes,3,High,Medium,Public,Neutral,2,No,College,Near,Female,64,128.0,5.5,Medio,3,-2.5
21,100,Medium,Medium,No,5,92,Low,Yes,3,Low,Low,Public,Positive,3,Yes,Postgraduate,Near,Male,71,144.0,5.5,Medio,1,-2.5
19,67,Medium,Medium,No,7,91,Medium,Yes,1,Low,High,Public,Neutral,3,No,High School,Near,Female,65,116.19999999999999,4.5,Medio,1,0.5
23,79,Low,Medium,Yes,7,66,High,Yes,1,High,Medium,Private,Positive,3,No,Postgraduate,Near,Male,68,139.4,4.5,Medio,6,-1.5
5,95,Medium,High,Yes,8,92,Low,Yes,1,Low,High,Private,Neutral,2,No,College,Near,Female,67,77.0,5.5,Medio,2,7.5
24,69,Medium,High,Yes,7,67,Medium,Yes,2,Medium,High,Public,Negative,4,No,Postgraduate,Far,Male,67,137.4,6.0,Medio,2,-1.0
21,79,Medium,Low,Yes,7,81,Low,Yes,2,Medium,Medium,Public,Neutral,4,No,High School,Near,Male,67,131.4,4.0,Medio,2,0.5
19,65,Medium,High,Yes,9,60,Low,Yes,1,Low,Medium,Public,Neutral,3,No,Postgraduate,Moderate,Male,63,115.0,5.5,Medio,1,2.5
32,76,Medium,Medium,No,7,63,Medium,Yes,0,Medium,Low,Public,Positive,3,No,High School,Near,Female,68,173.6,4.0,Medio,2,-6.0
16,67,High,High,Yes,6,72,Medium,Yes,1,Low,High,Public,Positive,3,No,Postgraduate,Near,Female,66,104.19999999999999,5.5,Medio,1,1.0
18,75,Medium,Medium,Yes,7,66,High,Yes,1,High,High,Public,Positive,4,No,High School,Near,Male,67,117.0,4.5,Medio,3,2.0
32,75,Medium,Low,Yes,6,56,Medium,Yes,3,Medium,Medium,Public,Neutral,2,No,College,Moderate,Female,68,173.0,4.5,Medio,2,-8.0
15,100,High,Medium,Yes,5,74,Medium,Yes,2,High,Medium,Private,Neutral,3,No,Postgraduate,Near,Male,72,120.0,5.0,Medio,6,0.5
17,100,Medium,Medium,No,5,76,Low,Yes,3,Low,High,Private,Neutral,3,No,Postgraduate,Moderate,Female,70,128.0,5.5,Medio,2,-0.5
19,65,Low,High,No,9,58,Low,Yes,3,Medium,Medium,Public,Negative,4,No,High School,Moderate,Female,62,115.0,6.5,Medio,2,3.5
25,89,Medium,Low,Yes,6,59,Medium,Yes,2,Low,Medium,Public,Neutral,2,No,College,Near,Female,69,153.4,4.0,Medio,1,-4.5
21,62,Medium,Low,Yes,7,51,Low,Yes,0,Low,Medium,Private,Positive,4,No,High School,Near,Female,61,121.19999999999999,3.0,Medio,2,0.5
12,61,Medium,Low,Yes,7,52,Low,Yes,2,Low,Medium,Public,Positive,2,No,High School,Moderate,Female,58,84.6,4.0,Bajo,1,3.0
17,64,Low,Medium,No,7,68,Medium,Yes,5,Medium,Medium,Private,Neutral,3,No,High School,Near,Male,63,106.4,6.5,Medio,4,1.5
16,99,High,Medium,No,9,57,High,No,4,Medium,Medium,Public,Positive,3,No,College,Near,Female,71,123.4,4.0,Medio,2,4.0
20,98,Low,Medium,Yes,7,96,Low,No,1,Low,High,Public,Positive,3,No,College,Near,Female,70,138.8,2.5,Medio,1,0.0
23,68,High,Medium,No,6,60,Medium,Yes,1,Low,Medium,Public,Neutral,3,No,High School,Near,Female,64,132.8,4.5,Medio,1,-2.5
23,66,High,Low,No,6,53,Low,Yes,2,Medium,Medium,Public,Positive,1,No,College,Far,Male,63,131.6,4.0,Medio,2,-4.5
9,70,High,Medium,Yes,8,70,Low,Yes,1,Medium,Medium,Public,Positive,3,No,College,Near,Male,63,78.0,4.5,Medio,2,6.5
26,81,High,Low,No,8,60,High,Yes,2,Low,High,Public,Positive,5,No,Postgraduate,Near,Female,71,152.6,4.0,Medio,1,0.0
22,83,Low,High,Yes,8,53,Medium,No,0,Low,Low,Public,Negative,2,No,Postgraduate,Near,Female,65,137.8,3.0,Medio,1,-1.0
28,69,High,High,No,7,88,Low,Yes,2,Low,Medium,Public,Neutral,2,No,High School,Moderate,Male,68,153.4,6.0,Medio,1,-5.0
23,90,Medium,High,Yes,5,78,High,No,1,Medium,Medium,Private,Neutral,3,No,High School,Moderate,Male,70,146.0,3.5,Medio,4,-3.5
27,72,High,High,Yes,8,53,Medium,Yes,3,Medium,Low,Public,Neutral,3,No,High School,Far,Female,68,151.2,6.5,Medio,2,-2.5
23,97,Medium,High,No,7,73,Medium,No,3,Low,Medium,Private,Negative,1,No,High School,Moderate,Male,69,150.2,4.5,Medio,2,-3.5
28,86,Medium,Medium,Yes,7,52,Medium,Yes,0,Medium,Medium,Public,Positive,5,No,College,Near,Male,70,163.6,4.0,Medio,2,-2.0
23,77,High,Medium,No,5,68,Low,Yes,0,High,High,Private,Positive,3,Yes,High School,Near,Male,67,138.2,4.0,Medio,6,-3.5
19,92,Low,High,Yes,6,68,Medium,Yes,2,Medium,Medium,Public,Neutral,2,No,High School,Near,Female,69,131.2,6.0,Medio,2,-1.5
34,93,Low,Medium,No,6,91,Low,Yes,2,High,Medium,Public,Neutral,3,No,High School,Moderate,Female,73,191.8,5.0,Medio,3,-8.0
25,72,Medium,Medium,Yes,8,87,Low,Yes,3,Medium,Low,Public,Positive,3,No,Postgraduate,Moderate,Male,68,143.2,5.5,Medio,2,-1.5
23,74,High,Medium,No,8,95,Medium,Yes,2,Low,Medium,Public,Negative,2,No,College,Far,Female,67,136.4,5.0,Medio,1,-1.5
12,97,Medium,High,Yes,7,57,Low,Yes,0,Low,Medium,Private,Positive,4,No,College,Moderate,Female,67,106.19999999999999,5.0,Medio,2,5.0
12,67,Medium,High,Yes,8,77,Medium,Yes,2,Low,High,Private,Positive,3,No,College,Near,Male,64,88.19999999999999,6.0,Medio,2,5.0
22,62,High,Medium,No,9,51,Medium,Yes,2,Low,Medium,Public,Neutral,2,No,High School,Near,Male,63,125.19999999999999,5.0,Medio,1,0.0
21,78,Low,High,No,8,91,Medium,No,1,Medium,Low,Private,Negative,5,No,Postgraduate,Near,Female,67,130.8,3.5,Medio,4,2.5
16,92,Medium,High,Yes,8,68,Medium,Yes,1,Medium,High,Public,Positive,2,No,High School,Near,Male,70,119.19999999999999,5.5,Medio,2,2.0
21,91,High,Medium,Yes,6,53,High,Yes,1,Medium,Medium,Public,Positive,3,No,Postgraduate,Near,Female,71,138.6,4.5,Medio,2,-1.5
30,97,Medium,High,Yes,6,66,High,Yes,1,Medium,Medium,Private,Neutral,2,No,College,Near,Male,74,178.2,5.5,Medio,4,-7.0
24,81,Medium,High,Yes,9,64,High,Yes,2,High,Low,Public,Positive,3,No,High School,Near,Male,70,144.6,6.0,Medio,3,0.0
13,64,Low,Low,No,6,88,Medium,Yes,1,Medium,Medium,Public,Neutral,2,No,College,Moderate,Female,59,90.4,3.5,Bajo,2,1.5
19,84,Low,Medium,Yes,8,56,Medium,Yes,0,Low,Medium,Private,Neutral,3,Yes,High School,Near,Male,64,126.4,4.0,Medio,2,1.5
15,91,Low,Medium,No,10,78,Low,Yes,2,Medium,High,Public,Neutral,3,No,High School,Near,Female,67,114.6,5.0,Medio,2,5.5
18,64,Medium,Medium,Yes,8,90,Medium,Yes,1,Low,Medium,Public,Neutral,3,No,High School,Near,Male,63,110.4,4.5,Medio,1,2.0
18,67,Low,High,Yes,7,87,Medium,Yes,5,Low,Low,Public,Positive,2,No,College,Near,Male,66,112.19999999999999,7.5,Medio,1,0.0
17,60,Medium,Medium,Yes,5,97,Medium,Yes,1,Medium,Medium,Private,Negative,4,No,College,Far,Male,62,104.0,4.5,Medio,4,0.5
12,84,Low,Medium,No,7,50,Medium,Yes,3,High,High,Public,Neutral,3,No,High School,Near,Male,65,98.4,5.5,Medio,3,4.0
19,95,High,High,Yes,9,68,Medium,Yes,3,High,Medium,Public,Positive,4,No,College,Far,Male,73,133.0,6.5,Medio,3,3.5
17,87,High,High,Yes,7,68,High,Yes,1,Medium,High,Public,Positive,2,No,High School,Near,Male,70,120.19999999999999,5.5,Medio,2,0.5
2,99,Medium,Low,Yes,9,52,Low,Yes,0,Medium,Medium,Public,Neutral,4,No,High School,Near,Male,62,67.4,3.0,Medio,2,12.0
32,63,Medium,High,No,8,91,Medium,No,2,High,Low,Public,Positive,5,Yes,High School,Near,Female,68,165.8,4.0,Medio,3,-3.0
27,96,High,Low,Yes,7,84,Medium,Yes,1,High,Medium,Public,Neutral,3,No,College,Near,Male,74,165.6,3.5,Medio,3,-3.5
20,73,High,High,No,5,70,High,Yes,1,Low,High,Public,Negative,2,No,High School,Moderate,Male,66,123.8,5.5,Medio,1,-3.0
13,99,Low,High,Yes,6,95,Medium,No,0,Low,Medium,Public,Positive,4,No,Postgraduate,Near,Male,69,111.4,3.0,Medio,1,3.5
30,72,High,High,Yes,6,63,Medium,Yes,1,Low,Medium,Public,Neutral,3,No,Postgraduate,Near,Female,70,163.2,5.5,Medio,1,-6.0
31,96,Medium,Low,Yes,8,67,Medium,Yes,2,Medium,Medium,Private,Neutral,3,No,College,Near,Male,73,181.6,4.0,Medio,4,-4.5
21,95,Low,Low,No,7,98,Low,Yes,1,Low,High,Public,Positive,2,No,High School,Near,Male,69,141.0,3.5,Medio,1,-1.5
26,90,High,High,Yes,9,53,Medium,Yes,1,Low,Medium,Private,Neutral,4,No,High School,Far,Male,71,158.0,5.5,Medio,2,0.0
21,83,High,Low,Yes,7,89,Low,No,0,Low,Low,Public,Neutral,2,No,College,Moderate,Female,65,133.8,1.0,Medio,1,-1.5
12,65,Medium,Low,Yes,6,86,Medium,Yes,1,Medium,Medium,Public,Positive,3,No,Postgraduate,Near,Female,62,87.0,3.5,Medio,2,3.0
18,81,High,High,No,6,95,Low,Yes,1,Medium,Medium,Public,Positive,3,No,High School,Near,Male,69,120.6,5.5,Medio,2,0.0
21,74,Low,Medium,No,6,55,High,Yes,3,Low,Medium,Public,Positive,2,No,College,Near,Male,65,128.4,5.5,Medio,1,-2.5
17,92,Medium,Medium,No,7,99,Medium,Yes,1,Medium,Medium,Public,Neutral,2,No,College,Far,Female,68,123.19999999999999,4.5,Medio,2,0.5
19,90,Low,Low,Yes,6,51,High,Yes,1,Low,Medium,Public,Negative,3,Yes,Postgraduate,Near,Male,65,130.0,3.5,Medio,1,-0.5
19,96,Medium,High,Yes,5,67,Medium,Yes,4,High,Medium,Private,Neutral,1,No,High School,Moderate,Male,72,133.6,7.0,Medio,6,-3.5
20,61,High,High,Yes,9,54,Medium,Yes,2,High,Medium,Private,Positive,4,No,Postgraduate,Near,Male,67,116.6,6.0,Medio,6,3.0
20,92,Medium,Low,No,7,53,Medium,Yes,2,Medium,High,Private,Positive,2,No,College,Far,Male,68,135.2,4.0,Medio,4,-1.0
14,98,Low,Medium,No,7,98,Medium,No,0,Medium,High,Public,Positive,3,No,High School,Near,Male,68,114.8,2.0,Medio,2,3.0
16,92,Medium,Medium,No,6,86,Low,No,2,Medium,Medium,Private,Neutral,3,Yes,College,Near,Female,66,119.19999999999999,3.0,Medio,4,1.0
12,65,Medium,High,Yes,5,75,High,Yes,0,High,Medium,Private,Negative,2,No,High School,Moderate,Male,62,87.0,5.0,Medio,6,1.0
26,63,Medium,Medium,Yes,7,55,Medium,Yes,2,Medium,High,Public,Neutral,4,No,High School,Far,Male,65,141.8,5.0,Medio,2,-2.0
7,61,Low,High,Yes,4,76,High,Yes,1,Medium,Medium,Private,Positive,5,No,High School,Far,Female,60,64.6,5.5,Medio,4,5.5
27,85,High,Medium,Yes,8,66,Medium,Yes,2,Low,High,Private,Neutral,4,Yes,High School,Moderate,Male,70,159.0,5.0,Medio,2,-1.5
28,85,Medium,Medium,Yes,6,64,Low,Yes,1,Low,Medium,Public,Neutral,1,No,High School,Moderate,Male,68,163.0,4.5,Medio,1,-7.0
18,99,Medium,High,Yes,7,81,Low,Yes,1,Medium,Medium,Public,Neutral,3,No,Postgraduate,Near,Male,72,131.4,5.5,Medio,2,1.0
4,76,Medium,Medium,Yes,8,90,Medium,Yes,2,High,Medium,Public,Positive,2,No,High School,Moderate,Female,63,61.6,5.0,Medio,3,8.0
18,73,Medium,High,Yes,7,72,Low,Yes,1,Medium,Medium,Private,Neutral,1,Yes,High School,Moderate,Male,63,115.8,5.5,Medio,4,-1.0
20,85,Low,Medium,Yes,5,75,Low,Yes,1,Medium,Medium,Public,Neutral,2,No,College,Near,Male,67,131.0,4.5,Medio,2,-3.0
14,93,Medium,Low,Yes,9,83,Low,Yes,4,Medium,Medium,Public,Neutral,2,No,Postgraduate,Near,Female,68,111.8,5.0,Medio,2,4.0
17,97,Medium,Medium,No,5,56,Low,Yes,2,High,Medium,Public,Positive,3,No,High School,Near,Female,69,126.19999999999999,5.0,Medio,3,-0.5
29,92,High,Medium,Yes,4,91,Low,Yes,1,High,High,Public,Neutral,4,No,High School,Near,Female,75,171.2,4.5,Medio,3,-6.5
24,77,Low,Medium,No,8,92,High,Yes,0,High,Medium,Public,Neutral,3,No,High School,Moderate,Male,67,142.2,4.0,Medio,3,-1.0
14,85,High,High,Yes,5,77,Medium,Yes,2,Low,High,Public,Positive,3,No,High School,Near,Male,69,107.0,6.0,Medio,1,1.0
10,94,Low,Medium,No,9,59,Low,Yes,0,Medium,Medium,Public,Positive,2,No,Postgraduate,Near,Male,65,96.4,4.0,Medio,2,6.0
18,80,Low,High,Yes,8,75,Medium,No,2,Medium,Medium,Public,Negative,4,No,High School,Near,Male,65,120.0,4.0,Medio,2,3.0
19,69,Medium,Medium,Yes,7,55,Low,Yes,1,Low,Medium,Public,Positive,4,No,College,Near,Female,63,117.4,4.5,Medio,1,1.5
23,67,Low,Medium,No,6,88,Medium,Yes,2,Medium,Medium,Private,Neutral,4,No,High School,Near,Male,65,132.2,5.0,Medio,4,-1.5
17,60,Medium,Low,No,6,66,Medium,Yes,0,Low,Medium,Public,Positive,2,No,High School,Far,Female,58,104.0,3.0,Bajo,1,-0.5
23,89,High,High,Yes,6,66,Low,Yes,0,Low,High,Private,Positive,3,No,High School,Moderate,Male,70,145.4,5.0,Medio,2,-2.5
32,64,Low,Low,Yes,6,97,Medium,Yes,1,Medium,Low,Public,Neutral,5,No,College,Moderate,Male,66,166.4,3.5,Medio,2,-5.0
25,70,Medium,Low,No,9,71,Medium,No,2,Low,Medium,Public,Negative,2,No,College,Near,Female,63,142.0,2.0,Medio,1,-1.5
20,72,Medium,Low,Yes,6,89,Low,Yes,1,Low,Medium,Private,Negative,3,No,High School,Far,Male,62,123.19999999999999,3.5,Medio,2,-1.0
19,82,Medium,Medium,Yes,8,82,High,Yes,2,Medium,Medium,Private,Positive,3,No,College,Moderate,Female,69,125.19999999999999,5.0,Medio,4,1.5
18,76,Medium,Medium,No,9,66,High,Yes,1,High,High,Public,Positive,3,No,High School,Near,Female,66,117.6,4.5,Medio,3,3.0
27,87,High,Low,No,6,56,Medium,Yes,0,Low,High,Public,Neutral,2,No,High School,Moderate,Male,68,160.2,3.0,Medio,1,-5.5
16,62,Low,Medium,Yes,8,90,Low,Yes,2,High,Medium,Public,Neutral,2,No,Postgraduate,Far,Male,62,101.19999999999999,5.0,Medio,3,2.0
20,65,High,Medium,No,6,88,Medium,Yes,0,Medium,High,Public,Negative,4,Yes,High School,Near,Male,64,119.0,4.0,Medio,2,0.0
20,80,Medium,High,Yes,7,58,Low,No,0,Medium,Medium,Public,Neutral,2,No,College,Near,Female,65,128.0,3.0,Medio,2,-1.0
17,73,Medium,High,Yes,6,62,Low,Yes,2,Low,Medium,Private,Negative,3,No,College,Far,Male,64,111.8,6.0,Medio,2,0.5
12,72,Medium,Medium,No,6,88,High,Yes,2,High,Medium,Public,Positive,3,No,High School,Near,Female,65,91.19999999999999,5.0,Medio,3,3.0
22,63,Medium,Medium,Yes,7,99,Low,Yes,3,Medium,Medium,Private,Neutral,4,No,High School,Moderate,Male,65,125.8,5.5,Medio,4,0.0
20,96,Low,Medium,Yes,5,92,Medium,Yes,0,Medium,Medium,Public,Neutral,3,No,College,Near,Female,70,137.6,4.0,Medio,2,-2.0
23,88,Low,High,No,8,84,High,Yes,2,Medium,Medium,Private,Positive,3,Yes,Postgraduate,Near,Female,71,144.8,6.0,Medio,4,-0.5
17,65,Medium,Medium,Yes,5,96,Low,Yes,2,Medium,High,Public,Positive,3,No,College,Moderate,Male,65,107.0,5.0,Medio,2,-0.5
27,63,High,Medium,No,5,64,Medium,No,1,High,High,Public,Positive,4,No,Postgraduate,Near,Male,67,145.8,2.5,Medio,3,-4.5
15,99,Low,High,Yes,7,50,High,No,4,Low,Medium,Public,Positive,2,No,High School,Moderate,Male,68,119.4,5.0,Medio,1,1.5
30,87,High,High,Yes,6,66,Low,Yes,1,Medium,Medium,Public,Neutral,4,No,High School,Near,Male,73,172.2,5.5,Medio,2,-5.0
10,77,Medium,High,No,8,99,Medium,Yes,0,Medium,High,Public,Neutral,4,Yes,High School,Near,Male,64,86.19999999999999,5.0,Medio,2,7.0
23,88,High,High,No,7,94,Low,No,3,Low,Medium,Private,Positive,1,No,High School,Near,Male,71,144.8,4.5,Medio,2,-3.5
23,90,Medium,High,No,5,53,Medium,Yes,2,Medium,High,Private,Positive,2,No,High School,Near,Female,70,146.0,6.0,Medio,4,-4.5
15,91,Low,High,No,8,75,Medium,Yes,4,Medium,Medium,Public,Neutral,1,No,High School,Near,Female,68,114.6,7.0,Medio,2,1.5
23,79,High,Medium,Yes,7,54,Medium,Yes,2,Low,Medium,Private,Neutral,4,No,College,Moderate,Female,68,139.4,5.0,Medio,2,-0.5
28,77,Low,High,Yes,7,89,Medium,Yes,3,Low,Medium,Public,Positive,3,Yes,High School,Far,Male,68,158.2,6.5,Medio,1,-4.0
7,60,Medium,High,Yes,10,69,Low,Yes,0,Low,Medium,Private,Positive,3,No,College,Moderate,Female,59,64.0,5.0,Bajo,2,9.5
23,97,Medium,Medium,Yes,9,96,Medium,Yes,2,Medium,High,Private,Neutral,4,No,College,Near,Male,74,150.2,5.0,Medio,4,1.5
5,84,Medium,Medium,Yes,7,53,Low,No,1,Low,High,Public,Positive,3,No,Postgraduate,Moderate,Male,62,70.4,2.5,Medio,1,7.5
14,68,High,Low,Yes,5,87,High,Yes,2,Medium,Medium,Public,Positive,3,No,High School,Far,Male,64,96.8,4.0,Medio,2,1.0
30,97,High,High,No,5,70,Medium,Yes,0,High,Medium,Public,Positive,2,No,Postgraduate,Near,Male,76,178.2,5.0,Medio,3,-8.0
17,97,High,Medium,Yes,9,63,Medium,Yes,2,Low,Medium,Public,Positive,2,No,High School,Near,Male,70,126.19999999999999,5.0,Medio,1,2.5
13,100,High,Medium,No,6,76,Medium,No,0,Low,Low,Public,Positive,5,No,Postgraduate,Near,Male,69,112.0,2.0,Medio,1,4.5
19,95,Medium,Medium,Yes,7,74,High,No,0,Low,High,Public,Positive,2,No,High School,Near,Female,69,133.0,2.0,Medio,1,-0.5
32,100,Low,High,Yes,5,67,Medium,No,4,Medium,Medium,Public,Positive,3,No,High School,Far,Male,74,188.0,5.0,Medio,2,-8.0
9,70,High,Medium,No,8,82,Low,No,2,High,High,Public,Negative,2,No,High School,Near,Female,62,78.0,3.0,Medio,3,5.5
14,94,Medium,Medium,No,9,83,High,Yes,2,Low,High,Public,Positive,3,No,Postgraduate,Moderate,Male,70,112.4,5.0,Medio,1,5.0
29,93,Low,Medium,Yes,9,54,Medium,No,4,Low,High,Public,Positive,3,No,High School,Near,Male,71,171.8,4.0,Medio,1,-2.5
31,69,Medium,Low,Yes,6,80,Low,Yes,4,Medium,Medium,Public,Negative,2,No,College,Near,Male,68,165.4,5.0,Medio,2,-7.5
19,64,High,Low,Yes,8,86,Low,Yes,3,High,Medium,Private,Neutral,3,No,Postgraduate,Near,Female,66,114.4,4.5,Medio,6,1.5
13,99,Low,Medium,No,7,54,High,Yes,3,High,Medium,Public,Negative,3,No,High School,Far,Male,67,111.4,5.5,Medio,3,3.5
33,72,High,Medium,No,8,83,Low,Yes,3,Low,High,Private,Neutral,4,No,High School,Near,Male,71,175.2,5.5,Medio,2,-4.5
30,95,Medium,Medium,Yes,7,90,Medium,Yes,3,Medium,Medium,Public,Neutral,1,No,High School,Moderate,Male,74,177.0,5.5,Medio,2,-7.0
24,60,Low,Medium,Yes,6,92,Low,Yes,3,Medium,Medium,Public,Positive,2,No,College,Near,Male,65,132.0,5.5,Medio,2,-4.0
15,61,High,Low,Yes,9,52,Medium,Yes,1,Medium,Medium,Private,Neutral,3,No,High School,Moderate,Female,60,96.6,3.5,Medio,4,4.5
20,79,High,High,Yes,7,85,Low,Yes,2,Medium,Medium,Public,Neutral,2,No,College,Moderate,Male,69,127.4,6.0,Medio,2,-1.0
19,70,Medium,Medium,Yes,6,90,Low,Yes,2,Low,Medium,Private,Positive,3,No,High School,Moderate,Male,65,118.0,5.0,Medio,2,-0.5
22,88,Medium,Low,Yes,7,70,Medium,Yes,3,Low,Medium,Public,Positive,2,No,High School,Near,Female,69,140.8,4.5,Medio,1,-2.0
29,83,Medium,Low,Yes,6,77,High,Yes,1,Medium,Medium,Public,Neutral,4,No,High School,Near,Male,70,165.8,3.5,Medio,2,-4.5
25,63,High,Low,Yes,8,63,Medium,Yes,0,Medium,High,Private,Positive,1,Yes,Postgraduate,Near,Female,65,137.8,3.0,Medio,4,-3.5
14,67,Low,Low,Yes,7,66,Low,Yes,0,Low,Medium,Public,Neutral,4,No,High School,Far,Female,57,96.19999999999999,3.0,Bajo,1,4.0
28,76,Medium,Medium,Yes,6,75,Low,Yes,0,Medium,High,Public,Positive,2,No,High School,Near,Female,68,157.6,4.0,Medio,2,-6.0
22,67,High,High,No,10,58,Medium,Yes,2,High,Low,Public,Neutral,3,No,Postgraduate,Near,Male,67,128.2,6.0,Medio,3,2.0
24,92,Medium,Medium,No,5,69,Medium,Yes,2,Medium,Medium,Private,Negative,4,No,High School,Near,Female,70,151.2,5.0,Medio,4,-3.0
29,77,Medium,Medium,Yes,8,65,Medium,Yes,1,Medium,Medium,Public,Neutral,3,No,High School,Near,Male,68,162.2,4.5,Medio,2,-3.5
13,64,High,High,Yes,7,62,Medium,Yes,1,Low,Medium,Public,Neutral,1,No,College,Moderate,Female,62,90.4,5.5,Medio,1,1.5
20,79,High,Medium,Yes,5,74,Medium,Yes,1,Low,Medium,Public,Neutral,5,No,High School,Far,Male,67,127.4,4.5,Medio,1,0.0
17,64,High,High,Yes,6,92,Medium,Yes,0,Medium,Medium,Private,Positive,1,No,Postgraduate,Near,Male,66,106.4,5.0,Medio,4,-1.5
11,65,Medium,Low,Yes,5,62,Medium,Yes,2,Medium,High,Public,Neutral,2,No,College,Far,Female,60,83.0,4.0,Medio,2,1.5
22,70,High,Low,No,10,83,Low,Yes,0,Medium,Medium,Public,Positive,2,No,College,Moderate,Male,65,130.0,3.0,Medio,2,1.0
35,94,High,Medium,Yes,7,63,Medium,Yes,1,Low,High,Public,Positive,2,No,College,Near,Female,75,196.4,4.5,Medio,1,-8.5
9,97,Low,Medium,Yes,7,57,Medium,Yes,4,Medium,High,Public,Neutral,5,No,High School,Far,Female,67,94.19999999999999,6.0,Medio,2,7.5
20,93,Medium,High,No,10,97,Medium,Yes,1,Low,Medium,Public,Neutral,2,No,Postgraduate,Moderate,Male,71,135.8,5.5,Medio,1,2.0
24,73,Low,Low,Yes,6,82,Medium,Yes,0,Medium,Medium,Public,Negative,2,Yes,High School,Near,Male,63,139.8,3.0,Medio,2,-4.0
21,71,High,Medium,Yes,9,55,Low,Yes,2,High,High,Public,Positive,1,No,Postgraduate,Moderate,Male,67,126.6,5.0,Medio,3,-0.5
19,82,High,Medium,No,8,82,Low,Yes,2,Low,Medium,Private,Negative,4,No,Postgraduate,Near,Female,68,125.19999999999999,5.0,Medio,2,2.5
12,89,High,Low,Yes,4,59,Low,Yes,2,Low,High,Public,Negative,4,No,High School,Near,Male,65,101.4,4.0,Medio,1,2.0
21,100,Low,High,No,6,94,Medium,No,1,High,Medium,Public,Positive,3,No,College,Moderate,Female,72,144.0,3.5,Medio,3,-1.5
15,65,Medium,Medium,No,8,62,Medium,Yes,1,Medium,Medium,Public,Neutral,4,No,High School,Moderate,Female,61,99.0,4.5,Medio,2,4.5
7,62,Low,High,No,7,90,Medium,Yes,1,Medium,Low,Public,Neutral,5,No,College,Moderate,Female,60,65.19999999999999,5.5,Medio,2,8.5
27,88,High,High,Yes,7,60,Medium,Yes,2,Low,Medium,Public,Positive,2,No,High School,Near,Female,72,160.8,6.0,Medio,1,-4.5
26,93,Medium,Medium,Yes,6,78,Medium,Yes,2,Medium,Medium,Public,Neutral,3,No,Postgraduate,Far,Female,72,159.8,5.0,Medio,2,-4.0
20,94,Low,Medium,Yes,6,96,Medium,Yes,2,Medium,Medium,Private,Negative,3,No,College,Near,Male,70,136.4,5.0,Medio,4,-1.0
21,87,Low,Medium,No,7,65,High,Yes,2,Medium,Medium,Public,Negative,3,Yes,College,Near,Male,67,136.2,5.0,Medio,2,-0.5
26,98,Medium,Medium,No,10,54,Medium,Yes,0,Low,High,Private,Neutral,1,No,Postgraduate,Near,Male,71,162.8,4.0,Medio,2,-2.0
21,80,Medium,Low,Yes,6,78,Medium,Yes,0,Medium,Medium,Private,Negative,2,No,Postgraduate,Near,Female,66,132.0,3.0,Medio,4,-2.5
25,97,High,High,No,6,59,Low,Yes,0,Low,High,Public,Positive,2,No,High School,Near,Female,72,158.2,5.0,Medio,1,-4.5
18,99,Medium,Medium,Yes,7,86,Medium,No,1,High,Medium,Public,Neutral,4,No,High School,Moderate,Female,70,131.4,2.5,Medio,3,2.0
28,94,Medium,Low,Yes,5,80,Medium,Yes,2,High,Medium,Public,Negative,2,No,High School,Moderate,Female,71,168.4,4.0,Medio,3,-7.0
22,72,Low,Low,Yes,8,67,High,Yes,2,Medium,Medium,Public,Negative,4,No,College,Far,Male,64,131.2,4.0,Medio,2,1.0
21,68,Medium,Medium,Yes,5,85,Medium,No,3,High,Medium,Public,Positive,2,No,College,Moderate,Male,66,124.8,3.5,Medio,3,-3.5
12,82,High,Low,No,5,62,Low,Yes,2,Medium,Medium,Public,Positive,4,No,High School,Near,Male,64,97.19999999999999,4.0,Medio,2,3.0
22,78,Medium,Medium,Yes,5,96,Medium,Yes,0,Low,Medium,Public,Neutral,3,No,High School,Moderate,Male,67,134.8,4.0,Medio,1,-3.0
15,95,Low,Low,No,5,67,High,Yes,3,Medium,Medium,Public,Positive,3,No,High School,Moderate,Female,67,117.0,4.5,Medio,2,0.5
16,64,High,Low,No,9,88,Medium,Yes,1,Medium,High,Public,Positive,3,No,High School,Near,Male,64,102.4,3.5,Medio,2,4.0
15,70,Low,Medium,No,8,63,Low,Yes,0,Medium,Medium,Private,Positive,4,No,High School,Moderate,Female,61,102.0,4.0,Medio,4,4.5
33,64,Medium,Medium,No,8,52,Low,No,3,High,Medium,Public,Positive,4,No,High School,Near,Male,67,170.4,3.5,Medio,3,-4.5
28,73,Medium,High,Yes,7,65,High,Yes,3,High,High,Public,Positive,3,No,Postgraduate,Near,Male,72,155.8,6.5,Medio,3,-4.0
32,75,Low,Low,No,7,55,Medium,Yes,1,Medium,Medium,Public,Neutral,4,No,High School,Moderate,Male,66,173.0,3.5,Medio,2,-5.0
13,85,Low,High,Yes,9,73,High,Yes,3,Medium,High,Public,Positive,2,No,Postgraduate,Moderate,Male,68,103.0,6.5,Medio,2,4.5
20,66,High,Low,No,9,72,Low,Yes,1,Medium,High,Public,Positive,1,No,College,Near,Female,64,119.6,3.5,Medio,2,0.0
12,94,High,High,No,5,68,High,Yes,1,High,Medium,Public,Neutral,2,No,High School,Near,Male,69,104.4,5.5,Medio,3,1.0
16,78,Medium,High,No,10,99,Low,Yes,0,Low,Medium,Public,Positive,4,No,High School,Far,Female,65,110.8,5.0,Medio,1,6.0
14,97,Low,High,No,5,62,Medium,No,1,Medium,Medium,Public,Neutral,4,Yes,Postgraduate,Far,Female,66,114.19999999999999,3.5,Medio,2,2.0
27,79,High,High,Yes,6,90,Low,Yes,3,Medium,High,Public,Positive,4,No,High School,Near,Male,73,155.4,6.5,Medio,2,-3.5
18,71,Medium,Medium,Yes,7,72,Low,Yes,0,Low,Medium,Public,Neutral,4,No,High School,Near,Female,63,114.6,4.0,Medio,1,2.0
26,66,Medium,Medium,Yes,7,67,High,Yes,3,Medium,Medium,Public,Negative,4,No,High School,Moderate,Female,66,143.6,5.5,Medio,2,-2.0
24,60,Medium,Medium,Yes,10,60,Low,Yes,3,Low,High,Private,Neutral,2,No,Postgraduate,Near,Female,65,132.0,5.5,Medio,2,0.0
34,81,Medium,Medium,Yes,9,82,Low,Yes,1,Medium,High,Public,Negative,2,No,High School,Near,Male,71,184.6,4.5,Medio,2,-6.0
11,64,Medium,Low,Yes,8,67,High,No,1,Medium,Medium,Public,Neutral,2,Yes,College,Near,Male,58,82.4,1.5,Bajo,2,4.5
28,76,Medium,Medium,No,9,91,Medium,Yes,0,Low,High,Private,Neutral,3,No,High School,Moderate,Male,68,157.6,4.0,Medio,2,-2.0
27,84,Medium,Medium,No,8,98,Medium,Yes,0,Low,Medium,Public,Neutral,4,No,High School,Moderate,Male,69,158.4,4.0,Medio,1,-1.5
14,71,High,Low,Yes,6,61,Low,Yes,0,Low,Medium,Public,Positive,3,No,Postgraduate,Near,Female,63,98.6,3.0,Medio,1,2.0
26,67,Medium,Medium,Yes,8,56,Medium,Yes,1,Medium,Medium,Public,Negative,5,No,College,Near,Female,66,144.2,4.5,Medio,2,0.0
22,91,Medium,Medium,Yes,7,66,Medium,No,0,High,High,Public,Negative,3,No,College,Near,Female,69,142.6,2.0,Medio,3,-1.0
19,98,Medium,Low,Yes,6,73,Medium,Yes,3,Low,Medium,Private,Negative,3,No,College,Near,Male,69,134.8,4.5,Medio,2,-0.5
15,64,High,Medium,No,9,65,Medium,Yes,2,Medium,Medium,Public,Neutral,2,No,High School,Near,Male,63,98.4,5.0,Medio,2,3.5
16,66,Low,High,Yes,7,99,Medium,Yes,1,Low,Medium,Public,Positive,3,No,College,Near,Female,65,103.6,5.5,Medio,1,2.0
32,98,Low,High,No,5,89,Medium,Yes,2,High,Low,Private,Positive,3,No,College,Near,Male,76,186.8,6.0,Medio,6,-8.0
20,62,High,Medium,Yes,6,98,High,Yes,0,High,High,Public,Neutral,3,No,Postgraduate,Near,Male,67,117.19999999999999,4.0,Medio,3,-1.0
25,99,Low,Medium,No,8,69,Medium,No,1,Low,High,Public,Positive,3,No,Postgraduate,Moderate,Male,70,159.4,2.5,Medio,1,-1.5
15,60,Medium,Low,No,9,65,Medium,Yes,1,Medium,High,Public,Negative,5,No,College,Moderate,Male,60,96.0,3.5,Medio,2,6.5
15,95,High,Low,No,8,70,Medium,Yes,2,High,High,Public,Neutral,3,Yes,High School,Near,Female,68,117.0,4.0,Medio,3,3.5
26,72,Medium,Medium,Yes,8,76,Medium,Yes,1,Medium,Medium,Public,Negative,3,No,Postgraduate,Near,Male,68,147.2,4.5,Medio,2,-2.0
12,98,Low,High,Yes,6,87,Medium,Yes,2,Low,Medium,Private,Neutral,3,No,Postgraduate,Near,Female,70,106.8,6.0,Medio,2,3.0
18,73,Medium,High,Yes,7,94,High,Yes,1,High,Medium,Private,Neutral,3,No,Postgraduate,Moderate,Female,68,115.8,5.5,Medio,6,1.0
20,86,High,High,No,7,73,Medium,Yes,3,Low,Low,Public,Neutral,3,Yes,High School,Near,Male,69,131.6,6.5,Medio,1,0.0
21,63,Medium,Medium,Yes,7,64,Medium,Yes,0,Low,Medium,Public,Negative,3,No,High School,Near,Female,62,121.8,4.0,Medio,1,-0.5
19,70,High,Low,No,7,66,Medium,Yes,1,High,Low,Private,Neutral,4,No,College,Moderate,Male,64,118.0,3.5,Medio,6,1.5
22,91,High,Medium,No,6,85,Low,Yes,2,Medium,Medium,Private,Positive,2,No,High School,Moderate,Female,71,142.6,5.0,Medio,4,-3.0
24,81,Medium,Medium,Yes,8,78,Medium,Yes,1,Low,Medium,Public,Positive,2,No,High School,Near,Male,68,144.6,4.5,Medio,1,-2.0
24,97,High,Medium,No,5,74,High,Yes,0,Medium,Low,Public,Neutral,5,No,High School,Near,Female,72,154.2,4.0,Medio,2,-2.0
14,77,Medium,Medium,Yes,5,60,Low,Yes,1,High,High,Private,Negative,3,No,Postgraduate,Far,Male,64,102.19999999999999,4.5,Medio,6,1.0
27,78,Medium,High,No,8,89,Low,Yes,0,Low,Medium,Public,Neutral,3,No,Postgraduate,Near,Female,69,154.8,5.0,Medio,1,-2.5
25,99,Low,Medium,No,8,57,Medium,Yes,1,Medium,Low,Private,Positive,3,No,Postgraduate,Moderate,Male,70,159.4,4.5,Medio,4,-1.5
12,98,Medium,High,No,4,68,Medium,Yes,3,Low,High,Public,Neutral,2,No,High School,Near,Female,69,106.8,6.5,Medio,1,0.0
22,73,Medium,Low,No,8,77,Medium,Yes,1,High,Medium,Public,Neutral,3,No,High School,Far,Male,64,131.8,3.5,Medio,3,0.0
8,95,Medium,Medium,No,7,73,Low,Yes,2,Medium,Medium,Private,Neutral,2,No,College,Near,Male,66,89.0,5.0,Medio,4,5.0
20,94,Medium,Medium,Yes,6,70,High,Yes,1,Medium,Medium,Public,Neutral,2,No,High School,Moderate,Female,69,136.4,4.5,Medio,2,-2.0
31,68,High,Medium,No,7,86,Low,Yes,1,Low,Medium,Private,Positive,3,No,High School,Moderate,Female,68,164.8,4.5,Medio,2,-5.5
14,85,Medium,Low,Yes,5,53,Medium,Yes,4,Medium,Medium,Public,Neutral,3,No,High School,Near,Male,65,107.0,5.0,Medio,2,1.0
15,63,High,Low,Yes,7,74,Medium,Yes,4,Low,Medium,Public,Negative,2,No,High School,Moderate,Male,62,97.8,5.0,Medio,1,1.5
25,93,High,High,Yes,5,63,Medium,Yes,2,High,Medium,Public,Positive,2,No,Postgraduate,Near,Female,75,155.8,6.0,Medio,3,-5.5
11,67,Medium,Medium,Yes,6,54,Low,Yes,0,Low,Medium,Public,Positive,3,No,High School,Near,Female,60,84.19999999999999,4.0,Medio,1,3.5
16,63,Medium,High,Yes,6,73,Medium,Yes,0,Medium,Medium,Public,Neutral,4,No,College,Near,Male,63,101.8,5.0,Medio,2,2.0
24,76,Medium,Low,Yes,8,59,Medium,Yes,2,Medium,Medium,Public,Positive,4,No,College,Far,Male,66,141.6,4.0,Medio,2,0.0
16,83,High,Medium,Yes,7,63,Medium,Yes,0,Medium,Medium,Public,Neutral,3,No,Postgraduate,Near,Female,67,113.8,4.0,Medio,2,2.0
19,94,Low,Medium,Yes,8,75,Medium,Yes,1,Medium,Medium,Public,Negative,3,No,College,Moderate,Female,68,132.4,4.5,Medio,2,1.5
24,99,Medium,Medium,Yes,5,99,Medium,Yes,0,Low,Medium,Public,Positive,3,No,High School,Moderate,Female,72,155.4,4.0,Medio,1,-4.0
23,78,Low,Medium,No,7,84,High,Yes,0,Low,Medium,Private,Neutral,3,No,College,Near,Male,66,138.8,4.0,Medio,2,-1.5
22,62,Medium,Medium,Yes,8,64,Medium,Yes,0,Low,Medium,Public,Neutral,3,No,Postgraduate,Near,Female,63,125.19999999999999,4.0,Medio,1,0.0
18,90,Medium,High,Yes,9,69,Medium,Yes,1,High,High,Private,Positive,3,No,College,Moderate,Female,71,126.0,5.5,Medio,6,3.0
22,83,Low,Medium,Yes,5,70,High,Yes,2,Low,Medium,Public,Positive,3,No,College,Far,Male,67,137.8,5.0,Medio,1,-3.0
19,78,Medium,Medium,Yes,6,58,Medium,Yes,1,Low,Medium,Public,Neutral,3,No,Postgraduate,Near,Male,66,122.8,4.5,Medio,1,-0.5
23,72,High,Medium,No,8,58,Medium,No,2,Low,High,Private,Positive,2,No,College,Near,Female,66,135.2,3.0,Medio,2,-1.5
17,80,High,High,No,9,57,Medium,Yes,4,Low,Medium,Public,Positive,2,No,College,Near,Male,68,116.0,7.0,Medio,1,2.5
19,74,Medium,Medium,No,7,76,High,Yes,1,High,Medium,Public,Neutral,3,No,College,Near,Female,66,120.4,4.5,Medio,3,0.5
14,90,High,Medium,Yes,5,84,Medium,Yes,0,Low,Medium,Public,Negative,3,No,Postgraduate,Near,Female,68,110.0,4.0,Medio,1,1.0
20,82,High,Medium,Yes,5,80,Medium,Yes,3,Low,Medium,Public,Neutral,1,Yes,College,Near,Female,68,129.2,5.5,Medio,1,-4.0
15,95,Low,Medium,Yes,7,99,Low,Yes,0,High,High,Public,Neutral,2,No,High School,Near,Female,68,117.0,4.0,Medio,3,1.5
13,82,Medium,High,No,8,56,Low,Yes,2,Low,High,Private,Neutral,3,No,Postgraduate,Near,Male,66,101.19999999999999,6.0,Medio,2,4.5
22,70,High,Low,No,7,99,Medium,Yes,1,Low,High,Private,Positive,2,No,High School,Moderate,Male,66,130.0,3.5,Medio,2,-2.0
21,94,Medium,High,No,5,73,Low,Yes,0,Medium,High,Public,Neutral,3,No,Postgraduate,Far,Female,70,140.4,5.0,Medio,2,-2.5
25,82,High,Medium,Yes,9,61,Low,Yes,1,High,Medium,Public,Negative,2,No,High School,Near,Male,68,149.2,4.5,Medio,3,-1.5
17,68,Medium,Medium,Yes,6,97,High,Yes,2,High,Low,Public,Negative,3,No,High School,Moderate,Male,65,108.8,5.0,Medio,3,0.5
22,85,Low,High,Yes,8,73,High,Yes,1,Medium,Medium,Private,Positive,3,No,College,Near,Male,70,139.0,5.5,Medio,4,0.0
23,74,Medium,Medium,No,4,67,Medium,Yes,3,High,Medium,Private,Negative,5,No,High School,Far,Male,66,136.4,5.5,Medio,6,-2.5
23,94,Medium,High,Yes,9,61,Medium,No,0,Medium,Medium,Public,Negative,1,Yes,Postgraduate,Moderate,Female,68,148.4,3.0,Medio,2,-1.5
15,78,Medium,Medium,Yes,6,63,High,Yes,1,Medium,Medium,Private,Neutral,2,Yes,College,Moderate,Male,64,106.8,4.5,Medio,4,0.5
21,89,Medium,Medium,No,9,99,Medium,Yes,0,Medium,Medium,Private,Negative,3,No,High School,Near,Male,69,137.4,4.0,Medio,4,1.5
22,64,Medium,Medium,No,8,65,Low,Yes,2,Medium,Medium,Private,Neutral,4,No,Postgraduate,Near,Female,65,126.4,5.0,Medio,4,1.0
20,76,Medium,High,Yes,5,99,Low,No,3,Medium,High,Public,Negative,3,No,Postgraduate,Near,Female,69,125.6,4.5,Medio,2,-2.0
7,99,Low,High,Yes,7,67,Low,No,1,High,High,Private,Neutral,4,No,High School,Near,Female,66,87.4,3.5,Medio,6,7.5
21,92,High,Low,No,9,62,Medium,Yes,1,Medium,Low,Public,Positive,2,No,High School,Near,Female,68,139.2,3.5,Medio,2,0.5
33,66,Medium,Medium,Yes,6,59,Medium,Yes,3,High,Medium,Public,Positive,2,No,Postgraduate,Near,Female,70,171.6,5.5,Medio,3,-8.5
18,71,High,Medium,No,9,71,Medium,Yes,1,Medium,High,Public,Positive,3,No,High School,Moderate,Female,65,114.6,4.5,Medio,2,3.0
16,73,High,Medium,Yes,8,62,Medium,Yes,0,High,High,Private,Neutral,2,No,High School,Near,Female,65,107.8,4.0,Medio,6,2.0
22,86,Medium,Low,No,9,85,Medium,Yes,1,Medium,Medium,Public,Negative,3,No,Postgraduate,Near,Female,68,139.6,3.5,Medio,2,1.0
22,90,Low,Medium,No,7,62,Low,Yes,0,Medium,Medium,Public,Positive,3,No,College,Near,Male,67,142.0,4.0,Medio,2,-1.0
27,90,High,High,No,7,92,Medium,Yes,0,Low,Medium,Private,Neutral,3,No,High School,Near,Female,72,162.0,5.0,Medio,2,-3.5
12,80,High,High,Yes,10,92,High,Yes,1,High,High,Public,Positive,3,No,Postgraduate,Moderate,Male,70,96.0,5.5,Medio,3,7.0
24,92,Low,High,Yes,8,64,High,Yes,1,High,High,Private,Neutral,3,No,College,Near,Male,72,151.2,5.5,Medio,6,-1.0
24,77,High,High,Yes,7,88,Low,Yes,1,High,Medium,Public,Negative,5,No,College,Near,Male,71,142.2,5.5,Medio,3,0.0
19,65,Low,Medium,No,8,93,Low,Yes,1,Medium,High,Private,Neutral,4,No,College,Near,Male,64,115.0,4.5,Medio,4,2.5
22,83,Low,High,Yes,6,80,Medium,Yes,2,Medium,Medium,Public,Positive,5,No,High School,Moderate,Female,69,137.8,6.0,Medio,2,0.0
26,98,Medium,Medium,Yes,7,68,Medium,Yes,4,Low,Medium,Public,Positive,1,No,High School,Near,Female,73,162.8,6.0,Medio,1,-5.0
25,92,Low,High,Yes,9,72,Medium,Yes,1,Low,Medium,Public,Negative,5,No,Postgraduate,Far,Female,70,155.2,5.5,Medio,1,1.5
13,83,High,Medium,No,7,89,Medium,Yes,1,Low,Medium,Public,Neutral,4,No,Postgraduate,Near,Female,68,101.8,4.5,Medio,1,4.5
25,86,High,Medium,No,6,65,Medium,Yes,2,Medium,High,Public,Positive,5,No,High School,Moderate,Male,71,151.6,5.0,Medio,2,-1.5
20,97,Medium,High,No,6,67,Low,Yes,1,Low,High,Private,Positive,3,No,Postgraduate,Near,Female,71,138.2,5.5,Medio,2,-1.0
20,77,Low,High,Yes,7,58,High,Yes,0,High,Medium,Public,Neutral,3,No,High School,Near,Male,66,126.19999999999999,5.0,Medio,3,0.0
20,73,Medium,High,No,6,70,Low,Yes,3,High,High,Public,Neutral,4,No,High School,Near,Female,68,123.8,6.5,Medio,3,0.0
19,99,Medium,High,Yes,5,54,Low,Yes,0,Medium,Medium,Public,Neutral,2,No,Postgraduate,Near,Male,70,135.4,5.0,Medio,2,-2.5
27,95,Medium,Medium,No,5,66,Low,Yes,3,Medium,Medium,Public,Neutral,4,No,High School,Near,Male,72,165.0,5.5,Medio,2,-4.5
19,73,Low,High,Yes,9,69,High,Yes,1,Low,Low,Public,Positive,4,No,Postgraduate,Near,Female,66,119.8,5.5,Medio,1,3.5
13,79,Medium,High,Yes,7,63,Low,No,3,High,Medium,Private,Neutral,2,No,High School,Near,Female,65,99.4,4.5,Medio,6,2.5
18,77,Medium,High,Yes,7,55,High,No,3,High,Medium,Private,Neutral,3,Yes,High School,Near,Female,66,118.19999999999999,4.5,Medio,6,1.0
21,66,High,Medium,Yes,6,76,Low,Yes,3,Low,Medium,Private,Neutral,1,No,High School,Moderate,Female,65,123.6,5.5,Medio,2,-3.5
27,98,High,Low,Yes,6,93,Low,Yes,0,Low,Medium,Private,Neutral,4,No,High School,Moderate,Male,72,166.8,3.0,Medio,2,-3.5
24,76,Medium,Medium,Yes,6,67,Medium,Yes,2,High,Medium,Public,Negative,3,No,College,Near,Female,68,141.6,5.0,Medio,3,-3.0
15,95,Medium,Medium,Yes,7,62,High,Yes,0,High,Medium,Public,Negative,3,No,College,Near,Female,68,117.0,4.0,Medio,3,2.5
35,68,Low,High,Yes,5,64,Medium,Yes,0,High,Low,Public,Positive,4,Yes,High School,Near,Male,67,180.8,5.0,Medio,3,-8.5
22,82,Medium,Medium,Yes,9,93,Low,Yes,2,Low,Medium,Public,Neutral,2,No,High School,Near,Male,68,137.2,5.0,Medio,1,0.0
28,61,High,Medium,No,7,76,High,Yes,1,Medium,High,Public,Positive,4,No,High School,Moderate,Male,67,148.6,4.5,Medio,2,-3.0
19,91,Medium,High,No,7,57,Low,Yes,3,High,High,Public,Negative,3,No,High School,Moderate,Female,69,130.6,6.5,Medio,3,0.5
23,83,Low,Low,No,8,85,Medium,Yes,2,Low,Medium,Private,Neutral,2,Yes,High School,Near,Male,65,141.8,4.0,Medio,2,-1.5
25,85,Medium,Medium,No,8,58,Medium,Yes,2,Medium,High,Public,Neutral,4,No,College,Near,Male,70,151.0,5.0,Medio,2,-0.5
27,62,High,Medium,No,6,53,Low,Yes,1,Medium,Medium,Public,Positive,2,No,High School,Moderate,Male,64,145.2,4.5,Medio,2,-5.5
26,68,Medium,Medium,No,8,63,Medium,Yes,2,Low,High,Public,Positive,3,No,High School,Near,Male,66,144.8,5.0,Medio,1,-2.0
25,63,Low,Medium,No,8,58,Medium,Yes,1,High,Medium,Public,Positive,1,No,College,Near,Female,64,137.8,4.5,Medio,3,-3.5
18,72,High,High,Yes,7,80,High,Yes,1,High,High,Public,Negative,2,Yes,High School,Moderate,Female,66,115.19999999999999,5.5,Medio,3,0.0
17,85,Medium,Medium,Yes,9,74,Medium,Yes,1,Medium,Medium,Private,Neutral,2,No,High School,Near,Male,67,119.0,4.5,Medio,4,2.5
22,83,Medium,Low,Yes,8,86,Medium,Yes,3,Medium,Low,Public,Negative,4,No,High School,Near,Male,68,137.8,4.5,Medio,2,1.0
26,84,Medium,Medium,No,8,76,Medium,Yes,5,Medium,High,Public,Neutral,2,No,High School,Moderate,Male,71,154.4,6.5,Medio,2,-3.0
19,82,High,Low,No,9,71,Medium,Yes,1,Low,High,Private,Neutral,3,No,College,Near,Female,67,125.19999999999999,3.5,Medio,2,2.5
26,71,High,Medium,Yes,7,76,Medium,Yes,3,Low,Medium,Public,Positive,2,No,Postgraduate,Moderate,Male,69,146.6,5.5,Medio,1,-4.0
29,70,Medium,Low,Yes,7,72,Low,Yes,1,Medium,Medium,Public,Positive,4,No,College,Near,Male,67,158.0,3.5,Medio,2,-3.5
15,65,Low,High,Yes,8,52,Medium,Yes,4,Low,Medium,Private,Neutral,3,Yes,High School,Moderate,Female,61,99.0,7.0,Medio,2,3.5
15,94,Medium,Medium,No,7,84,Medium,Yes,0,Medium,High,Public,Positive,2,No,High School,Moderate,Male,68,116.4,4.0,Medio,2,1.5
19,85,Low,Low,Yes,8,98,Medium,Yes,2,Medium,Low,Private,Neutral,4,No,High School,Near,Female,67,127.0,4.0,Medio,4,2.5
22,67,Low,Medium,Yes,6,71,Low,Yes,1,Medium,High,Public,Neutral,4,No,College,Moderate,Male,64,128.2,4.5,Medio,2,-1.0
17,67,Medium,Medium,Yes,4,71,Medium,Yes,3,Medium,High,Public,Negative,2,No,High School,Moderate,Female,63,108.19999999999999,5.5,Medio,2,-2.5
28,95,Low,Medium,No,8,52,High,Yes,3,High,High,Public,Negative,4,No,College,Near,Male,72,169.0,5.5,Medio,3,-2.0
23,90,High,Medium,No,5,95,Low,Yes,2,Low,Medium,Public,Negative,2,No,High School,Moderate,Male,69,146.0,5.0,Medio,1,-4.5
20,86,Low,High,No,6,96,Medium,Yes,1,High,Low,Public,Neutral,2,Yes,High School,Far,Male,66,131.6,5.5,Medio,3,-2.0
11,76,Medium,Medium,Yes,8,91,Low,Yes,1,High,High,Private,Neutral,3,Yes,College,Near,Female,64,89.6,4.5,Medio,6,5.5
12,70,Low,Medium,Yes,8,55,Medium,Yes,2,Medium,High,Public,Negative,4,No,High School,Near,Female,61,90.0,5.0,Medio,2,6.0
22,99,Medium,High,Yes,9,95,Medium,Yes,2,Low,Low,Public,Negative,4,Yes,High School,Near,Male,71,147.4,6.0,Medio,1,2.0
7,92,Low,Medium,Yes,4,51,Medium,Yes,0,High,Medium,Public,Positive,1,No,High School,Near,Female,63,83.19999999999999,4.0,Medio,3,1.5
26,72,Medium,Low,No,7,72,Low,Yes,2,Medium,Low,Public,Neutral,4,No,High School,Near,Female,65,147.2,4.0,Medio,2,-2.0
19,94,High,Low,Yes,7,75,Medium,Yes,2,High,Medium,Public,Negative,5,No,College,Near,Female,71,132.4,4.0,Medio,3,2.5
39,90,High,High,No,8,92,High,Yes,2,Medium,High,Private,Neutral,1,No,High School,Near,Female,78,210.0,6.0,Medio,4,-10.5
34,72,Medium,High,Yes,9,88,Low,Yes,1,High,Medium,Private,Positive,3,No,Postgraduate,Near,Male,73,179.2,5.5,Medio,6,-5.0
19,77,Low,Medium,No,5,90,Low,Yes,1,Low,High,Private,Neutral,3,No,College,Near,Female,65,122.19999999999999,4.5,Medio,2,-1.5
19,67,Low,Medium,Yes,7,93,High,Yes,0,Medium,Medium,Public,Positive,4,No,Postgraduate,Near,Male,66,116.19999999999999,4.0,Medio,2,1.5
26,64,High,Low,Yes,8,74,Low,Yes,3,Medium,High,Public,Neutral,2,No,High School,Near,Male,66,142.4,4.5,Medio,2,-3.0
30,89,Medium,Medium,No,6,89,Medium,Yes,3,High,Medium,Public,Neutral,3,No,Postgraduate,Moderate,Male,74,173.4,5.5,Medio,3,-6.0
10,71,Medium,Low,No,10,53,Low,Yes,4,High,Medium,Private,Positive,3,No,High School,Near,Female,62,82.6,5.0,Medio,6,8.0
9,93,High,Low,Yes,6,72,Low,Yes,1,Medium,Medium,Public,Positive,2,No,College,Near,Female,66,91.8,3.5,Medio,2,3.5
16,100,High,High,No,7,52,Medium,Yes,4,Low,Medium,Public,Negative,4,No,High School,Near,Female,71,124.0,7.0,Medio,1,3.0
23,63,High,Medium,Yes,5,96,Medium,Yes,2,High,Medium,Public,Neutral,2,No,High School,Near,Female,67,129.8,5.0,Medio,3,-4.5
23,79,High,Low,Yes,7,98,Low,Yes,0,Medium,High,Public,Neutral,4,No,College,Near,Female,69,139.4,3.0,Medio,2,-0.5
26,92,Medium,High,No,4,54,Medium,Yes,2,High,Medium,Public,Positive,4,No,High School,Moderate,Male,72,159.2,6.0,Medio,3,-5.0
13,92,High,High,Yes,7,77,Medium,Yes,2,High,Medium,Public,Positive,4,No,Postgraduate,Near,Male,72,107.19999999999999,6.0,Medio,3,4.5
6,90,Medium,Medium,Yes,9,66,Medium,Yes,2,Medium,High,Public,Positive,2,No,High School,Far,Male,65,78.0,5.0,Medio,2,8.0
25,74,High,High,No,5,67,High,Yes,1,Medium,Medium,Public,Positive,5,No,Postgraduate,Near,Male,71,144.4,5.5,Medio,2,-2.5
15,78,Medium,Medium,No,5,73,Medium,Yes,0,High,High,Private,Positive,1,Yes,College,Near,Male,64,106.8,4.0,Medio,6,-1.5
8,84,Medium,Low,Yes,9,56,Low,Yes,1,Low,Medium,Public,Positive,2,No,High School,Moderate,Male,61,82.4,3.5,Medio,1,7.0
21,99,Medium,Low,Yes,9,59,Low,Yes,1,High,High,Public,Negative,2,No,College,Moderate,Female,69,143.4,3.5,Medio,3,0.5
25,73,Low,Medium,Yes,5,79,Medium,Yes,1,Low,Medium,Private,Neutral,5,No,High School,Moderate,Female,65,143.8,4.5,Medio,2,-2.5
19,97,Medium,Low,Yes,10,51,High,Yes,3,Low,High,Public,Neutral,4,No,College,Far,Female,69,134.2,4.5,Medio,1,4.5
17,71,Medium,Medium,No,8,80,Low,Yes,2,High,Low,Public,Neutral,3,No,High School,Near,Female,64,110.6,5.0,Medio,3,2.5
19,100,Medium,Low,Yes,9,66,High,Yes,1,High,Medium,Public,Negative,4,Yes,Postgraduate,Moderate,Male,69,136.0,3.5,Medio,3,3.5
18,87,Medium,Medium,Yes,6,92,Low,Yes,1,Low,Medium,Private,Neutral,4,No,High School,Near,Female,68,124.19999999999999,4.5,Medio,2,1.0
12,79,Medium,Low,No,9,80,Low,Yes,1,High,Medium,Public,Positive,2,No,College,Moderate,Male,63,95.4,3.5,Medio,3,5.0
16,85,Low,Medium,No,7,85,High,Yes,1,Medium,High,Public,Neutral,2,No,High School,Near,Male,66,115.0,4.5,Medio,2,1.0
23,71,Medium,Medium,No,7,56,Low,Yes,1,Medium,Medium,Private,Positive,4,No,High School,Near,Female,65,134.6,4.5,Medio,4,-0.5
22,71,High,Medium,Yes,8,63,Medium,Yes,2,Medium,High,Public,Negative,2,No,High School,Moderate,Male,66,130.6,5.0,Medio,2,-1.0
21,65,Medium,Medium,No,6,100,Medium,Yes,3,Medium,Medium,Public,Neutral,4,No,Postgraduate,Near,Male,67,123.0,5.5,Medio,2,-0.5
14,65,Medium,High,Yes,5,72,Low,Yes,3,Low,High,Private,Negative,2,No,High School,Near,Male,62,95.0,6.5,Medio,2,0.0
19,74,Medium,High,Yes,7,68,Medium,Yes,2,Low,High,Public,Negative,2,No,High School,Near,Female,66,120.4,6.0,Medio,1,-0.5
7,91,High,Medium,No,7,94,High,No,3,High,Medium,Public,Neutral,3,No,Postgraduate,Moderate,Female,68,82.6,3.5,Medio,3,6.5
21,84,Medium,Medium,Yes,6,52,Medium,Yes,2,High,High,Public,Negative,5,No,High School,Moderate,Male,68,134.4,5.0,Medio,3,0.5
29,64,Low,Medium,No,9,77,Medium,Yes,0,Low,High,Public,Negative,2,No,High School,Moderate,Female,63,154.4,4.0,Medio,1,-3.5
11,94,High,Low,Yes,10,61,Medium,Yes,1,Medium,Low,Public,Neutral,3,No,College,Moderate,Male,66,100.4,3.5,Medio,2,7.5
16,84,High,Low,No,6,68,Low,No,3,Medium,Medium,Private,Neutral,3,No,High School,Near,Male,65,114.4,2.5,Medio,4,1.0
22,98,High,Medium,Yes,7,60,Medium,Yes,1,High,Medium,Public,Positive,1,No,High School,Near,Male,72,146.8,4.5,Medio,3,-3.0
28,87,Medium,Medium,No,6,52,Medium,Yes,4,Low,Low,Private,Neutral,3,No,Postgraduate,Near,Female,70,164.2,6.0,Medio,2,-5.0
17,67,High,Low,No,10,71,Medium,Yes,1,Medium,Medium,Public,Positive,3,No,High School,Near,Male,63,108.19999999999999,3.5,Medio,2,4.5
16,79,Medium,Medium,No,8,89,Medium,Yes,0,Low,High,Private,Neutral,4,No,High School,Near,Male,65,111.4,4.0,Medio,2,4.0
8,86,High,Low,Yes,8,98,Low,Yes,1,Low,Medium,Private,Neutral,1,No,College,Near,Male,65,83.6,3.5,Medio,2,5.0
21,61,High,High,No,9,81,Medium,Yes,1,Medium,Medium,Private,Neutral,3,No,Postgraduate,Near,Male,66,120.6,5.5,Medio,4,1.5
32,61,High,Medium,Yes,7,69,High,Yes,0,High,Medium,Public,Positive,3,No,High School,Moderate,Female,68,164.6,4.0,Medio,3,-6.0
22,65,Medium,Low,Yes,7,88,Low,No,2,Medium,Medium,Public,Positive,4,No,College,Near,Male,64,127.0,2.0,Medio,2,0.0
20,70,High,Medium,No,9,75,Low,Yes,3,Medium,Medium,Public,Neutral,4,No,College,Moderate,Male,66,122.0,5.5,Medio,2,3.0
22,77,Low,Medium,Yes,8,68,Medium,Yes,3,High,High,Public,Positive,4,No,High School,Moderate,Male,68,134.2,5.5,Medio,3,1.0
20,79,Low,Medium,Yes,6,59,Medium,Yes,0,Low,Medium,Public,Positive,2,No,High School,Moderate,Male,64,127.4,4.0,Medio,1,-2.0
15,66,Medium,Medium,No,6,90,Low,Yes,2,Medium,Medium,Public,Negative,3,No,College,Far,Female,62,99.6,5.0,Medio,2,1.5
25,87,Medium,Medium,Yes,6,75,Medium,No,0,Low,Medium,Private,Neutral,2,Yes,High School,Near,Male,67,152.2,2.0,Medio,2,-4.5
21,84,Low,High,No,9,98,Medium,Yes,1,Low,Medium,Public,Negative,3,No,High School,Moderate,Male,67,134.4,5.5,Medio,1,1.5
20,72,Medium,Medium,No,9,90,Low,Yes,1,Medium,Medium,Private,Neutral,2,No,Postgraduate,Moderate,Male,65,123.19999999999999,4.5,Medio,4,1.0
14,61,Low,Medium,Yes,10,71,Medium,No,2,Low,Medium,Public,Neutral,4,No,High School,Near,Male,59,92.6,3.0,Bajo,1,7.0
28,63,Medium,High,Yes,6,87,Low,Yes,0,Low,Medium,Public,Positive,2,No,High School,Moderate,Female,66,149.8,5.0,Medio,1,-6.0
24,76,High,Low,No,7,73,Medium,Yes,4,Medium,Medium,Public,Neutral,2,No,High School,Near,Female,68,141.6,5.0,Medio,2,-3.0
17,66,High,Medium,No,6,54,Medium,Yes,2,High,Low,Public,Positive,3,Yes,High School,Near,Female,63,107.6,5.0,Medio,3,0.5
26,75,Medium,Low,Yes,7,76,Medium,Yes,2,Medium,Medium,Public,Neutral,3,No,College,Near,Male,68,149.0,4.0,Medio,2,-3.0
17,85,High,Low,Yes,8,93,Low,Yes,2,Medium,High,Public,Positive,3,No,College,Far,Female,68,119.0,4.0,Medio,2,2.5
15,82,Medium,Medium,Yes,7,93,Medium,Yes,3,Low,High,Public,Negative,2,No,High School,Moderate,Female,66,109.19999999999999,5.5,Medio,1,1.5
15,69,High,Low,No,9,79,Low,Yes,1,Medium,Medium,Private,Positive,2,No,High School,Moderate,Female,63,101.4,3.5,Medio,4,3.5
9,74,Medium,Low,No,6,69,Low,Yes,3,Low,Medium,Private,Positive,2,No,High School,Moderate,Female,61,80.4,4.5,Medio,2,3.5
23,85,High,Medium,Yes,8,51,Low,Yes,0,High,Low,Public,Negative,4,No,College,Near,Female,68,143.0,4.0,Medio,3,0.5
9,94,High,Low,No,6,66,Low,Yes,0,Low,High,Public,Positive,3,No,College,Near,Male,66,92.4,3.0,Medio,1,4.5
13,90,Medium,High,No,4,99,High,Yes,1,High,Medium,Public,Neutral,4,Yes,College,Moderate,Male,69,106.0,5.5,Medio,3,1.5
8,82,Medium,High,Yes,5,86,Medium,No,0,Low,Medium,Public,Negative,3,No,Postgraduate,Near,Female,64,81.19999999999999,3.0,Medio,1,4.0
19,74,Medium,Medium,No,7,86,High,Yes,1,High,Medium,Private,Positive,3,No,Postgraduate,Near,Male,68,120.4,4.5,Medio,6,0.5
19,75,Medium,High,No,10,88,Low,Yes,0,Low,High,Public,Positive,2,No,High School,Near,Female,66,121.0,5.0,Medio,1,2.5
18,95,Medium,Medium,No,6,81,Medium,Yes,0,Low,Medium,Public,Positive,3,Yes,High School,Near,Female,68,129.0,4.0,Medio,1,0.0
14,62,Medium,High,Yes,7,79,Low,Yes,2,Medium,Medium,Private,Positive,2,No,High School,Moderate,Female,62,93.19999999999999,6.0,Medio,4,2.0
13,100,Medium,Low,Yes,8,73,Low,Yes,1,Low,Medium,Public,Neutral,3,No,Postgraduate,Near,Male,68,112.0,3.5,Medio,1,4.5
23,87,Medium,High,No,6,72,Medium,Yes,1,Low,High,Private,Negative,3,No,College,Moderate,Male,69,144.2,5.5,Medio,2,-2.5
17,87,High,High,Yes,6,94,Medium,Yes,2,Low,Medium,Private,Neutral,3,No,High School,Moderate,Male,70,120.19999999999999,6.0,Medio,2,0.5
22,62,High,Medium,Yes,7,70,Low,Yes,4,Low,Medium,Public,Negative,2,No,College,Near,Female,65,125.19999999999999,6.0,Medio,1,-2.0
15,84,Low,Medium,Yes,6,92,Medium,Yes,3,Medium,Medium,Public,Positive,3,No,College,Near,Female,68,110.4,5.5,Medio,2,1.5
21,79,Medium,High,No,4,92,Low,Yes,0,Low,Medium,Public,Negative,2,No,Postgraduate,Near,Female,67,131.4,5.0,Medio,1,-4.5
28,64,Low,Medium,Yes,6,89,Medium,Yes,0,Low,Low,Public,Neutral,4,No,College,Far,Male,64,150.4,4.0,Medio,1,-4.0
24,71,Low,Medium,No,8,52,Medium,No,2,Medium,Medium,Public,Negative,3,No,College,Near,Female,63,138.6,3.0,Medio,2,-1.0
18,96,Medium,Low,Yes,8,57,Medium,Yes,1,Medium,Medium,Public,Negative,2,No,High School,Near,Female,67,129.6,3.5,Medio,2,1.0
22,82,High,Low,No,9,66,Medium,Yes,1,Low,High,Private,Negative,3,No,High School,Moderate,Male,66,137.2,3.5,Medio,2,1.0
19,77,High,Low,Yes,9,92,Medium,Yes,2,Low,Medium,Public,Positive,4,No,High School,Near,Female,67,122.19999999999999,4.0,Medio,1,3.5
20,63,Medium,Medium,Yes,6,94,Medium,No,2,Medium,Medium,Public,Neutral,3,No,High School,Far,Female,63,117.8,3.0,Medio,2,-1.0
18,89,Medium,Medium,Yes,6,52,Medium,Yes,3,High,High,Public,Positive,3,No,High School,Moderate,Female,69,125.4,5.5,Medio,3,0.0
19,88,High,High,No,6,66,Medium,Yes,3,Medium,Medium,Public,Positive,2,No,High School,Near,Female,70,128.8,6.5,Medio,2,-1.5
21,85,High,Medium,Yes,7,93,Medium,Yes,0,High,Medium,Public,Neutral,4,No,High School,Moderate,Male,70,135.0,4.0,Medio,3,0.5
14,80,High,Medium,No,6,62,Medium,Yes,0,High,Medium,Private,Negative,2,No,Postgraduate,Near,Male,65,104.0,4.0,Medio,6,1.0
14,77,Low,Low,No,7,99,Low,Yes,2,Medium,Medium,Public,Positive,2,No,Postgraduate,Moderate,Female,64,102.19999999999999,4.0,Medio,2,2.0
12,84,Medium,High,Yes,6,74,High,Yes,1,Medium,High,Public,Negative,3,No,College,Moderate,Female,67,98.4,5.5,Medio,2,3.0
10,69,Low,Medium,No,8,97,Medium,Yes,1,Medium,Medium,Private,Negative,3,No,High School,Near,Female,61,81.4,4.5,Medio,4,6.0
13,98,Medium,High,Yes,6,71,Medium,Yes,1,Low,High,Private,Positive,1,No,College,Near,Female,70,110.8,5.5,Medio,2,0.5
21,84,High,Low,No,6,66,High,Yes,2,High,Medium,Private,Positive,4,Yes,College,Far,Male,68,134.4,4.0,Medio,6,-0.5
15,72,Medium,Medium,Yes,8,68,High,Yes,0,Medium,Medium,Public,Positive,2,No,High School,Near,Female,64,103.19999999999999,4.0,Medio,2,2.5
23,78,High,Medium,No,8,94,Medium,Yes,1,High,Medium,Private,Neutral,2,Yes,High School,Moderate,Male,68,138.8,4.5,Medio,6,-1.5
20,92,Medium,Low,No,7,67,Low,Yes,1,Medium,Medium,Public,Positive,5,No,High School,Near,Male,68,135.2,3.5,Medio,2,2.0
8,66,High,High,Yes,8,83,Medium,Yes,0,Low,Medium,Private,Positive,4,No,College,Near,Male,63,71.6,5.0,Medio,2,8.0
24,72,Low,Medium,Yes,8,73,Low,Yes,1,Low,Medium,Public,Positive,2,No,College,Moderate,Female,65,139.2,4.5,Medio,1,-2.0
25,87,Low,Medium,Yes,10,97,Medium,Yes,4,Low,Low,Private,Neutral,3,Yes,High School,Near,Female,69,152.2,6.0,Medio,2,0.5
14,73,Medium,High,No,8,58,Medium,Yes,2,Low,High,Public,Negative,2,No,College,Moderate,Male,63,99.8,6.0,Medio,1,3.0
23,92,Low,Medium,Yes,10,71,Medium,Yes,1,Low,Medium,Public,Neutral,3,No,College,Near,Male,69,147.2,4.5,Medio,1,1.5
15,65,High,Low,Yes,7,56,Medium,No,3,High,Medium,Private,Positive,3,Yes,High School,Near,Female,61,99.0,2.5,Medio,6,2.5
21,91,Low,High,Yes,9,79,Medium,Yes,2,Low,Medium,Private,Neutral,3,No,College,Far,Female,69,138.6,6.0,Medio,2,1.5
12,63,High,Medium,No,9,70,Low,Yes,1,High,Low,Public,Positive,3,No,College,Near,Female,62,85.8,4.5,Medio,3,6.0
9,61,Low,High,Yes,7,53,Medium,Yes,0,Medium,Medium,Public,Positive,2,Yes,Postgraduate,Far,Male,58,72.6,5.0,Bajo,2,4.5
18,96,Medium,High,Yes,6,92,Medium,Yes,2,Medium,Medium,Public,Positive,3,No,High School,Far,Male,71,129.6,6.0,Medio,2,0.0
19,83,High,Low,No,6,69,Medium,Yes,5,Medium,Medium,Private,Positive,2,No,Postgraduate,Far,Male,69,125.8,5.5,Medio,4,-1.5
18,74,High,Medium,No,8,75,High,Yes,1,High,High,Public,Positive,3,No,Postgraduate,Moderate,Male,68,116.4,4.5,Medio,3,2.0
13,69,Medium,Low,No,5,70,Medium,Yes,0,Medium,High,Private,Negative,2,No,College,Near,Male,61,93.4,3.0,Medio,4,0.5
18,85,High,Medium,Yes,6,74,Medium,Yes,3,Low,Medium,Private,Negative,2,No,College,Far,Male,67,123.0,5.5,Medio,2,-1.0
22,80,Medium,High,Yes,9,51,Medium,Yes,2,Medium,Medium,Public,Negative,3,No,Postgraduate,Near,Male,68,136.0,6.0,Medio,2,1.0
20,100,Medium,Medium,Yes,8,91,Medium,Yes,3,Low,Medium,Public,Positive,3,No,High School,Near,Male,72,140.0,5.5,Medio,1,1.0
21,99,High,Low,Yes,4,67,Medium,Yes,1,Medium,Medium,Private,Negative,4,No,College,Near,Female,71,143.4,3.5,Medio,4,-2.5
16,85,Medium,Medium,Yes,5,86,Low,No,3,Medium,Medium,Public,Positive,2,No,High School,Near,Male,67,115.0,3.5,Medio,2,-1.0
27,78,Medium,Medium,No,10,53,Medium,Yes,3,Medium,Medium,Private,Neutral,4,Yes,Postgraduate,Moderate,Male,68,154.8,5.5,Medio,4,0.5
13,80,Medium,Medium,No,9,76,Medium,Yes,0,High,Medium,Public,Neutral,2,No,High School,Near,Female,64,100.0,4.0,Medio,3,4.5
23,87,Medium,High,No,6,95,High,Yes,3,High,Medium,Private,Positive,0,No,High School,Near,Female,73,144.2,6.5,Medio,6,-5.5
27,64,Low,Medium,Yes,5,70,Medium,Yes,0,Low,High,Public,Positive,4,No,High School,Near,Female,65,146.4,4.0,Medio,1,-4.5
23,73,Low,High,No,5,60,High,Yes,1,Medium,Medium,Private,Positive,2,No,Postgraduate,Near,Female,67,135.8,5.5,Medio,4,-4.5
19,63,High,Medium,Yes,8,55,Low,Yes,0,Medium,Medium,Private,Positive,4,No,College,Moderate,Female,63,113.8,4.0,Medio,4,2.5
17,63,Medium,Medium,Yes,10,93,Medium,Yes,0,Low,Medium,Public,Positive,2,Yes,Postgraduate,Near,Female,63,105.8,4.0,Medio,1,3.5
26,68,Medium,Medium,Yes,10,62,High,Yes,4,Medium,Medium,Public,Neutral,2,No,Postgraduate,Near,Female,69,144.8,6.0,Medio,2,-1.0
11,79,High,High,Yes,5,99,Medium,Yes,1,High,Low,Public,Positive,3,No,High School,Near,Female,68,91.4,5.5,Medio,3,2.5
14,91,Medium,Medium,Yes,7,62,Medium,Yes,2,Low,High,Public,Neutral,2,No,College,Near,Male,68,110.6,5.0,Medio,1,2.0
18,79,High,High,Yes,6,74,Medium,Yes,3,Low,Medium,Public,Positive,4,No,High School,Near,Male,69,119.4,6.5,Medio,1,1.0
27,73,High,High,Yes,7,73,High,Yes,5,High,High,Public,Negative,3,No,High School,Near,Female,73,151.8,7.5,Medio,3,-3.5
22,63,High,High,Yes,5,53,High,Yes,3,Low,High,Public,Negative,2,No,High School,Near,Male,66,125.8,6.5,Medio,1,-4.0
14,82,Medium,Medium,Yes,6,77,Medium,Yes,3,Medium,Medium,Public,Positive,3,No,College,Near,Female,68,105.19999999999999,5.5,Medio,2,2.0
18,71,Medium,Medium,No,6,84,Medium,Yes,2,Medium,Low,Public,Neutral,2,No,Postgraduate,Near,Male,65,114.6,5.0,Medio,2,-1.0
16,85,Medium,Medium,No,8,87,High,Yes,4,Low,Medium,Private,Negative,3,No,High School,Far,Male,67,115.0,6.0,Medio,2,3.0
16,99,Medium,Medium,No,6,76,Low,Yes,2,Medium,Medium,Private,Positive,4,No,College,Near,Female,70,123.4,5.0,Medio,4,2.0
26,64,Medium,High,No,6,91,Medium,Yes,1,Low,Medium,Private,Neutral,4,No,High School,Moderate,Male,66,142.4,5.5,Medio,2,-3.0
12,68,Medium,High,No,8,88,High,Yes,3,Low,Medium,Public,Negative,3,No,Postgraduate,Moderate,Female,64,88.8,6.5,Medio,1,5.0
30,79,Medium,High,No,9,60,Medium,Yes,1,Low,Medium,Public,Neutral,3,No,High School,Near,Female,69,167.4,5.5,Medio,1,-3.0
25,99,Low,Medium,No,10,70,Medium,Yes,1,Medium,Medium,Public,Positive,5,No,College,Far,Female,71,159.4,4.5,Medio,2,2.5
27,91,Medium,Low,No,8,57,Medium,Yes,0,Low,Low,Private,Neutral,4,No,Postgraduate,Moderate,Male,68,162.6,3.0,Medio,2,-1.5
17,96,High,Medium,No,7,57,Low,Yes,2,Medium,Medium,Private,Negative,3,No,College,Moderate,Female,68,125.6,5.0,Medio,4,1.5
19,73,Low,Medium,Yes,9,86,High,Yes,0,Medium,High,Public,Positive,3,No,College,Near,Female,66,119.8,4.0,Medio,2,2.5
11,100,Low,High,No,9,77,Medium,Yes,2,Medium,High,Public,Positive,3,No,Postgraduate,Near,Female,70,104.0,6.0,Medio,2,6.5
17,64,Medium,High,No,8,80,Medium,Yes,0,High,High,Public,Positive,2,No,Postgraduate,Near,Female,65,106.4,5.0,Medio,3,1.5
23,62,Medium,Low,Yes,5,87,Medium,Yes,1,Medium,Medium,Public,Negative,4,No,High School,Near,Female,63,129.2,3.5,Medio,2,-2.5
28,94,Low,Medium,Yes,9,64,Medium,Yes,0,Medium,Medium,Public,Neutral,3,No,High School,Moderate,Female,70,168.4,4.0,Medio,2,-2.0
13,97,Low,Medium,Yes,8,70,Medium,Yes,0,High,Medium,Private,Neutral,2,No,Postgraduate,Moderate,Female,67,110.19999999999999,4.0,Medio,6,3.5
18,64,Medium,Medium,No,6,80,Medium,Yes,1,Medium,Medium,Public,Positive,5,Yes,High School,Near,Male,63,110.4,4.5,Medio,2,2.0
19,65,High,Medium,No,6,55,Medium,Yes,1,Low,High,Public,Positive,3,No,Postgraduate,Moderate,Male,64,115.0,4.5,Medio,1,-0.5
12,61,Low,Medium,Yes,8,92,Medium,Yes,2,High,Medium,Public,Neutral,4,Yes,High School,Moderate,Male,60,84.6,5.0,Medio,3,6.0
24,64,Medium,Medium,Yes,4,67,Low,Yes,0,Low,Medium,Public,Neutral,1,No,High School,Near,Male,62,134.4,4.0,Medio,1,-7.0
16,68,Medium,High,No,7,83,High,Yes,2,Low,High,Public,Positive,2,No,High School,Near,Female,65,104.8,6.0,Medio,1,1.0
19,99,Low,Low,No,6,100,Medium,Yes,0,High,Low,Private,Negative,3,No,Postgraduate,Near,Male,69,135.4,3.0,Medio,6,-0.5
17,87,Medium,High,Yes,6,74,Low,Yes,1,Low,High,Private,Neutral,3,No,College,Moderate,Female,68,120.19999999999999,5.5,Medio,2,0.5
15,91,Medium,Medium,No,6,61,Medium,No,1,Medium,High,Public,Positive,2,No,High School,Moderate,Male,66,114.6,2.5,Medio,2,0.5
20,91,High,High,Yes,5,61,Low,Yes,4,Low,Medium,Public,Positive,2,No,Postgraduate,Near,Male,72,134.6,7.0,Medio,1,-3.0
19,81,Medium,High,Yes,9,53,Medium,Yes,2,High,Medium,Public,Positive,3,No,High School,Near,Male,68,124.6,6.0,Medio,3,2.5
18,92,Medium,Medium,No,4,88,Medium,Yes,3,High,Medium,Public,Neutral,2,No,High School,Moderate,Male,69,127.19999999999999,5.5,Medio,3,-3.0
16,84,Medium,Medium,No,7,65,Low,Yes,1,High,High,Public,Negative,3,No,High School,Moderate,Male,65,114.4,4.5,Medio,3,2.0
22,73,High,Medium,Yes,6,59,Low,Yes,0,Low,Medium,Public,Positive,1,No,High School,Near,Male,65,131.8,4.0,Medio,1,-4.0
30,82,Low,Medium,Yes,10,86,Low,Yes,2,Low,High,Public,Neutral,4,No,High School,Near,Female,70,169.2,5.0,Medio,1,-1.0
21,81,Medium,Low,Yes,7,65,High,Yes,1,Medium,Medium,Public,Positive,2,No,College,Moderate,Male,67,132.6,3.5,Medio,2,-1.5
26,93,High,Medium,No,4,80,Medium,Yes,4,Low,Medium,Private,Positive,3,Yes,College,Near,Male,73,159.8,6.0,Medio,2,-6.0
12,99,High,High,No,8,71,Medium,Yes,2,Medium,Low,Public,Neutral,2,No,College,Near,Female,70,107.4,6.0,Medio,2,4.0
21,76,Medium,Medium,Yes,5,67,Medium,Yes,1,High,Low,Private,Positive,3,No,High School,Moderate,Male,66,129.6,4.5,Medio,6,-2.5
13,91,Medium,Medium,Yes,8,74,Medium,Yes,1,Low,Medium,Private,Positive,1,No,Postgraduate,Near,Male,68,106.6,4.5,Medio,2,2.5
11,64,Medium,Medium,Yes,8,66,Medium,Yes,2,Low,Medium,Public,Positive,2,No,College,Moderate,Male,61,82.4,5.0,Medio,1,4.5
16,91,Medium,High,No,9,94,Low,Yes,0,High,Medium,Public,Positive,3,No,Postgraduate,Near,Male,70,118.6,5.0,Medio,3,4.0
27,75,Medium,Low,Yes,7,54,Low,Yes,2,Medium,Medium,Public,Negative,3,No,Postgraduate,Near,Female,66,153.0,4.0,Medio,2,-3.5
26,62,High,Medium,Yes,8,52,Medium,Yes,4,Low,Medium,Public,Neutral,5,No,College,Near,Male,67,141.2,6.0,Medio,1,0.0
21,75,High,High,No,7,70,High,Yes,1,Medium,High,Private,Neutral,3,No,Postgraduate,Near,Female,69,129.0,5.5,Medio,4,-0.5
11,84,Medium,Low,Yes,6,59,Low,Yes,2,Medium,Medium,Public,Positive,3,No,High School,Near,Female,64,94.4,4.0,Medio,2,3.5
19,65,High,Medium,Yes,9,87,Low,Yes,0,High,High,Public,Positive,2,No,College,Moderate,Male,65,115.0,4.0,Medio,3,1.5
21,63,High,Medium,No,7,63,Medium,Yes,2,Medium,Medium,Public,Neutral,2,No,High School,Far,Male,63,121.8,5.0,Medio,2,-1.5
9,97,High,Medium,No,6,68,Low,Yes,5,Medium,Medium,Private,Neutral,3,No,College,Near,Male,69,94.19999999999999,6.5,Medio,4,4.5
15,88,Medium,High,Yes,8,61,Low,Yes,2,Medium,High,Public,Positive,4,Yes,High School,Near,Male,68,112.8,6.0,Medio,2,4.5
20,73,Medium,Low,Yes,6,65,Medium,Yes,2,High,High,Private,Positive,2,No,College,Near,Male,66,123.8,4.0,Medio,6,-2.0
23,76,Low,Medium,Yes,6,78,Low,Yes,2,High,Medium,Public,Positive,2,No,High School,Moderate,Female,66,137.6,5.0,Medio,3,-3.5
7,90,Low,Medium,Yes,7,93,Low,Yes,4,Medium,Medium,Public,Neutral,3,No,College,Near,Male,66,82.0,6.0,Medio,2,6.5
19,84,Medium,Medium,Yes,9,69,Medium,Yes,2,Medium,Low,Public,Neutral,4,No,College,Near,Female,68,126.4,5.0,Medio,2,3.5
21,87,Low,Medium,Yes,6,66,Medium,Yes,1,Low,Low,Public,Negative,2,No,High School,Moderate,Female,65,136.2,4.5,Medio,1,-2.5
25,76,Medium,High,No,6,89,High,Yes,3,Low,Medium,Public,Neutral,3,No,College,Near,Male,70,145.6,6.5,Medio,1,-3.5
24,80,Medium,High,No,5,51,Medium,Yes,3,High,Low,Public,Positive,2,No,High School,Near,Female,68,144.0,6.5,Medio,3,-5.0
23,100,Medium,Medium,No,6,65,Low,Yes,1,Medium,High,Public,Neutral,2,Yes,High School,Near,Female,70,152.0,4.5,Medio,2,-3.5
15,69,Low,Medium,No,8,73,Medium,Yes,2,Medium,Medium,Public,Neutral,2,No,High School,Moderate,Male,61,101.4,5.0,Medio,2,2.5
9,77,Low,Low,No,7,80,Medium,Yes,3,Medium,Medium,Public,Positive,3,Yes,High School,Near,Male,61,82.19999999999999,4.5,Medio,2,5.5
26,91,Low,Medium,No,10,72,Low,Yes,4,High,Medium,Public,Neutral,3,No,College,Moderate,Male,71,158.6,6.0,Medio,3,0.0
28,91,High,Medium,Yes,4,78,Low,Yes,1,Medium,Low,Public,Positive,3,No,High School,Moderate,Male,72,166.6,4.5,Medio,2,-7.0
24,72,Medium,High,Yes,10,76,High,No,1,Low,Medium,Public,Negative,3,No,High School,Near,Male,66,139.2,3.5,Medio,1,1.0
23,63,Medium,Medium,Yes,9,79,High,Yes,0,Low,Medium,Private,Negative,4,No,High School,Far,Female,63,129.8,4.0,Medio,2,1.5
22,60,Low,Low,No,7,83,Medium,No,3,Medium,Medium,Public,Positive,1,No,College,Near,Female,62,124.0,2.5,Medio,2,-3.0
17,77,Medium,Medium,Yes,8,69,Low,Yes,3,High,Medium,Public,Neutral,3,Yes,High School,Near,Male,65,114.19999999999999,5.5,Medio,3,2.5
19,76,Medium,Medium,Yes,6,53,Medium,Yes,2,Medium,Medium,Public,Positive,5,No,High School,Near,Male,66,121.6,5.0,Medio,2,1.5
30,100,Low,High,No,7,53,Medium,Yes,2,Low,High,Private,Neutral,3,No,High School,Moderate,Male,72,180.0,6.0,Medio,2,-5.0
14,79,High,Medium,Yes,10,93,Medium,Yes,2,Medium,Medium,Public,Neutral,3,No,College,Near,Male,68,103.4,5.0,Medio,2,6.0
30,70,High,Low,No,6,84,High,Yes,2,Medium,Medium,Public,Positive,3,No,Postgraduate,Near,Male,70,162.0,4.0,Medio,2,-6.0
18,96,Medium,Medium,Yes,7,88,Medium,Yes,1,Medium,High,Private,Negative,3,No,High School,Moderate,Female,70,129.6,4.5,Medio,4,1.0
28,80,Medium,High,No,6,96,High,Yes,2,Low,Medium,Public,Positive,6,No,High School,Near,Male,73,160.0,6.0,Medio,1,-2.0
12,84,Medium,High,No,6,88,High,No,2,High,High,Public,Positive,2,No,High School,Near,Male,67,98.4,4.0,Medio,3,2.0
24,64,Medium,Low,No,6,85,Medium,Yes,3,Medium,Medium,Public,Positive,2,No,Postgraduate,Moderate,Male,65,134.4,4.5,Medio,2,-4.0
16,75,High,Low,Yes,5,83,Medium,Yes,1,Medium,High,Private,Negative,3,No,College,Moderate,Female,65,109.0,3.5,Medio,4,0.0
12,98,Low,Medium,No,7,63,Medium,Yes,0,High,Medium,Private,Neutral,3,Yes,High School,Near,Female,65,106.8,4.0,Medio,6,4.0
21,84,Medium,Medium,Yes,7,98,Medium,Yes,0,Medium,Medium,Public,Neutral,4,No,College,Near,Male,70,134.4,4.0,Medio,2,0.5
26,74,Medium,Low,Yes,6,77,Medium,Yes,3,Medium,Medium,Private,Negative,2,No,High School,Far,Male,66,148.4,4.5,Medio,4,-5.0
15,85,Medium,Medium,Yes,4,61,Medium,Yes,0,Medium,Low,Public,Neutral,1,No,College,Near,Male,65,111.0,4.0,Medio,2,-2.5
11,96,High,High,No,7,60,Medium,Yes,2,Low,Medium,Public,Neutral,1,No,High School,Near,Male,68,101.6,6.0,Medio,1,2.5
19,71,Medium,Medium,Yes,7,91,Medium,Yes,3,High,Medium,Public,Negative,1,No,High School,Moderate,Female,66,118.6,5.5,Medio,3,-1.5
19,80,Low,Medium,Yes,10,63,High,No,1,Medium,Medium,Public,Neutral,2,No,College,Near,Female,65,124.0,2.5,Medio,2,2.5
23,98,Medium,High,Yes,7,52,Low,Yes,2,Low,High,Private,Positive,4,Yes,High School,Near,Female,71,150.8,6.0,Medio,2,-0.5
26,67,Low,Medium,Yes,8,71,Medium,Yes,2,High,Medium,Private,Negative,3,No,High School,Near,Male,65,144.2,5.0,Medio,6,-2.0
20,89,Low,Medium,Yes,6,91,High,Yes,0,Medium,Medium,Private,Positive,4,No,College,Near,Male,70,133.4,4.0,Medio,4,0.0
31,85,Medium,Medium,Yes,9,71,Low,Yes,0,Medium,High,Public,Negative,2,Yes,College,Moderate,Female,69,175.0,4.0,Medio,2,-4.5
21,87,Medium,Medium,No,6,90,High,Yes,3,High,Medium,Public,Negative,4,No,High School,Near,Male,71,136.2,5.5,Medio,3,-0.5
18,74,Medium,High,Yes,8,91,Medium,Yes,0,Medium,High,Private,Positive,2,No,High School,Near,Female,67,116.4,5.0,Medio,4,1.0
10,73,Medium,Medium,Yes,8,93,High,Yes,3,Low,Medium,Public,Positive,2,Yes,High School,Moderate,Male,64,83.8,5.5,Medio,1,5.0
18,69,Medium,High,Yes,10,85,Medium,Yes,2,High,Medium,Private,Positive,0,No,College,Moderate,Female,66,113.4,6.0,Medio,6,1.0
26,77,Low,Medium,Yes,6,63,Low,Yes,1,Low,High,Public,Negative,4,No,High School,Near,Male,66,150.2,4.5,Medio,1,-3.0
23,68,High,Medium,Yes,9,55,Medium,Yes,1,Medium,Medium,Public,Positive,3,No,High School,Moderate,Male,65,132.8,4.5,Medio,2,0.5
13,60,Medium,Medium,No,9,77,Low,Yes,2,Medium,High,Private,Positive,5,Yes,High School,Near,Male,61,88.0,5.0,Medio,4,7.5
21,99,Medium,High,No,7,51,High,Yes,2,Medium,Low,Private,Neutral,2,No,Postgraduate,Near,Female,72,143.4,6.0,Medio,4,-1.5
24,77,High,Medium,Yes,10,73,Medium,Yes,3,Medium,Medium,Public,Positive,3,No,High School,Near,Male,70,142.2,5.5,Medio,2,1.0
29,99,Medium,Medium,Yes,7,55,Low,Yes,0,Medium,Medium,Private,Positive,3,No,High School,Moderate,Male,71,175.4,4.0,Medio,4,-4.5
25,83,High,High,Yes,7,94,Low,Yes,2,Low,High,Public,Positive,3,Yes,College,Moderate,Male,72,149.8,6.0,Medio,1,-2.5
20,68,Medium,High,Yes,5,82,Medium,No,1,Low,High,Public,Positive,3,No,Postgraduate,Near,Female,67,120.8,3.5,Medio,1,-2.0
22,92,High,Low,No,8,82,Medium,Yes,2,Medium,Medium,Private,Neutral,5,No,Postgraduate,Near,Male,72,143.2,4.0,Medio,4,2.0
27,91,Low,High,Yes,8,70,Low,Yes,1,Medium,Low,Public,Neutral,6,No,High School,Moderate,Female,70,162.6,5.5,Medio,2,0.5
12,65,Medium,High,No,7,71,Medium,Yes,1,Low,High,Public,Neutral,4,No,High School,Moderate,Male,62,87.0,5.5,Medio,1,5.0
18,96,High,Medium,Yes,10,65,Low,Yes,3,Medium,Medium,Public,Positive,2,No,College,Moderate,Female,71,129.6,5.5,Medio,2,3.0
15,68,Low,Medium,No,6,72,Low,Yes,3,High,Low,Public,Neutral,3,No,High School,Near,Female,62,100.8,5.5,Medio,3,1.5
22,85,Medium,Medium,Yes,4,79,Low,Yes,1,Low,Low,Public,Positive,3,No,High School,Near,Female,68,139.0,4.5,Medio,1,-4.0
27,99,High,Medium,No,10,59,High,Yes,2,Low,Medium,Public,Positive,3,No,High School,Near,Male,74,167.4,5.0,Medio,1,-0.5
16,95,High,High,No,9,63,Medium,No,0,Medium,Low,Private,Positive,3,No,High School,Near,Male,68,121.0,3.0,Medio,4,4.0
6,98,Medium,Low,No,8,75,Medium,Yes,1,High,Medium,Public,Neutral,3,Yes,Postgraduate,Far,Female,64,82.8,3.5,Medio,3,8.0
18,74,High,Medium,Yes,6,69,Medium,Yes,0,Low,Medium,Public,Positive,4,No,High School,Moderate,Male,65,116.4,4.0,Medio,1,1.0
25,64,Medium,Low,Yes,8,91,Medium,Yes,1,Low,Low,Public,Positive,5,No,College,Near,Male,66,138.4,3.5,Medio,1,0.5
23,68,Medium,High,No,5,91,Low,Yes,5,Low,Medium,Public,Neutral,1,No,College,Near,Female,68,132.8,7.5,Medio,1,-5.5
23,80,Medium,Medium,No,7,67,Low,Yes,2,Low,High,Public,Neutral,4,No,High School,Near,Male,67,140.0,5.0,Medio,1,-0.5
18,92,Medium,Medium,Yes,6,73,Low,Yes,1,Medium,High,Public,Neutral,5,Yes,High School,Moderate,Female,67,127.19999999999999,4.5,Medio,2,2.0
12,66,Medium,High,Yes,7,99,Low,Yes,2,Medium,Low,Public,Neutral,3,No,High School,Moderate,Male,63,87.6,6.0,Medio,2,4.0
23,86,Medium,High,Yes,8,91,Medium,Yes,2,Low,Medium,Public,Negative,1,No,College,Near,Female,71,143.6,6.0,Medio,1,-2.5
15,73,Medium,High,No,5,61,Low,No,1,Low,High,Private,Positive,2,No,Postgraduate,Moderate,Male,63,103.8,3.5,Medio,2,-0.5
33,74,Medium,Low,No,8,64,Medium,Yes,0,Medium,Medium,Public,Negative,3,Yes,High School,Near,Male,66,176.4,3.0,Medio,2,-5.5
23,86,High,Medium,No,7,54,Low,Yes,2,Medium,Medium,Public,Negative,2,Yes,High School,Near,Female,67,143.6,5.0,Medio,2,-2.5
17,79,Medium,High,Yes,8,84,Medium,Yes,0,Medium,Medium,Public,Neutral,2,No,High School,Moderate,Male,66,115.4,5.0,Medio,2,1.5
16,92,Medium,Medium,Yes,7,66,High,Yes,2,Medium,Medium,Public,Positive,4,No,Postgraduate,Moderate,Female,70,119.19999999999999,5.0,Medio,2,3.0
19,66,High,Medium,No,8,77,Low,No,3,Medium,Medium,Public,Negative,4,No,College,Moderate,Female,64,115.6,3.5,Medio,2,2.5
19,92,Medium,Medium,Yes,6,88,Low,Yes,1,High,Medium,Public,Positive,2,No,Postgraduate,Near,Male,71,131.2,4.5,Medio,3,-1.5
27,63,High,High,Yes,4,92,Medium,Yes,0,Low,Medium,Public,Neutral,3,No,College,Near,Female,68,145.8,5.0,Medio,1,-6.5
21,68,Low,Medium,Yes,5,66,Low,Yes,2,High,Medium,Private,Neutral,3,No,High School,Near,Male,64,124.8,5.0,Medio,6,-2.5
16,86,Medium,Medium,Yes,6,62,Low,Yes,1,Low,High,Public,Positive,4,No,High School,Near,Female,66,115.6,4.5,Medio,1,2.0
31,94,Low,Medium,No,5,92,Low,Yes,1,High,Low,Private,Neutral,4,No,High School,Near,Male,72,180.4,4.5,Medio,6,-6.5
20,70,Low,Medium,Yes,9,69,High,Yes,2,Medium,High,Public,Neutral,3,No,Postgraduate,Near,Female,66,122.0,5.0,Medio,2,2.0
25,73,Medium,High,Yes,7,91,Medium,Yes,0,Medium,High,Public,Neutral,4,No,High School,Near,Female,70,143.8,5.0,Medio,2,-1.5
16,81,Medium,Medium,Yes,8,57,High,Yes,1,Medium,Medium,Private,Positive,2,No,High School,Near,Male,66,112.6,4.5,Medio,4,2.0
22,68,High,Medium,No,8,96,Medium,Yes,1,Medium,Medium,Public,Positive,3,No,Postgraduate,Moderate,Female,68,128.8,4.5,Medio,2,0.0
22,92,Medium,Low,Yes,7,74,High,Yes,2,Medium,Low,Public,Positive,4,No,College,Moderate,Male,70,143.2,4.0,Medio,2,0.0
9,91,Medium,Medium,No,10,59,High,Yes,0,Low,Medium,Private,Positive,2,No,College,Moderate,Male,64,90.6,4.0,Medio,2,7.5
32,66,High,High,Yes,10,77,High,Yes,3,Medium,Medium,Public,Neutral,1,No,College,Near,Male,71,167.6,6.5,Medio,2,-5.0
28,79,Medium,High,Yes,9,94,Low,Yes,2,Low,Medium,Private,Positive,5,No,College,Near,Male,72,159.4,6.0,Medio,2,0.0
18,91,High,Medium,Yes,6,69,Medium,Yes,5,Low,High,Public,Positive,2,No,High School,Near,Male,71,126.6,6.5,Medio,1,-1.0
13,73,Medium,Low,No,9,59,Medium,Yes,0,Medium,High,Public,Neutral,4,No,Postgraduate,Near,Male,63,95.8,3.0,Medio,2,6.5
22,85,Low,Medium,Yes,4,79,Medium,Yes,1,High,Low,Public,Positive,2,No,College,Near,Male,68,139.0,4.5,Medio,3,-5.0
21,62,Medium,Medium,No,9,92,Medium,Yes,1,Medium,Medium,Private,Positive,4,Yes,High School,Near,Male,63,121.19999999999999,4.5,Medio,4,2.5
22,84,Medium,Medium,No,4,56,Medium,Yes,0,High,Low,Private,Positive,2,No,High School,Moderate,Male,66,138.4,4.0,Medio,6,-5.0
21,66,Medium,Medium,Yes,7,52,High,Yes,1,Medium,Medium,Public,Neutral,3,No,High School,Far,Female,63,123.6,4.5,Medio,2,-0.5
23,93,High,High,No,9,53,High,Yes,1,Low,Medium,Private,Neutral,4,No,College,Near,Female,72,147.8,5.5,Medio,2,1.5
29,74,Medium,High,Yes,8,62,High,Yes,3,Low,High,Public,Positive,3,Yes,Postgraduate,Moderate,Male,70,160.4,6.5,Medio,1,-3.5
23,71,Medium,Medium,Yes,5,50,Medium,Yes,1,Low,High,Public,Positive,1,No,College,Near,Female,65,134.6,4.5,Medio,1,-5.5
14,94,Medium,High,Yes,7,71,Medium,Yes,0,Medium,Medium,Private,Negative,3,Yes,College,Moderate,Female,67,112.4,5.0,Medio,4,3.0
28,62,Low,High,No,8,85,Medium,Yes,2,Low,High,Public,Positive,3,No,High School,Moderate,Female,66,149.2,6.0,Medio,1,-3.0
30,76,Medium,Medium,Yes,7,86,Medium,Yes,1,Medium,High,Public,Neutral,2,Yes,Postgraduate,Far,Male,69,165.6,4.5,Medio,2,-6.0
39,75,Medium,High,Yes,6,82,High,Yes,1,High,Low,Public,Negative,3,No,College,Near,Male,73,201.0,5.5,Medio,3,-10.5
13,71,Medium,High,Yes,8,65,High,Yes,2,Medium,Medium,Public,Neutral,4,No,Postgraduate,Near,Female,66,94.6,6.0,Medio,2,5.5
21,96,Medium,Medium,Yes,9,87,Medium,Yes,0,Medium,Medium,Public,Neutral,6,Yes,High School,Near,Female,70,141.6,4.0,Medio,2,4.5
8,90,High,High,No,7,79,High,Yes,2,Low,Medium,Public,Negative,4,No,College,Near,Male,68,86.0,6.0,Medio,1,7.0
23,63,Low,Medium,Yes,9,93,Medium,Yes,2,Medium,High,Private,Positive,2,No,High School,Far,Male,65,129.8,5.0,Medio,4,-0.5
17,89,Medium,Medium,No,7,74,Medium,Yes,1,Low,Medium,Private,Positive,2,No,Postgraduate,Moderate,Female,67,121.4,4.5,Medio,2,0.5
32,81,High,Medium,No,6,59,High,Yes,2,High,Medium,Public,Neutral,2,No,High School,Moderate,Female,71,176.6,5.0,Medio,3,-8.0
15,96,High,High,No,9,82,Medium,Yes,2,Low,Low,Private,Neutral,3,No,High School,Near,Female,70,117.6,6.0,Medio,2,4.5
10,73,Medium,Low,Yes,9,58,Low,Yes,5,Low,Medium,Private,Negative,3,No,High School,Moderate,Male,61,83.8,5.5,Medio,2,7.0
17,83,High,Medium,Yes,6,98,Medium,Yes,0,Medium,Medium,Public,Positive,3,No,High School,Near,Male,69,117.8,4.0,Medio,2,0.5
8,80,Low,Medium,Yes,6,85,Medium,Yes,1,Low,High,Public,Negative,3,No,Postgraduate,Near,Male,63,80.0,4.5,Medio,1,5.0
25,80,Medium,Medium,Yes,10,88,Low,Yes,0,Low,High,Private,Negative,2,No,College,Moderate,Male,67,148.0,4.0,Medio,2,-0.5
8,78,High,Medium,Yes,7,84,Medium,Yes,0,Medium,Medium,Public,Positive,2,No,College,Near,Male,65,78.8,4.0,Medio,2,5.0
20,68,High,Medium,Yes,7,55,High,Yes,0,Low,Low,Public,Positive,3,Yes,High School,Near,Female,63,120.8,4.0,Medio,1,0.0
8,90,Medium,Medium,No,7,73,High,Yes,3,High,Low,Private,Negative,4,No,Postgraduate,Near,Male,67,86.0,5.5,Medio,6,7.0
18,78,Low,High,Yes,9,83,Medium,Yes,2,Low,Medium,Private,Negative,2,No,Postgraduate,Moderate,Female,66,118.8,6.0,Medio,2,2.0
30,98,Low,Medium,Yes,10,61,Medium,Yes,0,Low,Medium,Public,Positive,3,No,Postgraduate,Moderate,Male,72,178.8,4.0,Medio,1,-2.0
22,70,Medium,High,No,7,84,Low,Yes,3,Low,High,Public,Positive,5,No,High School,Near,Male,68,130.0,6.5,Medio,1,1.0
15,87,High,Medium,Yes,10,91,Medium,Yes,1,Low,Low,Public,Neutral,4,No,High School,Moderate,Male,67,112.19999999999999,4.5,Medio,1,6.5
20,98,Medium,Medium,Yes,6,64,Medium,Yes,1,High,High,Private,Positive,3,No,Postgraduate,Moderate,Male,72,138.8,4.5,Medio,6,-1.0
20,87,Medium,High,Yes,7,60,Medium,Yes,0,Low,Medium,Public,Positive,2,Yes,High School,Far,Female,66,132.2,5.0,Medio,1,-1.0
23,95,Medium,Medium,Yes,8,94,Medium,Yes,1,Medium,Medium,Public,Positive,4,No,High School,Near,Male,73,149.0,4.5,Medio,2,0.5
12,93,High,High,Yes,6,50,Low,Yes,4,High,High,Public,Positive,3,No,Postgraduate,Moderate,Male,71,103.8,7.0,Medio,3,3.0
24,74,Low,Low,Yes,8,63,High,Yes,1,Low,High,Public,Positive,3,No,High School,Moderate,Male,65,140.4,3.5,Medio,1,-1.0
4,84,Medium,Medium,Yes,6,70,Medium,Yes,5,Medium,High,Private,Neutral,4,No,High School,Near,Male,65,66.4,6.5,Medio,4,8.0
16,66,High,Medium,Yes,5,84,Medium,Yes,2,Medium,Medium,Private,Neutral,3,No,High School,Near,Female,65,103.6,5.0,Medio,4,0.0
17,81,Medium,Medium,Yes,4,100,Low,Yes,2,Medium,High,Private,Neutral,2,No,College,Near,Male,68,116.6,5.0,Medio,4,-2.5
20,90,Medium,Low,Yes,8,97,Low,Yes,1,Medium,Low,Private,Neutral,2,No,High School,Near,Female,68,134.0,3.5,Medio,4,0.0
12,81,Low,Medium,Yes,5,68,High,Yes,0,Low,High,Private,Negative,2,No,High School,Near,Male,62,96.6,4.0,Medio,2,1.0
14,76,Medium,Medium,No,7,85,High,Yes,3,Low,Medium,Private,Neutral,3,No,College,Near,Male,66,101.6,5.5,Medio,2,3.0
21,71,Medium,Medium,No,7,58,Low,Yes,3,Low,Medium,Public,Negative,5,No,College,Near,Female,65,126.6,5.5,Medio,1,1.5
20,100,Medium,Medium,Yes,7,73,Medium,Yes,1,Low,Medium,Public,Neutral,4,No,College,Near,Female,71,140.0,4.5,Medio,1,1.0
17,63,Medium,Medium,No,6,94,Low,Yes,0,Medium,Medium,Public,Negative,2,No,High School,Moderate,Male,61,105.8,4.0,Medio,2,-0.5
17,62,Medium,Medium,No,7,66,High,Yes,2,High,Medium,Public,Neutral,4,No,High School,Moderate,Male,63,105.19999999999999,5.0,Medio,3,2.5
24,69,Medium,High,Yes,7,55,Low,Yes,3,Medium,High,Public,Neutral,4,No,High School,Near,Male,67,137.4,6.5,Medio,2,-1.0
17,99,Medium,Medium,No,8,76,Low,No,2,High,Medium,Public,Positive,4,No,Postgraduate,Near,Male,70,127.4,3.0,Medio,3,3.5
19,99,Medium,Medium,Yes,5,72,Low,Yes,3,Medium,High,Private,Neutral,4,No,Postgraduate,Near,Male,73,135.4,5.5,Medio,4,-0.5
33,86,Medium,Medium,No,7,61,Medium,Yes,1,High,Medium,Public,Positive,3,No,High School,Near,Male,72,183.6,4.5,Medio,3,-6.5
11,95,Medium,Medium,Yes,5,95,Low,Yes,1,Low,High,Public,Positive,3,No,Postgraduate,Near,Male,69,101.0,4.5,Medio,1,2.5
9,69,Low,Medium,Yes,7,80,Medium,Yes,1,Medium,Medium,Private,Neutral,3,No,College,Moderate,Male,61,77.4,4.5,Medio,4,5.5
25,99,Medium,Medium,No,5,67,Medium,Yes,1,Low,High,Public,Neutral,3,No,High School,Near,Male,71,159.4,4.5,Medio,1,-4.5
16,66,Medium,Medium,Yes,6,100,Medium,Yes,1,Medium,Medium,Public,Neutral,3,No,High School,Moderate,Female,64,103.6,4.5,Medio,2,1.0
18,64,Low,Medium,Yes,7,57,Medium,Yes,1,High,Medium,Public,Neutral,3,No,High School,Moderate,Male,61,110.4,4.5,Medio,3,1.0
15,64,Medium,Medium,No,6,92,Low,Yes,3,Low,Medium,Public,Negative,4,No,College,Near,Female,63,98.4,5.5,Medio,1,2.5
18,83,Medium,Low,Yes,9,62,High,Yes,2,Low,Medium,Public,Negative,2,No,High School,Near,Male,65,121.8,4.0,Medio,1,2.0
30,91,High,Medium,No,9,62,Low,Yes,3,Low,High,Public,Negative,4,No,Postgraduate,Near,Female,73,174.6,5.5,Medio,1,-2.0
25,75,Medium,Low,Yes,8,75,High,Yes,2,High,High,Private,Negative,4,Yes,Postgraduate,Near,Male,68,145.0,4.0,Medio,6,-0.5
25,99,Medium,Medium,No,8,83,Medium,Yes,1,Medium,Medium,Public,Neutral,2,No,College,Near,Female,72,159.4,4.5,Medio,2,-2.5
12,77,Low,Low,Yes,7,85,Medium,Yes,1,Medium,Medium,Public,Positive,3,No,College,Far,Male,62,94.19999999999999,3.5,Medio,2,4.0
13,66,High,Medium,Yes,9,51,Low,Yes,3,Medium,Medium,Private,Positive,2,No,Postgraduate,Moderate,Male,63,91.6,5.5,Medio,4,4.5
3,79,Low,Medium,Yes,7,64,Low,Yes,0,Medium,Medium,Public,Negative,3,No,Postgraduate,Far,Female,58,59.4,4.0,Bajo,2,8.5
15,87,Medium,Medium,No,10,83,Medium,Yes,1,High,High,Private,Positive,3,No,High School,Near,Male,68,112.19999999999999,4.5,Medio,6,5.5
26,93,High,High,Yes,6,94,Low,Yes,1,Medium,High,Public,Negative,2,No,High School,Near,Female,74,159.8,5.5,Medio,2,-5.0
23,78,Medium,Medium,Yes,5,83,Medium,Yes,1,Medium,Medium,Public,Positive,3,No,High School,Near,Male,68,138.8,4.5,Medio,2,-3.5
19,84,Medium,Medium,Yes,5,63,Medium,Yes,1,High,Medium,Private,Positive,2,No,High School,Near,Male,67,126.4,4.5,Medio,6,-2.5
20,71,Medium,Medium,Yes,5,75,Low,Yes,0,Medium,Medium,Private,Positive,4,No,High School,Near,Male,65,122.6,4.0,Medio,4,-1.0
16,86,Low,Low,Yes,5,82,Low,Yes,0,Low,Medium,Public,Neutral,4,No,High School,Moderate,Female,63,115.6,3.0,Medio,1,1.0
21,99,Medium,Low,No,7,57,High,Yes,2,Medium,Medium,Public,Neutral,2,No,Postgraduate,Near,Male,71,143.4,4.0,Medio,2,-1.5
25,62,Medium,Low,Yes,8,77,Medium,Yes,0,Medium,Low,Public,Negative,4,No,College,Far,Female,62,137.2,3.0,Medio,2,-0.5
10,95,High,Low,Yes,7,74,High,Yes,2,Low,Medium,Public,Negative,3,No,High School,Far,Male,66,97.0,4.0,Medio,1,5.0
22,82,Low,Medium,No,5,67,Low,Yes,1,Low,High,Private,Neutral,1,Yes,Postgraduate,Near,Female,65,137.2,4.5,Medio,2,-5.0
26,70,High,Medium,No,6,81,Low,Yes,0,Low,High,Public,Neutral,3,No,High School,Moderate,Male,66,146.0,4.0,Medio,1,-4.0
18,98,High,Low,No,8,82,Medium,Yes,3,Medium,High,Public,Negative,3,No,College,Near,Male,71,130.8,4.5,Medio,2,2.0
24,79,Low,High,No,6,99,High,No,2,Low,High,Public,Negative,3,No,High School,Near,Male,68,143.4,4.0,Medio,1,-3.0
37,73,Medium,High,Yes,6,71,Medium,Yes,0,High,High,Public,Positive,5,No,High School,Moderate,Male,72,191.8,5.0,Medio,3,-7.5
19,67,Medium,High,No,5,77,Medium,Yes,1,Medium,High,Private,Negative,4,No,Postgraduate,Near,Male,66,116.19999999999999,5.5,Medio,4,-0.5
22,70,Medium,Low,Yes,6,58,Low,Yes,4,High,Medium,Public,Positive,2,No,Postgraduate,Moderate,Male,66,130.0,5.0,Medio,3,-3.0
16,93,Low,High,No,6,77,High,Yes,2,Low,Medium,Public,Negative,1,No,High School,Moderate,Male,67,119.8,6.0,Medio,1,-1.0
21,85,Low,High,Yes,7,52,Medium,Yes,5,High,High,Public,Positive,3,No,Postgraduate,Moderate,Male,71,135.0,7.5,Medio,3,-0.5
23,97,High,High,Yes,8,57,Low,No,2,High,Medium,Public,Positive,1,No,Postgraduate,Far,Male,72,150.2,4.0,Medio,3,-2.5
21,69,Low,Medium,No,7,59,Medium,Yes,3,Low,Medium,Public,Neutral,3,No,Postgraduate,Near,Male,64,125.4,5.5,Medio,1,-0.5
14,65,Low,High,No,7,82,Low,Yes,1,Low,Low,Public,Negative,3,No,High School,Near,Male,60,95.0,5.5,Medio,1,3.0
21,60,High,Low,No,8,78,Medium,Yes,2,Medium,High,Public,Positive,2,No,High School,Near,Female,64,120.0,4.0,Medio,2,-0.5
29,80,Medium,Low,Yes,5,90,Medium,Yes,2,Medium,Low,Public,Positive,1,No,College,Near,Female,70,164.0,4.0,Medio,2,-8.5
23,100,Medium,Low,Yes,10,73,Medium,Yes,3,Medium,Medium,Private,Neutral,2,No,College,Near,Male,72,152.0,4.5,Medio,4,0.5
26,88,Medium,High,No,6,74,Medium,Yes,0,Low,Medium,Public,Negative,2,No,High School,Moderate,Female,68,156.8,5.0,Medio,1,-5.0
19,72,Medium,Low,Yes,8,58,Medium,Yes,0,Medium,Low,Public,Neutral,3,No,High School,Near,Female,62,119.19999999999999,3.0,Medio,2,1.5
24,95,Medium,Low,No,5,87,Medium,Yes,0,Low,Medium,Public,Neutral,2,No,High School,Far,Male,68,153.0,3.0,Medio,1,-5.0
22,91,High,High,Yes,7,50,Medium,Yes,2,Low,Medium,Public,Positive,5,No,Postgraduate,Moderate,Male,72,142.6,6.0,Medio,1,1.0
14,61,Medium,Low,Yes,7,71,Medium,Yes,0,Medium,Low,Private,Neutral,1,No,Postgraduate,Near,Female,60,92.6,3.0,Medio,4,1.0
22,93,Medium,High,No,9,59,Low,Yes,3,Low,High,Public,Positive,4,No,Postgraduate,Near,Female,72,143.8,6.5,Medio,1,2.0
14,72,Low,High,No,7,89,Medium,Yes,2,Medium,Medium,Public,Positive,3,No,High School,Near,Female,65,99.19999999999999,6.0,Medio,2,3.0
16,66,Medium,Low,No,9,84,High,Yes,3,Low,Low,Public,Positive,4,No,High School,Near,Female,63,103.6,4.5,Medio,1,5.0
21,69,Medium,Low,Yes,7,85,Medium,Yes,2,Medium,Medium,Private,Positive,0,No,Postgraduate,Near,Male,66,125.4,4.0,Medio,4,-3.5
22,79,Low,Medium,No,10,57,Low,Yes,1,Medium,High,Public,Positive,2,No,High School,Near,Male,65,135.4,4.5,Medio,2,1.0
13,77,Medium,High,No,4,83,Medium,Yes,1,Medium,High,Public,Negative,2,No,Postgraduate,Moderate,Male,65,98.19999999999999,5.5,Medio,2,-0.5
26,72,Low,High,No,8,85,Medium,Yes,2,Low,Medium,Public,Negative,3,No,High School,Near,Male,67,147.2,6.0,Medio,1,-2.0
23,67,Medium,Medium,No,4,50,Low,Yes,4,Low,Medium,Private,Positive,3,No,College,Moderate,Male,65,132.2,6.0,Medio,2,-4.5
16,90,High,Medium,No,7,66,Medium,Yes,0,High,High,Public,Negative,3,No,High School,Moderate,Male,67,118.0,4.0,Medio,3,2.0
11,100,Medium,Medium,Yes,9,54,Low,Yes,1,Low,Medium,Public,Negative,3,No,Postgraduate,Near,Male,66,104.0,4.5,Medio,1,6.5
19,91,Low,High,Yes,9,84,High,Yes,2,High,High,Public,Positive,3,Yes,High School,Near,Male,71,130.6,6.0,Medio,3,2.5
17,72,Medium,Medium,No,8,61,Medium,Yes,1,Medium,Medium,Public,Neutral,4,No,Postgraduate,Moderate,Male,64,111.19999999999999,4.5,Medio,2,3.5
21,70,Low,Low,No,7,63,Medium,Yes,0,Medium,Medium,Public,Positive,2,No,High School,Far,Male,61,126.0,3.0,Medio,2,-1.5
18,69,High,High,Yes,8,54,Low,Yes,1,High,High,Private,Neutral,2,No,High School,Near,Male,65,113.4,5.5,Medio,6,1.0
8,65,Medium,Medium,No,10,74,Medium,Yes,1,Medium,High,Private,Positive,5,No,High School,Near,Male,61,71.0,4.5,Medio,4,11.0
18,82,High,Low,No,7,52,Low,Yes,1,Low,Medium,Public,Negative,4,No,High School,Near,Female,64,121.19999999999999,3.5,Medio,1,2.0
18,84,High,High,Yes,8,92,Low,Yes,0,Low,High,Public,Negative,3,No,College,Near,Female,69,122.4,5.0,Medio,1,2.0
24,88,Medium,Medium,Yes,6,51,High,Yes,4,Medium,Low,Public,Positive,4,No,High School,Near,Male,71,148.8,6.0,Medio,2,-2.0
16,87,High,Medium,No,9,53,High,Yes,3,Medium,High,Private,Neutral,5,No,College,Near,Male,70,116.19999999999999,5.5,Medio,4,6.0
30,72,High,Medium,Yes,8,82,High,Yes,1,Low,Medium,Public,Positive,1,No,College,Moderate,Female,70,163.2,4.5,Medio,1,-6.0
9,73,Medium,Medium,Yes,6,96,Low,Yes,0,Low,High,Public,Positive,2,No,High School,Near,Male,62,79.8,4.0,Medio,1,3.5
28,87,Medium,Medium,No,8,95,Medium,Yes,2,Medium,Low,Private,Positive,3,No,Postgraduate,Near,Female,73,164.2,5.0,Medio,4,-3.0
19,74,Medium,High,No,8,54,High,Yes,0,Medium,Medium,Public,Positive,3,No,College,Near,Male,66,120.4,5.0,Medio,2,1.5
25,69,Medium,Medium,Yes,8,64,Medium,Yes,1,High,Low,Public,Negative,3,No,Postgraduate,Moderate,Female,66,141.4,4.5,Medio,3,-1.5
20,75,Low,Medium,No,7,76,Medium,Yes,3,High,High,Private,Negative,3,No,College,Near,Female,66,125.0,5.5,Medio,6,0.0
27,71,Medium,Medium,Yes,9,51,Medium,No,3,High,Medium,Public,Neutral,1,No,College,Far,Female,66,150.6,3.5,Medio,3,-3.5
18,64,Medium,Medium,Yes,6,76,Medium,Yes,2,Medium,High,Public,Positive,4,No,High School,Near,Male,65,110.4,5.0,Medio,2,1.0
13,93,Low,Low,No,7,72,High,Yes,2,Medium,Medium,Private,Positive,2,No,Postgraduate,Near,Female,67,107.8,4.0,Medio,4,2.5
19,69,Medium,Medium,Yes,9,96,Medium,Yes,0,High,High,Private,Positive,3,No,High School,Moderate,Female,66,117.4,4.0,Medio,6,2.5
21,63,Medium,Medium,Yes,6,64,Low,Yes,1,High,High,Public,Negative,3,No,High School,Near,Male,63,121.8,4.5,Medio,3,-1.5
27,90,Medium,Medium,No,7,82,Medium,Yes,0,Medium,Medium,Public,Positive,3,No,College,Moderate,Female,71,162.0,4.0,Medio,2,-3.5
14,68,Medium,High,No,6,71,Low,Yes,1,Medium,Medium,Public,Positive,3,No,College,Moderate,Male,63,96.8,5.5,Medio,2,2.0
24,76,High,Low,Yes,7,72,Low,Yes,1,High,Medium,Public,Positive,2,No,College,Moderate,Male,67,141.6,3.5,Medio,3,-3.0
16,63,Medium,Medium,Yes,8,82,Medium,Yes,0,High,Medium,Public,Neutral,3,No,High School,Near,Male,63,101.8,4.0,Medio,3,3.0
19,69,High,Medium,Yes,5,98,Medium,Yes,0,High,Medium,Public,Neutral,4,No,High School,Moderate,Male,66,117.4,4.0,Medio,3,-0.5
20,92,Medium,Medium,Yes,9,93,Low,Yes,3,High,Medium,Public,Positive,2,No,College,Near,Female,72,135.2,5.5,Medio,3,1.0
11,92,High,Medium,Yes,8,82,High,Yes,4,Medium,Medium,Private,Negative,2,No,Postgraduate,Near,Female,70,99.19999999999999,6.0,Medio,4,4.5
15,68,High,Low,Yes,6,73,Medium,No,0,Medium,Medium,Public,Positive,3,No,College,Near,Male,62,100.8,1.0,Medio,2,1.5
28,73,High,Medium,Yes,6,71,Medium,Yes,0,Medium,High,Private,Positive,2,No,College,Moderate,Female,69,155.8,4.0,Medio,4,-6.0
25,65,Low,Medium,Yes,9,89,Medium,Yes,2,Medium,High,Public,Neutral,3,No,High School,Near,Female,66,139.0,5.0,Medio,2,-0.5
20,63,Medium,Medium,Yes,8,61,Medium,Yes,2,High,Medium,Public,Neutral,3,No,High School,Near,Male,64,117.8,5.0,Medio,3,1.0
21,100,Low,Medium,Yes,6,79,Medium,Yes,2,Low,Medium,Public,Neutral,1,No,High School,Near,Female,70,144.0,5.0,Medio,1,-3.5
18,86,Medium,Medium,No,6,75,High,Yes,0,Low,High,Public,Neutral,4,No,High School,Near,Male,67,123.6,4.0,Medio,1,1.0
28,82,Medium,High,Yes,8,82,Low,Yes,1,Medium,Medium,Private,Negative,2,No,Postgraduate,Near,Male,71,161.2,5.5,Medio,4,-4.0
19,91,Medium,Medium,No,8,59,High,Yes,1,High,Medium,Public,Neutral,2,No,Postgraduate,Near,Male,69,130.6,4.5,Medio,3,0.5
21,94,High,Low,No,8,85,Medium,Yes,1,Medium,Medium,Public,Negative,4,No,College,Near,Male,70,140.4,3.5,Medio,2,1.5
27,92,Medium,Medium,Yes,7,81,Medium,Yes,0,Low,Medium,Public,Negative,1,No,College,Near,Male,70,163.2,4.0,Medio,1,-5.5
15,61,High,Low,Yes,8,59,Medium,Yes,1,Medium,Medium,Public,Neutral,2,No,Postgraduate,Moderate,Female,61,96.6,3.5,Medio,2,2.5
29,67,Low,High,No,7,72,Medium,No,0,Medium,High,Public,Neutral,3,No,High School,Near,Female,65,156.2,3.0,Medio,2,-4.5
11,86,Medium,High,Yes,6,84,Medium,Yes,0,High,High,Private,Neutral,3,No,High School,Near,Male,67,95.6,5.0,Medio,6,3.5
30,75,Medium,Low,Yes,9,95,Low,Yes,1,High,Medium,Public,Negative,5,No,Postgraduate,Near,Male,70,165.0,3.5,Medio,3,-1.0
18,99,Medium,Medium,No,8,56,Medium,No,2,Low,High,Private,Negative,3,No,High School,Near,Male,67,131.4,3.0,Medio,2,2.0
19,87,Low,High,Yes,6,50,Medium,Yes,3,Low,Medium,Public,Neutral,2,No,Postgraduate,Near,Male,68,128.2,6.5,Medio,1,-1.5
9,98,High,High,No,7,58,Medium,Yes,2,Medium,Medium,Public,Negative,4,No,College,Near,Male,69,94.8,6.0,Medio,2,6.5
17,68,Medium,Medium,No,7,99,Medium,Yes,1,Medium,Low,Private,Neutral,1,No,Postgraduate,Near,Male,65,108.8,4.5,Medio,4,-0.5
14,95,High,Medium,Yes,6,88,Medium,Yes,2,Low,Low,Public,Neutral,2,No,High School,Far,Male,68,113.0,5.0,Medio,1,1.0
16,73,High,Medium,Yes,7,81,Medium,Yes,1,High,High,Public,Negative,4,No,Postgraduate,Near,Male,67,107.8,4.5,Medio,3,3.0
19,100,Medium,High,Yes,6,57,Medium,Yes,1,High,Medium,Private,Positive,2,Yes,High School,Near,Male,70,136.0,5.5,Medio,6,-1.5
26,66,High,High,No,8,71,High,Yes,2,Medium,Medium,Public,Neutral,3,No,High School,Near,Female,68,143.6,6.0,Medio,2,-2.0
21,81,High,Medium,Yes,7,86,Medium,Yes,1,Low,Medium,Public,Neutral,4,No,College,Near,Male,69,132.6,4.5,Medio,1,0.5
22,92,High,Low,Yes,5,95,Low,Yes,0,Low,Low,Public,Positive,3,No,Postgraduate,Near,Male,70,143.2,3.0,Medio,1,-3.0
13,77,High,High,Yes,7,69,Medium,Yes,2,Low,High,Private,Neutral,5,No,College,Moderate,Male,67,98.19999999999999,6.0,Medio,2,5.5
15,79,High,High,Yes,6,100,Medium,Yes,4,Low,Medium,Public,Neutral,3,No,College,Near,Female,70,107.4,7.0,Medio,1,1.5
31,99,Medium,Low,Yes,4,57,High,Yes,1,High,High,Public,Neutral,2,No,Postgraduate,Moderate,Female,74,183.4,3.5,Medio,3,-9.5
16,77,Medium,Low,Yes,7,69,Low,Yes,1,Low,High,Public,Neutral,4,No,High School,Near,Female,63,110.19999999999999,3.5,Medio,1,3.0
30,84,High,Medium,Yes,9,94,Medium,Yes,1,Low,High,Private,Positive,2,Yes,High School,Near,Female,72,170.4,4.5,Medio,2,-4.0
19,62,High,Medium,No,7,82,Low,Yes,0,Low,Low,Private,Neutral,5,Yes,Postgraduate,Near,Male,62,113.19999999999999,4.0,Medio,2,2.5
20,94,Medium,Medium,No,8,91,Medium,Yes,1,Low,Medium,Public,Positive,2,No,Postgraduate,Near,Female,71,136.4,4.5,Medio,1,0.0
26,86,Medium,Low,No,7,95,Medium,Yes,0,Low,High,Public,Negative,5,No,High School,Moderate,Male,68,155.6,3.0,Medio,1,-1.0
28,76,Medium,High,Yes,6,75,High,Yes,3,High,Medium,Public,Positive,3,No,High School,Near,Male,72,157.6,6.5,Medio,3,-5.0
19,61,Medium,High,Yes,6,62,High,Yes,1,High,Medium,Public,Neutral,2,No,Postgraduate,Moderate,Female,64,112.6,5.5,Medio,3,-1.5
18,84,Low,Low,No,5,85,Medium,Yes,0,Medium,Medium,Public,Neutral,4,No,High School,Moderate,Male,64,122.4,3.0,Medio,2,0.0
20,61,Low,High,Yes,8,78,Medium,Yes,0,Low,Medium,Private,Positive,5,No,High School,Near,Female,63,116.6,5.0,Medio,2,3.0
22,60,High,Medium,Yes,8,89,Medium,Yes,2,Medium,High,Private,Neutral,4,No,College,Moderate,Male,66,124.0,5.0,Medio,4,1.0
25,85,Medium,Medium,Yes,7,76,Medium,Yes,2,High,Medium,Public,Positive,2,No,College,Near,Female,71,151.0,5.0,Medio,3,-3.5
20,68,Medium,High,Yes,4,91,High,Yes,4,High,Medium,Private,Positive,4,No,College,Near,Male,70,120.8,7.0,Medio,6,-2.0
24,68,High,Medium,Yes,8,95,Low,Yes,3,Medium,Medium,Public,Positive,0,No,High School,Moderate,Male,67,136.8,5.5,Medio,2,-4.0
30,86,High,High,Yes,6,87,Medium,Yes,0,Low,Low,Private,Positive,4,No,College,Near,Female,73,171.6,5.0,Medio,2,-5.0
22,62,Low,Medium,Yes,7,87,Medium,Yes,2,High,Low,Public,Neutral,3,No,High School,Near,Female,64,125.19999999999999,5.0,Medio,3,-1.0
22,73,Low,Medium,No,5,79,Medium,Yes,4,Medium,Low,Public,Negative,1,No,Postgraduate,Moderate,Female,65,131.8,6.0,Medio,2,-5.0
11,66,Medium,Medium,Yes,7,74,Medium,Yes,3,Medium,High,Private,Neutral,3,No,High School,Far,Female,62,83.6,5.5,Medio,4,4.5
4,83,High,Medium,No,7,99,Low,Yes,1,Low,Low,Private,Neutral,3,No,College,Near,Female,64,65.8,4.5,Medio,2,8.0
22,86,Low,Medium,No,4,82,Low,Yes,1,Low,Low,Private,Positive,5,No,College,Moderate,Male,67,139.6,4.5,Medio,2,-2.0
19,89,Medium,High,No,9,92,High,Yes,5,Medium,Medium,Private,Positive,3,No,Postgraduate,Near,Male,74,129.4,7.5,Medio,4,2.5
17,70,High,Medium,No,7,75,Medium,Yes,1,Low,Medium,Private,Neutral,4,Yes,College,Far,Male,63,110.0,4.5,Medio,2,2.5
21,64,High,Low,Yes,7,78,Low,Yes,1,Medium,Medium,Public,Positive,4,No,High School,Near,Male,64,122.4,3.5,Medio,2,0.5
20,63,Medium,Low,No,8,83,Low,Yes,4,Medium,Medium,Public,Neutral,3,No,Postgraduate,Moderate,Female,64,117.8,5.0,Medio,2,1.0
27,77,Low,High,No,7,86,High,Yes,1,High,High,Public,Negative,3,No,College,Near,Male,70,154.2,5.5,Medio,3,-3.5
21,98,Medium,Medium,Yes,8,72,Medium,Yes,3,Low,Low,Public,Positive,3,No,High School,Moderate,Female,71,142.8,5.5,Medio,1,0.5
16,69,Medium,Medium,Yes,5,68,Medium,Yes,0,Medium,High,Public,Neutral,4,No,College,Moderate,Male,63,105.4,4.0,Medio,2,1.0
26,70,Medium,High,Yes,7,62,Medium,Yes,0,Low,Medium,Private,Negative,1,No,College,Near,Female,66,146.0,5.0,Medio,2,-5.0
19,64,Medium,High,Yes,4,71,Medium,Yes,1,High,Medium,Public,Neutral,3,No,High School,Near,Male,65,114.4,5.5,Medio,3,-2.5
23,84,Medium,High,No,7,61,Medium,Yes,2,Medium,High,Public,Neutral,5,No,College,Moderate,Male,70,142.4,6.0,Medio,2,0.5
17,87,Low,Low,Yes,9,71,Medium,Yes,2,Low,Medium,Public,Neutral,3,No,College,Moderate,Female,65,120.19999999999999,4.0,Medio,1,3.5
16,86,High,Medium,Yes,5,94,High,Yes,0,Medium,Medium,Public,Negative,2,No,High School,Near,Male,68,115.6,4.0,Medio,2,-1.0
21,94,Medium,High,No,6,99,Medium,Yes,1,Medium,High,Private,Neutral,2,No,High School,Near,Male,72,140.4,5.5,Medio,4,-2.5
20,79,Medium,High,Yes,4,79,Low,Yes,0,Medium,High,Private,Neutral,4,No,High School,Moderate,Male,67,127.4,5.0,Medio,4,-2.0
23,65,High,High,No,7,57,Low,No,1,High,Medium,Public,Neutral,4,No,High School,Near,Male,65,131.0,3.5,Medio,3,-0.5
18,72,Medium,Medium,No,8,71,Low,Yes,2,High,Medium,Public,Positive,4,No,Postgraduate,Near,Male,66,115.19999999999999,5.0,Medio,3,3.0
9,86,High,High,No,8,80,Medium,Yes,1,Low,Medium,Public,Positive,5,No,College,Far,Female,67,87.6,5.5,Medio,1,8.5
17,85,Medium,Low,No,6,69,Medium,Yes,1,Medium,Medium,Private,Neutral,3,Yes,Postgraduate,Near,Male,65,119.0,3.5,Medio,4,0.5
25,81,Medium,Medium,No,4,60,Medium,Yes,2,Medium,Medium,Private,Neutral,3,No,High School,Near,Male,68,148.6,5.0,Medio,4,-5.5
18,87,Medium,Medium,No,5,61,High,Yes,2,Medium,Medium,Public,Positive,1,No,High School,Near,Male,68,124.19999999999999,5.0,Medio,2,-3.0
19,85,Medium,High,Yes,9,74,Medium,Yes,1,High,Medium,Public,Neutral,3,No,College,Moderate,Female,69,127.0,5.5,Medio,3,2.5
26,95,Medium,Low,Yes,8,61,Medium,Yes,2,Medium,Medium,Private,Neutral,2,No,Postgraduate,Near,Female,71,161.0,4.0,Medio,4,-3.0
16,83,Medium,Medium,Yes,7,62,Medium,Yes,0,Low,Medium,Private,Neutral,1,Yes,Postgraduate,Moderate,Male,64,113.8,4.0,Medio,2,0.0
11,91,Low,High,No,7,94,Medium,Yes,1,Medium,Medium,Public,Neutral,3,Yes,High School,Moderate,Male,65,98.6,5.5,Medio,2,4.5
19,70,Medium,Medium,No,5,89,Medium,Yes,1,Low,High,Private,Neutral,2,No,High School,Near,Male,64,118.0,4.5,Medio,2,-2.5
17,87,Medium,Medium,Yes,9,53,Low,Yes,3,Low,Medium,Public,Positive,3,No,Postgraduate,Moderate,Female,67,120.19999999999999,5.5,Medio,1,3.5
14,96,Medium,High,No,6,66,Medium,Yes,3,Medium,Medium,Public,Positive,2,No,College,Near,Female,70,113.6,6.5,Medio,2,1.0
19,75,Medium,High,No,8,77,Medium,Yes,1,Low,Low,Public,Positive,4,No,High School,Moderate,Female,66,121.0,5.5,Medio,1,2.5
23,91,High,Medium,No,5,53,Low,Yes,3,Medium,High,Private,Negative,3,No,High School,Near,Male,70,146.6,5.5,Medio,4,-3.5
20,89,Medium,High,Yes,7,84,Low,Yes,1,High,High,Public,Neutral,4,No,High School,Moderate,Male,70,133.4,5.5,Medio,3,1.0
22,62,High,Medium,Yes,9,69,Low,Yes,1,High,Low,Private,Negative,3,No,College,Near,Male,64,125.19999999999999,4.5,Medio,6,1.0
31,83,Low,High,Yes,6,70,Medium,Yes,3,Low,Medium,Private,Negative,3,No,College,Near,Male,71,173.8,6.5,Medio,2,-6.5
18,65,Medium,High,Yes,8,63,Medium,Yes,1,Medium,Medium,Public,Positive,3,No,High School,Far,Male,63,111.0,5.5,Medio,2,2.0
22,99,Medium,Medium,Yes,5,67,High,Yes,1,Medium,High,Private,Negative,3,No,College,Near,Male,72,147.4,4.5,Medio,4,-3.0
17,92,High,High,No,6,93,Medium,Yes,4,Medium,Low,Private,Neutral,4,No,College,Moderate,Female,72,123.19999999999999,7.0,Medio,4,1.5
15,64,High,Low,Yes,7,89,Low,Yes,0,Low,Medium,Public,Negative,2,No,High School,Near,Male,61,98.4,3.0,Medio,1,1.5
16,65,High,Low,Yes,8,97,High,Yes,2,Low,Medium,Public,Negative,4,Yes,High School,Near,Female,63,103.0,4.0,Medio,1,4.0
17,84,Low,High,No,7,85,High,Yes,0,Medium,Medium,Private,Positive,2,No,College,Moderate,Male,67,118.4,5.0,Medio,4,0.5
22,74,High,Low,Yes,8,79,Low,Yes,3,Medium,Medium,Public,Neutral,1,No,High School,Near,Female,67,132.4,4.5,Medio,2,-2.0
34,61,Medium,Low,No,9,63,Low,Yes,2,Medium,Medium,Public,Neutral,5,No,High School,Moderate,Female,65,172.6,4.0,Medio,2,-3.0
16,82,Low,Medium,No,6,83,Medium,Yes,0,Medium,Medium,Public,Negative,2,No,High School,Near,Female,64,113.19999999999999,4.0,Medio,2,0.0
18,76,Medium,Low,No,5,95,High,Yes,2,High,High,Public,Positive,6,No,Postgraduate,Near,Female,69,117.6,4.0,Medio,3,2.0
20,64,Medium,High,No,6,53,High,No,4,High,Medium,Private,Neutral,4,No,College,Moderate,Female,65,118.4,5.0,Medio,6,0.0
22,92,High,High,No,9,72,Low,Yes,1,Low,High,Public,Neutral,4,Yes,Postgraduate,Near,Male,71,143.2,5.5,Medio,1,2.0
22,97,Medium,Medium,Yes,6,57,Medium,Yes,0,Medium,High,Private,Positive,2,No,High School,Near,Male,70,146.2,4.0,Medio,4,-3.0
5,93,Medium,Medium,Yes,7,81,Medium,No,1,Low,High,Public,Neutral,2,No,College,Near,Female,65,75.8,2.5,Medio,1,6.5
6,69,High,Medium,Yes,10,94,Medium,No,1,Medium,Medium,Private,Neutral,4,No,Postgraduate,Near,Female,63,65.4,2.5,Medio,4,11.0
17,71,Medium,Medium,Yes,10,53,Low,Yes,0,Low,Low,Public,Positive,3,No,High School,Moderate,Male,61,110.6,4.0,Medio,1,4.5
27,68,Medium,Low,Yes,9,95,Medium,Yes,1,Low,Medium,Public,Positive,3,No,College,Moderate,Male,67,148.8,3.5,Medio,1,-1.5
11,91,Medium,Medium,No,5,53,Medium,Yes,0,Low,Medium,Private,Neutral,2,No,Postgraduate,Near,Female,64,98.6,4.0,Medio,2,1.5
2,98,High,Medium,No,4,64,Medium,Yes,1,Low,High,Private,Neutral,2,No,High School,Near,Female,65,66.8,4.5,Medio,2,5.0
23,89,High,High,Yes,7,58,Medium,Yes,2,Medium,High,Private,Positive,3,No,Postgraduate,Moderate,Male,73,145.4,6.0,Medio,4,-1.5
21,95,Medium,High,Yes,8,57,Low,No,1,Low,Medium,Public,Positive,3,No,High School,Near,Male,69,141.0,3.5,Medio,1,0.5
13,86,Medium,High,No,8,59,Medium,Yes,3,Medium,Medium,Public,Neutral,3,No,High School,Near,Male,67,103.6,6.5,Medio,2,4.5
14,76,High,Medium,No,6,74,Low,Yes,0,High,Medium,Private,Positive,2,Yes,College,Far,Male,63,101.6,4.0,Medio,6,1.0
14,77,High,High,Yes,5,89,Low,Yes,0,Medium,Medium,Private,Positive,2,No,College,Near,Male,67,102.19999999999999,5.0,Medio,4,0.0
21,63,Low,High,Yes,8,95,Medium,Yes,2,High,Medium,Public,Neutral,5,No,High School,Near,Male,66,121.8,6.0,Medio,3,2.5
16,61,Medium,High,Yes,10,78,Medium,Yes,2,Low,High,Public,Positive,2,No,College,Moderate,Female,64,100.6,6.0,Medio,1,4.0
23,88,High,Low,Yes,6,58,Medium,Yes,2,Low,Medium,Public,Neutral,2,No,High School,Moderate,Male,68,144.8,4.0,Medio,1,-3.5
3,78,Medium,Medium,No,8,54,High,Yes,2,High,Medium,Public,Positive,4,No,High School,Moderate,Male,61,58.8,5.0,Medio,3,10.5
15,82,Medium,Medium,Yes,10,75,Medium,Yes,1,High,Medium,Public,Negative,1,No,College,Near,Female,66,109.19999999999999,4.5,Medio,3,3.5
13,82,Medium,Medium,Yes,7,88,Medium,Yes,0,Low,Medium,Public,Neutral,2,No,High School,Near,Female,65,101.19999999999999,4.0,Medio,1,2.5
18,71,Medium,High,Yes,7,81,Medium,Yes,0,Medium,Medium,Public,Negative,4,No,College,Moderate,Female,65,114.6,5.0,Medio,2,2.0
17,79,Medium,Medium,No,8,79,Medium,Yes,3,Medium,High,Private,Neutral,5,Yes,Postgraduate,Near,Male,67,115.4,5.5,Medio,4,4.5
25,79,High,Medium,Yes,7,52,Medium,Yes,1,Medium,Medium,Public,Negative,2,No,Postgraduate,Moderate,Female,68,147.4,4.5,Medio,2,-3.5
9,76,Medium,Medium,Yes,9,71,Medium,Yes,1,Medium,High,Public,Neutral,3,No,College,Near,Male,63,81.6,4.5,Medio,2,7.5
20,93,High,Medium,No,6,78,Low,Yes,1,Low,Medium,Public,Positive,3,No,College,Moderate,Female,70,135.8,4.5,Medio,1,-1.0
23,78,High,High,No,7,80,Medium,Yes,0,Low,Medium,Private,Neutral,2,No,High School,Near,Female,68,138.8,5.0,Medio,2,-2.5
31,84,Medium,Medium,No,5,50,Medium,No,2,Low,High,Private,Positive,3,No,High School,Near,Male,69,174.4,3.0,Medio,2,-7.5
17,96,High,Medium,Yes,7,60,Low,Yes,0,Low,Medium,Private,Neutral,2,Yes,College,Near,Male,67,125.6,4.0,Medio,2,0.5
22,95,Medium,Medium,No,5,97,Medium,Yes,0,Low,Low,Public,Neutral,3,No,High School,Moderate,Male,69,145.0,4.0,Medio,1,-3.0
9,96,Medium,Low,Yes,8,75,Low,Yes,1,Low,High,Private,Positive,4,Yes,High School,Near,Female,65,93.6,3.5,Medio,2,7.5
6,71,Medium,High,Yes,5,85,Medium,Yes,1,Low,Medium,Public,Positive,2,No,High School,Moderate,Male,61,66.6,5.5,Medio,1,4.0
25,61,Medium,High,Yes,8,65,Low,Yes,3,Low,Low,Public,Neutral,3,No,College,Near,Female,65,136.6,6.5,Medio,1,-1.5
20,70,Low,Medium,Yes,6,79,Low,Yes,4,Medium,Medium,Public,Positive,4,No,Postgraduate,Near,Male,67,122.0,6.0,Medio,2,0.0
27,71,Medium,High,Yes,10,68,Medium,Yes,1,Low,Medium,Public,Negative,2,No,High School,Moderate,Male,66,150.6,5.5,Medio,1,-1.5
12,96,Medium,Medium,No,9,65,Medium,Yes,2,High,High,Private,Neutral,4,Yes,Postgraduate,Near,Female,69,105.6,5.0,Medio,6,7.0
23,86,Medium,Medium,Yes,8,71,High,Yes,3,Medium,Medium,Public,Neutral,4,No,College,Near,Female,71,143.6,5.5,Medio,2,0.5
31,63,High,High,No,5,73,Medium,Yes,1,High,Low,Public,Positive,2,No,High School,Near,Female,68,161.8,5.5,Medio,3,-8.5
23,65,High,Medium,No,6,67,High,No,3,Medium,Medium,Private,Negative,5,No,High School,Moderate,Male,65,131.0,3.5,Medio,4,-0.5
22,66,Medium,Medium,No,6,63,High,Yes,1,Low,Medium,Private,Neutral,5,No,Postgraduate,Far,Male,64,127.6,4.5,Medio,2,0.0
20,85,Medium,Low,No,6,81,Low,Yes,1,High,High,Private,Positive,3,No,College,Near,Male,68,131.0,3.5,Medio,6,-1.0
11,89,Low,High,No,9,69,Low,Yes,1,Low,Low,Public,Neutral,3,No,High School,Near,Male,64,97.4,5.5,Medio,1,6.5
28,94,Medium,High,No,7,60,Low,Yes,1,Low,Medium,Public,Positive,3,No,High School,Near,Male,71,168.4,5.5,Medio,1,-4.0
16,98,High,Medium,No,6,88,Medium,Yes,1,Low,Medium,Public,Neutral,3,No,Postgraduate,Moderate,Female,70,122.8,4.5,Medio,1,1.0
23,68,High,Medium,Yes,6,86,Medium,Yes,0,Medium,Medium,Public,Positive,2,No,Postgraduate,Near,Male,68,132.8,4.0,Medio,2,-3.5
11,72,Medium,Medium,Yes,6,94,Low,Yes,2,Medium,Medium,Public,Positive,3,No,High School,Moderate,Male,63,87.19999999999999,5.0,Medio,2,3.5
13,70,Medium,High,Yes,8,78,Medium,Yes,0,Low,Medium,Private,Negative,3,Yes,High School,Near,Male,61,94.0,5.0,Medio,2,4.5
29,74,Medium,Low,No,5,64,Medium,Yes,2,Medium,Medium,Public,Neutral,1,No,College,Moderate,Male,66,160.4,4.0,Medio,2,-8.5
18,97,Medium,High,Yes,7,93,Medium,Yes,5,High,Medium,Public,Positive,4,No,College,Near,Female,75,130.2,7.5,Medio,3,2.0
29,83,High,High,Yes,8,64,Medium,Yes,2,Medium,High,Public,Neutral,1,No,High School,Far,Male,71,165.8,6.0,Medio,2,-5.5
20,90,Medium,Medium,Yes,4,83,High,Yes,1,Low,Low,Public,Positive,3,No,College,Near,Male,69,134.0,4.5,Medio,1,-3.0
9,80,High,Low,No,5,60,Medium,Yes,2,Low,Medium,Private,Neutral,3,No,High School,Near,Male,62,84.0,4.0,Medio,2,3.5
25,61,Medium,Medium,No,7,81,High,Yes,0,Medium,Medium,Public,Positive,4,No,High School,Moderate,Female,65,136.6,4.0,Medio,2,-1.5
16,63,Medium,Low,No,9,92,Medium,Yes,0,Low,Medium,Private,Positive,3,No,College,Moderate,Female,61,101.8,3.0,Medio,2,4.0
24,82,Medium,Medium,No,9,77,Medium,Yes,3,Medium,Medium,Public,Positive,2,No,High School,Near,Female,69,145.2,5.5,Medio,2,-1.0
20,89,Low,Low,Yes,6,74,Low,Yes,1,Medium,Low,Private,Positive,3,No,Postgraduate,Far,Male,66,133.4,3.5,Medio,4,-1.0
11,69,High,Medium,Yes,9,100,Low,Yes,1,Low,Medium,Public,Neutral,5,No,High School,Near,Male,64,85.4,4.5,Medio,1,8.5
21,89,High,Medium,Yes,7,51,Low,Yes,1,Medium,Medium,Public,Positive,4,No,High School,Near,Female,69,137.4,4.5,Medio,2,0.5
23,76,Low,High,Yes,7,96,Low,Yes,2,Medium,Medium,Private,Neutral,4,No,High School,Near,Female,68,137.6,6.0,Medio,4,-0.5
20,90,High,High,No,8,82,Medium,Yes,2,High,Medium,Private,Negative,4,Yes,High School,Moderate,Female,70,134.0,6.0,Medio,6,2.0
26,76,Low,Medium,Yes,6,77,Medium,Yes,1,Medium,Medium,Private,Neutral,5,No,High School,Near,Male,68,149.6,4.5,Medio,4,-2.0
21,87,Low,Low,Yes,6,82,Medium,Yes,0,Medium,High,Public,Neutral,5,No,Postgraduate,Near,Female,68,136.2,3.0,Medio,2,0.5
21,91,Medium,Medium,No,5,66,Low,Yes,1,High,Medium,Public,Positive,3,No,College,Near,Female,69,138.6,4.5,Medio,3,-2.5
13,100,Medium,Low,Yes,8,54,Medium,Yes,0,Medium,High,Public,Positive,3,No,College,Near,Female,68,112.0,3.0,Medio,2,4.5
21,74,High,Low,Yes,8,64,Medium,Yes,3,Low,Low,Public,Neutral,1,No,College,Far,Male,80,128.4,4.5,Alto,1,-1.5
26,76,Medium,Medium,Yes,8,67,High,Yes,1,Low,Medium,Public,Negative,3,No,High School,Moderate,Male,67,149.6,4.5,Medio,1,-2.0
15,67,Low,Medium,Yes,5,74,Medium,Yes,1,High,High,Public,Positive,2,No,Postgraduate,Near,Male,64,100.19999999999999,4.5,Medio,3,-0.5
29,68,Medium,Low,No,6,70,Low,Yes,0,Medium,Medium,Public,Negative,2,No,Postgraduate,Near,Male,64,156.8,3.0,Medio,2,-6.5
19,88,Medium,Medium,Yes,9,76,Low,Yes,1,Medium,High,Public,Positive,3,No,High School,Far,Male,68,128.8,4.5,Medio,2,2.5
15,97,Low,Medium,No,7,60,Low,Yes,4,Medium,Medium,Public,Negative,3,No,High School,Near,Female,67,118.19999999999999,6.0,Medio,2,2.5
26,76,Medium,Medium,No,7,59,Low,Yes,0,Medium,Medium,Public,Neutral,1,Yes,Postgraduate,Near,Male,65,149.6,4.0,Medio,2,-5.0
18,67,High,High,Yes,7,68,Medium,Yes,0,Medium,Medium,Public,Positive,4,No,High School,Near,Male,66,112.19999999999999,5.0,Medio,2,2.0
25,71,Medium,Low,Yes,8,74,Low,Yes,4,Medium,Medium,Public,Positive,4,Yes,Postgraduate,Near,Male,67,142.6,5.0,Medio,2,-0.5
18,78,High,Medium,No,7,67,Low,No,0,High,Medium,Public,Negative,3,No,College,Moderate,Male,64,118.8,2.0,Medio,3,1.0
20,72,Medium,Low,Yes,6,79,Medium,Yes,1,Low,Medium,Private,Positive,4,No,Postgraduate,Near,Female,66,123.19999999999999,3.5,Medio,2,0.0
23,69,Medium,Low,Yes,8,66,Low,No,1,Medium,Medium,Public,Positive,3,No,College,Far,Male,63,133.4,1.5,Medio,2,-0.5
22,89,Medium,High,No,5,59,High,Yes,5,Medium,Medium,Private,Positive,4,Yes,High School,Near,Male,71,141.4,7.5,Medio,4,-2.0
8,60,High,Medium,Yes,9,93,High,Yes,0,Low,High,Public,Neutral,3,No,Postgraduate,Near,Female,62,68.0,4.0,Medio,1,8.0
13,82,Medium,High,No,6,60,Medium,Yes,1,Low,Low,Public,Positive,4,No,College,Far,Female,64,101.19999999999999,5.5,Medio,1,3.5
26,92,Low,Medium,Yes,8,98,Medium,Yes,2,Medium,Medium,Public,Neutral,3,No,Postgraduate,Moderate,Male,72,159.2,5.0,Medio,2,-2.0
19,71,High,Medium,Yes,7,99,Low,Yes,0,Low,High,Public,Negative,4,No,High School,Moderate,Female,65,118.6,4.0,Medio,1,1.5
17,84,Low,High,No,6,85,Medium,Yes,1,Medium,Low,Public,Positive,2,No,College,Near,Female,67,118.4,5.5,Medio,2,-0.5
12,87,High,High,Yes,9,75,Medium,No,1,Low,Medium,Private,Neutral,3,Yes,College,Moderate,Female,65,100.19999999999999,3.5,Medio,2,6.0
14,86,Low,Low,Yes,8,90,Low,Yes,0,Low,Medium,Private,Neutral,1,No,High School,Near,Male,63,107.6,3.0,Medio,2,2.0
8,78,High,High,No,7,94,Low,Yes,1,High,High,Public,Neutral,3,Yes,High School,Near,Female,65,78.8,5.5,Medio,3,6.0
19,74,Medium,Medium,Yes,10,85,Medium,Yes,1,Low,Medium,Public,Positive,5,No,Postgraduate,Moderate,Male,67,120.4,4.5,Medio,1,5.5
16,93,Medium,Medium,Yes,8,55,Low,Yes,0,High,Medium,Public,Neutral,4,No,High School,Moderate,Male,67,119.8,4.0,Medio,3,4.0
14,90,Low,Medium,Yes,6,50,Medium,Yes,0,Medium,High,Private,Positive,3,No,College,Moderate,Male,65,110.0,4.0,Medio,4,2.0
20,73,Medium,High,Yes,4,60,Medium,Yes,1,Low,Medium,Private,Positive,3,Yes,High School,Moderate,Male,64,123.8,5.5,Medio,2,-3.0
22,64,High,Low,No,7,59,High,Yes,0,Medium,High,Private,Positive,5,Yes,High School,Near,Female,64,126.4,3.0,Medio,4,1.0
33,63,High,High,Yes,9,59,Medium,Yes,1,Medium,Medium,Public,Positive,4,No,High School,Near,Male,69,169.8,5.5,Medio,2,-3.5
11,64,Medium,Medium,No,8,75,Low,Yes,1,High,Medium,Private,Positive,3,No,High School,Moderate,Male,60,82.4,4.5,Medio,6,5.5
27,83,Medium,Medium,Yes,9,76,Medium,Yes,1,Low,High,Public,Positive,4,No,High School,Near,Male,70,157.8,4.5,Medio,1,-0.5
26,62,Low,High,No,6,86,Medium,Yes,2,Medium,Medium,Public,Positive,3,No,High School,Near,Male,66,141.2,6.0,Medio,2,-4.0
15,73,Medium,Medium,Yes,7,60,High,Yes,3,Medium,Medium,Public,Neutral,4,No,College,Near,Female,66,103.8,5.5,Medio,2,3.5
21,90,Medium,Low,No,7,55,Medium,Yes,2,Medium,Medium,Public,Neutral,2,No,College,Near,Female,68,138.0,4.0,Medio,2,-1.5
17,72,Low,Medium,No,7,83,Low,Yes,3,Medium,High,Public,Negative,3,Yes,High School,Far,Female,62,111.19999999999999,5.5,Medio,2,1.5
21,91,Medium,High,Yes,8,74,Low,Yes,0,Medium,Medium,Public,Negative,2,No,Postgraduate,Near,Female,70,138.6,5.0,Medio,2,-0.5
29,90,Medium,Medium,Yes,9,83,Medium,Yes,0,Medium,High,Private,Positive,3,No,High School,Near,Female,72,170.0,4.0,Medio,4,-2.5
24,70,Low,Low,Yes,10,69,High,Yes,1,High,Medium,Public,Negative,2,No,High School,Moderate,Female,64,138.0,3.5,Medio,3,0.0
23,89,Low,Medium,No,9,88,High,Yes,1,High,Medium,Public,Neutral,5,No,Postgraduate,Near,Male,71,145.4,4.5,Medio,3,2.5
17,90,Medium,High,No,8,84,Medium,Yes,1,Low,Low,Public,Negative,4,No,High School,Far,Female,67,122.0,5.5,Medio,1,3.5
11,76,Low,Medium,No,6,83,High,Yes,3,Medium,Medium,Public,Positive,1,No,High School,Near,Female,64,89.6,5.5,Medio,2,1.5
19,68,High,High,No,7,51,Medium,No,1,High,Medium,Public,Positive,1,No,High School,Moderate,Female,64,116.8,3.5,Medio,3,-1.5
27,81,Medium,High,Yes,8,93,Medium,Yes,0,High,High,Public,Neutral,3,No,College,Near,Female,72,156.6,5.0,Medio,3,-2.5
11,97,Low,Low,Yes,7,69,Medium,Yes,3,Low,Medium,Public,Positive,2,No,High School,Near,Female,66,102.19999999999999,4.5,Medio,1,3.5
14,86,High,Medium,No,6,57,Medium,Yes,3,High,High,Private,Neutral,2,No,College,Near,Female,68,107.6,5.5,Medio,6,1.0
14,87,Medium,Low,Yes,8,74,Medium,Yes,0,Medium,High,Public,Neutral,3,Yes,College,Moderate,Male,64,108.19999999999999,3.0,Medio,2,4.0
15,77,Medium,Medium,Yes,7,52,Medium,Yes,1,Medium,Medium,Public,Neutral,2,No,College,Near,Male,64,106.19999999999999,4.5,Medio,2,1.5
17,84,Low,High,Yes,7,89,Medium,Yes,2,High,Medium,Public,Positive,2,No,High School,Moderate,Male,68,118.4,6.0,Medio,3,0.5
12,89,Medium,Low,Yes,7,72,Medium,Yes,1,High,High,Public,Neutral,5,No,College,Near,Male,67,101.4,3.5,Medio,3,6.0
14,81,Medium,Medium,No,6,88,Medium,Yes,1,High,Medium,Public,Positive,3,No,Postgraduate,Moderate,Female,67,104.6,4.5,Medio,3,2.0
24,93,High,Medium,Yes,7,88,Low,Yes,1,Medium,High,Public,Negative,3,No,High School,Moderate,Female,71,151.8,4.5,Medio,2,-2.0
12,89,Medium,Low,Yes,6,55,Low,Yes,1,Low,High,Public,Negative,3,No,High School,Near,Female,63,101.4,3.5,Medio,1,3.0
10,85,Medium,Medium,Yes,6,81,Medium,Yes,3,Low,Medium,Public,Neutral,3,No,High School,Near,Female,66,91.0,5.5,Medio,1,4.0
16,66,High,High,No,5,68,High,No,2,Low,Medium,Public,Positive,5,No,Postgraduate,Moderate,Male,65,103.6,4.0,Medio,1,2.0
24,93,Medium,Low,Yes,7,77,Medium,Yes,0,Low,Medium,Private,Negative,3,No,High School,Near,Female,68,151.8,3.0,Medio,2,-2.0
19,97,Medium,Low,Yes,8,54,Medium,Yes,0,High,Medium,Public,Neutral,2,No,High School,Near,Male,68,134.2,3.0,Medio,3,0.5
17,65,Medium,High,No,9,79,Medium,Yes,0,Medium,Medium,Public,Positive,2,Yes,High School,Moderate,Male,62,107.0,5.0,Medio,2,2.5
20,80,Low,Medium,Yes,5,89,Medium,Yes,0,High,High,Public,Neutral,3,No,Postgraduate,Far,Male,67,128.0,4.0,Medio,3,-2.0
10,70,High,High,Yes,9,99,Medium,Yes,1,Medium,Medium,Public,Neutral,4,No,High School,Moderate,Female,65,82.0,5.5,Medio,2,8.0
23,90,High,Medium,Yes,7,66,Low,Yes,2,High,High,Public,Neutral,3,No,High School,Near,Female,71,146.0,5.0,Medio,3,-1.5
22,89,Medium,High,Yes,5,58,Medium,Yes,4,High,High,Public,Neutral,2,Yes,College,Near,Female,71,141.4,7.0,Medio,3,-4.0
18,66,High,Medium,Yes,6,68,Low,No,1,Medium,High,Public,Positive,3,Yes,High School,Far,Male,61,111.6,2.5,Medio,2,0.0
26,95,Medium,Medium,No,4,51,Medium,Yes,1,Low,Medium,Public,Positive,2,No,High School,Near,Male,70,161.0,4.5,Medio,1,-7.0
13,67,Medium,Low,Yes,5,70,Medium,Yes,0,Low,High,Private,Negative,2,No,High School,Near,Male,60,92.19999999999999,3.0,Medio,2,0.5
27,92,Low,Medium,No,10,96,Medium,Yes,0,Low,Medium,Public,Neutral,2,No,Postgraduate,Far,Male,70,163.2,4.0,Medio,1,-1.5
21,78,Medium,High,No,6,60,High,Yes,1,Low,High,Private,Neutral,2,No,College,Near,Female,67,130.8,5.5,Medio,2,-2.5
18,73,Medium,Medium,Yes,8,74,Low,No,3,Medium,High,Private,Neutral,2,No,Postgraduate,Near,Male,66,115.8,3.5,Medio,4,1.0
20,66,Low,Low,Yes,7,79,Medium,Yes,2,Medium,Medium,Private,Positive,2,No,High School,Moderate,Female,63,119.6,4.0,Medio,4,-1.0
19,67,Medium,Medium,No,7,59,Low,Yes,3,Low,High,Private,Positive,3,No,Postgraduate,Near,Female,65,116.19999999999999,5.5,Medio,2,0.5
27,86,High,Medium,Yes,8,67,High,Yes,5,High,High,Public,Positive,2,Yes,Postgraduate,Near,Female,75,159.6,6.5,Medio,3,-3.5
14,82,High,Medium,No,4,96,Low,Yes,2,High,Medium,Private,Negative,4,Yes,High School,Near,Male,66,105.19999999999999,5.0,Medio,6,1.0
15,65,Medium,Medium,No,9,65,Medium,Yes,1,Low,Medium,Public,Neutral,2,No,College,Near,Female,61,99.0,4.5,Medio,1,3.5
26,65,Medium,Medium,Yes,7,82,Low,Yes,1,Low,Medium,Public,Positive,1,No,Postgraduate,Far,Male,65,143.0,4.5,Medio,1,-5.0
16,63,Low,Medium,Yes,6,57,Medium,Yes,2,Low,Low,Public,Neutral,3,No,Postgraduate,Near,Male,61,101.8,5.0,Medio,1,1.0
25,90,High,High,Yes,8,83,Medium,Yes,2,Medium,Medium,Public,Negative,3,No,College,Near,Male,73,154.0,6.0,Medio,2,-1.5
30,88,High,Medium,Yes,6,64,Medium,Yes,1,High,Medium,Public,Neutral,2,No,College,Near,Female,73,172.8,4.5,Medio,3,-7.0
18,62,Medium,Medium,Yes,7,62,Medium,Yes,1,Medium,Medium,Public,Positive,5,No,College,Moderate,Male,63,109.19999999999999,4.5,Medio,2,3.0
24,82,Low,Medium,No,7,56,Medium,Yes,1,Medium,Medium,Public,Positive,3,No,Postgraduate,Moderate,Male,67,145.2,4.5,Medio,2,-2.0
13,63,Medium,High,Yes,8,52,Medium,Yes,2,Low,Medium,Public,Positive,4,No,High School,Near,Male,62,89.8,6.0,Medio,1,5.5
25,96,Low,Low,No,7,98,Medium,Yes,1,Medium,Medium,Private,Neutral,3,No,College,Near,Male,71,157.6,3.5,Medio,4,-2.5
21,96,Medium,Medium,Yes,5,71,Medium,Yes,2,Low,High,Public,Negative,4,No,High School,Moderate,Male,70,141.6,5.0,Medio,1,-1.5
23,88,Medium,Medium,No,8,89,Medium,Yes,0,Medium,High,Private,Positive,5,No,High School,Near,Female,70,144.8,4.0,Medio,4,1.5
16,97,Medium,Medium,No,7,96,Low,No,4,Low,High,Private,Neutral,2,No,High School,Near,Female,69,122.19999999999999,4.0,Medio,2,1.0
10,92,Medium,Medium,No,4,60,High,Yes,3,Low,Low,Public,Positive,2,No,College,Near,Female,66,95.19999999999999,5.5,Medio,1,1.0
23,93,Low,High,Yes,7,93,High,Yes,1,Medium,High,Public,Negative,3,No,High School,Near,Female,72,147.8,5.5,Medio,2,-1.5
8,83,High,Low,Yes,6,85,Low,Yes,1,Low,High,Public,Neutral,3,No,High School,Far,Female,63,81.8,3.5,Medio,1,5.0
18,72,Low,Medium,Yes,8,79,Medium,Yes,1,Medium,High,Public,Positive,4,No,High School,Moderate,Male,65,115.19999999999999,4.5,Medio,2,3.0
26,69,High,High,Yes,6,90,Medium,Yes,3,Medium,Medium,Public,Positive,3,No,College,Moderate,Female,71,145.4,6.5,Medio,2,-4.0
21,73,Medium,Medium,No,5,56,Medium,Yes,5,High,Medium,Private,Neutral,3,No,High School,Moderate,Male,66,127.8,6.5,Medio,6,-2.5
32,85,Medium,Low,Yes,9,63,Low,No,2,High,Medium,Public,Neutral,3,No,High School,Moderate,Male,69,179.0,2.0,Medio,3,-4.0
26,67,Low,Medium,No,8,57,Medium,Yes,0,Medium,Medium,Public,Negative,4,No,College,Far,Female,62,144.2,4.0,Medio,2,-1.0
16,70,High,High,No,7,95,High,No,1,Medium,Medium,Public,Neutral,3,No,High School,Near,Female,66,106.0,3.5,Medio,2,2.0
20,79,Medium,Low,Yes,8,55,Low,Yes,3,Low,Medium,Private,Positive,4,No,High School,Near,Female,66,127.4,4.5,Medio,2,2.0
20,69,Medium,Low,Yes,8,99,High,Yes,1,Medium,High,Public,Negative,3,Yes,High School,Moderate,Female,64,121.4,3.5,Medio,2,1.0
11,84,Low,Medium,Yes,7,55,High,Yes,0,Medium,High,Public,Negative,3,No,High School,Near,Male,63,94.4,4.0,Medio,2,4.5
14,97,Medium,Medium,Yes,5,83,Medium,Yes,0,Low,Medium,Public,Positive,2,No,High School,Near,Female,68,114.19999999999999,4.0,Medio,1,0.0
17,90,Medium,Medium,No,7,83,Low,Yes,5,Medium,High,Public,Negative,3,Yes,High School,Near,Male,68,122.0,6.5,Medio,2,1.5
8,87,High,High,No,9,97,Low,Yes,2,Low,Medium,Public,Positive,3,No,High School,Near,Male,67,84.19999999999999,6.0,Medio,1,8.0
20,83,High,Low,Yes,8,66,Medium,Yes,1,High,Medium,Private,Neutral,3,Yes,College,Near,Female,67,129.8,3.5,Medio,6,1.0
19,80,High,High,Yes,7,67,Medium,Yes,2,Low,High,Public,Neutral,2,Yes,Postgraduate,Near,Female,68,124.0,6.0,Medio,1,-0.5
10,67,High,Medium,Yes,8,92,Medium,Yes,1,Medium,High,Public,Negative,4,No,Postgraduate,Near,Male,65,80.19999999999999,4.5,Medio,2,7.0
22,96,Low,High,Yes,7,99,High,Yes,4,Low,Medium,Public,Positive,4,No,College,Moderate,Male,74,145.6,7.0,Medio,1,0.0
21,64,Medium,Medium,No,9,82,Medium,Yes,2,Low,Medium,Public,Neutral,3,No,College,Moderate,Male,64,122.4,5.0,Medio,1,1.5
18,90,Low,Medium,Yes,5,62,High,Yes,3,Medium,Medium,Private,Neutral,2,No,High School,Moderate,Female,67,126.0,5.5,Medio,4,-2.0
24,67,High,High,Yes,9,86,Medium,Yes,2,Medium,Medium,Public,Negative,2,No,College,Near,Female,68,136.2,6.0,Medio,2,-1.0
24,75,Low,Medium,Yes,10,89,Low,Yes,0,Medium,High,Private,Positive,3,No,College,Near,Female,67,141.0,4.0,Medio,4,1.0
22,61,High,Medium,No,8,88,Low,Yes,1,Medium,High,Public,Neutral,4,No,High School,Near,Female,65,124.6,4.5,Medio,2,1.0
15,65,High,High,Yes,8,72,Low,Yes,2,Low,Medium,Private,Neutral,2,Yes,Postgraduate,Far,Male,63,99.0,6.0,Medio,2,2.5
22,67,Medium,Medium,Yes,6,58,Medium,Yes,1,Low,Medium,Public,Neutral,2,No,Postgraduate,Near,Male,64,128.2,4.5,Medio,1,-3.0
27,62,Low,Low,Yes,6,79,Medium,Yes,0,Low,Medium,Private,Negative,3,No,College,Moderate,Male,62,145.2,3.0,Medio,2,-4.5
16,86,Low,High,Yes,7,89,Low,Yes,1,Medium,Low,Public,Positive,2,No,Postgraduate,Near,Female,68,115.6,5.5,Medio,2,1.0
33,93,Medium,Medium,Yes,6,96,High,Yes,0,Low,Medium,Private,Positive,4,No,Postgraduate,Far,Female,75,187.8,4.0,Medio,2,-6.5
17,75,Medium,Low,No,5,73,High,Yes,0,Low,Medium,Private,Neutral,4,No,High School,Near,Female,63,113.0,3.0,Medio,2,0.5
20,95,Medium,Low,Yes,7,62,Low,Yes,2,Low,Medium,Public,Neutral,4,No,College,Moderate,Male,68,137.0,4.0,Medio,1,1.0
16,69,Medium,Medium,No,8,56,Low,Yes,2,Medium,Medium,Private,Neutral,3,No,Postgraduate,Near,Male,63,105.4,5.0,Medio,4,3.0
21,73,High,High,No,5,90,Medium,Yes,0,Medium,Medium,Public,Neutral,2,No,College,Near,Female,68,127.8,5.0,Medio,2,-3.5
10,66,Medium,High,No,7,77,Medium,Yes,0,Medium,High,Public,Positive,2,No,High School,Near,Male,62,79.6,5.0,Medio,2,4.0
17,85,Low,Medium,Yes,7,84,Medium,Yes,3,Medium,Medium,Public,Positive,2,No,College,Far,Female,67,119.0,5.5,Medio,2,0.5
13,77,High,High,No,7,58,Medium,Yes,2,Low,Medium,Public,Positive,3,No,High School,Near,Male,66,98.19999999999999,6.0,Medio,1,3.5
21,85,Medium,Medium,No,8,50,Low,Yes,1,Medium,High,Private,Neutral,2,No,High School,Far,Male,65,135.0,4.5,Medio,4,-0.5
26,90,Medium,Medium,Yes,8,98,Medium,Yes,0,Low,Low,Private,Negative,3,Yes,Postgraduate,Moderate,Female,69,158.0,4.0,Medio,2,-2.0
24,82,High,Medium,No,6,91,Medium,Yes,2,High,Medium,Public,Positive,1,No,High School,Near,Male,70,145.2,5.0,Medio,3,-5.0
6,85,High,Medium,Yes,9,70,High,Yes,0,Low,Medium,Public,Positive,3,Yes,Postgraduate,Near,Female,64,75.0,4.0,Medio,1,9.0
32,97,High,Medium,Yes,8,73,Medium,Yes,0,High,Medium,Public,Negative,3,No,College,Near,Female,75,186.2,4.0,Medio,3,-5.0
22,72,Low,Low,Yes,9,96,High,Yes,1,Low,Medium,Private,Positive,3,No,College,Near,Male,66,131.2,3.5,Medio,2,1.0
15,74,Medium,Low,No,7,60,Low,Yes,2,Medium,Medium,Public,Positive,3,No,High School,Far,Female,62,104.4,4.0,Medio,2,2.5
21,89,Low,Medium,No,7,90,Low,Yes,4,High,Medium,Public,Neutral,5,No,Postgraduate,Far,Male,70,137.4,6.0,Medio,3,1.5
21,84,High,High,No,7,51,Medium,Yes,0,Medium,Medium,Public,Positive,3,No,High School,Moderate,Male,68,134.4,5.0,Medio,2,-0.5
16,67,Medium,High,Yes,9,94,High,Yes,1,Medium,Medium,Private,Neutral,2,No,Postgraduate,Near,Female,66,104.19999999999999,5.5,Medio,4,3.0
21,75,Low,High,Yes,7,79,Medium,Yes,0,Low,Medium,Public,Neutral,2,No,High School,Near,Male,65,129.0,5.0,Medio,1,-1.5
16,79,High,Medium,Yes,7,74,High,Yes,3,Medium,Medium,Private,Positive,2,No,Postgraduate,Far,Male,68,111.4,5.5,Medio,4,1.0
18,77,High,Medium,No,10,85,Low,Yes,2,Medium,Medium,Public,Positive,3,No,Postgraduate,Near,Female,68,118.19999999999999,5.0,Medio,2,4.0
16,67,Medium,Medium,Yes,5,53,Low,Yes,2,Medium,Medium,Private,Positive,3,No,High School,Moderate,Male,62,104.19999999999999,5.0,Medio,4,0.0
11,97,Low,Medium,Yes,8,60,Low,Yes,2,Low,Medium,Public,Positive,3,No,College,Near,Female,66,102.19999999999999,5.0,Medio,1,5.5
21,90,Medium,Low,No,7,70,Medium,Yes,2,Low,Medium,Public,Negative,2,No,Postgraduate,Near,Female,68,138.0,4.0,Medio,1,-1.5
24,79,High,Medium,No,7,81,High,Yes,0,High,Medium,Public,Positive,2,No,High School,Moderate,Male,69,143.4,4.0,Medio,3,-3.0
23,87,Medium,Low,No,6,57,Medium,Yes,2,High,Medium,Public,Positive,3,Yes,High School,Near,Male,67,144.2,4.0,Medio,3,-2.5
25,96,Low,High,Yes,6,69,Low,Yes,3,High,Medium,Public,Positive,2,No,Postgraduate,Near,Male,74,157.6,6.5,Medio,3,-4.5
22,65,Low,Medium,No,6,63,Medium,No,2,Medium,Medium,Public,Neutral,3,No,High School,Far,Male,61,127.0,3.0,Medio,2,-2.0
17,70,High,Medium,No,8,82,Low,Yes,2,High,High,Public,Negative,2,Yes,High School,Moderate,Female,64,110.0,5.0,Medio,3,1.5
25,82,Medium,Medium,No,8,96,Medium,Yes,1,Low,Medium,Private,Positive,2,No,High School,Moderate,Female,69,149.2,4.5,Medio,2,-2.5
12,92,High,Medium,No,4,58,Low,Yes,2,Medium,Medium,Public,Positive,2,Yes,College,Moderate,Male,66,103.19999999999999,5.0,Medio,2,0.0
15,61,Medium,Medium,No,5,59,High,Yes,0,Low,High,Public,Neutral,4,No,High School,Near,Female,61,96.6,4.0,Medio,1,1.5
14,99,Medium,Medium,Yes,8,80,High,Yes,3,Medium,Low,Private,Neutral,4,No,College,Near,Female,71,115.4,5.5,Medio,4,5.0
26,78,High,High,Yes,8,73,Medium,No,2,Low,Medium,Private,Positive,4,No,College,Near,Female,71,150.8,4.0,Medio,2,-1.0
26,74,Medium,Medium,No,5,86,Low,Yes,2,Low,High,Public,Positive,4,No,College,Near,Female,69,148.4,5.0,Medio,1,-4.0
23,72,Medium,Medium,Yes,8,64,Low,Yes,1,Low,Medium,Public,Neutral,4,No,Postgraduate,Near,Female,66,135.2,4.5,Medio,1,0.5
26,67,Low,Medium,Yes,7,77,Low,Yes,2,Low,High,Private,Neutral,3,Yes,High School,Moderate,Male,64,144.2,5.0,Medio,2,-3.0
15,92,Low,Medium,No,8,69,Medium,Yes,1,High,Medium,Private,Neutral,4,No,Postgraduate,Near,Male,68,115.19999999999999,4.5,Medio,6,4.5
22,98,High,Medium,Yes,6,64,Low,Yes,0,Medium,High,Public,Positive,3,No,High School,Moderate,Female,71,146.8,4.0,Medio,2,-2.0
19,77,High,Medium,Yes,5,86,High,Yes,0,Medium,Low,Public,Negative,4,Yes,High School,Near,Male,66,122.19999999999999,4.0,Medio,2,-0.5
19,93,Low,High,Yes,7,66,Low,Yes,1,Medium,Medium,Private,Neutral,3,No,High School,Near,Female,68,131.8,5.5,Medio,4,0.5
18,79,Medium,Medium,No,7,81,Medium,No,1,Medium,High,Private,Positive,4,No,College,Moderate,Female,66,119.4,2.5,Medio,4,2.0
23,87,High,Low,No,6,59,Medium,Yes,4,Medium,High,Public,Neutral,2,No,High School,Near,Male,70,144.2,5.0,Medio,2,-3.5
25,77,Medium,Medium,No,10,90,Medium,Yes,1,Low,Medium,Public,Neutral,3,No,High School,Near,Male,68,146.2,4.5,Medio,1,0.5
16,82,High,Low,No,4,64,Low,Yes,1,Medium,Medium,Private,Neutral,2,No,Postgraduate,Moderate,Male,65,113.19999999999999,3.5,Medio,4,-2.0
20,62,Medium,Medium,Yes,6,59,Low,Yes,3,Medium,Medium,Public,Positive,4,No,High School,Near,Male,64,117.19999999999999,5.5,Medio,2,0.0
14,88,High,Medium,Yes,6,97,Medium,Yes,0,Low,Medium,Public,Positive,3,No,College,Near,Male,69,108.8,4.0,Medio,1,2.0
5,62,High,High,No,7,71,Low,Yes,1,Low,Medium,Private,Positive,4,No,College,Far,Male,59,57.199999999999996,5.5,Bajo,2,8.5
21,93,Low,Medium,No,8,82,Medium,Yes,2,Medium,High,Private,Neutral,4,No,College,Near,Male,70,139.8,5.0,Medio,4,1.5
24,93,High,Low,Yes,8,90,High,Yes,0,High,Medium,Private,Negative,2,No,College,Near,Male,72,151.8,3.0,Medio,6,-2.0
22,69,Low,Medium,No,9,84,Medium,Yes,0,Medium,Medium,Public,Neutral,3,No,College,Moderate,Male,64,129.4,4.0,Medio,2,1.0
8,73,Medium,High,No,8,78,High,Yes,0,Medium,High,Private,Negative,3,No,High School,Near,Male,63,75.8,5.0,Medio,4,7.0
18,79,Medium,Medium,Yes,4,69,Medium,Yes,2,High,Low,Private,Positive,3,No,College,Near,Male,67,119.4,5.0,Medio,6,-2.0
7,84,Medium,Medium,Yes,5,96,Medium,No,1,Low,Low,Public,Positive,3,Yes,High School,Near,Male,62,78.4,2.5,Medio,1,4.5
28,71,Medium,Medium,Yes,9,57,High,Yes,1,Low,High,Public,Neutral,4,No,Postgraduate,Near,Female,69,154.6,4.5,Medio,1,-1.0
13,84,Medium,Medium,Yes,9,94,Medium,Yes,3,Medium,Medium,Public,Negative,2,Yes,High School,Near,Male,66,102.4,5.5,Medio,2,4.5
28,72,Low,Low,No,8,85,High,Yes,4,Low,Medium,Private,Negative,2,No,High School,Near,Female,66,155.2,5.0,Medio,2,-4.0
26,62,Low,Medium,No,6,79,Medium,Yes,1,Low,Medium,Public,Positive,3,Yes,College,Near,Female,63,141.2,4.5,Medio,1,-4.0
15,60,Medium,Medium,No,7,66,High,Yes,2,High,Medium,Public,Neutral,4,No,High School,Near,Male,62,96.0,5.0,Medio,3,3.5
13,64,Medium,High,No,6,57,Low,Yes,1,Low,Low,Public,Neutral,3,Yes,High School,Moderate,Female,58,90.4,5.5,Bajo,1,2.5
22,92,Medium,Low,No,5,72,Low,Yes,0,Medium,Medium,Private,Negative,4,No,College,Moderate,Male,67,143.2,3.0,Medio,4,-2.0
15,98,Medium,Medium,Yes,7,89,Low,No,2,Low,Low,Public,Neutral,3,No,College,Moderate,Male,68,118.8,3.0,Medio,1,2.5
21,77,High,Medium,No,10,87,Low,Yes,1,Low,Medium,Public,Neutral,3,No,College,Near,Male,67,130.2,4.5,Medio,1,2.5
17,81,Medium,Medium,No,6,82,Medium,Yes,3,Low,Medium,Private,Neutral,4,No,College,Near,Male,67,116.6,5.5,Medio,2,1.5
9,66,Low,Medium,No,9,100,Low,Yes,3,Medium,Medium,Public,Neutral,3,No,College,Near,Male,62,75.6,5.5,Medio,2,7.5
7,82,Medium,High,Yes,6,99,Medium,Yes,2,Medium,High,Public,Negative,2,No,Postgraduate,Moderate,Male,66,77.19999999999999,6.0,Medio,2,4.5
21,66,Medium,Medium,Yes,5,70,Medium,Yes,1,Low,High,Private,Positive,5,No,High School,Near,Female,65,123.6,4.5,Medio,2,-0.5
17,84,Medium,High,Yes,8,60,Medium,Yes,0,Low,Low,Private,Positive,5,No,College,Near,Female,67,118.4,5.0,Medio,2,4.5
17,97,Medium,Low,No,7,73,High,No,1,Medium,High,Private,Neutral,4,No,College,Near,Male,69,126.19999999999999,1.5,Medio,4,2.5
24,68,Medium,High,Yes,9,92,Low,Yes,1,Low,High,Public,Positive,2,No,High School,Near,Male,67,136.8,5.5,Medio,1,-1.0
27,91,Low,Medium,Yes,9,73,Low,Yes,0,Low,Medium,Private,Neutral,3,No,College,Near,Male,69,162.6,4.0,Medio,2,-1.5
18,61,Medium,Low,No,7,67,Low,Yes,2,High,Medium,Public,Positive,4,No,High School,Near,Male,62,108.6,4.0,Medio,3,2.0
18,75,Medium,Medium,Yes,9,87,Low,Yes,3,Low,Medium,Public,Negative,3,No,Postgraduate,Near,Female,67,117.0,5.5,Medio,1,3.0
23,64,Medium,Low,Yes,6,83,Medium,Yes,0,Medium,Medium,Public,Neutral,3,No,High School,Moderate,Male,63,130.4,3.0,Medio,2,-2.5
12,74,Medium,Medium,No,6,98,High,Yes,2,Low,Medium,Public,Neutral,3,No,College,Near,Male,65,92.4,5.0,Medio,1,3.0
21,67,Medium,Medium,Yes,9,77,Medium,Yes,3,High,Low,Public,Neutral,3,No,College,Moderate,Female,66,124.19999999999999,5.5,Medio,3,1.5
23,75,Medium,High,Yes,5,98,Medium,Yes,3,Medium,High,Public,Positive,1,No,College,Near,Female,71,137.0,6.5,Medio,2,-5.5
24,77,Low,High,Yes,7,65,High,Yes,1,Medium,High,Private,Positive,4,No,Postgraduate,Near,Male,70,142.2,5.5,Medio,4,-1.0
8,72,High,High,Yes,9,93,High,Yes,4,Medium,Medium,Public,Positive,4,No,High School,Near,Male,68,75.19999999999999,7.0,Medio,2,9.0
15,86,High,Medium,Yes,9,68,High,Yes,0,Medium,Low,Public,Neutral,3,No,High School,Near,Male,67,111.6,4.0,Medio,2,4.5
15,97,Medium,High,No,6,90,High,Yes,2,High,High,Private,Neutral,0,No,High School,Near,Male,71,118.19999999999999,6.0,Medio,6,-1.5
21,76,Low,Medium,Yes,9,96,Medium,Yes,1,Low,Low,Public,Negative,5,No,High School,Near,Male,65,129.6,4.5,Medio,1,3.5
23,68,Low,Medium,Yes,5,81,Low,Yes,1,Low,Low,Public,Neutral,2,No,Postgraduate,Near,Male,64,132.8,4.5,Medio,1,-4.5
29,71,Medium,Medium,Yes,6,86,Medium,Yes,1,Low,Medium,Public,Positive,2,No,College,Near,Female,69,158.6,4.5,Medio,1,-6.5
17,94,Medium,Low,Yes,7,98,Low,Yes,1,Medium,High,Public,Negative,2,No,High School,Near,Male,68,124.4,3.5,Medio,2,0.5
17,83,Medium,Low,Yes,8,69,Low,Yes,4,Low,High,Public,Neutral,3,No,College,Near,Male,67,117.8,5.0,Medio,1,2.5
27,78,Medium,Medium,Yes,5,76,High,Yes,1,Medium,Medium,Private,Positive,4,No,Postgraduate,Near,Male,71,154.8,4.5,Medio,4,-4.5
22,66,Medium,Low,Yes,10,95,Medium,Yes,1,Medium,Medium,Private,Negative,3,No,High School,Near,Male,64,127.6,3.5,Medio,4,2.0
28,78,Medium,High,Yes,4,84,Medium,Yes,2,Low,Low,Public,Negative,3,No,College,Far,Female,69,158.8,6.0,Medio,1,-7.0
22,71,Medium,High,Yes,7,94,Medium,Yes,1,Medium,Medium,Public,Neutral,4,No,High School,Near,Male,68,130.6,5.5,Medio,2,0.0
13,98,High,Low,Yes,7,81,Medium,Yes,1,Medium,Low,Private,Negative,3,No,Postgraduate,Near,Male,69,110.8,3.5,Medio,4,3.5
12,95,Medium,Medium,No,4,87,Medium,Yes,0,Low,Medium,Public,Positive,3,No,High School,Moderate,Male,67,105.0,4.0,Medio,1,1.0
11,63,Medium,High,Yes,9,51,High,Yes,0,Low,Low,Public,Negative,3,Yes,College,Moderate,Male,58,81.8,5.0,Bajo,1,6.5
24,81,Low,Medium,Yes,6,67,High,Yes,0,Medium,High,Public,Negative,2,No,High School,Far,Male,66,144.6,4.0,Medio,2,-4.0
27,69,Medium,High,Yes,7,89,Low,Yes,2,High,High,Private,Neutral,1,No,High School,Moderate,Male,69,149.4,6.0,Medio,6,-5.5
31,76,Medium,High,Yes,7,70,Low,Yes,3,Low,Medium,Public,Neutral,3,No,College,Moderate,Male,70,169.6,6.5,Medio,1,-5.5
25,95,Medium,Low,Yes,5,68,Medium,Yes,1,Medium,High,Public,Positive,3,No,High School,Far,Male,70,157.0,3.5,Medio,2,-4.5
27,81,Medium,Low,Yes,5,98,Medium,Yes,0,High,Medium,Public,Positive,3,No,High School,Near,Male,70,156.6,3.0,Medio,3,-5.5
17,73,High,High,No,9,78,Medium,Yes,0,Low,High,Public,Negative,3,No,Postgraduate,Moderate,Female,66,111.8,5.0,Medio,1,3.5
13,68,Low,High,No,7,60,Medium,Yes,1,Medium,Low,Private,Positive,3,No,College,Moderate,Female,61,92.8,5.5,Medio,4,3.5
25,92,Medium,Medium,Yes,4,74,Medium,Yes,3,Low,High,Public,Positive,2,Yes,High School,Moderate,Female,71,155.2,5.5,Medio,1,-6.5
23,85,High,Low,Yes,7,76,High,Yes,2,Low,Medium,Public,Neutral,3,No,College,Near,Female,69,143.0,4.0,Medio,1,-1.5
21,79,Medium,Medium,Yes,7,99,Medium,Yes,2,Low,Medium,Public,Positive,2,No,Postgraduate,Near,Male,69,131.4,5.0,Medio,1,-1.5
22,69,High,Medium,No,7,86,Low,Yes,0,Medium,Medium,Public,Neutral,1,No,High School,Near,Female,65,129.4,4.0,Medio,2,-3.0
22,73,High,High,Yes,4,76,High,Yes,3,Medium,Medium,Public,Negative,4,No,College,Far,Male,69,131.8,6.5,Medio,2,-3.0
28,98,Medium,High,Yes,7,72,Medium,Yes,1,Low,High,Private,Positive,2,No,College,Near,Male,74,170.8,5.5,Medio,2,-5.0
28,81,Medium,Medium,Yes,6,96,High,Yes,2,Low,Medium,Private,Positive,5,No,High School,Moderate,Male,71,160.6,5.0,Medio,2,-3.0
23,76,High,Medium,No,7,82,High,Yes,0,Medium,High,Private,Neutral,1,No,College,Near,Male,68,137.6,4.0,Medio,4,-3.5
25,81,High,High,Yes,8,68,Low,Yes,0,Low,High,Public,Neutral,3,No,College,Moderate,Female,69,148.6,5.0,Medio,1,-1.5
23,91,Low,Medium,Yes,8,73,Medium,No,3,Medium,Medium,Public,Negative,5,No,High School,Far,Male,68,146.6,3.5,Medio,2,1.5
17,74,Medium,Low,No,9,64,Medium,Yes,2,Medium,Medium,Public,Neutral,3,No,High School,Near,Male,63,112.4,4.0,Medio,2,3.5
25,67,Medium,Medium,Yes,10,98,High,Yes,0,High,Medium,Public,Positive,2,No,High School,Near,Male,68,140.2,4.0,Medio,3,-0.5
12,83,High,Medium,Yes,5,85,Medium,Yes,2,Low,High,Private,Negative,2,No,College,Near,Male,67,97.8,5.0,Medio,2,1.0
26,87,Medium,High,No,6,70,Low,Yes,3,Medium,Medium,Public,Neutral,3,No,College,Moderate,Male,71,156.2,6.5,Medio,2,-4.0
13,89,High,High,No,8,59,Low,Yes,0,Low,High,Public,Neutral,2,No,Postgraduate,Moderate,Male,66,105.4,5.0,Medio,1,3.5
22,95,High,Medium,No,7,59,Medium,Yes,2,Low,Medium,Public,Negative,3,Yes,High School,Near,Male,69,145.0,5.0,Medio,1,-1.0
15,75,High,Medium,Yes,4,74,Medium,Yes,3,Medium,High,Public,Positive,4,No,College,Near,Female,68,105.0,5.5,Medio,2,0.5
23,63,Medium,Medium,No,7,73,Low,Yes,1,Low,Medium,Public,Neutral,3,No,College,Moderate,Male,63,129.8,4.5,Medio,1,-1.5
20,98,Medium,Medium,No,9,71,Medium,Yes,0,Low,Medium,Public,Negative,4,No,College,Moderate,Male,69,138.8,4.0,Medio,1,3.0
10,77,Low,High,Yes,5,93,Medium,Yes,3,Low,Medium,Public,Positive,3,No,College,Near,Female,66,86.19999999999999,6.5,Medio,1,3.0
23,85,Medium,Medium,Yes,7,99,High,Yes,1,Low,High,Public,Neutral,5,No,College,Near,Female,71,143.0,4.5,Medio,1,0.5
17,87,Medium,High,No,4,68,Medium,Yes,2,Low,Low,Public,Positive,4,No,Postgraduate,Moderate,Male,68,120.19999999999999,6.0,Medio,1,-0.5
25,82,Medium,Medium,Yes,8,65,Medium,Yes,0,High,Medium,Private,Neutral,4,No,High School,Near,Male,69,149.2,4.0,Medio,6,-0.5
20,68,Medium,Medium,Yes,7,89,Medium,Yes,0,Medium,High,Private,Positive,3,No,High School,Far,Female,65,120.8,4.0,Medio,4,0.0
22,90,Medium,Low,Yes,6,72,Medium,Yes,0,Low,Medium,Public,Neutral,4,No,College,Near,Male,68,142.0,3.0,Medio,1,-1.0
14,92,High,Medium,Yes,6,61,High,Yes,0,Low,Medium,Private,Neutral,2,No,College,Moderate,Male,67,111.19999999999999,4.0,Medio,2,1.0
16,82,Medium,Medium,No,5,59,Medium,Yes,1,Medium,Medium,Public,Positive,3,No,High School,Near,Male,65,113.19999999999999,4.5,Medio,2,0.0
17,80,Low,Medium,Yes,9,64,Medium,Yes,1,Low,Medium,Private,Positive,4,No,Postgraduate,Far,Female,65,116.0,4.5,Medio,2,4.5
25,65,Medium,Low,Yes,6,50,Medium,Yes,2,Low,Medium,Public,Positive,2,No,College,Near,Female,64,139.0,4.0,Medio,1,-4.5
30,63,High,High,No,8,97,Medium,Yes,1,Low,High,Public,Neutral,3,No,High School,Near,Female,69,157.8,5.5,Medio,1,-4.0
15,74,High,Low,No,6,72,Low,Yes,2,Low,Medium,Public,Positive,3,No,High School,Near,Male,64,104.4,4.0,Medio,1,1.5
26,72,Medium,Medium,No,10,54,Medium,No,2,High,High,Public,Neutral,2,No,College,Moderate,Male,66,147.2,3.0,Medio,3,-1.0
7,98,Medium,Low,Yes,9,58,Medium,Yes,2,Medium,Medium,Private,Neutral,5,Yes,College,Near,Male,65,86.8,4.0,Medio,4,10.5
13,91,High,Medium,Yes,10,66,Medium,Yes,2,Medium,Medium,Public,Positive,4,No,High School,Near,Female,69,106.6,5.0,Medio,2,7.5
14,86,Low,Medium,Yes,10,78,Medium,Yes,3,Medium,High,Private,Negative,4,Yes,High School,Near,Female,66,107.6,5.5,Medio,4,7.0
12,81,Medium,Medium,Yes,6,85,High,Yes,0,Low,Medium,Private,Positive,2,Yes,High School,Near,Male,64,96.6,4.0,Medio,2,2.0
10,67,Medium,Medium,Yes,6,65,Medium,Yes,1,Medium,High,Public,Negative,4,No,High School,Near,Female,61,80.19999999999999,4.5,Medio,2,5.0
22,99,Medium,Medium,No,10,98,Low,Yes,1,Medium,Medium,Private,Neutral,1,No,College,Near,Male,72,147.4,4.5,Medio,4,0.0
19,75,Medium,Medium,Yes,7,88,Low,Yes,1,Medium,Medium,Private,Positive,3,No,Postgraduate,Moderate,Male,67,121.0,4.5,Medio,4,0.5
22,64,Low,Medium,Yes,8,91,Low,Yes,0,Low,Medium,Public,Neutral,4,No,College,Moderate,Female,63,126.4,4.0,Medio,1,1.0
24,80,Medium,High,No,6,66,High,Yes,1,Medium,Medium,Public,Neutral,3,No,College,Moderate,Male,69,144.0,5.5,Medio,2,-3.0
22,95,Low,High,Yes,6,69,High,Yes,3,Medium,Medium,Public,Neutral,2,Yes,Postgraduate,Far,Male,70,145.0,6.5,Medio,2,-3.0
24,95,Medium,High,Yes,8,77,Low,Yes,1,Low,Medium,Public,Positive,3,Yes,High School,Near,Male,71,153.0,5.5,Medio,1,-1.0
20,60,Medium,Low,Yes,4,73,Medium,Yes,0,Low,Low,Public,Neutral,1,No,Postgraduate,Moderate,Female,60,116.0,3.0,Medio,1,-5.0
13,95,Medium,High,Yes,8,63,Medium,Yes,3,Medium,Medium,Private,Neutral,2,No,Postgraduate,Near,Female,70,109.0,6.5,Medio,4,3.5
26,71,Low,High,No,8,100,Low,Yes,1,Low,High,Private,Positive,4,No,College,Near,Female,69,146.6,5.5,Medio,2,-1.0
16,62,Medium,High,No,6,92,Medium,No,0,Medium,Medium,Private,Positive,4,No,High School,Near,Female,63,101.19999999999999,3.0,Medio,4,2.0
14,94,Medium,Medium,Yes,7,62,High,Yes,2,Medium,High,Private,Negative,1,No,Postgraduate,Near,Male,69,112.4,5.0,Medio,4,1.0
19,95,Medium,Medium,Yes,7,95,High,Yes,0,Medium,High,Private,Negative,2,No,College,Near,Male,71,133.0,4.0,Medio,4,-0.5
15,84,Medium,High,Yes,7,79,Medium,Yes,1,Medium,High,Public,Neutral,4,No,High School,Near,Female,68,110.4,5.5,Medio,2,3.5
17,83,Medium,High,No,8,51,Low,Yes,0,Low,Medium,Public,Negative,4,No,High School,Moderate,Male,64,117.8,5.0,Medio,1,3.5
22,93,Low,Medium,No,6,67,Medium,Yes,0,Medium,Medium,Public,Neutral,3,No,College,Near,Female,68,143.8,4.0,Medio,2,-2.0
22,91,Low,Medium,Yes,10,51,High,Yes,2,High,Medium,Public,Neutral,3,No,High School,Near,Female,69,142.6,5.0,Medio,3,2.0
15,96,Medium,Low,No,7,54,Low,Yes,0,Low,Medium,Public,Neutral,3,No,College,Near,Female,65,117.6,3.0,Medio,1,2.5
17,82,Medium,Medium,Yes,7,59,Medium,Yes,3,Medium,Medium,Public,Positive,4,No,College,Near,Male,68,117.19999999999999,5.5,Medio,2,2.5
26,99,Medium,High,Yes,10,74,Medium,Yes,1,Medium,Medium,Private,Neutral,2,No,College,Near,Male,74,163.4,5.5,Medio,4,-1.0
23,100,High,Low,Yes,4,69,Low,Yes,0,Low,High,Public,Positive,4,No,Postgraduate,Near,Female,72,152.0,3.0,Medio,1,-3.5
32,65,High,Medium,No,10,57,Medium,Yes,1,High,Medium,Private,Negative,2,No,High School,Near,Female,67,167.0,4.5,Medio,6,-4.0
27,94,High,High,Yes,7,70,Low,Yes,1,Medium,High,Public,Neutral,2,No,High School,Moderate,Female,73,164.4,5.5,Medio,2,-4.5
27,80,Medium,Medium,No,6,65,High,No,1,High,Medium,Private,Neutral,4,No,College,Moderate,Male,68,156.0,2.5,Medio,6,-3.5
12,76,Medium,Low,Yes,5,71,Low,Yes,0,Medium,Medium,Public,Negative,4,No,High School,Near,Male,61,93.6,3.0,Medio,2,3.0
25,85,High,High,No,5,59,Medium,Yes,3,Low,Medium,Public,Neutral,4,No,High School,Near,Female,70,151.0,6.5,Medio,1,-3.5
20,62,Medium,Low,Yes,6,80,High,No,1,Medium,High,Public,Neutral,3,No,College,Moderate,Female,62,117.19999999999999,1.5,Medio,2,-1.0
17,80,Medium,Medium,Yes,7,52,High,Yes,2,Medium,Medium,Private,Neutral,3,No,Postgraduate,Near,Female,67,116.0,5.0,Medio,4,1.5
21,95,Low,High,Yes,8,69,Medium,No,0,Low,High,Public,Negative,3,No,Postgraduate,Near,Male,69,141.0,3.0,Medio,1,0.5
23,77,Medium,High,No,6,71,Low,Yes,3,Medium,Low,Private,Positive,4,No,High School,Moderate,Male,68,138.2,6.5,Medio,4,-1.5
15,98,Medium,Medium,Yes,9,72,Medium,Yes,1,Low,High,Public,Neutral,2,No,College,Near,Female,69,118.8,4.5,Medio,1,3.5
24,77,Medium,Medium,Yes,10,53,High,Yes,2,High,Medium,Public,Neutral,4,No,College,Moderate,Male,68,142.2,5.0,Medio,3,2.0
16,74,Medium,High,No,9,80,Low,Yes,0,Medium,Medium,Public,Negative,5,No,High School,Near,Male,64,108.4,5.0,Medio,2,6.0
21,78,High,Medium,Yes,6,97,Medium,Yes,0,Medium,Medium,Public,Positive,2,No,High School,Near,Female,69,130.8,4.0,Medio,2,-2.5
18,81,Medium,Medium,No,8,65,Low,Yes,2,Low,Medium,Public,Neutral,4,No,Postgraduate,Near,Male,66,120.6,5.0,Medio,1,3.0
19,85,Medium,Medium,No,8,70,Low,Yes,4,High,Medium,Public,Neutral,3,No,High School,Moderate,Male,68,127.0,6.0,Medio,3,1.5
25,92,Medium,Medium,Yes,9,79,Medium,Yes,3,Medium,High,Public,Negative,4,No,College,Moderate,Male,72,155.2,5.5,Medio,2,0.5
14,78,High,Medium,No,6,55,Low,Yes,2,Low,Medium,Private,Neutral,2,No,High School,Near,Female,63,102.8,5.0,Medio,2,1.0
32,93,High,Medium,No,6,98,Medium,Yes,0,Medium,Medium,Public,Neutral,4,Yes,High School,Near,Male,73,183.8,4.0,Medio,2,-6.0
9,81,High,Medium,Yes,9,73,Medium,Yes,1,Medium,Medium,Public,Negative,1,No,Postgraduate,Near,Male,65,84.6,4.5,Medio,2,5.5
16,74,High,High,Yes,8,56,Low,Yes,1,Low,Medium,Private,Positive,2,No,High School,Near,Female,65,108.4,5.5,Medio,2,2.0
22,86,Low,Medium,Yes,5,67,Medium,Yes,0,High,Medium,Public,Positive,2,No,College,Near,Male,68,139.6,4.0,Medio,3,-4.0
24,89,High,Medium,No,8,69,Low,No,3,High,Medium,Public,Neutral,2,No,College,Near,Male,70,149.4,3.5,Medio,3,-2.0
19,82,Medium,Medium,No,10,67,Medium,Yes,0,Low,Low,Public,Positive,2,No,Postgraduate,Far,Male,65,125.19999999999999,4.0,Medio,1,2.5
20,62,High,Medium,Yes,6,85,Medium,Yes,2,Medium,Medium,Public,Neutral,3,No,College,Near,Female,66,117.19999999999999,5.0,Medio,2,-1.0
22,67,Medium,High,Yes,6,67,High,Yes,1,Low,Medium,Private,Neutral,1,No,College,Near,Male,66,128.2,5.5,Medio,2,-4.0
19,71,Medium,High,Yes,7,66,Low,Yes,2,Low,Medium,Public,Neutral,3,No,High School,Near,Female,65,118.6,6.0,Medio,1,0.5
28,71,Medium,High,No,8,66,Medium,Yes,2,Low,Medium,Private,Positive,3,No,College,Near,Male,69,154.6,6.0,Medio,2,-3.0
25,87,Low,High,Yes,7,89,Medium,Yes,1,Low,Medium,Public,Neutral,4,Yes,High School,Near,Female,69,152.2,5.5,Medio,1,-1.5
25,61,Medium,High,No,9,65,Medium,Yes,2,Medium,Medium,Private,Neutral,4,Yes,High School,Moderate,Female,64,136.6,6.0,Medio,4,0.5
14,90,Medium,Medium,Yes,7,51,Medium,Yes,1,Medium,Medium,Public,Positive,4,Yes,High School,Near,Female,66,110.0,4.5,Medio,2,4.0
20,71,Low,Medium,Yes,9,68,Medium,Yes,1,Low,Medium,Private,Positive,3,No,High School,Far,Male,63,122.6,4.5,Medio,2,2.0
18,72,High,Medium,Yes,6,64,Medium,Yes,4,Low,Medium,Public,Positive,3,No,Postgraduate,Near,Female,68,115.19999999999999,6.0,Medio,1,0.0
14,81,High,Medium,Yes,5,95,Low,Yes,2,Low,High,Public,Positive,3,No,High School,Near,Male,68,104.6,5.0,Medio,1,1.0
22,69,High,Medium,No,6,74,High,Yes,1,Medium,Low,Public,Negative,3,Yes,College,Near,Female,65,129.4,4.5,Medio,2,-2.0
17,95,High,Medium,No,5,62,High,Yes,1,Medium,Medium,Private,Positive,3,No,High School,Moderate,Male,69,125.0,4.5,Medio,4,-0.5
24,63,Medium,Medium,No,8,99,Low,Yes,2,Low,High,Public,Neutral,1,No,Postgraduate,Near,Female,66,133.8,5.0,Medio,1,-3.0
14,78,Medium,Medium,No,4,62,Medium,Yes,1,Low,Medium,Public,Neutral,4,No,College,Near,Male,63,102.8,4.5,Medio,1,1.0
30,94,Low,Medium,Yes,6,88,Low,Yes,2,Low,Medium,Private,Neutral,3,Yes,College,Near,Female,72,176.4,5.0,Medio,2,-6.0
15,85,High,Medium,No,7,82,High,Yes,2,Medium,Medium,Public,Negative,4,No,High School,Far,Male,67,111.0,5.0,Medio,2,3.5
21,72,High,High,No,5,73,Medium,Yes,1,Medium,Medium,Public,Neutral,3,No,High School,Near,Male,67,127.19999999999999,5.5,Medio,2,-2.5
25,77,High,Medium,Yes,7,70,Medium,Yes,0,Medium,Medium,Public,Neutral,5,No,High School,Near,Male,68,146.2,4.0,Medio,2,-0.5
17,88,High,High,Yes,7,94,Medium,No,2,Medium,High,Public,Positive,3,No,High School,Near,Male,71,120.8,4.0,Medio,2,1.5
25,99,Medium,High,No,9,74,Medium,Yes,1,Medium,High,Private,Negative,3,No,High School,Near,Male,73,159.4,5.5,Medio,4,-0.5
13,96,Medium,Medium,No,5,69,Medium,Yes,2,Medium,Low,Public,Positive,3,No,High School,Near,Male,68,109.6,5.0,Medio,2,1.5
29,74,High,Medium,No,8,68,Medium,Yes,0,Medium,High,Public,Positive,4,No,High School,Near,Female,69,160.4,4.0,Medio,2,-2.5
20,100,Medium,Medium,Yes,8,64,Medium,Yes,0,Low,Medium,Public,Neutral,2,No,High School,Moderate,Male,69,140.0,4.0,Medio,1,0.0
16,60,Medium,High,No,7,70,Low,Yes,3,High,High,Private,Negative,4,No,High School,Near,Female,63,100.0,6.5,Medio,6,3.0
18,61,Medium,Medium,Yes,6,56,Medium,Yes,3,Low,Medium,Public,Neutral,3,No,High School,Moderate,Male,62,108.6,5.5,Medio,1,0.0
25,93,Medium,Medium,Yes,5,53,Medium,Yes,0,High,Medium,Private,Neutral,5,No,College,Moderate,Female,70,155.8,4.0,Medio,6,-2.5
16,68,High,Medium,No,10,77,Medium,Yes,1,High,Medium,Public,Positive,3,No,Postgraduate,Near,Male,66,104.8,4.5,Medio,3,5.0
16,62,Medium,Medium,No,7,73,Low,Yes,3,High,Medium,Public,Negative,3,No,High School,Near,Female,62,101.19999999999999,5.5,Medio,3,2.0
19,69,Medium,High,Yes,7,59,Low,Yes,2,Low,Low,Private,Neutral,2,No,Postgraduate,Moderate,Female,64,117.4,6.0,Medio,2,-0.5
13,77,Medium,Medium,Yes,10,55,Low,Yes,2,Low,Medium,Private,Positive,3,No,College,Moderate,Male,63,98.19999999999999,5.0,Medio,2,6.5
31,89,Medium,Medium,Yes,7,57,Medium,Yes,1,High,Low,Public,Positive,2,No,College,Moderate,Female,71,177.4,4.5,Medio,3,-6.5
17,85,High,Medium,Yes,10,66,Medium,Yes,1,High,Medium,Public,Neutral,1,Yes,Postgraduate,Moderate,Male,67,119.0,4.5,Medio,3,2.5
25,70,Low,High,Yes,5,73,Medium,Yes,2,Medium,Medium,Private,Neutral,1,No,Postgraduate,Near,Male,67,142.0,6.0,Medio,4,-6.5
21,80,Low,High,Yes,7,60,Medium,Yes,1,Medium,High,Public,Positive,2,No,College,Moderate,Male,67,132.0,5.5,Medio,2,-1.5
14,97,Low,Medium,Yes,5,88,Medium,Yes,2,High,Medium,Public,Positive,3,No,Postgraduate,Near,Male,71,114.19999999999999,5.0,Medio,3,1.0
20,93,High,Medium,No,7,60,High,Yes,0,Low,High,Public,Neutral,3,No,High School,Near,Male,69,135.8,4.0,Medio,1,0.0
19,99,High,Medium,Yes,6,100,Medium,Yes,1,Low,Medium,Private,Positive,1,No,High School,Moderate,Male,72,135.4,4.5,Medio,2,-2.5
27,88,Medium,High,No,7,72,Medium,Yes,1,Low,High,Public,Positive,1,No,High School,Near,Female,71,160.8,5.5,Medio,1,-5.5
26,62,Medium,Medium,No,6,59,Medium,Yes,1,Medium,Medium,Public,Neutral,3,No,High School,Moderate,Male,63,141.2,4.5,Medio,2,-4.0
26,61,High,Low,Yes,7,95,Low,No,0,Medium,High,Public,Neutral,3,No,Postgraduate,Moderate,Male,65,140.6,1.0,Medio,2,-3.0
17,67,Low,Medium,Yes,6,62,Medium,Yes,0,Medium,Medium,Public,Neutral,3,No,College,Moderate,Female,61,108.19999999999999,4.0,Medio,2,0.5
14,89,Medium,Low,No,9,96,Low,Yes,2,Low,High,Private,Neutral,3,No,College,Moderate,Female,66,109.4,4.0,Medio,2,5.0
16,67,Medium,Medium,Yes,5,56,Low,Yes,1,Low,Medium,Public,Negative,2,No,College,Near,Female,61,104.19999999999999,4.5,Medio,1,-1.0
21,80,Medium,Medium,No,7,92,Low,Yes,1,Medium,Medium,Public,Positive,3,No,High School,Moderate,Male,67,132.0,4.5,Medio,2,-0.5
23,64,Medium,Low,Yes,5,59,Medium,Yes,3,Low,Medium,Public,Positive,5,No,High School,Moderate,Female,64,130.4,4.5,Medio,1,-1.5
7,97,Low,High,No,6,97,Medium,Yes,3,Medium,High,Private,Positive,2,No,College,Moderate,Female,69,86.19999999999999,6.5,Medio,4,4.5
20,74,Low,Medium,No,6,79,Medium,Yes,1,High,Medium,Public,Neutral,2,Yes,College,Far,Male,64,124.4,4.5,Medio,3,-2.0
21,96,Medium,Medium,Yes,7,59,Low,Yes,2,High,Medium,Public,Negative,2,No,College,Near,Male,70,141.6,5.0,Medio,3,-1.5
18,98,High,Medium,Yes,7,92,Medium,Yes,2,Low,High,Private,Neutral,4,No,High School,Near,Male,73,130.8,5.0,Medio,2,2.0
28,60,Low,Medium,Yes,5,70,Low,Yes,0,Low,Medium,Private,Neutral,5,No,High School,Near,Male,63,148.0,4.0,Medio,2,-4.0
23,79,Medium,Medium,Yes,6,87,Medium,No,2,Low,High,Public,Neutral,4,No,College,Moderate,Male,68,139.4,3.0,Medio,1,-1.5
28,61,Low,Low,Yes,6,82,Low,Yes,0,Medium,High,Public,Positive,3,No,College,Near,Female,64,148.6,3.0,Medio,2,-5.0
19,96,Medium,Low,Yes,5,86,Medium,No,3,Medium,Medium,Public,Positive,3,No,High School,Moderate,Male,69,133.6,2.5,Medio,2,-1.5
26,81,Medium,Medium,Yes,9,67,Medium,Yes,3,Low,Medium,Public,Neutral,2,No,College,Near,Female,69,152.6,5.5,Medio,1,-2.0
30,63,High,Low,No,5,97,High,Yes,2,Low,High,Public,Positive,2,Yes,College,Moderate,Female,67,157.8,4.0,Medio,1,-8.0
28,64,High,Low,Yes,7,78,Medium,Yes,3,Medium,High,Private,Positive,4,No,Postgraduate,Moderate,Male,69,150.4,4.5,Medio,4,-3.0
13,75,Medium,High,No,10,54,Medium,Yes,1,Low,Medium,Private,Negative,3,Yes,College,Near,Male,62,97.0,5.5,Medio,2,6.5
18,98,Low,Medium,No,9,53,Medium,Yes,0,High,Medium,Public,Neutral,1,No,High School,Moderate,Male,66,130.8,4.0,Medio,3,1.0
18,88,Low,Medium,No,8,87,Medium,Yes,2,Medium,High,Public,Neutral,2,No,Postgraduate,Moderate,Female,68,124.8,5.0,Medio,2,1.0
23,95,High,Low,No,7,92,High,Yes,1,Low,Medium,Public,Positive,1,No,High School,Near,Female,71,149.0,3.5,Medio,1,-3.5
24,75,Medium,Low,No,8,85,Medium,Yes,1,Low,Medium,Public,Positive,2,Yes,Postgraduate,Near,Male,66,141.0,3.5,Medio,1,-2.0
15,62,Low,High,No,8,64,High,Yes,2,Low,Medium,Public,Neutral,4,No,College,Near,Female,62,97.19999999999999,6.0,Medio,1,4.5
20,99,Low,Low,Yes,9,61,Low,Yes,1,High,Medium,Private,Neutral,4,No,High School,Moderate,Male,68,139.4,3.5,Medio,6,3.0
8,61,Medium,Low,Yes,7,78,Medium,Yes,0,Medium,Medium,Private,Positive,3,No,High School,Near,Female,59,68.6,3.0,Bajo,4,6.0
29,98,Medium,Medium,Yes,9,60,Low,Yes,0,Low,Medium,Private,Negative,4,No,High School,Near,Female,70,174.8,4.0,Medio,2,-1.5
17,75,High,Low,Yes,7,69,Medium,Yes,1,High,Medium,Public,Positive,4,No,High School,Near,Male,66,113.0,3.5,Medio,3,2.5
20,60,Medium,Medium,Yes,10,81,Medium,Yes,3,Low,Medium,Public,Positive,3,No,College,Near,Male,65,116.0,5.5,Medio,1,3.0
18,88,Medium,Medium,No,7,64,Low,Yes,0,Medium,Low,Public,Positive,4,No,College,Moderate,Male,66,124.8,4.0,Medio,2,2.0
27,99,Medium,Medium,Yes,5,69,Medium,Yes,2,Medium,Low,Public,Positive,2,No,Postgraduate,Moderate,Male,73,167.4,5.0,Medio,2,-6.5
3,99,Medium,Low,Yes,7,68,Medium,Yes,2,High,Medium,Private,Neutral,3,No,High School,Near,Female,65,71.4,4.0,Medio,6,8.5
20,66,Medium,High,Yes,8,73,Medium,Yes,0,High,Low,Public,Positive,3,No,High School,Moderate,Male,65,119.6,5.0,Medio,3,1.0
19,67,High,Medium,No,9,84,Low,Yes,0,Medium,Medium,Public,Positive,3,No,High School,Moderate,Female,64,116.19999999999999,4.0,Medio,2,2.5
17,83,Medium,Medium,Yes,6,89,High,Yes,0,Low,Medium,Public,Positive,4,No,Postgraduate,Near,Male,69,117.8,4.0,Medio,1,1.5
30,85,Medium,Medium,No,4,83,Low,Yes,2,High,High,Public,Positive,3,No,Postgraduate,Near,Female,74,171.0,5.0,Medio,3,-8.0
15,90,High,High,Yes,8,51,High,Yes,2,High,Medium,Public,Negative,2,No,High School,Moderate,Female,68,114.0,6.0,Medio,3,2.5
25,67,Low,Medium,No,8,95,Medium,Yes,0,Medium,Medium,Public,Neutral,4,No,Postgraduate,Moderate,Female,65,140.2,4.0,Medio,2,-0.5
22,98,Medium,High,Yes,5,79,Medium,No,2,High,Medium,Public,Neutral,5,No,High School,Moderate,Male,72,146.8,4.0,Medio,3,-1.0
28,86,Medium,Medium,Yes,7,96,Medium,Yes,2,Medium,Low,Public,Neutral,4,No,High School,Near,Male,71,163.6,5.0,Medio,2,-3.0
16,94,High,Medium,No,7,98,Medium,Yes,0,Low,Medium,Public,Neutral,4,No,High School,Moderate,Female,69,120.4,4.0,Medio,1,3.0
16,82,Low,High,Yes,8,73,Low,Yes,3,Low,High,Public,Positive,1,No,College,Near,Male,67,113.19999999999999,6.5,Medio,1,1.0
27,77,Medium,High,Yes,6,96,Low,Yes,0,Medium,High,Public,Positive,3,No,Postgraduate,Moderate,Male,71,154.2,5.0,Medio,2,-4.5
23,99,Low,Low,Yes,6,68,High,Yes,1,Medium,Medium,Public,Neutral,3,Yes,College,Far,Male,68,151.4,3.5,Medio,2,-2.5
11,83,Low,Medium,No,7,63,High,Yes,3,High,Medium,Public,Negative,2,No,High School,Far,Female,63,93.8,5.5,Medio,3,3.5
17,95,High,Medium,No,5,54,Low,Yes,2,High,High,Public,Neutral,2,No,College,Moderate,Female,69,125.0,5.0,Medio,3,-1.5
22,98,Medium,Low,No,10,73,Medium,Yes,1,Low,Low,Public,Negative,4,Yes,College,Near,Female,68,146.8,3.5,Medio,1,3.0
25,87,High,High,Yes,8,84,Low,Yes,2,High,Medium,Public,Positive,4,No,College,Moderate,Male,73,152.2,6.0,Medio,3,-0.5
16,82,Medium,Medium,Yes,6,99,Medium,Yes,3,High,Medium,Public,Positive,2,No,High School,Near,Male,69,113.19999999999999,5.5,Medio,3,0.0
3,60,Medium,Medium,Yes,5,76,Medium,Yes,0,Medium,High,Private,Neutral,4,No,High School,Moderate,Female,58,48.0,4.0,Bajo,4,7.5
23,62,High,Low,No,5,87,Medium,Yes,1,High,Low,Private,Positive,3,No,High School,Near,Male,65,129.2,3.5,Medio,6,-3.5
13,68,Medium,Medium,Yes,8,95,Medium,Yes,2,Low,Low,Private,Positive,4,No,High School,Moderate,Male,63,92.8,5.0,Medio,2,5.5
8,67,Low,Low,No,5,77,Low,Yes,1,Medium,High,Public,Positive,2,No,College,Near,Male,59,72.19999999999999,3.5,Bajo,2,3.0
3,70,Medium,Medium,Yes,7,58,Medium,Yes,0,Medium,Medium,Private,Neutral,2,No,High School,Moderate,Male,58,54.0,4.0,Bajo,4,7.5
25,72,Medium,Medium,Yes,4,92,High,Yes,1,Low,Medium,Private,Negative,2,Yes,High School,Near,Male,66,143.2,4.5,Medio,2,-6.5
21,74,Medium,High,Yes,8,79,Medium,Yes,0,Low,High,Private,Positive,4,No,High School,Near,Male,67,128.4,5.0,Medio,2,1.5
19,77,High,Medium,Yes,8,88,Medium,No,3,Low,Medium,Public,Positive,3,No,College,Moderate,Male,67,122.19999999999999,3.5,Medio,1,1.5
28,64,High,Medium,No,7,83,Low,Yes,2,High,Medium,Private,Neutral,4,No,High School,Moderate,Male,67,150.4,5.0,Medio,6,-3.0
24,62,High,Low,Yes,7,53,Medium,Yes,0,Medium,Medium,Public,Positive,6,No,Postgraduate,Near,Female,65,133.2,3.0,Medio,2,1.0
30,87,High,Medium,Yes,8,58,High,Yes,1,Low,Medium,Public,Negative,1,No,College,Near,Male,71,172.2,4.5,Medio,1,-6.0
12,81,Medium,Medium,Yes,7,64,High,Yes,2,High,Medium,Public,Neutral,3,No,High School,Near,Male,66,96.6,5.0,Medio,3,4.0
20,78,Medium,High,Yes,8,64,Medium,Yes,2,High,Medium,Private,Positive,2,No,High School,Moderate,Female,68,126.8,6.0,Medio,6,0.0
10,85,Medium,High,Yes,5,92,Medium,Yes,0,Low,High,Private,Positive,4,Yes,High School,Far,Female,65,91.0,5.0,Medio,2,4.0
19,93,High,High,No,8,80,Medium,Yes,1,Medium,Medium,Private,Neutral,3,No,College,Moderate,Male,71,131.8,5.5,Medio,4,1.5
19,77,Medium,Low,Yes,7,54,Low,Yes,2,Low,Medium,Private,Positive,4,No,High School,Near,Female,64,122.19999999999999,4.0,Medio,2,1.5
24,86,Medium,High,Yes,9,69,High,Yes,1,Medium,High,Public,Neutral,3,No,Postgraduate,Near,Male,72,147.6,5.5,Medio,2,0.0
20,98,Low,Low,No,7,78,Low,Yes,4,High,High,Public,Neutral,2,No,High School,Far,Male,69,138.8,5.0,Medio,3,-1.0
24,94,Medium,Medium,No,7,63,Medium,Yes,1,Low,High,Public,Neutral,3,No,High School,Near,Male,70,152.4,4.5,Medio,1,-2.0
24,77,Medium,Medium,Yes,6,52,Medium,Yes,0,Medium,Medium,Private,Negative,4,No,High School,Near,Male,66,142.2,4.0,Medio,4,-2.0
33,86,Medium,Medium,No,9,69,Medium,No,0,Medium,Medium,Public,Neutral,3,No,College,Near,Female,70,183.6,2.0,Medio,2,-4.5
18,67,High,Low,No,4,73,Low,Yes,0,Medium,Medium,Private,Neutral,2,No,Postgraduate,Moderate,Male,62,112.19999999999999,3.0,Medio,4,-3.0
14,82,Low,Medium,Yes,8,95,Medium,Yes,1,Low,Medium,Private,Neutral,3,No,Postgraduate,Moderate,Male,66,105.19999999999999,4.5,Medio,2,4.0
21,99,High,Low,No,7,95,Low,Yes,2,Low,Medium,Public,Negative,1,No,High School,Near,Female,70,143.4,4.0,Medio,1,-2.5
15,81,Low,Low,Yes,7,75,Low,Yes,1,Medium,High,Public,Negative,1,No,Postgraduate,Moderate,Male,63,108.6,3.5,Medio,2,0.5
29,97,High,Medium,Yes,7,74,Medium,Yes,1,Medium,Low,Public,Positive,4,Yes,High School,Near,Female,73,174.2,4.5,Medio,2,-3.5
18,76,Medium,High,Yes,7,82,High,Yes,2,Medium,High,Public,Neutral,4,No,Postgraduate,Near,Female,70,117.6,6.0,Medio,2,2.0
17,100,High,High,No,8,63,Low,Yes,1,Low,Medium,Private,Positive,5,No,High School,Near,Male,71,128.0,5.5,Medio,2,4.5
17,83,Low,Medium,No,6,64,Medium,Yes,1,Medium,Medium,Private,Positive,4,No,High School,Near,Female,65,117.8,4.5,Medio,4,1.5
24,62,Medium,Low,Yes,7,50,Medium,Yes,1,High,High,Private,Negative,2,No,Postgraduate,Near,Male,64,133.2,3.5,Medio,6,-3.0
19,83,High,Low,Yes,8,54,Medium,Yes,1,Low,Medium,Private,Positive,4,No,High School,Moderate,Male,66,125.8,3.5,Medio,2,2.5
30,61,Low,High,Yes,8,82,Low,Yes,2,Low,High,Public,Neutral,3,No,Postgraduate,Near,Female,68,156.6,6.0,Medio,1,-4.0
15,93,Medium,Medium,No,8,61,High,Yes,1,Medium,Medium,Public,Neutral,4,No,High School,Near,Female,67,115.8,4.5,Medio,2,4.5
20,71,Low,High,Yes,6,56,High,Yes,5,Medium,Medium,Private,Positive,5,No,College,Near,Male,68,122.6,7.5,Medio,4,1.0
24,92,Low,High,Yes,5,81,Medium,Yes,2,Low,Medium,Private,Negative,3,Yes,High School,Near,Male,69,151.2,6.0,Medio,2,-4.0
10,72,Medium,Medium,Yes,6,83,Medium,Yes,0,Medium,Medium,Public,Positive,4,No,High School,Near,Male,63,83.19999999999999,4.0,Medio,2,5.0
23,68,Medium,High,No,7,53,High,Yes,3,High,Medium,Public,Neutral,3,No,High School,Moderate,Female,66,132.8,6.5,Medio,3,-1.5
14,99,Medium,Medium,No,7,89,High,No,0,Medium,Medium,Private,Positive,2,No,Postgraduate,Far,Female,68,115.4,2.0,Medio,4,2.0
25,74,High,Medium,Yes,9,80,Medium,Yes,4,Medium,Medium,Public,Positive,3,No,College,Moderate,Female,71,144.4,6.0,Medio,2,-0.5
14,84,Medium,High,Yes,6,70,High,Yes,2,High,Medium,Public,Positive,3,No,College,Near,Female,69,106.4,6.0,Medio,3,2.0
24,84,Low,Medium,Yes,6,99,Medium,Yes,1,Medium,High,Public,Positive,2,No,Postgraduate,Far,Female,70,146.4,4.5,Medio,2,-4.0
27,82,Medium,Medium,No,8,51,High,Yes,3,High,Medium,Public,Neutral,2,No,College,Near,Male,70,157.2,5.5,Medio,3,-3.5
25,97,Medium,Medium,Yes,6,77,Low,Yes,1,Low,High,Private,Positive,4,No,Postgraduate,Near,Male,73,158.2,4.5,Medio,2,-2.5
22,87,Medium,High,Yes,6,58,Medium,Yes,0,Low,Medium,Private,Neutral,4,No,High School,Near,Female,68,140.2,5.0,Medio,2,-1.0
19,76,Medium,Low,Yes,6,66,Medium,Yes,1,High,Medium,Public,Positive,3,No,High School,Near,Male,65,121.6,3.5,Medio,3,-0.5
17,94,High,High,Yes,4,57,Medium,Yes,4,Medium,High,Public,Neutral,4,No,High School,Moderate,Male,72,124.4,7.0,Medio,2,-0.5
29,67,High,Low,Yes,8,83,Medium,Yes,2,Low,Medium,Private,Positive,4,Yes,High School,Near,Female,67,156.2,4.0,Medio,2,-2.5
16,82,Low,Medium,Yes,8,70,High,Yes,4,Low,High,Public,Neutral,4,No,College,Near,Female,68,113.19999999999999,6.0,Medio,1,4.0
14,98,Medium,Medium,Yes,8,99,Low,Yes,0,High,Medium,Public,Neutral,3,No,High School,Near,Male,69,114.8,4.0,Medio,3,4.0
24,85,Medium,Medium,Yes,10,83,Low,Yes,1,Medium,High,Public,Positive,4,No,College,Moderate,Female,70,147.0,4.5,Medio,2,2.0
15,93,High,Medium,Yes,9,96,Medium,Yes,1,Medium,Medium,Public,Negative,2,No,High School,Moderate,Female,69,115.8,4.5,Medio,2,3.5
14,86,High,High,Yes,6,62,Medium,Yes,1,Medium,Medium,Private,Positive,2,No,High School,Near,Male,68,107.6,5.5,Medio,4,1.0
11,94,Medium,Medium,No,9,66,Medium,No,2,Low,High,Private,Positive,2,No,High School,Moderate,Male,65,100.4,3.0,Medio,2,5.5
17,98,Medium,High,Yes,7,68,Medium,Yes,1,Low,Medium,Public,Positive,4,No,College,Moderate,Male,70,126.8,5.5,Medio,1,2.5
20,71,Medium,Low,Yes,6,92,High,Yes,1,Low,Medium,Private,Negative,4,No,College,Near,Male,65,122.6,3.5,Medio,2,0.0
21,67,Medium,Low,No,6,61,Medium,Yes,0,Low,Medium,Private,Positive,3,No,High School,Moderate,Female,61,124.19999999999999,3.0,Medio,2,-1.5
26,79,Medium,Low,No,7,97,Medium,Yes,1,High,Medium,Private,Positive,2,No,High School,Near,Male,69,151.4,3.5,Medio,6,-4.0
23,88,Medium,Low,Yes,7,52,Medium,Yes,0,Medium,Low,Public,Neutral,4,No,High School,Near,Male,67,144.8,3.0,Medio,2,-0.5
19,69,Medium,Medium,Yes,9,94,Medium,Yes,1,Low,High,Public,Positive,3,No,High School,Moderate,Male,65,117.4,4.5,Medio,1,2.5
19,60,Medium,Medium,No,8,73,High,Yes,3,Medium,Low,Private,Neutral,3,No,High School,Near,Male,63,112.0,5.5,Medio,4,1.5
23,74,Medium,High,Yes,6,76,Medium,Yes,0,Medium,High,Private,Negative,4,No,High School,Near,Male,67,136.4,5.0,Medio,4,-1.5
21,88,Medium,Medium,No,8,94,Medium,Yes,0,Medium,High,Public,Neutral,3,No,College,Near,Male,70,136.8,4.0,Medio,2,0.5
17,76,Medium,High,Yes,8,95,Low,Yes,1,Low,Medium,Private,Neutral,4,No,Postgraduate,Near,Female,67,113.6,5.5,Medio,2,3.5
14,68,High,High,Yes,9,79,Low,Yes,2,Low,Medium,Private,Positive,4,No,College,Near,Female,66,96.8,6.0,Medio,2,6.0
11,74,Medium,High,Yes,7,98,Low,Yes,1,Low,Medium,Public,Positive,2,No,High School,Near,Male,65,88.4,5.5,Medio,1,3.5
24,67,Low,High,No,8,84,High,Yes,0,Low,Medium,Public,Neutral,1,No,College,Near,Female,65,136.2,5.0,Medio,1,-3.0
23,64,Low,Medium,No,8,91,Medium,Yes,2,Low,Medium,Public,Negative,3,No,High School,Far,Female,63,130.4,5.0,Medio,1,-0.5
23,96,Medium,High,Yes,5,86,Medium,Yes,3,Medium,High,Public,Neutral,3,Yes,High School,Near,Male,74,149.6,6.5,Medio,2,-3.5
19,100,Low,High,Yes,7,89,High,Yes,2,High,Low,Private,Neutral,3,No,College,Moderate,Male,72,136.0,6.0,Medio,6,0.5
28,67,High,High,No,8,82,Low,Yes,1,High,Low,Public,Neutral,4,No,High School,Near,Female,68,152.2,5.5,Medio,3,-2.0
17,62,Medium,Low,No,8,86,High,Yes,2,Medium,Medium,Public,Neutral,4,No,High School,Moderate,Female,62,105.19999999999999,4.0,Medio,2,3.5
26,73,Low,High,No,7,72,Medium,Yes,1,Low,Low,Private,Neutral,3,No,College,Far,Male,65,147.8,5.5,Medio,2,-3.0
20,78,High,Medium,Yes,10,85,Medium,Yes,1,High,High,Private,Negative,3,No,High School,Near,Male,69,126.8,4.5,Medio,6,3.0
16,68,Medium,Low,Yes,10,64,Medium,Yes,2,High,Low,Public,Negative,2,No,High School,Moderate,Male,61,104.8,4.0,Medio,3,4.0
24,72,Medium,Medium,Yes,7,82,High,Yes,2,Medium,Medium,Private,Positive,4,No,High School,Far,Male,67,139.2,5.0,Medio,4,-1.0
22,68,Medium,High,No,7,76,Medium,Yes,1,Medium,Medium,Public,Positive,4,No,High School,Near,Male,66,128.8,5.5,Medio,2,0.0
22,91,Low,Medium,Yes,8,95,Medium,Yes,1,Low,High,Private,Neutral,2,No,High School,Near,Male,70,142.6,4.5,Medio,2,-1.0
20,89,Medium,High,No,7,84,Low,Yes,5,High,Medium,Public,Neutral,3,No,Postgraduate,Moderate,Male,72,133.4,7.5,Medio,3,0.0
20,85,High,Low,Yes,9,80,Medium,Yes,3,Low,Medium,Private,Neutral,3,No,Postgraduate,Moderate,Male,69,131.0,4.5,Medio,2,2.0
34,75,Low,Medium,Yes,5,66,Medium,Yes,0,Low,Medium,Private,Positive,3,No,High School,Near,Male,68,181.0,4.0,Medio,2,-9.0
27,96,Medium,Medium,No,7,93,Medium,Yes,2,Medium,Medium,Public,Neutral,2,No,College,Near,Male,74,165.6,5.0,Medio,2,-4.5
24,99,High,Medium,No,8,53,High,Yes,1,Low,Medium,Private,Neutral,3,Yes,High School,Near,Male,70,155.4,4.5,Medio,2,-1.0
21,67,Medium,Medium,Yes,9,95,High,Yes,1,Medium,Medium,Private,Positive,4,No,High School,Near,Male,67,124.19999999999999,4.5,Medio,4,2.5
26,69,Medium,Medium,Yes,5,83,Medium,Yes,4,Medium,High,Private,Neutral,2,No,High School,Moderate,Female,68,145.4,6.0,Medio,4,-6.0
23,81,High,Low,No,6,59,Medium,Yes,2,High,High,Private,Neutral,1,No,Postgraduate,Near,Female,69,140.6,4.0,Medio,6,-4.5
20,64,High,Low,No,4,95,Medium,Yes,4,Medium,Medium,Public,Neutral,4,No,High School,Near,Male,66,118.4,5.0,Medio,2,-2.0
18,77,Medium,Low,No,6,66,High,Yes,3,Medium,High,Public,Positive,3,No,College,Moderate,Male,66,118.19999999999999,4.5,Medio,2,0.0
20,83,High,High,Yes,5,58,Medium,Yes,1,Medium,Medium,Public,Neutral,3,No,High School,Near,Male,68,129.8,5.5,Medio,2,-2.0
1,81,Medium,Medium,Yes,8,66,Medium,Yes,1,Low,Medium,Public,Negative,2,No,College,Near,Male,60,52.6,4.5,Medio,1,9.5
21,73,High,Medium,No,7,98,High,Yes,0,High,High,Public,Positive,4,Yes,Postgraduate,Near,Male,69,127.8,4.0,Medio,3,0.5
17,82,High,Medium,No,7,88,Medium,Yes,1,Medium,Medium,Public,Negative,1,Yes,High School,Near,Male,66,117.19999999999999,4.5,Medio,2,-0.5
30,98,Medium,High,Yes,7,96,Medium,Yes,1,Medium,Medium,Private,Neutral,3,No,Postgraduate,Near,Female,77,178.8,5.5,Medio,4,-5.0
20,68,Medium,Low,No,9,65,Low,Yes,1,High,Medium,Public,Negative,5,No,College,Near,Male,63,120.8,3.5,Medio,3,4.0
13,86,Medium,Low,Yes,5,54,Medium,Yes,3,High,High,Public,Neutral,3,Yes,College,Near,Male,66,103.6,4.5,Medio,3,1.5
20,62,High,Medium,Yes,4,78,Medium,No,1,High,Medium,Private,Positive,4,No,High School,Moderate,Female,64,117.19999999999999,2.5,Medio,6,-2.0
14,63,High,High,No,8,74,Medium,Yes,1,Low,Medium,Private,Neutral,4,No,Postgraduate,Moderate,Female,63,93.8,5.5,Medio,2,5.0
23,82,Low,Medium,Yes,6,86,Medium,Yes,0,High,Medium,Public,Neutral,4,No,High School,Near,Male,68,141.2,4.0,Medio,3,-1.5
22,64,High,Medium,No,5,77,Medium,Yes,1,High,Medium,Private,Negative,2,No,College,Near,Male,65,126.4,4.5,Medio,6,-4.0
26,61,High,Medium,Yes,8,70,Low,Yes,1,Medium,Medium,Private,Neutral,4,Yes,Postgraduate,Moderate,Male,65,140.6,4.5,Medio,4,-1.0
15,67,High,High,Yes,4,50,Low,Yes,0,Medium,Medium,Public,Positive,1,No,College,Near,Male,64,100.19999999999999,5.0,Medio,2,-2.5
20,83,High,Medium,Yes,6,73,Medium,Yes,0,High,Medium,Public,Positive,3,No,College,Far,Male,68,129.8,4.0,Medio,3,-1.0
12,88,Low,Medium,Yes,4,56,Medium,Yes,0,Low,High,Private,Neutral,2,No,High School,Far,Male,62,100.8,4.0,Medio,2,0.0
24,68,Medium,Medium,Yes,7,96,Medium,Yes,1,Low,High,Public,Positive,3,No,High School,Near,Male,67,136.8,4.5,Medio,1,-2.0
23,87,High,High,Yes,9,96,High,Yes,1,Medium,Medium,Private,Positive,1,No,College,Near,Female,73,144.2,5.5,Medio,4,-1.5
23,67,High,High,Yes,6,90,Medium,Yes,2,High,Medium,Private,Positive,3,No,High School,Near,Female,69,132.2,6.0,Medio,6,-2.5
20,85,Medium,Medium,No,6,58,Low,Yes,0,Low,Medium,Private,Negative,2,No,Postgraduate,Near,Male,65,131.0,4.0,Medio,2,-2.0
22,76,Medium,Medium,Yes,10,57,Medium,Yes,1,Medium,High,Private,Neutral,3,No,High School,Far,Male,66,133.6,4.5,Medio,4,2.0
30,86,High,Medium,No,8,78,Medium,Yes,4,Medium,Low,Public,Positive,2,No,College,Far,Male,73,171.6,6.0,Medio,2,-5.0
18,100,High,Medium,Yes,10,86,Medium,Yes,1,Medium,Medium,Public,Neutral,3,No,High School,Near,Male,72,132.0,4.5,Medio,2,4.0
21,98,Medium,Medium,Yes,7,95,Low,Yes,3,High,Low,Public,Neutral,1,No,High School,Near,Male,72,142.8,5.5,Medio,3,-2.5
13,60,Low,High,Yes,7,95,Medium,Yes,1,Low,Medium,Private,Positive,1,No,High School,Near,Female,61,88.0,5.5,Medio,2,1.5
15,95,High,Medium,Yes,9,58,Low,Yes,2,Low,High,Private,Neutral,3,No,High School,Near,Female,69,117.0,5.0,Medio,2,4.5
21,63,High,Medium,No,7,100,Medium,Yes,1,High,Medium,Private,Neutral,2,No,Postgraduate,Moderate,Female,66,121.8,4.5,Medio,6,-1.5
27,98,High,High,No,7,58,Medium,Yes,1,High,Medium,Public,Positive,3,No,Postgraduate,Far,Female,74,166.8,5.5,Medio,3,-3.5
18,71,High,Low,Yes,4,92,Medium,Yes,1,Low,Medium,Public,Negative,4,Yes,College,Near,Female,64,114.6,3.5,Medio,1,-1.0
19,75,Medium,High,Yes,10,79,Medium,Yes,1,Medium,Medium,Public,Neutral,2,No,High School,Near,Female,66,121.0,5.5,Medio,2,2.5
18,64,High,Medium,Yes,8,84,Medium,No,2,Medium,Medium,Public,Neutral,3,No,College,Near,Female,64,110.4,3.0,Medio,2,2.0
17,64,High,High,No,7,80,Low,Yes,3,Medium,Medium,Private,Positive,4,No,High School,Near,Male,66,106.4,6.5,Medio,4,2.5
22,89,Medium,High,No,8,93,Medium,Yes,2,High,Low,Private,Neutral,5,No,High School,Near,Male,72,141.4,6.0,Medio,6,2.0
11,98,High,High,Yes,5,82,High,Yes,1,Medium,Medium,Private,Neutral,2,No,Postgraduate,Near,Male,71,102.8,5.5,Medio,4,1.5
28,84,High,Medium,Yes,6,92,Medium,Yes,1,Medium,Medium,Public,Negative,3,Yes,High School,Near,Female,70,162.4,4.5,Medio,2,-5.0
16,89,High,Medium,Yes,8,58,Low,Yes,2,Low,Medium,Public,Neutral,3,No,College,Moderate,Male,67,117.4,5.0,Medio,1,3.0
24,90,Medium,High,No,7,93,Low,Yes,1,Low,High,Public,Neutral,2,Yes,Postgraduate,Near,Male,71,150.0,5.5,Medio,1,-3.0
12,71,Medium,Low,No,8,100,Medium,Yes,2,High,Medium,Public,Neutral,3,Yes,College,Near,Male,63,90.6,4.0,Medio,3,5.0
24,62,Medium,High,No,7,83,Low,Yes,1,Medium,Low,Public,Neutral,2,No,College,Moderate,Female,64,133.2,5.5,Medio,2,-3.0
24,60,Medium,Medium,Yes,8,99,Medium,Yes,2,Low,Low,Public,Neutral,1,No,High School,Moderate,Male,64,132.0,5.0,Medio,1,-3.0
22,74,Medium,Low,No,5,61,Medium,Yes,1,Low,Medium,Public,Positive,3,No,Postgraduate,Near,Female,65,132.4,3.5,Medio,1,-3.0
14,70,Medium,Medium,Yes,9,91,High,Yes,2,Medium,Medium,Public,Neutral,4,No,High School,Near,Female,65,98.0,5.0,Medio,2,6.0
21,62,Medium,Low,No,6,58,Medium,Yes,2,Low,High,Private,Neutral,3,No,College,Moderate,Female,62,121.19999999999999,4.0,Medio,2,-1.5
13,67,High,High,Yes,7,76,Medium,Yes,2,Low,Medium,Private,Neutral,5,No,High School,Near,Male,65,92.19999999999999,6.0,Medio,2,5.5
18,65,Medium,High,No,6,83,Low,Yes,1,Medium,High,Private,Neutral,2,No,High School,Near,Male,64,111.0,5.5,Medio,4,-1.0
26,97,Medium,Medium,Yes,7,83,Low,Yes,2,Low,Medium,Public,Positive,3,No,Postgraduate,Near,Male,74,162.2,5.0,Medio,1,-3.0
25,66,Medium,High,Yes,7,84,Low,Yes,2,High,Medium,Public,Positive,1,No,High School,Near,Male,67,139.6,6.0,Medio,3,-4.5
20,82,Low,Medium,No,8,66,Low,Yes,0,High,Medium,Public,Positive,2,No,Postgraduate,Near,Male,66,129.2,4.0,Medio,3,0.0
14,84,High,High,No,8,99,Medium,No,3,Medium,High,Public,Neutral,4,No,Postgraduate,Near,Female,70,106.4,4.5,Medio,2,5.0
24,82,Medium,High,No,8,50,Medium,Yes,0,Medium,Medium,Public,Positive,2,No,Postgraduate,Moderate,Male,68,145.2,5.0,Medio,2,-2.0
20,64,Medium,Medium,No,6,81,Medium,Yes,0,High,High,Public,Positive,1,No,High School,Moderate,Female,64,118.4,4.0,Medio,3,-3.0
6,73,Medium,Medium,No,8,93,Low,Yes,0,Low,Medium,Private,Neutral,1,Yes,High School,Far,Female,58,67.8,4.0,Bajo,2,6.0
25,62,Medium,Medium,Yes,7,95,Low,Yes,1,High,Medium,Public,Neutral,4,Yes,College,Near,Male,65,137.2,4.5,Medio,3,-1.5
20,76,Medium,High,Yes,7,86,Medium,Yes,2,Medium,Medium,Public,Negative,5,No,High School,Near,Female,68,125.6,6.0,Medio,2,2.0
27,68,Low,Medium,No,8,79,Medium,Yes,2,Low,High,Private,Negative,1,Yes,Postgraduate,Moderate,Female,64,148.8,5.0,Medio,2,-4.5
13,82,Medium,High,No,5,73,Low,Yes,4,Low,Medium,Public,Negative,4,No,High School,Near,Male,66,101.19999999999999,7.0,Medio,1,2.5
22,81,High,Medium,Yes,9,71,Medium,Yes,2,High,Low,Public,Negative,4,No,High School,Near,Male,69,136.6,5.0,Medio,3,2.0
22,77,Medium,High,No,7,85,Low,Yes,2,Low,Medium,Public,Neutral,2,No,College,Near,Male,68,134.2,6.0,Medio,1,-2.0
10,75,Medium,Medium,No,8,87,Low,Yes,2,Medium,Medium,Public,Positive,4,Yes,High School,Near,Female,63,85.0,5.0,Medio,2,7.0
14,94,Low,Medium,Yes,6,76,Medium,No,0,Low,Low,Public,Neutral,3,No,High School,Near,Male,64,112.4,2.0,Medio,1,2.0
37,69,Medium,High,Yes,9,87,Medium,No,1,Low,Medium,Public,Negative,2,No,College,Far,Female,68,189.4,3.5,Medio,1,-7.5
18,89,Medium,Low,No,8,76,High,Yes,0,Low,Medium,Public,Positive,2,No,High School,Near,Male,67,125.4,3.0,Medio,1,1.0
24,90,Low,Medium,Yes,7,55,Medium,Yes,1,High,Medium,Public,Negative,2,No,Postgraduate,Far,Male,68,150.0,4.5,Medio,3,-3.0
16,77,Medium,Medium,Yes,7,93,Medium,Yes,1,Low,Medium,Public,Positive,2,No,High School,Moderate,Male,66,110.19999999999999,4.5,Medio,1,1.0
7,72,Medium,Medium,Yes,4,94,Medium,Yes,4,Medium,Medium,Private,Positive,4,No,Postgraduate,Near,Male,66,71.19999999999999,6.0,Medio,4,4.5
19,79,Medium,High,Yes,8,63,Medium,Yes,4,Low,High,Public,Neutral,2,No,High School,Moderate,Male,68,123.4,7.0,Medio,1,0.5
18,64,Medium,High,Yes,9,89,Low,Yes,1,Medium,High,Private,Neutral,3,No,High School,Moderate,Male,64,110.4,5.5,Medio,4,3.0
18,62,High,Medium,Yes,7,76,Medium,Yes,2,Medium,Medium,Private,Negative,3,Yes,College,Near,Female,63,109.19999999999999,5.0,Medio,4,1.0
19,64,Medium,Medium,Yes,7,56,Medium,Yes,0,Low,Medium,Private,Neutral,4,No,High School,Near,Female,62,114.4,4.0,Medio,2,1.5
22,67,Medium,High,No,7,70,High,Yes,2,Low,Medium,Private,Positive,2,No,High School,Near,Male,66,128.2,6.0,Medio,2,-2.0
19,80,High,Medium,Yes,9,54,Medium,Yes,0,Low,Medium,Public,Negative,2,No,Postgraduate,Moderate,Male,65,124.0,4.0,Medio,1,1.5
12,94,Medium,Low,Yes,9,89,Medium,Yes,1,Low,Low,Private,Negative,3,No,High School,Near,Male,66,104.4,3.5,Medio,2,6.0
23,69,Medium,High,Yes,6,60,Medium,Yes,2,Low,High,Private,Negative,4,No,High School,Near,Male,66,133.4,6.0,Medio,2,-1.5
8,97,Medium,High,Yes,8,58,High,Yes,2,High,Medium,Public,Neutral,2,No,College,Near,Female,69,90.19999999999999,6.0,Medio,3,6.0
8,98,Low,Medium,Yes,7,60,Medium,Yes,1,High,High,Private,Negative,3,No,Postgraduate,Near,Female,67,90.8,4.5,Medio,6,6.0
23,94,High,Medium,Yes,6,84,High,Yes,0,Low,High,Public,Neutral,3,No,Postgraduate,Near,Male,73,148.4,4.0,Medio,1,-2.5
20,75,Medium,Medium,Yes,9,82,High,Yes,0,Low,Low,Public,Positive,5,No,College,Moderate,Female,66,125.0,4.0,Medio,1,4.0
12,63,Medium,Medium,No,8,56,Low,Yes,4,Medium,Medium,Public,Positive,4,No,College,Moderate,Male,61,85.8,6.0,Medio,2,6.0
16,83,Medium,Medium,Yes,9,86,Medium,Yes,5,Low,High,Private,Negative,4,No,High School,Moderate,Female,68,113.8,6.5,Medio,2,5.0
18,82,Medium,Medium,Yes,5,67,High,No,1,Medium,High,Public,Neutral,4,No,College,Near,Male,67,121.19999999999999,2.5,Medio,2,0.0
10,94,Medium,High,No,5,73,Medium,Yes,1,Medium,Medium,Public,Negative,3,No,High School,Moderate,Male,66,96.4,5.5,Medio,2,3.0
16,100,Medium,High,No,10,56,Medium,Yes,1,High,Medium,Public,Neutral,2,No,High School,Near,Female,69,124.0,5.5,Medio,3,4.0
24,80,Medium,Medium,No,9,85,Low,Yes,3,Low,Medium,Public,Positive,4,No,High School,Near,Male,69,144.0,5.5,Medio,1,1.0
29,74,Medium,High,Yes,6,69,Medium,Yes,1,Low,High,Private,Negative,1,No,College,Far,Female,67,160.4,5.5,Medio,2,-7.5
17,67,High,Medium,No,8,82,Medium,Yes,0,Medium,Medium,Public,Positive,4,No,High School,Near,Female,65,108.19999999999999,4.0,Medio,2,3.5
25,60,Medium,Low,No,6,71,Low,Yes,2,High,Medium,Public,Positive,2,No,High School,Near,Male,63,136.0,4.0,Medio,3,-4.5
9,80,Medium,Low,Yes,4,52,Low,Yes,1,High,Medium,Public,Positive,2,No,Postgraduate,Near,Female,63,84.0,3.5,Medio,3,1.5
24,82,Medium,Medium,No,4,85,Low,No,1,Low,Medium,Public,Negative,2,No,High School,Near,Male,66,145.2,2.5,Medio,1,-6.0
15,93,Medium,Medium,Yes,7,78,Low,Yes,0,Medium,Medium,Public,Negative,4,No,High School,Moderate,Male,66,115.8,4.0,Medio,2,3.5
22,80,Medium,High,Yes,9,72,Low,Yes,2,Medium,Medium,Public,Neutral,4,No,College,Near,Female,69,136.0,6.0,Medio,2,2.0
19,97,High,Medium,Yes,9,60,High,Yes,3,Medium,Medium,Public,Negative,4,No,Postgraduate,Moderate,Female,72,134.2,5.5,Medio,2,3.5
28,85,Medium,Medium,Yes,9,81,Low,Yes,2,Low,Medium,Public,Neutral,3,No,High School,Near,Male,70,163.0,5.0,Medio,1,-2.0
15,94,Medium,High,Yes,8,64,Medium,Yes,2,Low,Medium,Public,Negative,1,No,College,Near,Male,68,116.4,6.0,Medio,1,1.5
24,66,High,Medium,Yes,7,71,Low,Yes,1,Low,High,Public,Neutral,3,No,High School,Near,Male,66,135.6,4.5,Medio,1,-2.0
18,94,Low,Medium,Yes,9,53,Medium,Yes,3,Low,Medium,Public,Negative,3,No,College,Moderate,Female,67,128.4,5.5,Medio,1,3.0
19,87,High,Medium,No,4,89,Medium,Yes,0,Low,Low,Public,Positive,5,Yes,Postgraduate,Moderate,Female,68,128.2,4.0,Medio,1,-0.5
19,67,Medium,Low,Yes,8,55,Medium,No,0,Medium,High,Private,Positive,4,No,High School,Near,Male,62,116.19999999999999,1.0,Medio,4,2.5
15,68,Medium,High,No,5,95,High,Yes,1,Medium,Medium,Private,Positive,2,Yes,College,Near,Female,64,100.8,5.5,Medio,4,-0.5
20,97,High,Low,Yes,6,93,Low,Yes,1,High,High,Public,Positive,1,No,College,Far,Male,71,138.2,3.5,Medio,3,-3.0
20,61,High,Medium,No,8,99,Medium,Yes,0,Medium,High,Public,Neutral,4,No,College,Near,Male,65,116.6,4.0,Medio,2,2.0
21,79,Medium,Medium,Yes,8,95,High,Yes,0,Medium,Medium,Public,Neutral,2,No,Postgraduate,Near,Female,69,131.4,4.0,Medio,2,-0.5
21,73,Medium,Medium,No,6,99,Medium,No,1,Low,Medium,Public,Neutral,5,No,High School,Near,Male,65,127.8,2.5,Medio,1,0.5
25,87,Medium,Medium,No,8,94,High,Yes,0,Medium,High,Public,Positive,4,No,High School,Near,Male,71,152.2,4.0,Medio,2,-0.5
26,94,Low,Medium,No,8,56,Low,Yes,1,High,Medium,Public,Negative,2,No,College,Near,Female,69,160.4,4.5,Medio,3,-3.0
14,74,High,Medium,Yes,7,72,High,No,2,Medium,Medium,Private,Negative,3,No,College,Near,Male,65,100.4,3.0,Medio,4,3.0
25,77,Low,Medium,Yes,7,54,Medium,Yes,2,Medium,Medium,Public,Neutral,1,No,College,Moderate,Male,66,146.2,5.0,Medio,2,-4.5
13,99,Medium,Medium,Yes,10,77,Low,Yes,0,Medium,High,Private,Negative,3,No,College,Moderate,Female,68,111.4,4.0,Medio,4,6.5
24,91,High,High,Yes,7,76,Medium,Yes,0,Medium,Medium,Private,Positive,2,No,High School,Moderate,Female,72,150.6,5.0,Medio,4,-3.0
24,96,High,High,Yes,7,96,Medium,Yes,1,Medium,Medium,Public,Negative,3,No,High School,Near,Female,74,153.6,5.5,Medio,2,-2.0
9,78,Medium,Medium,No,7,98,Low,Yes,3,Low,Medium,Public,Positive,2,No,High School,Near,Male,64,82.8,5.5,Medio,1,4.5
21,69,High,Low,Yes,7,63,Medium,Yes,0,Medium,Medium,Public,Positive,3,No,High School,Moderate,Male,64,125.4,3.0,Medio,2,-0.5
17,76,Medium,Medium,Yes,8,79,Low,No,1,Low,Medium,Public,Neutral,4,Yes,Postgraduate,Far,Female,63,113.6,2.5,Medio,1,3.5
15,89,High,Low,No,9,73,High,Yes,2,Low,Low,Private,Neutral,2,No,High School,Near,Male,66,113.4,4.0,Medio,2,3.5
28,64,Medium,Medium,Yes,7,77,Medium,Yes,1,High,Medium,Public,Positive,2,No,High School,Near,Male,67,150.4,4.5,Medio,3,-5.0
16,71,High,Low,Yes,6,77,Low,Yes,4,Medium,Medium,Public,Neutral,5,Yes,College,Moderate,Male,64,106.6,5.0,Medio,2,3.0
15,62,Low,High,No,10,96,Low,Yes,0,Medium,High,Private,Positive,4,No,High School,Far,Male,62,97.19999999999999,5.0,Medio,4,6.5
20,77,Medium,Low,Yes,7,95,High,Yes,0,Medium,Medium,Public,Positive,1,No,High School,Far,Male,66,126.19999999999999,3.0,Medio,2,-2.0
24,93,Medium,High,No,4,56,Low,Yes,4,Low,High,Public,Negative,2,No,Postgraduate,Moderate,Female,71,151.8,7.0,Medio,1,-6.0
19,61,High,Low,Yes,10,67,Low,No,1,Medium,Medium,Public,Positive,6,No,Postgraduate,Near,Female,63,112.6,1.5,Medio,2,6.5
27,87,High,Medium,Yes,9,88,Medium,Yes,1,Low,High,Public,Positive,4,Yes,College,Near,Male,72,160.2,4.5,Medio,1,-0.5
23,97,Medium,High,No,9,84,Low,Yes,1,High,Medium,Public,Positive,3,Yes,High School,Far,Female,71,150.2,5.5,Medio,3,0.5
7,69,Low,Medium,No,9,82,Low,Yes,1,Medium,High,Private,Positive,3,No,Postgraduate,Near,Female,61,69.4,4.5,Medio,4,8.5
17,88,Medium,High,Yes,10,100,Medium,Yes,1,Low,High,Public,Positive,2,No,Postgraduate,Near,Female,71,120.8,5.5,Medio,1,3.5
17,99,Medium,Medium,No,5,67,Low,Yes,2,Medium,Medium,Private,Neutral,4,No,Postgraduate,Far,Male,69,127.4,5.0,Medio,4,0.5
23,98,Medium,High,Yes,6,76,Low,Yes,3,Low,High,Public,Positive,3,No,High School,Near,Male,74,150.8,6.5,Medio,1,-2.5
4,69,Medium,High,Yes,6,99,Medium,Yes,0,Medium,High,Public,Neutral,2,No,High School,Moderate,Male,61,57.4,5.0,Medio,2,6.0
35,64,Medium,Low,No,6,85,High,Yes,2,Medium,High,Private,Neutral,2,No,High School,Moderate,Male,68,178.4,4.0,Medio,4,-9.5
23,66,Medium,High,Yes,7,82,High,Yes,1,Medium,Medium,Public,Positive,2,No,High School,Near,Male,67,131.6,5.5,Medio,2,-2.5
21,88,High,Low,No,6,58,Medium,Yes,3,High,Medium,Private,Neutral,4,No,College,Near,Male,70,136.8,4.5,Medio,6,-0.5
27,89,Medium,Medium,No,5,62,Medium,Yes,0,Low,Medium,Public,Neutral,3,No,High School,Near,Male,69,161.4,4.0,Medio,1,-5.5
34,87,Medium,Low,No,6,69,High,Yes,3,Low,Medium,Private,Neutral,2,No,College,Moderate,Male,72,188.2,4.5,Medio,2,-9.0
25,73,Medium,Low,Yes,7,73,Medium,Yes,1,Medium,Medium,Public,Positive,2,No,High School,Near,Male,66,143.8,3.5,Medio,2,-3.5
26,67,Medium,Medium,No,9,75,Medium,Yes,2,Medium,Medium,Public,Positive,3,No,High School,Near,Male,67,144.2,5.0,Medio,2,-1.0
21,83,Medium,Medium,No,6,95,High,Yes,4,High,High,Public,Neutral,2,No,High School,Far,Female,70,133.8,6.0,Medio,3,-2.5
19,79,Medium,High,Yes,8,55,Medium,Yes,3,Medium,Medium,Private,Neutral,4,Yes,Postgraduate,Near,Male,68,123.4,6.5,Medio,4,2.5
17,89,Low,Medium,Yes,5,62,High,Yes,2,Medium,Medium,Private,Positive,2,No,College,Near,Female,68,121.4,5.0,Medio,4,-1.5
15,78,Medium,High,No,4,57,High,Yes,2,Medium,High,Public,Negative,2,No,High School,Near,Female,65,106.8,6.0,Medio,2,-1.5
16,74,Medium,Low,Yes,7,87,Medium,Yes,0,Low,Low,Public,Positive,3,No,College,Near,Female,63,108.4,3.0,Medio,1,2.0
12,72,Low,Low,Yes,6,99,High,Yes,0,Low,Medium,Public,Positive,4,No,College,Far,Female,62,91.19999999999999,3.0,Medio,1,4.0
20,68,Medium,High,Yes,6,95,Medium,Yes,0,Low,Medium,Public,Positive,4,No,High School,Near,Female,66,120.8,5.0,Medio,1,0.0
10,71,Medium,High,Yes,6,86,Medium,Yes,1,Medium,Low,Public,Negative,2,Yes,Postgraduate,Near,Male,62,82.6,5.5,Medio,2,3.0
21,64,Low,High,Yes,6,51,Low,Yes,0,High,Low,Public,Negative,3,No,College,Moderate,Female,61,122.4,5.0,Medio,3,-1.5
20,74,Low,Medium,Yes,6,67,High,Yes,0,Medium,Medium,Private,Negative,4,Yes,College,Moderate,Female,63,124.4,4.0,Medio,4,0.0
21,61,Medium,Medium,Yes,6,93,Low,Yes,3,Medium,High,Private,Neutral,3,No,High School,Near,Female,65,120.6,5.5,Medio,4,-1.5
17,67,High,Low,No,5,83,High,Yes,3,Low,Medium,Public,Positive,3,No,High School,Moderate,Male,64,108.19999999999999,4.5,Medio,1,-0.5
38,90,High,Medium,Yes,4,60,Low,Yes,2,Low,Medium,Public,Neutral,4,No,College,Moderate,Male,74,206.0,5.0,Medio,1,-11.0
28,73,Low,Medium,Yes,4,73,Medium,Yes,2,High,High,Public,Positive,2,No,Postgraduate,Near,Female,70,155.8,5.0,Medio,3,-8.0
13,87,Low,Medium,No,10,54,Low,Yes,2,Low,Medium,Public,Positive,2,No,High School,Moderate,Female,63,104.19999999999999,5.0,Medio,1,5.5
21,89,Low,Medium,No,7,76,Medium,Yes,3,High,Medium,Public,Positive,2,No,High School,Far,Female,68,137.4,5.5,Medio,3,-1.5
16,83,Medium,High,Yes,9,95,Medium,Yes,2,Low,High,Public,Neutral,2,No,College,Near,Male,69,113.8,6.0,Medio,1,3.0
14,98,Medium,High,Yes,7,52,High,Yes,1,Medium,High,Private,Negative,4,No,High School,Moderate,Male,70,114.8,5.5,Medio,4,4.0
12,61,Medium,Medium,Yes,7,81,Medium,Yes,2,High,Medium,Public,Neutral,3,No,College,Far,Male,62,84.6,5.0,Medio,3,4.0
23,90,High,Medium,Yes,7,62,Medium,Yes,3,Medium,Low,Private,Positive,2,No,Postgraduate,Moderate,Male,71,146.0,5.5,Medio,4,-2.5
16,98,Medium,Low,No,8,100,Low,Yes,2,Low,Medium,Public,Neutral,1,No,High School,Near,Male,69,122.8,4.0,Medio,1,1.0
26,94,High,Low,Yes,5,53,Low,Yes,0,Low,High,Public,Neutral,2,No,High School,Near,Male,69,160.4,3.0,Medio,1,-6.0
26,67,Low,High,Yes,6,81,High,Yes,4,Low,High,Public,Neutral,3,Yes,College,Near,Male,68,144.2,7.0,Medio,1,-4.0
28,73,Low,Medium,Yes,7,63,Low,Yes,0,Low,Medium,Public,Positive,2,No,High School,Near,Male,65,155.8,4.0,Medio,1,-5.0
15,67,Medium,High,Yes,4,94,High,Yes,1,Medium,Medium,Private,Positive,5,No,High School,Far,Male,65,100.19999999999999,5.5,Medio,4,1.5
23,84,Low,Low,Yes,9,56,Low,No,1,Medium,High,Public,Positive,4,No,High School,Near,Female,65,142.4,1.5,Medio,2,1.5
24,88,High,High,No,9,71,Medium,Yes,2,High,High,Public,Negative,3,No,High School,Near,Female,72,148.8,6.0,Medio,3,0.0
17,73,Medium,Low,No,4,59,High,Yes,2,Low,High,Private,Negative,4,No,High School,Moderate,Female,63,111.8,4.0,Medio,2,-0.5
15,82,Medium,High,Yes,6,90,High,No,2,High,Medium,Public,Positive,2,No,High School,Near,Male,68,109.19999999999999,4.0,Medio,3,0.5
30,88,Medium,Medium,Yes,7,68,Low,Yes,1,Medium,High,Public,Positive,3,No,College,Near,Female,72,172.8,4.5,Medio,2,-5.0
21,77,Medium,Low,Yes,8,59,Medium,Yes,3,Low,Medium,Private,Positive,2,No,High School,Near,Male,66,130.2,4.5,Medio,2,-0.5
24,94,Low,Medium,No,9,86,High,Yes,2,Low,Medium,Public,Neutral,3,No,College,Near,Female,71,152.4,5.0,Medio,1,0.0
15,91,Medium,Low,Yes,6,91,Low,Yes,0,Medium,Medium,Public,Positive,3,No,College,Moderate,Female,67,114.6,3.0,Medio,2,1.5
13,63,Medium,Medium,No,10,73,Low,Yes,2,Low,High,Public,Negative,3,No,Postgraduate,Moderate,Male,61,89.8,5.0,Medio,1,6.5
17,85,High,High,Yes,7,69,Medium,Yes,4,Low,High,Private,Neutral,2,No,High School,Near,Female,70,119.0,7.0,Medio,2,0.5
19,69,Medium,Medium,Yes,7,82,Low,No,2,Low,Medium,Public,Neutral,3,No,College,Near,Male,64,117.4,3.0,Medio,1,0.5
14,82,Medium,Medium,Yes,8,83,Medium,Yes,0,Medium,Medium,Public,Negative,2,No,High School,Moderate,Male,64,105.19999999999999,4.0,Medio,2,3.0
20,98,Low,High,Yes,7,83,Medium,No,0,Low,Medium,Public,Neutral,3,No,High School,Far,Female,68,138.8,3.0,Medio,1,0.0
10,95,High,Medium,No,7,64,High,Yes,4,Low,Medium,Private,Positive,3,No,Postgraduate,Near,Male,70,97.0,6.0,Medio,2,5.0
13,76,Low,Medium,Yes,10,97,High,Yes,4,Low,Low,Public,Neutral,3,No,College,Moderate,Male,65,97.6,6.0,Medio,1,6.5
24,72,High,High,No,7,61,Medium,Yes,3,Low,Medium,Private,Neutral,2,No,High School,Near,Female,67,139.2,6.5,Medio,2,-3.0
24,69,Medium,Low,Yes,6,69,Medium,Yes,0,Low,High,Private,Neutral,4,No,College,Near,Male,65,137.4,3.0,Medio,2,-2.0
18,81,Low,Medium,Yes,6,64,Medium,Yes,1,Medium,Medium,Public,Positive,4,No,High School,Moderate,Female,65,120.6,4.5,Medio,2,1.0
14,65,Medium,High,Yes,9,97,Low,Yes,3,Low,High,Public,Positive,4,No,High School,Near,Female,65,95.0,6.5,Medio,1,6.0
14,82,High,Low,Yes,8,91,High,Yes,1,Low,Medium,Public,Negative,2,No,High School,Near,Male,66,105.19999999999999,3.5,Medio,1,3.0
18,60,Medium,High,No,5,91,Low,Yes,2,Low,Medium,Public,Negative,4,Yes,High School,Near,Male,62,108.0,6.0,Medio,1,0.0
24,73,Medium,Medium,Yes,5,50,Low,Yes,1,Low,Medium,Public,Negative,2,No,High School,Near,Male,63,139.8,4.5,Medio,1,-5.0
26,69,Low,Low,Yes,7,84,Medium,Yes,0,Medium,Medium,Private,Neutral,3,Yes,High School,Moderate,Male,63,145.4,3.0,Medio,4,-3.0
17,99,Medium,Medium,Yes,8,62,Medium,Yes,3,Medium,Medium,Private,Neutral,3,No,High School,Near,Male,70,127.4,5.5,Medio,4,2.5
13,89,Low,High,Yes,6,98,Medium,Yes,0,Medium,Medium,Private,Negative,4,No,High School,Near,Male,67,105.4,5.0,Medio,4,3.5
22,74,High,High,No,4,77,Low,Yes,0,High,Medium,Private,Negative,3,Yes,High School,Near,Male,66,132.4,5.0,Medio,6,-4.0
15,64,High,Medium,No,5,78,Medium,Yes,2,Low,Medium,Public,Positive,2,No,High School,Moderate,Male,63,98.4,5.0,Medio,1,-0.5
17,81,High,Low,Yes,9,68,High,Yes,1,Low,Low,Private,Positive,3,No,College,Near,Female,66,116.6,3.5,Medio,2,3.5
28,69,Low,Medium,No,8,77,Medium,Yes,3,Medium,Medium,Public,Neutral,4,No,College,Moderate,Female,67,153.4,5.5,Medio,2,-2.0
25,81,Medium,Medium,No,9,87,Low,Yes,1,Low,High,Private,Negative,1,No,Postgraduate,Moderate,Female,68,148.6,4.5,Medio,2,-2.5
21,93,Low,High,Yes,9,78,Low,Yes,1,Medium,Low,Public,Neutral,2,Yes,High School,Far,Male,67,139.8,5.5,Medio,2,0.5
12,85,Medium,High,Yes,6,82,Medium,Yes,1,High,Medium,Public,Neutral,2,No,High School,Far,Male,66,99.0,5.5,Medio,3,2.0
21,85,High,High,Yes,6,74,Medium,Yes,2,Medium,Medium,Public,Neutral,4,No,High School,Near,Female,71,135.0,6.0,Medio,2,-0.5
26,82,Medium,Medium,Yes,7,86,Medium,Yes,0,Low,High,Public,Neutral,2,Yes,Postgraduate,Near,Male,69,153.2,4.0,Medio,1,-4.0
18,97,High,Low,Yes,8,95,High,Yes,1,Medium,Medium,Public,Positive,2,No,Postgraduate,Moderate,Male,72,130.2,3.5,Medio,2,1.0
28,97,High,Low,Yes,9,53,Low,Yes,0,Low,Medium,Private,Negative,3,No,College,Moderate,Female,70,170.2,3.0,Medio,2,-2.0
28,81,Medium,Medium,Yes,10,55,Medium,Yes,2,Medium,Low,Private,Neutral,3,No,High School,Near,Male,68,160.6,5.0,Medio,4,-1.0
30,72,Medium,Medium,No,8,84,Medium,Yes,1,Low,High,Private,Positive,1,No,High School,Near,Male,68,163.2,4.5,Medio,2,-6.0
22,78,Low,High,Yes,8,69,High,Yes,2,Low,Medium,Public,Negative,2,No,High School,Near,Female,67,134.8,6.0,Medio,1,-1.0
24,67,Medium,Medium,No,10,64,Low,Yes,1,Low,Medium,Public,Positive,2,Yes,College,Far,Female,62,136.2,4.5,Medio,1,0.0
28,85,Medium,Low,No,7,59,Low,Yes,1,Low,Medium,Public,Neutral,3,No,Postgraduate,Far,Male,67,163.0,3.5,Medio,1,-4.0
23,80,High,Medium,No,9,79,Medium,Yes,1,Medium,High,Public,Negative,2,No,Postgraduate,Near,Male,69,140.0,4.5,Medio,2,-0.5
17,64,Medium,High,Yes,8,67,Medium,Yes,3,Low,Medium,Public,Negative,3,No,College,Near,Male,64,106.4,6.5,Medio,1,2.5
17,68,Medium,High,Yes,8,75,Medium,Yes,2,Low,High,Private,Positive,3,No,College,Near,Female,66,108.8,6.0,Medio,2,2.5
21,79,High,Low,Yes,7,98,High,Yes,2,Low,Medium,Public,Positive,1,No,High School,Near,Male,69,131.4,4.0,Medio,1,-2.5
12,96,High,High,No,5,88,High,Yes,0,Medium,Medium,Private,Positive,2,No,College,Moderate,Female,70,105.6,5.0,Medio,4,1.0
19,83,High,Medium,No,8,90,Low,Yes,3,Low,Medium,Public,Positive,3,No,College,Moderate,Female,69,125.8,5.5,Medio,1,1.5
27,87,Medium,Medium,Yes,8,56,Medium,Yes,3,Medium,High,Public,Neutral,3,No,Postgraduate,Near,Male,72,160.2,5.5,Medio,2,-2.5
7,74,Medium,Medium,Yes,6,66,Low,Yes,1,Low,High,Private,Positive,2,No,High School,Near,Female,61,72.4,4.5,Medio,2,4.5
29,83,Medium,Medium,No,7,55,High,Yes,2,Low,Low,Private,Negative,4,No,High School,Near,Female,68,165.8,5.0,Medio,2,-3.5
27,78,Medium,Medium,No,6,98,Low,Yes,1,Medium,Medium,Public,Positive,3,No,High School,Far,Male,68,154.8,4.5,Medio,2,-4.5
17,86,Low,Medium,No,6,84,High,Yes,0,Medium,Medium,Private,Neutral,3,No,High School,Near,Female,66,119.6,4.0,Medio,4,0.5
23,62,Medium,Medium,No,6,51,Medium,Yes,5,High,Medium,Public,Negative,2,No,College,Near,Male,65,129.2,6.5,Medio,3,-3.5
20,80,High,Low,Yes,5,74,Medium,Yes,2,Low,Low,Public,Negative,4,No,College,Moderate,Female,66,128.0,4.0,Medio,1,-1.0
27,72,Medium,Medium,No,6,63,Medium,Yes,1,High,Medium,Private,Negative,5,No,College,Moderate,Female,67,151.2,4.5,Medio,6,-2.5
26,73,Medium,High,No,8,77,Medium,Yes,0,Medium,High,Private,Positive,2,No,College,Far,Male,68,147.8,5.0,Medio,4,-3.0
12,98,Low,Medium,No,9,59,Low,Yes,1,High,Medium,Public,Neutral,2,No,Postgraduate,Near,Female,67,106.8,4.5,Medio,3,5.0
24,67,Low,Medium,Yes,10,53,Medium,Yes,0,Medium,Medium,Public,Positive,3,Yes,College,Near,Female,63,136.2,4.0,Medio,2,1.0
19,72,Medium,Low,No,6,66,Medium,Yes,0,Medium,High,Private,Neutral,2,No,Postgraduate,Near,Male,64,119.19999999999999,3.0,Medio,4,-1.5
20,80,Medium,Low,No,9,65,High,Yes,1,Medium,Medium,Private,Positive,3,No,College,Far,Male,66,128.0,3.5,Medio,4,2.0
16,95,High,Medium,Yes,8,86,Medium,Yes,0,Low,Low,Public,Positive,4,No,High School,Moderate,Male,69,121.0,4.0,Medio,1,4.0
30,77,Medium,Low,Yes,7,74,Medium,Yes,3,High,Medium,Private,Neutral,3,No,Postgraduate,Moderate,Male,70,166.2,4.5,Medio,6,-5.0
26,90,Medium,Medium,No,8,65,High,Yes,3,Medium,High,Private,Positive,2,No,High School,Near,Female,72,158.0,5.5,Medio,4,-3.0
16,94,Medium,High,No,9,79,High,Yes,2,High,Medium,Public,Positive,5,No,High School,Moderate,Female,71,120.4,6.0,Medio,3,6.0
12,72,Medium,Medium,Yes,6,54,Low,Yes,3,Low,Medium,Public,Positive,2,No,Postgraduate,Near,Male,63,91.19999999999999,5.5,Medio,1,2.0
18,76,High,High,No,6,83,Medium,Yes,1,High,Medium,Public,Neutral,4,No,High School,Near,Male,68,117.6,5.5,Medio,3,1.0
23,74,Medium,High,Yes,6,57,Low,No,1,High,High,Private,Neutral,3,No,College,Near,Male,67,136.4,3.5,Medio,6,-2.5
21,93,Medium,Low,No,6,64,Medium,Yes,2,Low,Medium,Public,Positive,4,No,Postgraduate,Moderate,Male,69,139.8,4.0,Medio,1,-0.5
28,62,Medium,Medium,No,9,64,High,Yes,1,Low,Medium,Private,Negative,2,No,Postgraduate,Near,Male,65,149.2,4.5,Medio,2,-3.0
25,72,High,Low,Yes,6,73,High,Yes,4,Medium,High,Public,Neutral,4,No,College,Moderate,Male,69,143.2,5.0,Medio,2,-2.5
26,87,Medium,Medium,No,6,98,High,Yes,0,Medium,High,Public,Negative,4,No,College,Moderate,Male,71,156.2,4.0,Medio,2,-3.0
22,83,Medium,Low,Yes,7,66,Medium,Yes,2,Medium,Medium,Private,Neutral,3,No,High School,Near,Female,67,137.8,4.0,Medio,4,-1.0
12,77,Low,Medium,No,7,64,Low,Yes,2,High,High,Public,Positive,4,No,College,Moderate,Female,64,94.19999999999999,5.0,Medio,3,5.0
19,82,High,Medium,Yes,6,58,Low,Yes,2,Medium,High,Private,Positive,3,No,College,Near,Female,68,125.19999999999999,5.0,Medio,4,-0.5
26,68,High,Low,Yes,10,70,Medium,Yes,1,Low,Medium,Public,Positive,3,No,College,Near,Male,67,144.8,3.5,Medio,1,0.0
20,77,Low,Low,No,6,59,Low,Yes,1,High,Medium,Public,Negative,2,No,High School,Moderate,Female,62,126.19999999999999,3.5,Medio,3,-2.0
23,80,High,Medium,No,7,57,Low,Yes,2,Medium,High,Public,Negative,2,No,Postgraduate,Moderate,Female,68,140.0,5.0,Medio,2,-2.5
18,96,Medium,Medium,Yes,4,93,Medium,Yes,0,Medium,High,Public,Positive,4,No,College,Near,Female,72,129.6,4.0,Medio,2,-1.0
14,70,Medium,High,Yes,7,53,Low,Yes,0,Medium,Medium,Public,Negative,3,No,High School,Moderate,Male,61,98.0,5.0,Medio,2,3.0
19,95,Low,Low,Yes,5,86,Medium,Yes,0,High,Medium,Public,Negative,4,No,High School,Moderate,Male,67,133.0,3.0,Medio,3,-0.5
22,86,High,Medium,No,6,60,High,Yes,0,High,High,Public,Neutral,3,No,Postgraduate,Near,Male,70,139.6,4.0,Medio,3,-2.0
16,61,Low,Medium,Yes,4,51,Low,Yes,1,Low,Medium,Public,Neutral,3,No,High School,Near,Male,59,100.6,4.5,Bajo,1,-1.0
19,89,High,Medium,Yes,6,90,High,Yes,0,Low,High,Private,Negative,4,No,College,Moderate,Female,70,129.4,4.0,Medio,2,0.5
14,61,Low,Medium,No,7,85,High,Yes,1,Low,Medium,Public,Neutral,1,No,High School,Near,Female,60,92.6,4.5,Medio,1,1.0
27,100,High,Medium,No,7,67,Medium,Yes,1,High,High,Public,Neutral,3,No,College,Moderate,Male,74,168.0,4.5,Medio,3,-3.5
18,95,Low,High,Yes,6,54,High,Yes,0,Medium,High,Private,Negative,3,No,College,Moderate,Male,68,129.0,5.0,Medio,4,0.0
29,72,Medium,Medium,No,7,68,Low,Yes,0,Low,Medium,Public,Positive,3,No,College,Near,Female,67,159.2,4.0,Medio,1,-4.5
29,70,Medium,Low,No,6,59,High,Yes,2,Medium,Medium,Private,Neutral,4,No,Postgraduate,Far,Male,67,158.0,4.0,Medio,4,-4.5
20,75,Low,Medium,Yes,7,97,High,Yes,0,Medium,Medium,Public,Neutral,2,No,College,Near,Female,66,125.0,4.0,Medio,2,-1.0
14,74,Medium,Medium,No,7,76,High,Yes,1,Low,High,Public,Neutral,2,No,High School,Far,Female,63,100.4,4.5,Medio,1,2.0
7,75,Medium,Medium,No,7,98,Low,No,1,Low,High,Public,Positive,3,No,College,Near,Male,62,73.0,2.5,Medio,1,6.5
11,73,High,Low,Yes,7,68,High,Yes,3,Low,High,Private,Neutral,3,No,College,Moderate,Female,64,87.8,4.5,Medio,2,4.5
12,85,Medium,Medium,Yes,6,78,High,Yes,3,Medium,Medium,Public,Neutral,4,No,College,Near,Male,68,99.0,5.5,Medio,2,4.0
28,67,Medium,Medium,No,8,60,High,Yes,0,Medium,Medium,Public,Positive,3,No,High School,Moderate,Female,65,152.2,4.0,Medio,2,-3.0
21,94,Medium,Low,Yes,8,90,Low,Yes,1,Medium,Medium,Public,Positive,4,No,Postgraduate,Near,Female,71,140.4,3.5,Medio,2,1.5
22,92,Medium,Medium,Yes,7,52,Low,No,1,Medium,Medium,Private,Negative,3,No,Postgraduate,Near,Female,68,143.2,2.5,Medio,4,-1.0
7,79,Low,High,Yes,9,85,Medium,Yes,0,Medium,Medium,Public,Negative,2,No,High School,Near,Male,62,75.4,5.0,Medio,2,7.5
13,94,High,High,Yes,7,70,Medium,Yes,1,Medium,Medium,Private,Negative,3,No,High School,Moderate,Male,68,108.4,5.5,Medio,4,3.5
25,70,Medium,Medium,Yes,7,79,Low,Yes,3,High,Medium,Public,Neutral,3,No,High School,Near,Male,68,142.0,5.5,Medio,3,-2.5
22,61,High,Medium,Yes,7,80,High,Yes,3,Medium,High,Public,Neutral,3,No,Postgraduate,Moderate,Male,67,124.6,5.5,Medio,2,-1.0
19,85,Medium,Medium,Yes,7,86,Medium,Yes,0,Low,Medium,Public,Positive,2,No,College,Moderate,Female,67,127.0,4.0,Medio,1,-0.5
23,78,High,High,Yes,6,60,Medium,Yes,2,High,High,Public,Positive,4,No,High School,Far,Male,70,138.8,6.0,Medio,3,-1.5
30,83,Low,Medium,Yes,4,77,Medium,Yes,0,Low,Medium,Public,Neutral,4,No,High School,Near,Female,69,169.8,4.0,Medio,1,-7.0
19,96,Low,Medium,No,7,71,Medium,Yes,2,Low,High,Private,Positive,3,No,Postgraduate,Moderate,Male,70,133.6,5.0,Medio,2,0.5
20,99,Medium,Low,No,8,64,Low,Yes,1,High,Medium,Public,Positive,2,No,High School,Near,Male,69,139.4,3.5,Medio,3,0.0
21,85,High,Medium,Yes,5,75,Low,Yes,1,High,High,Public,Positive,2,No,High School,Moderate,Female,70,135.0,4.5,Medio,3,-3.5
34,91,Medium,Low,No,9,98,Medium,Yes,0,Medium,Medium,Public,Neutral,4,No,High School,Moderate,Male,72,190.6,3.0,Medio,2,-4.0
7,63,Low,Medium,No,5,97,Medium,Yes,1,Low,Medium,Public,Neutral,2,No,High School,Near,Female,59,65.8,4.5,Bajo,1,3.5
24,66,Medium,Medium,No,6,64,Medium,No,0,Medium,High,Public,Neutral,4,No,High School,Near,Male,64,135.6,2.0,Medio,2,-2.0
19,89,High,High,Yes,10,94,Medium,Yes,0,High,Medium,Private,Neutral,1,No,College,Near,Female,72,129.4,5.0,Medio,6,1.5
23,77,Low,High,Yes,8,94,Medium,Yes,0,High,Medium,Private,Positive,3,No,Postgraduate,Near,Male,70,138.2,5.0,Medio,6,-0.5
16,78,Low,High,No,7,62,Medium,Yes,0,High,High,Public,Negative,1,No,High School,Far,Female,63,110.8,5.0,Medio,3,0.0
20,72,High,Medium,Yes,7,80,Medium,Yes,1,Low,High,Private,Negative,3,No,College,Near,Male,66,123.19999999999999,4.5,Medio,2,0.0
24,84,High,High,No,9,93,Medium,Yes,3,High,Medium,Public,Neutral,4,No,High School,Far,Male,72,146.4,6.5,Medio,3,1.0
39,67,High,High,Yes,5,76,Medium,No,2,Medium,Medium,Private,Negative,4,No,High School,Near,Female,71,196.2,4.0,Medio,4,-10.5
25,85,High,High,No,9,68,Medium,Yes,1,High,Medium,Public,Negative,3,No,Postgraduate,Far,Female,71,151.0,5.5,Medio,3,-0.5
15,67,Low,Medium,Yes,6,83,Low,Yes,3,Medium,Low,Public,Positive,3,No,High School,Moderate,Male,62,100.19999999999999,5.5,Medio,2,1.5
17,63,Medium,Medium,Yes,8,59,Medium,Yes,1,Low,High,Public,Positive,1,No,Postgraduate,Moderate,Male,62,105.8,4.5,Medio,1,0.5
17,73,Medium,Low,No,6,58,Medium,Yes,4,Medium,Medium,Public,Positive,1,No,College,Near,Male,64,111.8,5.0,Medio,2,-1.5
9,69,High,High,Yes,10,92,Medium,Yes,2,Low,Medium,Private,Neutral,3,No,Postgraduate,Near,Male,65,77.4,6.0,Medio,2,8.5
18,96,High,Low,Yes,7,52,Low,Yes,1,Low,Medium,Private,Neutral,4,No,College,Near,Female,68,129.6,3.5,Medio,2,2.0
24,62,High,Medium,Yes,5,90,Low,Yes,0,High,Medium,Private,Positive,3,No,College,Near,Male,67,133.2,4.0,Medio,6,-4.0
12,67,Medium,Medium,Yes,8,65,Low,Yes,1,High,Medium,Public,Neutral,3,No,High School,Moderate,Male,61,88.19999999999999,4.5,Medio,3,5.0
26,82,Low,Low,Yes,9,74,High,Yes,2,Medium,Medium,Public,Negative,5,No,High School,Moderate,Female,68,153.2,4.0,Medio,2,1.0
23,79,Medium,High,No,9,77,Medium,Yes,1,Low,High,Public,Neutral,3,No,High School,Near,Male,68,139.4,5.5,Medio,1,0.5
16,62,Medium,Medium,No,7,88,Medium,Yes,1,Low,High,Public,Neutral,1,No,High School,Near,Female,62,101.19999999999999,4.5,Medio,1,0.0
19,60,Medium,Low,No,8,94,High,Yes,1,Low,Low,Private,Neutral,3,No,High School,Near,Female,62,112.0,3.5,Medio,2,1.5
30,100,High,High,Yes,6,90,Low,Yes,0,Medium,Low,Public,Positive,2,Yes,High School,Near,Male,74,180.0,5.0,Medio,2,-7.0
24,86,Medium,Medium,Yes,8,79,Medium,No,0,Low,Medium,Public,Neutral,4,No,High School,Near,Female,68,147.6,2.0,Medio,1,0.0
20,75,Low,High,No,8,67,Medium,Yes,1,High,Low,Public,Positive,4,No,College,Moderate,Male,66,125.0,5.5,Medio,3,2.0
19,79,Medium,Medium,No,4,76,High,Yes,1,Medium,Medium,Private,Neutral,3,No,High School,Near,Male,67,123.4,4.5,Medio,4,-2.5
20,71,High,Medium,No,5,52,High,Yes,1,Medium,High,Public,Neutral,3,No,High School,Moderate,Male,65,122.6,4.5,Medio,2,-2.0
17,74,Medium,Medium,Yes,7,62,Medium,Yes,2,High,Medium,Public,Positive,4,No,High School,Near,Male,66,112.4,5.0,Medio,3,2.5
7,86,High,Medium,No,7,68,Medium,Yes,5,Low,Medium,Public,Positive,4,No,Postgraduate,Moderate,Male,67,79.6,6.5,Medio,1,7.5
32,95,Medium,Medium,Yes,7,66,High,Yes,5,High,Medium,Private,Negative,3,No,College,Near,Male,76,185.0,6.5,Medio,6,-6.0
21,67,Low,High,Yes,7,55,High,Yes,2,High,High,Private,Positive,3,No,High School,Moderate,Female,66,124.19999999999999,6.0,Medio,6,-0.5
22,94,Low,Low,No,9,53,High,Yes,1,Medium,High,Public,Neutral,3,No,College,Near,Female,68,144.4,3.5,Medio,2,1.0
20,65,High,Medium,Yes,8,71,Low,Yes,2,Low,Medium,Private,Neutral,3,Yes,College,Near,Female,63,119.0,5.0,Medio,2,1.0
16,69,Medium,High,Yes,4,54,Medium,Yes,4,Low,Low,Public,Positive,4,No,College,Near,Female,65,105.4,7.0,Medio,1,0.0
19,61,High,Medium,No,10,64,Medium,Yes,3,Low,Medium,Public,Positive,3,No,High School,Moderate,Male,63,112.6,5.5,Medio,1,3.5
10,66,Medium,Medium,No,4,74,Low,Yes,2,Low,Medium,Public,Negative,2,No,High School,Moderate,Male,59,79.6,5.0,Bajo,1,1.0
34,97,Medium,Medium,No,8,60,Medium,Yes,2,Medium,Medium,Private,Neutral,4,No,High School,Near,Male,74,194.2,5.0,Medio,4,-5.0
13,78,Medium,Low,Yes,5,54,Low,Yes,2,Low,High,Public,Positive,3,Yes,College,Near,Male,62,98.8,4.0,Medio,1,1.5
14,63,Low,Low,Yes,9,72,Medium,Yes,3,Low,Low,Public,Positive,4,Yes,High School,Near,Female,59,93.8,4.5,Bajo,1,6.0
17,98,Medium,High,Yes,7,72,High,Yes,0,Low,Medium,Public,Positive,3,No,High School,Near,Male,71,126.8,5.0,Medio,1,1.5
28,95,Medium,Medium,No,8,96,Medium,Yes,1,Medium,Medium,Public,Neutral,3,No,Postgraduate,Moderate,Male,73,169.0,4.5,Medio,2,-3.0
20,90,High,Medium,Yes,4,56,Medium,Yes,0,Low,High,Private,Positive,1,No,High School,Moderate,Male,68,134.0,4.0,Medio,2,-5.0
13,97,Medium,Medium,Yes,8,81,Medium,Yes,3,Low,Medium,Public,Neutral,1,No,High School,Far,Male,68,110.19999999999999,5.5,Medio,1,2.5
28,69,Medium,Medium,Yes,8,66,Medium,Yes,0,Low,Medium,Public,Positive,6,No,College,Far,Male,66,153.4,4.0,Medio,1,0.0
24,93,Low,High,Yes,8,56,Medium,Yes,1,Low,Medium,Public,Neutral,3,No,College,Moderate,Male,69,151.8,5.5,Medio,1,-1.0
23,88,Medium,Medium,No,8,70,Medium,Yes,2,Medium,High,Public,Neutral,4,No,High School,Near,Female,70,144.8,5.0,Medio,2,0.5
24,95,Medium,High,Yes,7,71,High,Yes,1,Medium,High,Public,Positive,3,No,High School,Near,Male,74,153.0,5.5,Medio,2,-2.0
34,92,High,Medium,No,7,68,Low,Yes,0,Medium,High,Public,Positive,5,No,College,Near,Female,75,191.2,4.0,Medio,2,-5.0
33,74,Medium,Medium,Yes,6,88,Medium,Yes,2,Medium,Medium,Private,Neutral,3,No,College,Near,Male,71,176.4,5.0,Medio,4,-7.5
16,91,High,High,Yes,6,92,Low,Yes,2,Low,High,Private,Positive,3,No,High School,Moderate,Male,71,118.6,6.0,Medio,2,1.0
30,70,Medium,Medium,No,9,57,Medium,Yes,1,Low,Medium,Public,Negative,4,No,College,Far,Female,65,162.0,4.5,Medio,1,-2.0
22,73,Low,Medium,No,6,58,High,Yes,1,Medium,Medium,Private,Positive,3,No,Postgraduate,Moderate,Male,65,131.8,4.5,Medio,4,-2.0
23,64,Medium,High,No,4,71,Low,Yes,2,Medium,Medium,Public,Negative,1,No,Postgraduate,Near,Male,65,130.4,6.0,Medio,2,-6.5
10,97,Medium,Medium,No,6,66,Medium,Yes,2,Low,Medium,Public,Neutral,2,No,Postgraduate,Near,Female,67,98.19999999999999,5.0,Medio,1,3.0
19,72,Medium,Medium,Yes,8,91,High,Yes,1,Low,Medium,Private,Positive,4,No,High School,Moderate,Male,67,119.19999999999999,4.5,Medio,2,2.5
15,81,Medium,Medium,Yes,7,100,Medium,Yes,1,Low,Medium,Public,Neutral,3,No,Postgraduate,Moderate,Male,67,108.6,4.5,Medio,1,2.5
25,76,High,High,Yes,8,59,Medium,Yes,4,Medium,Medium,Private,Neutral,4,No,College,Near,Female,71,145.6,7.0,Medio,4,-0.5
26,98,High,Low,No,4,88,Low,Yes,1,Medium,High,Public,Neutral,1,No,College,Moderate,Female,72,162.8,3.5,Medio,2,-8.0
8,73,Medium,High,Yes,4,80,Low,Yes,0,Low,High,Public,Neutral,4,No,College,Moderate,Male,62,75.8,5.0,Medio,1,4.0
20,91,High,Low,Yes,7,82,Medium,Yes,0,Medium,Medium,Public,Neutral,4,No,College,Near,Male,70,134.6,3.0,Medio,2,1.0
27,94,Medium,High,No,9,63,High,Yes,0,Low,Medium,Public,Neutral,4,No,College,Near,Female,72,164.4,5.0,Medio,1,-0.5
19,77,Low,Medium,Yes,4,55,Medium,Yes,0,Medium,Low,Public,Positive,4,No,College,Moderate,Male,64,122.19999999999999,4.0,Medio,2,-1.5
24,75,High,Low,Yes,8,77,High,Yes,1,Low,Medium,Private,Negative,1,No,College,Moderate,Male,66,141.0,3.5,Medio,2,-3.0
22,90,Low,Medium,Yes,9,81,Medium,Yes,0,Medium,Medium,Public,Neutral,4,No,High School,Near,Male,69,142.0,4.0,Medio,2,2.0
22,97,High,Medium,No,7,98,High,Yes,0,Medium,Medium,Public,Negative,0,No,College,Moderate,Female,71,146.2,4.0,Medio,2,-4.0
18,90,Medium,Low,No,8,84,High,Yes,2,Low,High,Private,Positive,3,No,High School,Moderate,Male,68,126.0,4.0,Medio,2,2.0
13,69,Medium,Medium,Yes,7,72,Low,Yes,2,High,Medium,Public,Positive,2,No,High School,Moderate,Female,63,93.4,5.0,Medio,3,2.5
13,96,Medium,High,Yes,7,100,Medium,No,4,Medium,High,Public,Negative,3,No,High School,Near,Male,71,109.6,5.0,Medio,2,3.5
24,76,High,Low,Yes,8,69,Low,Yes,3,Low,Medium,Private,Negative,1,No,High School,Near,Male,65,141.6,4.5,Medio,2,-3.0
20,83,Low,High,Yes,10,58,Medium,Yes,0,Low,High,Public,Neutral,1,No,High School,Near,Female,66,129.8,5.0,Medio,1,1.0
19,93,Low,Low,Yes,6,81,Medium,Yes,2,High,Medium,Private,Positive,3,Yes,College,Moderate,Female,68,131.8,4.0,Medio,6,-0.5
17,68,Medium,Medium,Yes,7,63,Medium,No,0,Low,Medium,Public,Neutral,3,No,High School,Moderate,Male,61,108.8,2.0,Medio,1,1.5
18,91,Low,High,No,6,96,Medium,Yes,2,Low,Medium,Private,Positive,3,No,Postgraduate,Near,Male,71,126.6,6.0,Medio,2,0.0
26,84,Medium,High,Yes,7,71,Medium,Yes,0,Medium,Medium,Public,Neutral,2,No,High School,Near,Female,70,154.4,5.0,Medio,2,-4.0
18,96,High,Low,No,7,57,Low,Yes,1,Low,Medium,Public,Negative,3,No,High School,Moderate,Female,66,129.6,3.5,Medio,1,1.0
12,67,High,Medium,Yes,9,57,Low,Yes,0,Low,Medium,Private,Positive,2,No,College,Moderate,Male,61,88.19999999999999,4.0,Medio,2,5.0
24,77,High,Low,Yes,9,82,Low,Yes,1,Medium,Medium,Private,Neutral,2,No,High School,Near,Male,67,142.2,3.5,Medio,4,-1.0
19,93,High,Medium,Yes,8,68,Medium,Yes,1,High,High,Public,Positive,3,No,Postgraduate,Near,Female,72,131.8,4.5,Medio,3,1.5
20,61,High,High,No,9,68,Medium,Yes,1,High,Low,Private,Positive,3,No,High School,Near,Female,65,116.6,5.5,Medio,6,2.0
30,64,High,Medium,No,6,81,Low,Yes,3,Medium,Medium,Public,Negative,2,No,College,Near,Female,68,158.4,5.5,Medio,2,-7.0
20,100,Low,Medium,Yes,6,61,High,No,3,Medium,Medium,Public,Positive,4,No,College,Far,Male,70,140.0,3.5,Medio,2,0.0
22,71,Medium,Low,Yes,8,57,Medium,Yes,1,Low,High,Public,Negative,4,No,High School,Moderate,Male,63,130.6,3.5,Medio,1,1.0
13,99,High,Low,No,7,83,Medium,Yes,1,Medium,Medium,Public,Neutral,4,No,Postgraduate,Far,Female,69,111.4,3.5,Medio,2,4.5
19,67,Medium,Low,No,10,50,Medium,Yes,0,High,Medium,Public,Positive,3,No,High School,Near,Male,62,116.19999999999999,3.0,Medio,3,3.5
24,74,High,High,No,4,95,High,Yes,1,High,Medium,Public,Neutral,4,No,Postgraduate,Moderate,Female,71,140.4,5.5,Medio,3,-4.0
11,90,Low,Low,Yes,8,59,Low,Yes,1,Low,High,Public,Positive,4,No,High School,Near,Male,64,98.0,3.5,Medio,1,6.5
21,86,High,Medium,No,8,72,Medium,Yes,0,High,High,Public,Positive,3,No,High School,Moderate,Male,69,135.6,4.0,Medio,3,0.5
21,83,Medium,High,Yes,6,61,High,Yes,2,Low,High,Public,Positive,3,No,Postgraduate,Near,Male,71,133.8,6.0,Medio,1,-1.5
20,81,Low,Medium,Yes,6,61,Low,No,0,Low,Medium,Public,Positive,4,Yes,High School,Near,Female,63,128.6,2.0,Medio,1,0.0
26,94,Low,High,Yes,6,92,Low,Yes,1,Low,High,Public,Neutral,3,No,High School,Near,Female,72,160.4,5.5,Medio,1,-4.0
22,69,Medium,Medium,Yes,5,79,Medium,Yes,1,Low,Low,Public,Positive,3,No,College,Near,Male,66,129.4,4.5,Medio,1,-3.0
29,78,High,Medium,Yes,9,66,Medium,Yes,2,Low,Medium,Public,Neutral,4,No,High School,Moderate,Male,69,162.8,5.0,Medio,1,-1.5
14,66,Medium,Medium,Yes,10,63,Low,Yes,0,Low,Medium,Public,Positive,3,No,High School,Moderate,Male,60,95.6,4.0,Medio,1,6.0
21,84,High,High,Yes,6,61,Low,Yes,1,Medium,High,Private,Negative,4,No,High School,Moderate,Female,68,134.4,5.5,Medio,4,-0.5
21,70,Medium,High,No,6,78,Medium,Yes,3,Medium,Low,Public,Neutral,2,No,College,Far,Male,65,126.0,6.5,Medio,2,-2.5
14,73,High,Medium,No,5,87,High,Yes,2,Medium,Medium,Public,Positive,4,No,College,Near,Female,67,99.8,5.0,Medio,2,2.0
26,79,Medium,Low,Yes,5,63,Medium,Yes,0,Low,Medium,Public,Positive,2,No,High School,Near,Male,66,151.4,3.0,Medio,1,-6.0
34,61,Medium,Medium,Yes,6,67,High,Yes,1,High,Medium,Private,Neutral,2,No,Postgraduate,Moderate,Male,68,172.6,4.5,Medio,6,-9.0
20,64,Low,Medium,Yes,9,86,Medium,Yes,0,Low,High,Private,Negative,4,No,High School,Near,Female,63,118.4,4.0,Medio,2,3.0
23,87,High,High,Yes,10,87,Medium,Yes,1,Medium,Medium,Private,Positive,3,No,College,Near,Male,73,144.2,5.5,Medio,4,1.5
21,77,Medium,Medium,Yes,6,60,Medium,Yes,1,Medium,Medium,Private,Neutral,3,No,College,Moderate,Male,66,130.2,4.5,Medio,4,-1.5
16,95,Low,Medium,Yes,6,69,Low,Yes,2,Low,High,Public,Neutral,3,Yes,College,Near,Male,67,121.0,5.0,Medio,1,1.0
9,88,Low,Medium,Yes,5,93,Low,Yes,2,Medium,Medium,Public,Neutral,4,No,Postgraduate,Near,Male,66,88.8,5.0,Medio,2,4.5
16,60,Medium,Low,No,8,87,Low,Yes,0,Low,Low,Public,Positive,5,No,High School,Near,Male,60,100.0,3.0,Medio,1,5.0
12,85,High,High,No,8,58,Low,Yes,1,Low,High,Public,Positive,3,No,Postgraduate,Near,Male,67,99.0,5.5,Medio,1,5.0
30,64,Medium,Medium,No,7,69,Medium,Yes,3,High,Low,Public,Negative,4,No,High School,Near,Female,67,158.4,5.5,Medio,3,-4.0
19,91,Medium,Medium,Yes,6,99,High,Yes,0,Medium,Medium,Public,Neutral,2,No,High School,Near,Female,70,130.6,4.0,Medio,2,-1.5
18,100,High,Low,No,9,76,Low,Yes,1,Low,Medium,Public,Positive,2,No,High School,Near,Female,69,132.0,3.5,Medio,1,2.0
25,81,Medium,Low,Yes,8,86,Medium,Yes,1,Low,Medium,Public,Negative,3,No,Postgraduate,Near,Male,68,148.6,3.5,Medio,1,-1.5
13,87,High,Low,Yes,8,55,High,Yes,1,High,High,Private,Positive,3,No,High School,Near,Female,67,104.19999999999999,3.5,Medio,6,4.5
15,69,Medium,High,No,8,92,Low,Yes,0,Low,Medium,Public,Neutral,1,No,College,Moderate,Male,63,101.4,5.0,Medio,1,1.5
20,78,High,Medium,No,7,80,High,Yes,2,High,Medium,Public,Positive,3,No,College,Near,Male,70,126.8,5.0,Medio,3,0.0
26,94,Low,Medium,No,6,59,High,Yes,4,Low,Medium,Public,Neutral,3,No,High School,Near,Female,71,160.4,6.0,Medio,1,-4.0
23,67,High,High,Yes,8,69,Low,Yes,1,High,Medium,Public,Neutral,2,No,High School,Near,Female,67,132.2,5.5,Medio,3,-1.5
21,71,Medium,Medium,No,8,54,High,Yes,1,Medium,Medium,Private,Neutral,3,No,High School,Near,Male,64,126.6,4.5,Medio,4,0.5
20,78,Low,Medium,No,8,89,High,No,0,Medium,Medium,Private,Neutral,4,No,College,Near,Female,66,126.8,2.0,Medio,4,2.0
22,88,Medium,Medium,Yes,5,87,Low,Yes,1,Low,High,Public,Neutral,3,No,Postgraduate,Near,Male,70,140.8,4.5,Medio,1,-3.0
21,75,Medium,Low,Yes,8,75,High,Yes,1,Medium,Medium,Private,Negative,2,No,High School,Moderate,Male,65,129.0,3.5,Medio,4,-0.5
14,97,Low,Medium,Yes,7,73,Medium,Yes,2,Medium,Low,Public,Positive,3,No,College,Moderate,Male,68,114.19999999999999,5.0,Medio,2,3.0
20,64,Medium,Low,Yes,6,73,High,Yes,3,Medium,High,Public,Negative,5,No,Postgraduate,Far,Female,65,118.4,4.5,Medio,2,1.0
14,75,High,Medium,No,8,52,Medium,Yes,3,Medium,Medium,Public,Neutral,1,No,Postgraduate,Near,Male,65,101.0,5.5,Medio,2,2.0
20,88,Medium,Medium,Yes,7,68,Medium,Yes,0,Low,High,Public,Positive,4,No,College,Near,Female,69,132.8,4.0,Medio,1,1.0
17,69,Medium,Medium,No,10,56,Medium,Yes,1,Medium,Medium,Public,Neutral,4,No,High School,Near,Female,63,109.4,4.5,Medio,2,5.5
35,86,Low,Medium,No,8,59,Medium,Yes,2,Low,Low,Public,Positive,2,No,College,Moderate,Female,70,191.6,5.0,Medio,1,-7.5
20,67,Low,Low,Yes,7,98,Medium,Yes,1,Medium,Medium,Public,Neutral,4,No,College,Near,Male,64,120.19999999999999,3.5,Medio,2,1.0
12,62,Medium,High,Yes,7,63,High,Yes,1,High,Medium,Public,Neutral,4,No,High School,Near,Female,62,85.19999999999999,5.5,Medio,3,5.0
19,65,High,High,Yes,5,74,Medium,Yes,1,Low,Medium,Private,Positive,3,No,High School,Near,Female,66,115.0,5.5,Medio,2,-1.5
23,97,High,Low,Yes,9,94,High,Yes,2,Low,Medium,Public,Positive,3,No,High School,Moderate,Male,73,150.2,4.0,Medio,1,0.5
30,82,Medium,High,Yes,7,71,Medium,Yes,3,Low,High,Public,Neutral,3,No,Postgraduate,Far,Female,72,169.2,6.5,Medio,1,-5.0
16,92,Medium,Medium,Yes,7,76,High,No,0,High,Medium,Private,Neutral,2,No,Postgraduate,Far,Male,68,119.19999999999999,2.0,Medio,6,1.0
11,73,Medium,High,No,5,58,Medium,No,0,Medium,Medium,Private,Positive,4,No,College,Near,Male,62,87.8,3.0,Medio,4,3.5
25,84,Medium,Low,No,8,64,Medium,Yes,2,Low,Medium,Private,Neutral,4,No,High School,Near,Male,67,150.4,4.0,Medio,2,-0.5
12,80,Medium,Low,No,6,75,Medium,Yes,1,Low,High,Public,Negative,4,No,High School,Moderate,Male,62,96.0,3.5,Medio,1,4.0
17,98,High,High,No,6,68,Medium,Yes,2,Medium,Medium,Public,Positive,3,No,High School,Near,Male,72,126.8,6.0,Medio,2,0.5
18,90,Low,High,No,7,52,High,Yes,2,Medium,High,Public,Negative,2,No,High School,Near,Male,67,126.0,6.0,Medio,2,0.0
20,89,High,Medium,Yes,6,70,Low,Yes,1,Low,Medium,Private,Positive,3,No,High School,Moderate,Female,68,133.4,4.5,Medio,2,-1.0
24,62,Low,High,Yes,6,91,Medium,Yes,2,Medium,Medium,Public,Neutral,3,No,High School,Moderate,Female,65,133.2,6.0,Medio,2,-3.0
16,82,Medium,Medium,No,7,56,Low,Yes,0,High,High,Private,Negative,1,Yes,High School,Far,Female,79,113.19999999999999,4.0,Medio,6,0.0
18,79,High,Low,No,9,51,High,Yes,2,Medium,Medium,Private,Positive,3,No,High School,Near,Male,66,119.4,4.0,Medio,4,3.0
20,97,Medium,Medium,Yes,8,56,Low,Yes,1,Low,Medium,Private,Neutral,2,No,High School,Near,Female,68,138.2,4.5,Medio,2,0.0
21,70,Low,Low,Yes,8,84,Medium,Yes,1,High,High,Public,Positive,3,Yes,Postgraduate,Near,Male,65,126.0,3.5,Medio,3,0.5
21,71,Medium,High,Yes,8,90,Medium,Yes,3,Low,Medium,Public,Neutral,4,No,High School,Moderate,Female,67,126.6,6.5,Medio,1,1.5
23,76,Medium,High,Yes,6,52,Low,Yes,3,Medium,Medium,Public,Neutral,4,No,College,Moderate,Male,67,137.6,6.5,Medio,2,-1.5
25,70,Low,Medium,Yes,9,94,Medium,Yes,1,Medium,Medium,Public,Neutral,4,No,High School,Moderate,Male,67,142.0,4.5,Medio,2,0.5
22,65,Medium,Medium,Yes,4,81,High,Yes,5,Medium,Medium,Public,Positive,4,No,College,Far,Female,68,127.0,6.5,Medio,2,-3.0
23,94,Medium,High,No,8,76,Low,Yes,3,Medium,Medium,Public,Positive,3,No,High School,Moderate,Male,72,148.4,6.5,Medio,2,-0.5
11,82,High,Medium,No,8,63,High,Yes,1,Medium,Medium,Public,Neutral,5,No,High School,Near,Male,65,93.19999999999999,4.5,Medio,2,7.5
20,94,Low,Medium,No,7,69,Low,Yes,0,Low,Medium,Public,Positive,3,Yes,High School,Moderate,Female,65,136.4,4.0,Medio,1,0.0
23,93,Medium,Medium,Yes,6,97,Low,No,1,Medium,Medium,Public,Positive,2,No,College,Moderate,Male,70,147.8,2.5,Medio,2,-3.5
24,71,Medium,Medium,Yes,7,96,Medium,Yes,2,Low,Medium,Public,Negative,2,No,High School,Near,Male,67,138.6,5.0,Medio,1,-3.0
16,82,Medium,High,Yes,6,81,Medium,Yes,1,Medium,Medium,Private,Neutral,4,No,College,Near,Male,68,113.19999999999999,5.5,Medio,4,2.0
16,63,Medium,Medium,No,8,79,Medium,Yes,2,Low,High,Public,Positive,3,No,College,Moderate,Male,63,101.8,5.0,Medio,1,3.0
17,97,Medium,Medium,Yes,8,61,Low,Yes,2,Low,Medium,Public,Neutral,2,No,High School,Near,Male,68,126.19999999999999,5.0,Medio,1,1.5
23,76,Medium,High,Yes,8,98,Medium,Yes,0,Medium,Low,Public,Neutral,2,No,Postgraduate,Moderate,Female,69,137.6,5.0,Medio,2,-1.5
26,76,Low,Low,Yes,8,88,Low,Yes,2,Low,Low,Public,Positive,4,No,High School,Near,Male,66,149.6,4.0,Medio,1,-1.0
18,72,High,Medium,Yes,8,69,High,No,2,High,Medium,Public,Neutral,4,Yes,High School,Far,Female,64,115.19999999999999,3.0,Medio,3,3.0
25,78,High,Low,Yes,8,91,Medium,Yes,3,Low,Medium,Public,Negative,4,No,High School,Near,Male,69,146.8,4.5,Medio,1,-0.5
21,70,Low,Medium,No,6,61,Medium,Yes,1,Low,Medium,Public,Neutral,3,No,High School,Near,Male,62,126.0,4.5,Medio,1,-1.5
19,75,Medium,High,Yes,5,61,High,Yes,0,Medium,Medium,Public,Negative,3,No,High School,Near,Female,65,121.0,5.0,Medio,2,-1.5
19,92,Medium,Medium,Yes,7,90,Medium,Yes,1,Low,High,Public,Positive,2,No,High School,Near,Female,70,131.2,4.5,Medio,1,-0.5
24,93,Low,High,Yes,8,78,Medium,Yes,1,High,Medium,Public,Neutral,4,No,High School,Near,Female,72,151.8,5.5,Medio,3,0.0
22,72,Medium,Medium,No,5,78,High,Yes,1,Low,High,Public,Positive,3,No,High School,Near,Female,66,131.2,4.5,Medio,1,-3.0
34,79,High,Low,Yes,7,79,Low,Yes,3,Medium,High,Private,Negative,2,Yes,High School,Moderate,Male,70,183.4,4.5,Medio,4,-8.0
15,95,Medium,Medium,No,9,56,Medium,No,3,Low,High,Public,Positive,1,No,High School,Near,Male,67,117.0,3.5,Medio,1,2.5
23,62,High,High,Yes,7,67,Low,Yes,1,Low,Medium,Public,Negative,4,No,Postgraduate,Moderate,Female,65,129.2,5.5,Medio,1,-0.5
17,96,Medium,Low,Yes,9,79,Low,No,3,Medium,Medium,Private,Neutral,2,No,Postgraduate,Moderate,Male,68,125.6,2.5,Medio,4,2.5
15,69,Low,Medium,Yes,9,62,Low,Yes,2,Medium,High,Public,Neutral,3,No,High School,Moderate,Male,62,101.4,5.0,Medio,2,4.5
20,87,Low,Medium,Yes,7,75,High,Yes,1,Low,Medium,Public,Negative,3,No,Postgraduate,Near,Male,68,132.2,4.5,Medio,1,0.0
21,83,High,Medium,No,6,78,Medium,Yes,2,High,High,Public,Positive,3,Yes,High School,Near,Female,69,133.8,5.0,Medio,3,-1.5
38,82,Medium,Low,No,6,97,Low,Yes,2,Low,Medium,Private,Negative,3,No,College,Near,Male,72,201.2,4.0,Medio,2,-10.0
19,94,Low,Medium,No,7,62,Medium,Yes,0,Medium,Medium,Public,Negative,3,Yes,High School,Moderate,Male,65,132.4,4.0,Medio,2,0.5
13,64,Medium,High,Yes,5,72,Medium,Yes,2,Medium,Medium,Private,Neutral,2,No,Postgraduate,Moderate,Male,63,90.4,6.0,Medio,4,0.5
22,74,High,High,Yes,5,99,Medium,Yes,0,Low,Medium,Public,Neutral,2,No,College,Near,Female,68,132.4,5.0,Medio,1,-4.0
8,82,High,Low,No,4,59,Medium,Yes,1,Medium,Medium,Public,Neutral,2,No,College,Near,Male,62,81.19999999999999,3.5,Medio,2,2.0
19,92,Medium,Medium,Yes,7,89,Medium,No,0,Low,High,Private,Neutral,2,No,Postgraduate,Near,Male,69,131.2,2.0,Medio,2,-0.5
20,69,Medium,Low,No,10,59,Medium,Yes,2,High,High,Public,Positive,4,No,High School,Near,Female,65,121.4,4.0,Medio,3,4.0
25,92,High,Medium,No,4,93,High,Yes,3,High,Medium,Public,Neutral,2,No,High School,Near,Female,74,155.2,5.5,Medio,3,-6.5
26,76,High,Low,Yes,7,74,Medium,Yes,4,Medium,High,Public,Positive,3,No,High School,Moderate,Female,70,149.6,5.0,Medio,2,-3.0
17,68,Medium,Low,Yes,7,99,High,Yes,2,Medium,Medium,Public,Positive,3,No,High School,Near,Female,65,108.8,4.0,Medio,2,1.5
19,90,High,High,No,7,59,Low,Yes,3,High,Medium,Public,Neutral,3,No,College,Moderate,Male,70,130.0,6.5,Medio,3,0.5
15,64,Low,Low,Yes,9,84,Low,Yes,0,Medium,Medium,Public,Neutral,3,No,College,Far,Male,59,98.4,3.0,Bajo,2,4.5
13,81,Low,Medium,Yes,6,85,Low,Yes,1,Low,Medium,Private,Neutral,3,No,High School,Moderate,Male,63,100.6,4.5,Medio,2,2.5
22,63,Low,High,Yes,4,86,Low,Yes,0,Low,High,Public,Neutral,4,No,College,Near,Female,64,125.8,5.0,Medio,1,-3.0
12,74,Low,High,Yes,6,55,High,Yes,0,Medium,Low,Public,Positive,3,No,Postgraduate,Near,Male,63,92.4,5.0,Medio,2,3.0
18,84,High,Low,No,6,64,Medium,Yes,2,Low,High,Public,Positive,2,No,High School,Near,Female,67,122.4,4.0,Medio,1,-1.0
14,82,Medium,Medium,Yes,4,67,Medium,Yes,1,High,Medium,Public,Neutral,4,No,High School,Moderate,Female,65,105.19999999999999,4.5,Medio,3,1.0
23,76,Medium,Medium,No,7,66,Medium,Yes,2,Medium,Medium,Public,Neutral,3,No,College,Near,Male,67,137.6,5.0,Medio,2,-1.5
31,77,High,Medium,No,5,84,Medium,Yes,2,High,High,Public,Positive,5,No,High School,Near,Male,73,170.2,5.0,Medio,3,-5.5
12,69,High,High,Yes,7,53,Low,Yes,2,Low,High,Public,Neutral,3,No,College,Near,Male,64,89.4,6.0,Medio,1,4.0
9,78,Low,High,No,6,87,Medium,Yes,0,Medium,High,Private,Positive,3,No,Postgraduate,Near,Male,65,82.8,5.0,Medio,4,4.5
19,98,Medium,High,Yes,5,76,Medium,Yes,2,Medium,Medium,Private,Positive,3,No,High School,Moderate,Male,72,134.8,6.0,Medio,4,-1.5
20,94,High,Medium,No,8,59,High,Yes,3,Medium,Medium,Public,Positive,4,No,High School,Near,Female,72,136.4,5.5,Medio,2,2.0
21,66,High,Medium,No,7,61,Medium,Yes,2,High,High,Public,Neutral,2,No,College,Near,Male,66,123.6,5.0,Medio,3,-1.5
17,61,High,Medium,Yes,7,55,High,Yes,1,Medium,Medium,Private,Negative,2,Yes,College,Near,Male,62,104.6,4.5,Medio,4,0.5
19,97,Low,Medium,No,8,73,Medium,Yes,2,Medium,Medium,Private,Negative,1,No,College,Near,Male,68,134.2,5.0,Medio,4,-0.5
22,81,Medium,Low,Yes,7,80,Low,Yes,1,Medium,Medium,Public,Positive,3,No,College,Moderate,Female,67,136.6,3.5,Medio,2,-1.0
26,82,High,Low,No,7,79,Medium,Yes,1,Medium,Medium,Public,Positive,2,Yes,Postgraduate,Near,Female,69,153.2,3.5,Medio,2,-4.0
8,91,High,Low,No,6,98,Medium,Yes,1,Medium,Medium,Private,Positive,3,No,High School,Near,Female,67,86.6,3.5,Medio,4,5.0
18,73,Medium,Medium,No,5,65,Medium,Yes,1,Low,High,Public,Negative,3,No,College,Moderate,Female,63,115.8,4.5,Medio,1,-1.0
21,79,Low,Medium,Yes,7,88,Low,Yes,0,Low,Medium,Private,Negative,4,No,High School,Moderate,Male,65,131.4,4.0,Medio,2,0.5
14,99,High,Medium,No,6,86,Low,Yes,2,High,High,Private,Negative,4,No,College,Near,Male,71,115.4,5.0,Medio,6,3.0
30,87,Medium,Medium,No,8,53,Low,Yes,1,Low,High,Private,Neutral,1,No,Postgraduate,Near,Male,70,172.2,4.5,Medio,2,-6.0
16,66,Medium,Medium,Yes,7,97,Medium,Yes,5,Low,High,Public,Positive,3,No,Postgraduate,Near,Male,68,103.6,6.5,Medio,1,2.0
20,65,Medium,Medium,Yes,8,97,High,Yes,0,Low,Medium,Public,Negative,3,No,College,Near,Female,65,119.0,4.0,Medio,1,1.0
23,68,Medium,High,Yes,6,70,Medium,Yes,4,Medium,Medium,Public,Positive,2,No,High School,Near,Male,68,132.8,7.0,Medio,2,-3.5
16,91,Medium,Medium,Yes,5,71,Medium,Yes,2,High,Medium,Public,Negative,3,No,College,Near,Male,69,118.6,5.0,Medio,3,0.0
9,72,Medium,High,Yes,10,91,Medium,No,1,High,Medium,Public,Neutral,2,No,High School,Far,Female,62,79.19999999999999,3.5,Medio,3,7.5
17,61,Low,High,Yes,7,75,Medium,No,2,Medium,High,Public,Negative,4,No,College,Near,Female,62,104.6,4.0,Medio,2,2.5
26,98,High,Low,No,8,90,Low,Yes,1,High,Low,Public,Positive,2,Yes,Postgraduate,Moderate,Female,72,162.8,3.5,Medio,3,-3.0
18,67,High,Medium,No,5,52,High,Yes,0,Medium,Medium,Private,Neutral,4,No,Postgraduate,Moderate,Male,64,112.19999999999999,4.0,Medio,4,0.0
15,60,High,Medium,No,7,63,Low,Yes,0,Low,High,Public,Positive,1,Yes,High School,Far,Female,58,96.0,4.0,Bajo,1,0.5
26,69,High,Medium,No,9,55,Low,Yes,1,Low,Medium,Public,Neutral,3,No,College,Near,Male,66,145.4,4.5,Medio,1,-1.0
18,69,Medium,Low,Yes,5,73,Low,Yes,1,Low,High,Public,Positive,4,No,Postgraduate,Moderate,Male,64,113.4,3.5,Medio,1,0.0
17,77,Medium,High,Yes,10,93,Low,Yes,3,High,High,Private,Positive,1,No,College,Far,Female,68,114.19999999999999,6.5,Medio,6,2.5
21,97,Low,Low,No,7,78,Medium,Yes,0,High,Medium,Public,Neutral,3,No,Postgraduate,Near,Female,69,142.2,3.0,Medio,3,-0.5
25,95,Low,High,No,6,76,Medium,Yes,1,Low,Medium,Public,Positive,5,No,High School,Near,Male,71,157.0,5.5,Medio,1,-1.5
34,78,Medium,High,Yes,8,68,Medium,Yes,1,Medium,Medium,Public,Negative,2,No,College,Near,Male,71,182.8,5.5,Medio,2,-7.0
25,76,Medium,Medium,Yes,9,53,Medium,Yes,0,High,High,Private,Positive,3,No,High School,Moderate,Male,67,145.6,4.0,Medio,6,-0.5
27,82,High,Low,Yes,6,88,Medium,Yes,2,High,High,Private,Neutral,3,No,High School,Near,Male,71,157.2,4.0,Medio,6,-4.5
17,70,Medium,Medium,Yes,6,79,Low,Yes,2,Medium,Medium,Public,Positive,3,No,High School,Near,Female,64,110.0,5.0,Medio,2,0.5
14,62,Medium,Medium,Yes,7,97,High,Yes,0,Medium,Medium,Public,Positive,1,No,High School,Moderate,Male,62,93.19999999999999,4.0,Medio,2,1.0
20,98,Medium,Medium,No,8,72,Medium,Yes,1,High,Medium,Public,Negative,4,No,High School,Near,Female,70,138.8,4.5,Medio,3,2.0
21,67,Low,High,No,7,70,Low,Yes,2,Low,Medium,Private,Negative,2,No,Postgraduate,Moderate,Female,63,124.19999999999999,6.0,Medio,2,-1.5
14,68,High,Medium,Yes,8,99,High,Yes,0,High,Medium,Public,Positive,3,No,High School,Near,Female,66,96.8,4.0,Medio,3,4.0
19,79,Medium,Medium,Yes,8,57,Low,Yes,2,Low,Low,Public,Positive,3,No,High School,Moderate,Male,65,123.4,5.0,Medio,1,1.5
22,80,Medium,High,No,7,63,Medium,Yes,1,High,Medium,Public,Positive,3,No,College,Near,Male,69,136.0,5.5,Medio,3,-1.0
22,61,High,Low,Yes,6,74,Medium,Yes,1,Low,Medium,Public,Negative,3,No,High School,Near,Male,63,124.6,3.5,Medio,1,-2.0
23,66,Medium,Medium,No,7,76,Low,Yes,1,High,Medium,Public,Neutral,2,No,College,Moderate,Male,64,131.6,4.5,Medio,3,-2.5
22,75,Medium,Medium,Yes,10,77,High,Yes,2,Low,Low,Public,Neutral,2,No,High School,Near,Male,66,133.0,5.0,Medio,1,1.0
17,87,Medium,Medium,Yes,7,61,Medium,Yes,4,High,Medium,Public,Negative,3,Yes,High School,Near,Female,67,120.19999999999999,6.0,Medio,3,1.5
17,69,High,High,Yes,9,96,Medium,Yes,2,Low,Medium,Public,Negative,3,No,College,Far,Male,66,109.4,6.0,Medio,1,3.5
13,77,Low,High,No,6,85,Low,Yes,2,Low,Medium,Public,Neutral,4,No,Postgraduate,Near,Female,65,98.19999999999999,6.0,Medio,1,3.5
31,82,High,Medium,Yes,7,63,Medium,No,2,High,Medium,Private,Positive,2,No,Postgraduate,Moderate,Male,72,173.2,3.0,Medio,6,-6.5
20,96,High,Medium,Yes,8,65,High,Yes,0,Medium,Low,Public,Neutral,2,No,High School,Near,Female,70,137.6,4.0,Medio,2,0.0
19,73,Medium,Medium,Yes,9,94,Medium,Yes,1,High,Low,Public,Positive,1,No,College,Near,Female,67,119.8,4.5,Medio,3,0.5
14,65,Medium,High,No,9,69,Low,Yes,4,Medium,Medium,Public,Neutral,3,No,College,Near,Male,64,95.0,7.0,Medio,2,5.0
38,80,High,Medium,No,5,78,Medium,Yes,1,Low,Medium,Public,Positive,4,No,College,Far,Female,72,200.0,4.5,Medio,1,-10.0
14,90,Medium,Medium,Yes,9,56,Medium,Yes,0,Low,Medium,Public,Neutral,4,No,High School,Near,Female,65,110.0,4.0,Medio,1,6.0
17,64,High,Low,Yes,10,63,Medium,Yes,0,High,Medium,Public,Positive,3,No,High School,Moderate,Female,62,106.4,3.0,Medio,3,4.5
22,77,Medium,High,No,6,71,High,Yes,3,Low,Medium,Public,Negative,4,No,High School,Far,Female,67,134.2,6.5,Medio,1,-1.0
24,61,Medium,Medium,No,6,83,High,Yes,0,Medium,Medium,Public,Positive,3,Yes,High School,Near,Male,64,132.6,4.0,Medio,2,-3.0
26,61,Medium,Medium,No,7,64,Low,Yes,0,Medium,Medium,Private,Negative,3,No,Postgraduate,Near,Male,63,140.6,4.0,Medio,4,-3.0
31,79,Medium,High,No,7,98,Medium,Yes,1,Medium,High,Public,Neutral,2,No,College,Moderate,Male,72,171.4,5.5,Medio,2,-6.5
23,72,Low,Medium,No,6,61,High,Yes,1,High,Medium,Public,Positive,5,No,High School,Near,Male,66,135.2,4.5,Medio,3,-0.5
14,94,High,Medium,Yes,5,89,Medium,Yes,0,Medium,Medium,Public,Positive,1,No,Postgraduate,Near,Female,70,112.4,4.0,Medio,2,-1.0
18,84,Medium,Low,Yes,9,68,Low,Yes,0,Medium,High,Private,Negative,2,No,Postgraduate,Near,Female,66,122.4,3.0,Medio,4,2.0
22,78,High,High,No,6,92,Low,Yes,1,High,High,Public,Positive,3,No,High School,Moderate,Male,70,134.8,5.5,Medio,3,-2.0
32,76,Low,Low,Yes,6,96,Low,Yes,0,Low,High,Public,Neutral,2,No,High School,Moderate,Female,67,173.6,3.0,Medio,1,-8.0
12,80,Medium,Medium,Yes,7,59,High,Yes,1,Low,High,Public,Positive,2,No,High School,Near,Female,64,96.0,4.5,Medio,1,3.0
27,62,High,Medium,No,5,75,Medium,Yes,2,Medium,High,Public,Positive,2,No,High School,Near,Male,67,145.2,5.0,Medio,2,-6.5
21,96,High,High,Yes,5,58,Medium,Yes,0,High,High,Public,Neutral,4,No,College,Far,Male,72,141.6,5.0,Medio,3,-1.5
25,100,High,Low,No,6,85,Low,Yes,1,Medium,Medium,Public,Positive,3,No,High School,Near,Male,72,160.0,3.5,Medio,2,-3.5
19,67,High,Medium,Yes,8,92,Low,Yes,2,High,Medium,Public,Neutral,5,No,Postgraduate,Moderate,Female,68,116.19999999999999,5.0,Medio,3,3.5
15,65,Medium,Medium,Yes,7,69,Medium,Yes,1,High,Medium,Public,Neutral,3,No,Postgraduate,Near,Female,64,99.0,4.5,Medio,3,2.5
25,66,High,Medium,Yes,4,70,Medium,No,1,High,Medium,Public,Positive,3,No,High School,Moderate,Male,66,139.6,2.5,Medio,3,-5.5
24,86,Low,High,No,9,60,Medium,Yes,0,Low,High,Private,Positive,3,No,College,Far,Male,68,147.6,5.0,Medio,2,0.0
26,86,Low,Low,No,8,65,Low,Yes,0,Low,High,Public,Neutral,4,No,High School,Near,Female,66,155.6,3.0,Medio,1,-1.0
20,94,Low,High,Yes,7,66,High,Yes,1,Low,High,Private,Positive,1,No,High School,Near,Female,70,136.4,5.5,Medio,2,-2.0
16,90,High,High,Yes,7,58,High,Yes,1,Low,Medium,Public,Neutral,4,No,Postgraduate,Near,Female,70,118.0,5.5,Medio,1,3.0
11,78,Low,High,Yes,8,65,Medium,Yes,0,Medium,Medium,Private,Neutral,2,No,High School,Near,Female,62,90.8,5.0,Medio,4,4.5
25,85,Low,Medium,Yes,10,95,Medium,Yes,0,Medium,Low,Public,Positive,1,No,College,Near,Male,69,151.0,4.0,Medio,2,-1.5
23,88,Medium,Medium,Yes,8,66,Low,Yes,2,Medium,High,Private,Positive,2,No,College,Moderate,Male,69,144.8,5.0,Medio,4,-1.5
14,81,Medium,Medium,Yes,7,64,Medium,Yes,2,Medium,Medium,Public,Positive,4,Yes,College,Near,Male,66,104.6,5.0,Medio,2,4.0
17,79,High,High,No,5,69,Medium,Yes,4,Low,Medium,Public,Negative,3,No,Postgraduate,Near,Female,68,115.4,7.0,Medio,1,-0.5
17,86,Medium,High,No,7,98,Medium,Yes,2,Low,High,Public,Positive,5,No,Postgraduate,Moderate,Male,71,119.6,6.0,Medio,1,3.5
11,82,Medium,Medium,Yes,8,88,Medium,No,1,Low,Medium,Private,Negative,2,No,Postgraduate,Moderate,Female,64,93.19999999999999,2.5,Medio,2,4.5
15,86,Low,High,No,7,60,Medium,Yes,2,Medium,Medium,Public,Positive,3,No,College,Near,Male,67,111.6,6.0,Medio,2,2.5
13,85,Medium,High,Yes,6,88,Medium,Yes,2,Medium,High,Public,Positive,3,No,High School,Moderate,Female,68,103.0,6.0,Medio,2,2.5
18,89,Low,High,Yes,8,88,Low,Yes,0,High,Medium,Public,Negative,1,No,High School,Moderate,Male,67,125.4,5.0,Medio,3,0.0
16,86,Medium,Medium,No,6,98,High,Yes,1,Low,Medium,Public,Neutral,3,No,Postgraduate,Near,Male,68,115.6,4.5,Medio,1,1.0
10,81,Medium,High,Yes,8,95,Medium,Yes,5,Low,High,Public,Positive,3,No,High School,Near,Female,69,88.6,7.5,Medio,1,6.0
32,87,Medium,High,Yes,6,55,Medium,Yes,0,Low,High,Public,Neutral,3,No,High School,Near,Male,71,180.2,5.0,Medio,1,-7.0
28,78,High,Low,Yes,4,73,Low,No,3,Low,Medium,Private,Positive,4,No,High School,Moderate,Female,68,158.8,2.5,Medio,2,-6.0
15,70,High,High,No,6,85,High,Yes,0,Low,Medium,Private,Positive,2,No,College,Moderate,Male,65,102.0,5.0,Medio,2,0.5
22,60,Low,Medium,No,7,99,Medium,Yes,1,Low,High,Public,Neutral,3,No,College,Moderate,Male,63,124.0,4.5,Medio,1,-1.0
23,82,Low,Medium,Yes,8,54,Medium,Yes,0,Medium,High,Public,Negative,1,No,High School,Near,Female,65,141.2,4.0,Medio,2,-2.5
27,84,High,High,No,8,68,Low,Yes,3,Low,High,Private,Positive,2,Yes,Postgraduate,Near,Female,72,158.4,6.5,Medio,2,-3.5
15,99,Low,Medium,Yes,5,75,Low,Yes,2,Medium,Low,Public,Neutral,1,No,College,Moderate,Male,67,119.4,5.0,Medio,2,-1.5
27,74,Medium,High,No,7,71,Medium,Yes,1,Medium,Medium,Public,Positive,3,No,High School,Near,Female,69,152.4,5.5,Medio,2,-3.5
17,76,Medium,Medium,No,6,73,Medium,Yes,3,Low,High,Private,Neutral,3,No,Postgraduate,Near,Male,67,113.6,5.5,Medio,2,0.5
12,68,High,Medium,Yes,6,68,Low,Yes,2,Medium,Medium,Public,Positive,4,No,College,Near,Male,64,88.8,5.0,Medio,2,4.0
24,63,Medium,Low,No,6,99,Low,No,0,Low,Medium,Public,Positive,3,No,High School,Moderate,Female,62,133.8,1.0,Medio,1,-3.0
28,91,Low,Medium,No,7,90,Medium,Yes,2,High,Low,Private,Neutral,3,No,High School,Near,Male,71,166.6,5.0,Medio,6,-4.0
36,70,Low,High,No,10,87,Medium,Yes,2,Low,Medium,Public,Positive,3,No,High School,Near,Male,70,186.0,6.0,Medio,1,-5.0
13,84,Low,Medium,No,10,71,Low,Yes,1,Medium,High,Public,Neutral,3,No,College,Moderate,Male,64,102.4,4.5,Medio,2,6.5
24,88,Medium,Medium,Yes,6,94,Medium,Yes,0,Low,Medium,Private,Negative,2,No,Postgraduate,Moderate,Male,69,148.8,4.0,Medio,2,-4.0
18,79,Medium,Medium,Yes,7,55,Medium,Yes,1,Low,High,Public,Positive,3,No,High School,Moderate,Female,65,119.4,4.5,Medio,1,1.0
25,95,High,High,Yes,7,57,Medium,Yes,2,High,Medium,Private,Negative,2,No,College,Moderate,Female,73,157.0,6.0,Medio,6,-3.5
11,78,Medium,Low,Yes,7,98,Low,Yes,2,Medium,Medium,Public,Neutral,3,No,High School,Near,Female,64,90.8,4.0,Medio,2,4.5
12,71,Medium,High,Yes,8,78,Low,Yes,2,Medium,Medium,Public,Negative,2,No,Postgraduate,Near,Female,64,90.6,6.0,Medio,2,4.0
15,96,Medium,Medium,Yes,7,58,Medium,Yes,3,Medium,Medium,Public,Neutral,4,No,Postgraduate,Moderate,Male,70,117.6,5.5,Medio,2,3.5
20,94,Low,Low,Yes,6,97,Low,Yes,2,Medium,Medium,Public,Positive,5,No,College,Near,Male,70,136.4,4.0,Medio,2,1.0
16,67,High,High,No,9,99,Medium,Yes,2,Medium,Medium,Public,Neutral,2,Yes,High School,Moderate,Male,64,104.19999999999999,6.0,Medio,2,3.0
24,61,Low,Medium,No,5,94,Medium,Yes,3,Medium,High,Private,Neutral,2,Yes,College,Moderate,Female,64,132.6,5.5,Medio,4,-5.0
26,64,Medium,Medium,Yes,7,62,High,Yes,3,Medium,High,Private,Negative,2,No,High School,Near,Male,66,142.4,5.5,Medio,4,-4.0
24,71,Low,High,Yes,5,64,Medium,Yes,1,Medium,Medium,Public,Neutral,3,No,College,Near,Male,66,138.6,5.5,Medio,2,-4.0
30,99,Medium,Medium,Yes,5,70,Low,Yes,2,Medium,Medium,Public,Neutral,4,No,High School,Near,Female,74,179.4,5.0,Medio,2,-6.0
22,82,High,High,No,8,79,Medium,No,2,Medium,Medium,Public,Negative,1,No,College,Near,Female,69,137.2,4.0,Medio,2,-2.0
13,75,Low,High,Yes,6,100,High,Yes,1,Medium,Medium,Public,Positive,3,No,Postgraduate,Near,Male,67,97.0,5.5,Medio,2,2.5
28,96,Medium,Medium,No,4,98,High,Yes,5,Low,Medium,Public,Neutral,5,Yes,High School,Far,Male,73,169.6,6.5,Medio,1,-5.0
16,78,Low,Medium,No,6,96,High,Yes,0,Medium,Medium,Public,Positive,1,No,Postgraduate,Near,Female,66,110.8,4.0,Medio,2,-1.0
25,73,High,Medium,No,6,54,High,Yes,2,Medium,Medium,Public,Neutral,4,No,High School,Moderate,Female,67,143.8,5.0,Medio,2,-2.5
29,98,Medium,High,Yes,5,88,Low,Yes,3,Low,Medium,Public,Neutral,2,No,College,Near,Male,75,174.8,6.5,Medio,1,-7.5
23,94,Medium,High,Yes,8,94,Low,Yes,2,Medium,High,Public,Positive,2,No,High School,Near,Male,73,148.4,6.0,Medio,2,-1.5
11,94,Medium,Medium,No,5,67,Medium,Yes,2,High,Medium,Public,Neutral,5,No,High School,Near,Female,67,100.4,5.0,Medio,3,4.5
14,80,High,Low,Yes,6,61,Medium,Yes,0,Medium,High,Public,Neutral,4,No,College,Moderate,Female,65,104.0,3.0,Medio,2,3.0
28,92,Medium,Medium,Yes,7,87,Low,Yes,1,Low,Low,Public,Positive,1,No,High School,Near,Female,71,167.2,4.5,Medio,1,-6.0
19,67,Medium,Medium,Yes,6,55,Low,Yes,1,Medium,Medium,Public,Neutral,4,No,High School,Near,Male,63,116.19999999999999,4.5,Medio,2,0.5
20,83,Medium,Low,Yes,6,97,High,Yes,2,Low,High,Public,Neutral,4,No,High School,Moderate,Female,68,129.8,4.0,Medio,1,0.0
25,99,Medium,High,No,6,58,High,Yes,0,Medium,Medium,Private,Positive,4,No,High School,Near,Male,72,159.4,5.0,Medio,4,-2.5
24,72,Low,High,Yes,5,73,Low,Yes,2,Medium,High,Public,Positive,2,No,High School,Near,Male,67,139.2,6.0,Medio,2,-5.0
22,92,Medium,High,No,6,99,Low,Yes,1,Medium,Medium,Public,Negative,4,No,College,Near,Female,71,143.2,5.5,Medio,2,-1.0
19,80,Low,Low,No,8,99,High,Yes,1,Low,Medium,Public,Positive,4,No,Postgraduate,Near,Male,67,124.0,3.5,Medio,1,2.5
18,62,Medium,High,Yes,6,89,Medium,Yes,0,High,High,Private,Positive,3,No,Postgraduate,Near,Female,66,109.19999999999999,5.0,Medio,6,0.0
25,91,Medium,High,No,7,92,Medium,Yes,3,Low,Medium,Public,Negative,5,No,High School,Near,Male,72,154.6,6.5,Medio,1,-0.5
23,67,Low,Low,No,9,98,Medium,Yes,2,Low,High,Public,Negative,0,No,College,Near,Female,64,132.2,4.0,Medio,1,-2.5
18,85,Medium,Medium,No,8,96,Medium,Yes,0,High,High,Public,Negative,3,No,College,Moderate,Male,68,123.0,4.0,Medio,3,2.0
26,63,High,High,No,5,81,Medium,Yes,0,Low,Medium,Public,Negative,2,No,High School,Moderate,Female,65,141.8,5.0,Medio,1,-6.0
19,98,Medium,High,Yes,8,87,High,Yes,1,Medium,Medium,Private,Positive,4,No,Postgraduate,Moderate,Male,74,134.8,5.5,Medio,4,2.5
15,72,Medium,Low,Yes,9,80,Medium,Yes,4,Medium,High,Private,Neutral,4,No,College,Moderate,Female,65,103.19999999999999,5.0,Medio,4,5.5
15,69,High,Low,Yes,6,75,Medium,No,2,Low,High,Public,Positive,2,No,High School,Near,Female,63,101.4,2.0,Medio,1,0.5
14,65,Medium,Medium,Yes,5,94,Medium,Yes,5,Low,Medium,Private,Negative,3,No,Postgraduate,Moderate,Male,65,95.0,6.5,Medio,2,1.0
18,98,Low,High,Yes,6,87,Medium,Yes,0,Medium,Medium,Public,Neutral,1,No,High School,Near,Male,70,130.8,5.0,Medio,2,-2.0
27,88,Medium,High,Yes,7,93,Medium,Yes,0,Low,Medium,Public,Neutral,4,No,High School,Moderate,Male,71,160.8,5.0,Medio,1,-2.5
15,90,Medium,Medium,Yes,8,55,Medium,Yes,1,Low,Medium,Public,Neutral,1,No,College,Near,Female,66,114.0,4.5,Medio,1,1.5
21,80,Medium,Medium,Yes,6,79,Low,Yes,2,Medium,High,Public,Positive,3,No,College,Near,Male,69,132.0,5.0,Medio,2,-1.5
16,79,Medium,High,Yes,4,66,High,Yes,2,Medium,Medium,Public,Neutral,2,No,College,Moderate,Male,67,111.4,6.0,Medio,2,-2.0
18,64,Medium,High,Yes,5,76,Low,Yes,1,Low,Medium,Public,Positive,4,No,High School,Moderate,Male,64,110.4,5.5,Medio,1,0.0
11,82,High,High,No,8,81,High,Yes,2,Low,High,Public,Positive,2,No,High School,Moderate,Female,67,93.19999999999999,6.0,Medio,1,4.5
19,70,Medium,High,Yes,10,92,Medium,Yes,1,Low,High,Public,Positive,4,No,High School,Near,Male,67,118.0,5.5,Medio,1,4.5
19,99,High,Medium,No,7,52,Medium,Yes,1,Medium,Medium,Public,Neutral,4,No,High School,Near,Male,70,135.4,4.5,Medio,2,1.5
23,92,High,High,No,9,58,Medium,Yes,2,Low,Medium,Private,Neutral,1,No,Postgraduate,Near,Female,71,147.2,6.0,Medio,2,-1.5
21,77,Medium,Low,Yes,5,96,High,Yes,2,Low,High,Private,Neutral,5,No,High School,Near,Female,68,130.2,4.0,Medio,2,-0.5
13,66,High,High,No,6,98,Low,Yes,1,High,High,Public,Positive,2,No,High School,Near,Male,65,91.6,5.5,Medio,3,1.5
27,91,Medium,Medium,No,4,53,Medium,Yes,1,Low,Medium,Private,Positive,3,No,Postgraduate,Near,Female,70,162.6,4.5,Medio,2,-6.5
21,65,Medium,High,Yes,8,67,Low,No,1,Low,Medium,Public,Positive,4,No,High School,Near,Female,64,123.0,3.5,Medio,1,1.5
21,68,High,High,Yes,6,50,High,Yes,3,Medium,Low,Private,Neutral,4,No,High School,Near,Male,67,124.8,6.5,Medio,4,-0.5
20,68,Low,Low,No,8,88,Medium,Yes,5,Low,Low,Private,Neutral,3,No,High School,Moderate,Male,63,120.8,5.5,Medio,2,1.0
17,82,Medium,Low,Yes,6,84,High,Yes,2,Low,Low,Public,Negative,3,No,High School,Moderate,Female,65,117.19999999999999,4.0,Medio,1,0.5
21,91,Medium,Medium,Yes,10,78,High,Yes,2,Low,High,Public,Negative,2,No,High School,Near,Male,70,138.6,5.0,Medio,1,1.5
23,73,Medium,High,No,10,85,Medium,Yes,1,Low,Medium,Public,Neutral,3,No,College,Near,Male,67,135.8,5.5,Medio,1,1.5
10,63,Medium,High,No,4,77,Low,No,3,Low,Medium,Private,Neutral,3,No,High School,Near,Male,60,77.8,4.5,Medio,2,2.0
17,79,Low,High,No,8,62,Low,Yes,1,Low,Medium,Public,Neutral,3,No,High School,Near,Female,64,115.4,5.5,Medio,1,2.5
18,90,Low,Medium,No,6,88,Low,Yes,1,Medium,Medium,Private,Negative,1,No,High School,Moderate,Female,65,126.0,4.5,Medio,4,-2.0
22,69,Medium,Medium,No,8,89,Low,No,0,Low,High,Public,Positive,5,No,High School,Moderate,Female,64,129.4,2.0,Medio,1,2.0
27,69,Medium,Low,Yes,5,93,Medium,Yes,1,Medium,Medium,Public,Positive,4,No,College,Moderate,Male,67,149.4,3.5,Medio,2,-4.5
15,98,Medium,Medium,Yes,9,98,High,Yes,0,Medium,Medium,Private,Positive,3,No,High School,Near,Female,71,118.8,4.0,Medio,4,4.5
17,98,Medium,Medium,No,9,87,Low,Yes,0,High,Medium,Private,Positive,3,No,High School,Moderate,Female,69,126.8,4.0,Medio,6,3.5
17,100,Medium,High,Yes,5,53,Low,Yes,1,Medium,High,Public,Positive,4,No,High School,Near,Male,70,128.0,5.5,Medio,2,0.5
15,92,Medium,Medium,Yes,7,51,Medium,Yes,1,High,High,Public,Positive,3,No,College,Near,Female,69,115.19999999999999,4.5,Medio,3,2.5
18,68,High,High,Yes,7,87,High,Yes,3,Medium,Medium,Public,Positive,4,No,High School,Near,Male,69,112.8,6.5,Medio,2,2.0
25,68,Low,Medium,Yes,8,53,Low,Yes,2,Medium,Medium,Public,Neutral,3,No,College,Moderate,Female,64,140.8,5.0,Medio,2,-1.5
14,74,Low,Medium,Yes,7,66,Medium,Yes,0,Medium,High,Private,Negative,3,No,Postgraduate,Near,Male,63,100.4,4.0,Medio,4,3.0
23,73,High,Medium,No,8,57,Medium,Yes,3,Medium,Medium,Public,Positive,2,No,College,Near,Male,67,135.8,5.5,Medio,2,-1.5
10,98,Medium,Medium,No,7,98,Low,No,0,Medium,Medium,Public,Neutral,3,No,College,Moderate,Female,66,98.8,2.0,Medio,2,5.0
17,92,Medium,High,Yes,8,66,Medium,Yes,2,Low,Medium,Public,Positive,3,No,High School,Near,Female,69,123.19999999999999,6.0,Medio,1,2.5
18,89,Medium,Medium,No,5,53,Medium,Yes,5,Low,High,Private,Neutral,4,No,College,Near,Male,69,125.4,6.5,Medio,2,0.0
30,67,Medium,Medium,No,7,97,High,Yes,2,High,Medium,Public,Neutral,3,Yes,High School,Near,Male,69,160.2,5.0,Medio,3,-5.0
18,96,Medium,High,Yes,9,80,High,Yes,1,Low,Medium,Public,Positive,3,No,College,Near,Male,72,129.6,5.5,Medio,1,3.0
7,93,High,High,Yes,9,52,High,Yes,1,Medium,Low,Private,Negative,3,No,High School,Moderate,Female,65,83.8,5.5,Medio,4,8.5
8,67,Medium,Medium,Yes,7,92,Medium,Yes,0,High,High,Private,Positive,2,No,College,Near,Male,63,72.19999999999999,4.0,Medio,6,5.0
20,95,Medium,Medium,No,7,58,Low,Yes,1,Low,High,Public,Neutral,4,No,College,Near,Male,69,137.0,4.5,Medio,1,1.0
24,71,High,Medium,Yes,9,90,Low,Yes,3,Medium,High,Private,Neutral,3,No,College,Near,Male,69,138.6,5.5,Medio,4,0.0
22,63,Medium,Low,Yes,7,80,Medium,Yes,2,High,High,Private,Negative,2,No,College,Moderate,Female,64,125.8,4.0,Medio,6,-2.0
21,86,Medium,Low,Yes,9,59,High,Yes,2,Medium,High,Private,Positive,3,No,College,Near,Male,69,135.6,4.0,Medio,4,1.5
27,86,Medium,High,No,7,88,Medium,Yes,1,Medium,Medium,Private,Neutral,3,No,Postgraduate,Moderate,Male,72,159.6,5.5,Medio,4,-3.5
17,64,Medium,Low,No,7,73,High,Yes,1,Low,Medium,Public,Neutral,4,No,College,Near,Male,62,106.4,3.5,Medio,1,2.5
25,73,High,Medium,Yes,5,82,Low,No,1,Medium,Medium,Private,Positive,3,Yes,High School,Near,Male,66,143.8,2.5,Medio,4,-4.5
10,100,Low,Medium,No,5,93,Low,Yes,2,Medium,Low,Public,Neutral,1,No,High School,Far,Female,65,100.0,5.0,Medio,2,1.0
15,87,High,High,Yes,8,63,Medium,Yes,0,High,Medium,Public,Neutral,3,No,College,Near,Female,69,112.19999999999999,5.0,Medio,3,3.5
9,89,Medium,Low,No,10,68,High,Yes,1,High,High,Public,Negative,3,No,High School,Near,Female,65,89.4,3.5,Medio,3,8.5
18,69,High,Medium,Yes,7,100,Medium,Yes,3,Medium,High,Public,Negative,2,No,High School,Near,Male,67,113.4,5.5,Medio,2,0.0
20,63,Low,Medium,Yes,7,75,Low,Yes,2,Medium,High,Public,Neutral,2,No,High School,Near,Female,63,117.8,5.0,Medio,2,-1.0
21,71,High,Medium,No,9,78,Low,Yes,2,Medium,Medium,Public,Neutral,4,No,High School,Near,Male,66,126.6,5.0,Medio,2,2.5
20,70,Low,Medium,No,8,64,Low,Yes,0,Low,Low,Private,Positive,3,No,High School,Far,Male,61,122.0,4.0,Medio,2,1.0
14,69,High,Medium,Yes,4,71,Medium,Yes,1,Medium,Medium,Public,Positive,4,No,High School,Near,Female,64,97.4,4.5,Medio,2,1.0
19,68,Medium,Low,Yes,8,75,Low,Yes,1,Medium,Medium,Private,Neutral,4,No,Postgraduate,Near,Male,64,116.8,3.5,Medio,4,2.5
11,83,Medium,Medium,Yes,5,63,Medium,Yes,2,Low,Medium,Public,Neutral,3,No,College,Near,Male,65,93.8,5.0,Medio,1,2.5
28,73,Medium,Low,No,7,62,Medium,Yes,3,High,Medium,Public,Neutral,3,No,Postgraduate,Moderate,Female,68,155.8,4.5,Medio,3,-4.0
18,93,Low,High,Yes,6,80,Medium,Yes,1,Medium,Medium,Private,Negative,3,No,High School,Near,Male,69,127.8,5.5,Medio,4,0.0
17,67,Medium,Medium,No,6,59,Medium,Yes,0,Medium,Medium,Public,Negative,3,No,High School,Near,Female,61,108.19999999999999,4.0,Medio,2,0.5
30,79,Medium,High,No,7,78,Medium,No,3,High,High,Private,Positive,2,No,Postgraduate,Moderate,Female,72,167.4,4.5,Medio,6,-6.0
13,61,Medium,Low,Yes,8,85,Medium,Yes,4,Low,Medium,Private,Neutral,3,No,College,Moderate,Male,61,88.6,5.0,Medio,2,4.5
13,79,High,High,No,7,60,Medium,Yes,1,Low,High,Private,Neutral,4,No,College,Moderate,Male,66,99.4,5.5,Medio,2,4.5
13,62,Low,Medium,Yes,9,87,Medium,Yes,1,Low,Medium,Public,Negative,1,No,College,Moderate,Male,60,89.19999999999999,4.5,Medio,1,3.5
20,99,Medium,Low,No,9,68,Low,Yes,1,Low,High,Public,Positive,3,No,Postgraduate,Far,Male,69,139.4,3.5,Medio,1,2.0
23,92,Medium,High,No,9,100,Medium,Yes,1,High,High,Public,Neutral,2,Yes,College,Near,Male,72,147.2,5.5,Medio,3,-0.5
24,80,Medium,High,Yes,7,99,Low,Yes,2,Medium,Medium,Public,Negative,2,No,High School,Moderate,Female,69,144.0,6.0,Medio,2,-3.0
35,63,High,High,Yes,6,90,Low,Yes,0,Medium,Medium,Public,Positive,3,No,College,Near,Male,71,177.8,5.0,Medio,2,-8.5
7,84,Medium,High,No,7,67,Medium,Yes,1,Medium,Medium,Private,Neutral,3,No,College,Near,Male,64,78.4,5.5,Medio,4,6.5
24,90,Low,Low,Yes,9,97,High,Yes,3,Low,Medium,Public,Positive,4,No,High School,Near,Male,71,150.0,4.5,Medio,1,1.0
17,68,Low,Medium,Yes,9,100,High,Yes,1,Medium,High,Public,Negative,3,No,High School,Moderate,Male,64,108.8,4.5,Medio,2,3.5
16,83,Medium,Medium,Yes,4,73,High,Yes,3,Low,Low,Public,Negative,3,No,College,Near,Female,67,113.8,5.5,Medio,1,-1.0
16,93,Medium,Low,Yes,7,81,Medium,Yes,2,Low,Medium,Private,Negative,3,Yes,Postgraduate,Moderate,Male,67,119.8,4.0,Medio,2,2.0
15,91,Low,High,Yes,4,50,High,Yes,1,Medium,Medium,Public,Neutral,3,No,High School,Moderate,Female,66,114.6,5.5,Medio,2,-0.5
30,92,Low,Medium,Yes,7,52,Medium,Yes,3,High,Medium,Private,Positive,4,No,College,Near,Male,73,175.2,5.5,Medio,6,-4.0
25,95,Medium,High,Yes,6,75,Medium,Yes,1,Medium,Medium,Private,Positive,4,No,High School,Moderate,Male,73,157.0,5.5,Medio,4,-2.5
20,98,Medium,Medium,No,6,80,Medium,Yes,0,Medium,Medium,Public,Positive,2,No,College,Moderate,Male,70,138.8,4.0,Medio,2,-2.0
28,76,Low,Medium,Yes,8,66,Medium,Yes,5,High,Low,Public,Positive,4,No,College,Moderate,Male,70,157.6,6.5,Medio,3,-2.0
11,83,Medium,Low,Yes,6,55,Low,Yes,0,Low,Medium,Public,Positive,4,Yes,Postgraduate,Near,Female,62,93.8,3.0,Medio,1,4.5
12,92,High,Low,Yes,7,89,Medium,Yes,1,Medium,High,Private,Neutral,2,No,Postgraduate,Moderate,Male,68,103.19999999999999,3.5,Medio,4,3.0
7,88,High,High,Yes,6,71,Medium,Yes,0,Low,Medium,Public,Positive,3,No,High School,Moderate,Female,65,80.8,5.0,Medio,1,5.5
16,100,High,High,Yes,7,82,Medium,Yes,2,High,Medium,Public,Positive,2,No,High School,Near,Male,73,124.0,6.0,Medio,3,1.0
21,61,High,Medium,Yes,8,83,High,No,1,Low,Medium,Private,Neutral,3,No,College,Near,Female,65,120.6,2.5,Medio,2,0.5
21,74,Medium,High,Yes,6,77,High,No,0,Medium,Medium,Public,Neutral,3,No,College,Near,Male,66,128.4,3.0,Medio,2,-1.5
21,71,Low,Medium,Yes,8,59,Medium,Yes,3,Low,Medium,Public,Neutral,3,No,College,Moderate,Male,64,126.6,5.5,Medio,1,0.5
12,70,Medium,High,No,7,81,High,Yes,0,Low,Medium,Public,Positive,3,No,High School,Near,Male,63,90.0,5.0,Medio,1,4.0
25,69,Medium,Medium,No,7,66,Medium,No,0,Low,Low,Public,Neutral,3,Yes,College,Near,Male,62,141.4,2.0,Medio,1,-2.5
21,88,High,Medium,Yes,6,91,Low,Yes,0,Low,Medium,Private,Neutral,4,No,Postgraduate,Moderate,Female,70,136.8,4.0,Medio,2,-0.5
24,63,Medium,Medium,No,8,60,Medium,Yes,3,High,Medium,Public,Neutral,3,No,High School,Near,Male,65,133.8,5.5,Medio,3,-1.0
9,90,Medium,Medium,Yes,8,65,Medium,Yes,0,Medium,Medium,Private,Neutral,5,No,High School,Far,Male,64,90.0,4.0,Medio,4,8.5
22,88,Medium,Medium,No,7,72,Low,Yes,4,High,Medium,Public,Negative,2,No,Postgraduate,Near,Male,70,140.8,6.0,Medio,3,-2.0
13,70,Medium,Medium,No,7,87,Medium,Yes,1,Low,Low,Public,Neutral,5,No,High School,Near,Male,62,94.0,4.5,Medio,1,5.5
18,70,Medium,Medium,No,8,86,Medium,Yes,5,High,Medium,Public,Positive,2,No,High School,Near,Female,67,114.0,6.5,Medio,3,1.0
23,85,Medium,Low,No,8,67,Low,Yes,1,Medium,Medium,Private,Neutral,3,No,Postgraduate,Far,Female,66,143.0,3.5,Medio,4,-0.5
21,90,High,High,Yes,7,76,High,Yes,2,High,High,Public,Positive,3,No,College,Moderate,Female,74,138.0,6.0,Medio,3,-0.5
15,95,Medium,High,Yes,9,62,Medium,Yes,2,Medium,Medium,Public,Positive,3,No,High School,Far,Male,69,117.0,6.0,Medio,2,4.5
20,94,Medium,High,Yes,8,89,Low,Yes,0,Medium,Medium,Public,Positive,4,Yes,High School,Moderate,Female,70,136.4,5.0,Medio,2,2.0
11,99,Medium,Medium,No,10,60,Medium,Yes,1,High,Medium,Public,Positive,1,No,College,Near,Female,68,103.4,4.5,Medio,3,5.5
27,83,Medium,Low,No,5,91,Medium,Yes,3,Low,Medium,Public,Neutral,2,No,Postgraduate,Near,Male,70,157.8,4.5,Medio,1,-6.5
19,96,Medium,Medium,Yes,8,97,Medium,Yes,3,Medium,Medium,Public,Negative,2,No,High School,Near,Male,71,133.6,5.5,Medio,2,0.5
27,92,Medium,Low,Yes,9,100,High,Yes,2,Medium,High,Public,Positive,0,No,Postgraduate,Moderate,Female,73,163.2,4.0,Medio,2,-4.5
17,96,Medium,Medium,No,9,93,Low,Yes,3,Medium,Medium,Private,Neutral,2,No,High School,Far,Male,69,125.6,5.5,Medio,4,2.5
17,60,Low,Low,Yes,7,61,Medium,Yes,1,Low,Medium,Public,Positive,4,No,Postgraduate,Near,Female,61,104.0,3.5,Medio,1,2.5
15,99,Medium,Medium,Yes,5,71,Medium,Yes,0,Medium,Medium,Public,Neutral,2,No,College,Moderate,Male,68,119.4,4.0,Medio,2,-0.5
25,79,Medium,Low,Yes,9,54,Medium,Yes,1,Low,Medium,Private,Positive,2,No,Postgraduate,Far,Male,66,147.4,3.5,Medio,2,-1.5
16,92,High,Low,Yes,6,58,Low,Yes,0,High,Medium,Private,Positive,4,No,High School,Near,Female,67,119.19999999999999,3.0,Medio,6,2.0
24,65,Low,High,Yes,7,52,Medium,Yes,1,High,Medium,Public,Neutral,1,No,Postgraduate,Moderate,Female,64,135.0,5.5,Medio,3,-4.0
18,76,Low,High,Yes,10,82,High,Yes,1,Medium,Medium,Private,Negative,4,No,College,Near,Male,67,117.6,5.5,Medio,4,5.0
8,71,High,Medium,Yes,5,77,Medium,No,0,High,Medium,Public,Neutral,4,No,High School,Moderate,Female,61,74.6,2.0,Medio,3,5.0
17,72,Low,Medium,No,8,96,High,Yes,2,Low,High,Public,Neutral,3,No,High School,Near,Male,65,111.19999999999999,5.0,Medio,1,2.5
13,65,Low,High,Yes,6,73,Medium,Yes,0,Low,Medium,Private,Positive,3,No,Postgraduate,Near,Female,62,91.0,5.0,Medio,2,2.5
20,92,Low,High,No,6,82,Medium,Yes,0,Medium,Medium,Public,Neutral,5,No,High School,Near,Female,69,135.2,5.0,Medio,2,1.0
13,60,High,High,No,7,70,Medium,Yes,1,Medium,Medium,Public,Negative,3,No,College,Far,Female,61,88.0,5.5,Medio,2,3.5
26,73,High,Medium,No,8,91,Medium,Yes,4,Low,Low,Public,Neutral,5,No,High School,Moderate,Male,69,147.8,6.0,Medio,1,0.0
19,67,Medium,Low,No,8,96,High,No,1,High,Low,Public,Positive,3,No,College,Near,Male,64,116.19999999999999,1.5,Medio,3,1.5
19,84,Medium,Low,No,9,72,High,Yes,1,Low,Medium,Public,Positive,3,No,High School,Far,Female,65,126.4,3.5,Medio,1,2.5
24,70,Medium,High,No,6,54,Low,Yes,1,High,Medium,Public,Neutral,1,No,High School,Moderate,Female,64,138.0,5.5,Medio,3,-5.0
26,70,High,High,Yes,5,58,Medium,Yes,1,Low,Low,Private,Positive,3,No,Postgraduate,Moderate,Male,68,146.0,5.5,Medio,2,-5.0
20,80,Low,Medium,Yes,6,86,High,Yes,1,Low,Medium,Private,Positive,3,No,High School,Near,Female,67,128.0,4.5,Medio,2,-1.0
15,86,High,Medium,Yes,8,66,Low,Yes,0,Medium,High,Private,Positive,5,No,College,Near,Male,68,111.6,4.0,Medio,4,5.5
9,65,Low,Medium,Yes,7,89,Medium,Yes,2,Low,Medium,Public,Positive,4,No,High School,Moderate,Male,61,75.0,5.0,Medio,1,6.5
16,67,Medium,High,Yes,4,87,High,Yes,5,High,High,Public,Positive,4,No,College,Near,Male,69,104.19999999999999,7.5,Medio,3,0.0
16,70,Low,High,Yes,4,85,High,Yes,0,Medium,Medium,Private,Neutral,3,No,High School,Near,Male,64,106.0,5.0,Medio,4,-1.0
21,99,High,Medium,Yes,7,91,Medium,No,3,Medium,Medium,Public,Positive,4,No,College,Near,Male,74,143.4,3.5,Medio,2,0.5
18,76,Medium,Medium,No,8,88,Low,Yes,1,Medium,Medium,Public,Neutral,4,No,College,Near,Female,66,117.6,4.5,Medio,2,3.0
24,84,Medium,Medium,No,6,82,Medium,Yes,1,Medium,Medium,Public,Negative,2,No,High School,Near,Male,68,146.4,4.5,Medio,2,-4.0
16,70,Medium,High,Yes,8,50,High,Yes,3,High,Medium,Private,Neutral,3,No,Postgraduate,Far,Male,65,106.0,6.5,Medio,6,3.0
20,80,Medium,High,Yes,5,76,Medium,No,0,Low,Medium,Private,Negative,3,No,College,Near,Female,66,128.0,3.0,Medio,2,-2.0
27,63,High,Low,No,7,80,Medium,No,2,Medium,High,Public,Positive,2,No,High School,Near,Female,66,145.8,2.0,Medio,2,-4.5
22,61,Medium,Low,No,7,98,High,Yes,3,High,Low,Private,Neutral,2,No,College,Near,Female,65,124.6,4.5,Medio,6,-2.0
20,79,Medium,Medium,No,8,83,Medium,Yes,3,Low,Medium,Private,Neutral,4,No,College,Moderate,Male,67,127.4,5.5,Medio,2,2.0
16,76,Low,Medium,Yes,5,79,Medium,Yes,0,Low,High,Public,Positive,4,No,Postgraduate,Moderate,Female,65,109.6,4.0,Medio,1,1.0
16,65,Medium,Medium,No,5,77,Medium,Yes,1,High,High,Public,Positive,3,No,High School,Moderate,Male,63,103.0,4.5,Medio,3,0.0
15,88,High,Medium,No,8,55,Medium,Yes,1,High,High,Private,Neutral,2,No,High School,Near,Male,67,112.8,4.5,Medio,6,2.5
17,100,Medium,High,Yes,5,71,Low,Yes,2,Low,Medium,Public,Neutral,4,No,High School,Near,Male,70,128.0,6.0,Medio,1,0.5
25,76,High,High,Yes,6,57,Low,No,0,Medium,Medium,Public,Positive,3,No,Postgraduate,Moderate,Male,68,145.6,3.0,Medio,2,-3.5
19,85,Medium,Medium,Yes,9,53,High,Yes,1,Medium,Medium,Public,Neutral,3,No,College,Far,Male,66,127.0,4.5,Medio,2,2.5
12,99,Medium,Medium,Yes,7,66,Low,Yes,3,Medium,Low,Private,Negative,1,No,Postgraduate,Moderate,Female,67,107.4,5.5,Medio,4,2.0
31,93,Medium,Low,No,8,82,Low,Yes,2,High,High,Private,Neutral,1,No,High School,Near,Male,72,179.8,4.0,Medio,6,-6.5
22,79,High,High,Yes,8,93,Medium,Yes,0,Medium,Medium,Private,Negative,2,Yes,High School,Near,Female,68,135.4,5.0,Medio,4,-1.0
12,89,Medium,High,No,8,91,Medium,No,1,Low,High,Public,Neutral,2,No,High School,Near,Male,66,101.4,3.5,Medio,1,4.0
17,65,Medium,Medium,No,7,65,Medium,Yes,0,High,Medium,Private,Neutral,4,No,High School,Moderate,Male,62,107.0,4.0,Medio,6,2.5
21,80,High,Low,Yes,6,52,Medium,Yes,1,Low,Medium,Public,Negative,4,No,High School,Near,Male,65,132.0,3.5,Medio,1,-0.5
30,71,High,Low,No,10,70,Low,Yes,3,Medium,Medium,Public,Neutral,4,Yes,High School,Near,Female,67,162.6,4.5,Medio,2,-1.0
13,66,Medium,Medium,Yes,7,66,Low,Yes,3,Medium,Medium,Public,Negative,2,No,College,Near,Female,62,91.6,5.5,Medio,2,2.5
26,77,Medium,Low,Yes,7,69,Low,Yes,1,High,Medium,Public,Neutral,3,Yes,High School,Near,Female,66,150.2,3.5,Medio,3,-3.0
28,65,Medium,Medium,No,8,78,High,No,1,High,Medium,Private,Positive,3,No,College,Near,Female,67,151.0,2.5,Medio,6,-3.0
16,88,Medium,Medium,Yes,6,52,Medium,Yes,2,High,High,Public,Positive,3,No,High School,Near,Female,68,116.8,5.0,Medio,3,1.0
18,78,Medium,Medium,Yes,6,69,Medium,Yes,1,Medium,Medium,Public,Negative,4,No,Postgraduate,Moderate,Female,66,118.8,4.5,Medio,2,1.0
14,81,High,High,No,9,78,Medium,Yes,0,Medium,Medium,Private,Positive,4,No,College,Near,Female,68,104.6,5.0,Medio,4,6.0
19,66,Low,Medium,No,6,72,Medium,Yes,2,Low,Medium,Public,Negative,5,No,High School,Near,Male,62,115.6,5.0,Medio,1,1.5
20,66,Medium,High,No,8,83,Medium,Yes,1,Low,Medium,Public,Neutral,2,Yes,College,Near,Male,64,119.6,5.5,Medio,1,0.0
24,83,High,Low,No,8,59,Medium,Yes,1,Low,Medium,Public,Positive,3,No,High School,Near,Male,68,145.8,3.5,Medio,1,-1.0
27,99,Low,Low,Yes,7,58,Low,Yes,2,Medium,Medium,Private,Positive,2,No,Postgraduate,Moderate,Male,71,167.4,4.0,Medio,4,-4.5
16,64,Medium,Medium,No,7,65,Medium,Yes,2,Medium,High,Public,Neutral,4,No,High School,Near,Male,63,102.4,5.0,Medio,2,3.0
8,71,High,Medium,No,8,55,High,Yes,1,Low,High,Public,Positive,2,No,College,Moderate,Male,62,74.6,4.5,Medio,1,6.0
20,95,High,Low,Yes,7,62,Low,Yes,1,Low,Low,Private,Positive,3,No,College,Near,Male,69,137.0,3.5,Medio,2,0.0
22,63,Medium,Medium,Yes,4,54,Medium,Yes,0,Medium,Medium,Private,Positive,3,No,High School,Moderate,Male,62,125.8,4.0,Medio,4,-4.0
21,95,Low,Medium,Yes,9,70,Medium,Yes,3,High,Medium,Public,Positive,3,No,High School,Near,Female,71,141.0,5.5,Medio,3,1.5
18,81,Low,High,Yes,6,86,Medium,Yes,3,Low,Medium,Public,Positive,4,No,College,Near,Male,69,120.6,6.5,Medio,1,1.0
21,76,Medium,Medium,Yes,7,64,Low,Yes,1,Medium,High,Private,Positive,2,No,High School,Moderate,Male,66,129.6,4.5,Medio,4,-1.5
29,72,Low,Medium,No,5,50,Low,Yes,0,Low,Medium,Public,Neutral,4,No,High School,Near,Female,64,159.2,4.0,Medio,1,-5.5
22,72,Low,High,No,6,78,Low,No,1,Low,High,Public,Neutral,3,No,Postgraduate,Near,Male,65,131.2,3.5,Medio,1,-2.0
18,72,High,High,No,6,85,High,Yes,1,High,High,Private,Positive,1,No,High School,Moderate,Male,68,115.19999999999999,5.5,Medio,6,-2.0
17,95,High,Medium,No,7,70,High,Yes,1,Low,Medium,Public,Neutral,3,No,High School,Near,Male,69,125.0,4.5,Medio,1,1.5
19,89,High,Medium,Yes,6,65,Low,Yes,2,Low,Medium,Public,Neutral,3,Yes,Postgraduate,Near,Male,68,129.4,5.0,Medio,1,-0.5
30,87,Low,Medium,Yes,10,75,Low,Yes,3,Low,Low,Public,Neutral,4,No,College,Near,Male,71,172.2,5.5,Medio,1,-1.0
19,92,Low,Medium,No,7,55,Medium,Yes,1,Medium,Medium,Public,Neutral,5,No,High School,Far,Male,66,131.2,4.5,Medio,2,2.5
20,70,High,Low,No,8,82,Medium,Yes,2,Low,High,Private,Positive,3,No,High School,Moderate,Male,65,122.0,4.0,Medio,2,1.0
17,85,High,Medium,Yes,7,87,Medium,Yes,1,Low,Medium,Private,Neutral,1,No,High School,Near,Female,68,119.0,4.5,Medio,2,-0.5
27,78,High,High,No,8,85,Medium,Yes,0,High,Medium,Public,Positive,3,No,College,Near,Male,72,154.8,5.0,Medio,3,-2.5
32,91,High,Medium,Yes,4,66,Medium,Yes,3,Low,High,Public,Neutral,2,No,Postgraduate,Near,Female,75,182.6,5.5,Medio,1,-10.0
23,72,High,Low,Yes,6,92,Low,Yes,2,High,Medium,Public,Negative,3,No,College,Near,Male,67,135.2,4.0,Medio,3,-2.5
20,86,Medium,Medium,No,6,97,Low,Yes,1,Low,Medium,Private,Neutral,2,No,High School,Moderate,Male,67,131.6,4.5,Medio,2,-2.0
20,95,Medium,Medium,No,6,65,High,Yes,2,Low,Medium,Public,Neutral,3,No,College,Near,Female,70,137.0,5.0,Medio,1,-1.0
6,76,Medium,Medium,Yes,8,63,Medium,Yes,5,Medium,Medium,Public,Neutral,3,No,College,Near,Male,64,69.6,6.5,Medio,2,8.0
24,63,Medium,Medium,Yes,8,85,High,Yes,1,Low,Medium,Private,Positive,3,No,High School,Far,Female,65,133.8,4.5,Medio,2,-1.0
21,81,Medium,Medium,Yes,7,85,Medium,Yes,1,Low,High,Public,Negative,3,No,Postgraduate,Moderate,Male,68,132.6,4.5,Medio,1,-0.5
23,74,High,High,No,7,76,Medium,Yes,1,Medium,Low,Public,Neutral,2,No,College,Moderate,Female,67,136.4,5.5,Medio,2,-2.5
16,87,Low,Medium,Yes,10,96,Medium,No,1,Low,High,Public,Positive,1,No,College,Moderate,Male,66,116.19999999999999,2.5,Medio,1,3.0
18,98,High,Medium,No,7,57,Low,Yes,0,High,Medium,Private,Neutral,1,No,Postgraduate,Moderate,Male,69,130.8,4.0,Medio,6,-1.0
18,79,Low,High,No,4,74,Low,Yes,2,Low,Medium,Public,Negative,1,No,High School,Near,Female,64,119.4,6.0,Medio,1,-4.0
26,79,Medium,High,Yes,8,52,High,Yes,1,Medium,Medium,Public,Negative,3,Yes,Postgraduate,Near,Female,68,151.4,5.5,Medio,2,-2.0
18,86,High,Medium,No,8,53,Low,Yes,5,Low,High,Private,Negative,3,No,High School,Near,Male,68,123.6,6.5,Medio,2,2.0
32,64,Low,High,Yes,9,53,Low,No,1,Low,Medium,Private,Positive,3,No,College,Near,Female,65,166.4,3.5,Medio,2,-4.0
23,70,Medium,Medium,Yes,8,75,Medium,Yes,0,High,Medium,Public,Positive,2,No,High School,Moderate,Male,65,134.0,4.0,Medio,3,-1.5
12,97,Low,Medium,Yes,6,79,Medium,No,1,Medium,Medium,Public,Negative,2,No,High School,Near,Male,65,106.19999999999999,2.5,Medio,2,2.0
19,87,High,Medium,No,8,50,Low,Yes,0,High,High,Public,Neutral,2,No,High School,Near,Female,67,128.2,4.0,Medio,3,0.5
16,61,High,Medium,Yes,7,82,Medium,Yes,2,Low,Medium,Public,Negative,3,No,High School,Near,Female,63,100.6,5.0,Medio,1,2.0
7,68,High,Medium,No,9,74,Medium,Yes,1,Low,High,Public,Positive,3,No,High School,Near,Female,62,68.8,4.5,Medio,1,8.5
30,87,High,Medium,Yes,9,61,High,Yes,2,Medium,High,Private,Neutral,4,No,High School,Moderate,Male,73,172.2,5.0,Medio,4,-2.0
24,91,High,High,Yes,7,51,High,Yes,2,Medium,Medium,Public,Neutral,3,No,High School,Moderate,Male,72,150.6,6.0,Medio,2,-2.0
23,94,Low,Medium,No,8,58,High,Yes,5,Low,Low,Public,Neutral,6,No,High School,Near,Female,71,148.4,6.5,Medio,1,2.5
21,72,Medium,Medium,No,9,80,High,Yes,3,Low,Medium,Public,Neutral,4,No,High School,Near,Male,67,127.19999999999999,5.5,Medio,1,2.5
12,97,Medium,Low,Yes,7,83,Medium,Yes,0,Low,Medium,Public,Neutral,2,No,College,Moderate,Male,66,106.19999999999999,3.0,Medio,1,3.0
17,82,Medium,High,Yes,10,82,High,Yes,1,Medium,Medium,Private,Positive,2,No,High School,Moderate,Male,68,117.19999999999999,5.5,Medio,4,3.5
25,88,High,High,Yes,9,58,Low,Yes,0,Low,Medium,Public,Negative,4,No,Postgraduate,Near,Male,70,152.8,5.0,Medio,1,0.5
14,84,Medium,Medium,Yes,6,96,Medium,No,2,Low,Medium,Private,Neutral,2,No,Postgraduate,Far,Male,66,106.4,3.0,Medio,2,1.0
5,65,Low,High,No,7,71,Medium,Yes,0,Low,Medium,Private,Negative,2,No,College,Far,Male,56,59.0,5.0,Bajo,2,6.5
19,99,Medium,High,Yes,8,88,High,No,1,Low,High,Public,Positive,3,No,High School,Far,Female,71,135.4,3.5,Medio,1,1.5
19,65,Low,High,No,10,58,Medium,Yes,2,Medium,High,Private,Positive,3,No,Postgraduate,Moderate,Female,64,115.0,6.0,Medio,4,3.5
21,70,Medium,Medium,No,8,74,Low,Yes,2,Medium,Medium,Public,Positive,3,No,Postgraduate,Far,Male,65,126.0,5.0,Medio,2,0.5
24,93,Medium,Medium,Yes,7,76,High,Yes,2,Low,Medium,Public,Neutral,1,Yes,High School,Near,Male,70,151.8,5.0,Medio,1,-4.0
24,85,High,Low,Yes,9,89,Medium,Yes,1,Low,Medium,Public,Positive,2,No,Postgraduate,Moderate,Male,70,147.0,3.5,Medio,1,-1.0
22,94,Low,High,Yes,7,81,Medium,Yes,2,Medium,High,Public,Neutral,4,No,High School,Far,Male,71,144.4,6.0,Medio,2,0.0
27,81,High,High,Yes,6,70,Medium,Yes,0,Low,Medium,Public,Positive,5,No,High School,Far,Female,70,156.6,5.0,Medio,1,-2.5
11,75,Low,High,No,8,64,Medium,Yes,3,Low,Medium,Public,Neutral,3,Yes,College,Moderate,Female,62,89.0,6.5,Medio,1,5.5
23,97,Medium,Medium,Yes,6,99,Low,Yes,1,Low,Medium,Private,Positive,3,No,High School,Near,Female,72,150.2,4.5,Medio,2,-2.5
24,61,Medium,Medium,No,10,64,Low,Yes,0,Low,Medium,Private,Positive,3,No,High School,Near,Female,62,132.6,4.0,Medio,2,1.0
13,94,Low,Medium,Yes,7,56,High,Yes,2,Low,High,Public,Neutral,4,No,College,Near,Male,67,108.4,5.0,Medio,1,4.5
11,69,Low,Medium,Yes,8,65,Low,Yes,0,Low,Medium,Public,Negative,2,No,College,Moderate,Male,58,85.4,4.0,Bajo,1,4.5
16,94,Low,Medium,Yes,6,66,Medium,Yes,3,Medium,High,Public,Negative,4,No,College,Near,Female,69,120.4,5.5,Medio,2,2.0
16,66,Medium,Low,No,9,56,Medium,Yes,0,Low,High,Private,Positive,4,Yes,College,Near,Female,60,103.6,3.0,Medio,2,5.0
25,83,High,High,Yes,7,85,High,Yes,2,Low,Medium,Public,Negative,4,No,College,Near,Male,72,149.8,6.0,Medio,1,-1.5
16,96,Medium,Medium,No,7,81,Medium,Yes,0,Low,Low,Public,Negative,3,No,High School,Moderate,Male,66,121.6,4.0,Medio,1,2.0
15,79,Medium,High,Yes,7,66,Medium,Yes,2,Low,Medium,Public,Positive,3,No,College,Far,Female,66,107.4,6.0,Medio,1,2.5
16,90,Medium,High,Yes,5,100,Low,Yes,1,High,Medium,Private,Negative,4,No,High School,Moderate,Male,69,118.0,5.5,Medio,6,1.0
27,92,Low,Medium,Yes,7,83,Low,Yes,2,Low,Medium,Public,Positive,4,Yes,College,Moderate,Female,70,163.2,5.0,Medio,1,-2.5
20,89,Low,Medium,Yes,8,85,Medium,Yes,2,Medium,High,Public,Positive,1,No,Postgraduate,Near,Female,70,133.4,5.0,Medio,2,-1.0
19,97,High,High,No,5,78,Low,Yes,0,Medium,Low,Private,Negative,3,No,College,Moderate,Male,70,134.2,5.0,Medio,4,-1.5
19,78,Low,High,Yes,9,78,Medium,Yes,2,Low,High,Public,Negative,2,No,College,Near,Female,67,122.8,6.0,Medio,1,1.5
28,67,High,Medium,Yes,7,51,Medium,Yes,2,Medium,Medium,Public,Neutral,3,No,High School,Near,Female,67,152.2,5.0,Medio,2,-4.0
16,62,Low,Low,No,7,89,High,Yes,0,Medium,Medium,Public,Neutral,3,No,High School,Far,Female,59,101.19999999999999,3.0,Bajo,2,2.0
28,70,Medium,Medium,Yes,4,96,Low,Yes,1,Medium,Medium,Private,Positive,2,No,High School,Moderate,Male,67,154.0,4.5,Medio,4,-8.0
21,66,High,Medium,Yes,7,56,Medium,Yes,1,Low,Medium,Private,Neutral,4,No,Postgraduate,Moderate,Male,65,123.6,4.5,Medio,2,0.5
19,82,Medium,Medium,No,5,90,Medium,Yes,1,High,Medium,Public,Negative,3,No,College,Near,Male,68,125.19999999999999,4.5,Medio,3,-1.5
35,67,High,High,Yes,6,77,Low,Yes,1,Low,Medium,Public,Positive,3,No,College,Near,Male,71,180.2,5.5,Medio,1,-8.5
14,62,Medium,Medium,No,5,64,Medium,Yes,2,Low,Medium,Public,Neutral,3,No,College,Near,Male,61,93.19999999999999,5.0,Medio,1,1.0
18,61,Medium,Medium,Yes,6,96,Medium,Yes,0,Medium,Medium,Public,Negative,3,No,High School,Near,Male,63,108.6,4.0,Medio,2,0.0
13,93,Medium,High,Yes,7,51,Low,Yes,1,Low,High,Private,Neutral,3,No,High School,Near,Female,67,107.8,5.5,Medio,2,3.5
26,84,High,Medium,No,7,64,Medium,No,1,Medium,High,Public,Neutral,4,No,College,Near,Male,69,154.4,2.5,Medio,2,-2.0
30,74,Medium,High,No,8,94,Low,Yes,0,Medium,Medium,Public,Positive,3,No,High School,Near,Male,70,164.4,5.0,Medio,2,-4.0
30,96,Medium,Low,Yes,4,74,High,No,0,Low,Low,Public,Negative,3,No,High School,Moderate,Male,69,177.6,1.0,Medio,1,-8.0
27,63,High,Medium,Yes,7,80,Medium,Yes,1,Low,High,Public,Neutral,4,No,High School,Far,Female,66,145.8,4.5,Medio,1,-2.5
19,99,Medium,Low,Yes,7,87,Low,Yes,1,Medium,Medium,Public,Positive,4,No,High School,Moderate,Female,70,135.4,3.5,Medio,2,1.5
18,85,Medium,Medium,Yes,6,57,Low,Yes,2,Medium,High,Public,Neutral,2,No,Postgraduate,Moderate,Male,67,123.0,5.0,Medio,2,-1.0
10,67,High,High,No,6,61,Medium,Yes,0,Low,High,Private,Neutral,2,No,High School,Near,Female,61,80.19999999999999,5.0,Medio,2,3.0
32,87,Medium,High,Yes,9,100,Medium,Yes,2,Medium,Low,Private,Neutral,2,No,Postgraduate,Moderate,Male,74,180.2,6.0,Medio,4,-5.0
23,91,Medium,High,Yes,10,62,Low,Yes,1,Medium,High,Private,Negative,3,No,College,Near,Male,70,146.6,5.5,Medio,4,1.5
17,77,High,Medium,Yes,4,77,Low,Yes,0,Medium,Medium,Private,Positive,4,No,High School,Near,Female,66,114.19999999999999,4.0,Medio,4,-0.5
28,94,Medium,High,Yes,6,65,High,Yes,1,Low,High,Public,Positive,1,No,High School,Near,Female,73,168.4,5.5,Medio,1,-7.0
14,66,Medium,Medium,Yes,5,93,Medium,Yes,1,Medium,Medium,Private,Negative,2,No,High School,Near,Male,62,95.6,4.5,Medio,4,0.0
22,71,Medium,Low,Yes,7,98,Low,Yes,2,Low,High,Public,Neutral,2,No,High School,Moderate,Female,65,130.6,4.0,Medio,1,-2.0
19,64,High,Medium,No,9,57,Low,Yes,0,Medium,High,Private,Neutral,3,No,High School,Near,Female,62,114.4,4.0,Medio,4,2.5
24,68,Low,Medium,Yes,8,80,Medium,No,1,Low,Low,Public,Positive,4,No,Postgraduate,Moderate,Male,64,136.8,2.5,Medio,1,0.0
20,70,Medium,Medium,Yes,7,91,Medium,Yes,1,Low,Medium,Public,Negative,2,No,High School,Far,Male,63,122.0,4.5,Medio,1,-1.0
11,97,Medium,Medium,No,7,91,Medium,Yes,1,Medium,Medium,Public,Positive,4,No,High School,Near,Male,69,102.19999999999999,4.5,Medio,2,5.5
20,63,Medium,Medium,No,7,72,Low,Yes,3,Low,High,Public,Negative,5,Yes,Postgraduate,Near,Male,63,117.8,5.5,Medio,1,2.0
26,77,Medium,Medium,Yes,8,61,Medium,Yes,1,Low,Medium,Public,Neutral,4,No,College,Moderate,Male,67,150.2,4.5,Medio,1,-1.0
20,81,Medium,Low,No,8,69,Medium,Yes,1,Medium,Medium,Private,Neutral,2,No,High School,Near,Female,65,128.6,3.5,Medio,4,0.0
25,96,Medium,High,No,8,88,Medium,Yes,0,Low,Medium,Private,Neutral,1,No,High School,Near,Male,71,157.6,5.0,Medio,2,-3.5
14,100,Medium,Medium,Yes,4,100,Medium,Yes,3,Low,Medium,Public,Neutral,3,No,Postgraduate,Moderate,Female,71,116.0,5.5,Medio,1,0.0
20,90,Medium,Medium,No,7,78,High,Yes,0,Medium,High,Public,Positive,4,Yes,Postgraduate,Far,Male,69,134.0,4.0,Medio,2,1.0
16,99,Medium,High,Yes,7,60,Medium,Yes,2,Low,High,Private,Neutral,3,No,Postgraduate,Moderate,Male,71,123.4,6.0,Medio,2,2.0
24,91,Low,Medium,Yes,8,52,Medium,Yes,1,Low,Medium,Public,Neutral,5,No,High School,Near,Male,68,150.6,4.5,Medio,1,1.0
20,99,Low,Medium,Yes,7,97,Medium,Yes,2,Low,Medium,Public,Neutral,0,No,High School,Near,Male,70,139.4,5.0,Medio,1,-3.0
24,88,Medium,High,Yes,8,74,Medium,Yes,0,Low,High,Private,Neutral,3,No,Postgraduate,Near,Male,71,148.8,5.0,Medio,2,-1.0
27,63,Medium,Medium,Yes,6,86,Medium,Yes,1,Medium,Medium,Public,Positive,4,No,Postgraduate,Near,Female,68,145.8,4.5,Medio,2,-3.5
24,76,Low,High,No,8,83,Medium,Yes,1,High,Medium,Private,Positive,4,No,High School,Near,Female,69,141.6,5.5,Medio,6,0.0
22,86,Medium,Medium,Yes,9,95,Medium,Yes,4,Medium,Low,Private,Positive,2,No,College,Near,Male,71,139.6,6.0,Medio,4,0.0
14,74,High,Medium,No,5,63,Low,No,2,Low,High,Private,Positive,3,No,College,Far,Female,63,100.4,3.0,Medio,2,1.0
20,71,Low,Medium,No,5,72,Medium,Yes,4,Medium,Medium,Public,Positive,4,No,Postgraduate,Moderate,Male,66,122.6,6.0,Medio,2,-1.0
17,83,Medium,Medium,No,8,96,Medium,Yes,1,Low,Medium,Public,Positive,3,No,College,Moderate,Male,67,117.8,4.5,Medio,1,2.5
18,97,High,Low,Yes,7,79,Medium,Yes,3,High,Medium,Private,Positive,3,No,High School,Far,Male,71,130.2,4.5,Medio,6,1.0
18,61,Low,Low,No,9,54,Medium,Yes,0,Medium,Medium,Public,Neutral,2,No,College,Near,Female,59,108.6,3.0,Bajo,2,2.0
14,91,High,Medium,Yes,7,60,Medium,Yes,0,High,Medium,Public,Neutral,2,No,High School,Near,Male,67,110.6,4.0,Medio,3,2.0
8,89,High,High,No,8,62,Medium,Yes,2,Medium,Medium,Public,Positive,4,Yes,High School,Moderate,Male,66,85.4,6.0,Medio,2,8.0
16,99,Low,High,Yes,6,100,High,Yes,1,High,High,Public,Positive,3,No,High School,Far,Female,72,123.4,5.5,Medio,3,1.0
21,97,High,High,No,8,61,Low,Yes,0,Low,High,Public,Neutral,3,Yes,Postgraduate,Near,Female,70,142.2,5.0,Medio,1,0.5
12,90,Medium,Medium,Yes,8,93,Low,Yes,3,High,Medium,Public,Neutral,3,No,High School,Near,Female,68,102.0,5.5,Medio,3,5.0
20,81,Low,Medium,No,6,54,Low,Yes,0,Low,Low,Public,Positive,2,No,College,Moderate,Female,63,128.6,4.0,Medio,1,-2.0
31,68,Medium,Medium,No,9,59,Medium,Yes,3,High,High,Public,Neutral,2,No,Postgraduate,Near,Female,69,164.8,5.5,Medio,3,-4.5
26,82,Low,Medium,No,4,94,Low,Yes,0,Low,Low,Private,Positive,3,No,High School,Near,Male,67,153.2,4.0,Medio,2,-6.0
30,91,Medium,High,Yes,7,95,Low,Yes,1,Medium,High,Public,Positive,3,No,College,Near,Female,75,174.6,5.5,Medio,2,-5.0
22,96,Low,Low,Yes,5,59,Medium,Yes,0,Medium,High,Private,Positive,2,No,High School,Far,Female,67,145.6,3.0,Medio,4,-4.0
27,92,High,High,Yes,5,61,Medium,Yes,0,Medium,High,Private,Positive,3,No,Postgraduate,Near,Male,74,163.2,5.0,Medio,4,-5.5
16,68,Medium,High,Yes,8,77,Medium,Yes,1,Medium,High,Public,Positive,4,No,Postgraduate,Moderate,Male,66,104.8,5.5,Medio,2,4.0
16,84,Medium,High,Yes,5,53,Medium,No,2,Low,Medium,Public,Neutral,1,No,High School,Near,Male,65,114.4,4.0,Medio,1,-2.0
4,73,Low,Medium,Yes,5,97,High,Yes,1,Low,High,Public,Negative,1,No,High School,Near,Male,60,59.8,4.5,Medio,1,4.0
27,60,Medium,High,No,8,68,High,Yes,1,Medium,Medium,Private,Negative,4,Yes,High School,Far,Female,63,144.0,5.5,Medio,4,-1.5
29,68,Low,High,Yes,5,74,Low,Yes,3,High,High,Public,Neutral,2,Yes,Postgraduate,Near,Male,69,156.8,6.5,Medio,3,-7.5
17,65,High,High,No,9,55,Medium,Yes,1,Medium,Medium,Public,Positive,2,No,High School,Near,Male,64,107.0,5.5,Medio,2,2.5
18,94,Low,Medium,Yes,8,52,Medium,Yes,1,Medium,Medium,Private,Positive,4,No,College,Near,Female,68,128.4,4.5,Medio,4,3.0
15,70,Medium,Medium,No,6,73,Low,Yes,2,Medium,Low,Public,Positive,4,No,High School,Moderate,Male,63,102.0,5.0,Medio,2,2.5
22,71,Medium,Medium,Yes,8,56,Low,Yes,0,Medium,High,Public,Neutral,2,No,Postgraduate,Near,Male,65,130.6,4.0,Medio,2,-1.0
27,98,Medium,High,No,4,82,Medium,Yes,0,High,Medium,Public,Positive,3,No,High School,Near,Female,74,166.8,5.0,Medio,3,-6.5
10,75,Medium,High,Yes,8,90,Medium,Yes,2,Low,Medium,Public,Positive,2,No,Postgraduate,Moderate,Male,65,85.0,6.0,Medio,1,5.0
22,60,Medium,Medium,Yes,5,52,Medium,Yes,0,Low,Medium,Public,Negative,2,No,High School,Near,Female,61,124.0,4.0,Medio,1,-4.0
18,71,Medium,High,Yes,6,81,Medium,Yes,1,Low,High,Public,Positive,3,No,High School,Near,Male,66,114.6,5.5,Medio,1,0.0
21,65,Medium,High,Yes,6,91,High,Yes,1,Medium,High,Public,Positive,3,No,High School,Moderate,Male,67,123.0,5.5,Medio,2,-1.5
23,64,High,Medium,Yes,9,72,Medium,Yes,0,Low,High,Public,Positive,3,No,College,Near,Male,66,130.4,4.0,Medio,1,0.5
19,63,High,Medium,No,6,98,High,Yes,4,High,Medium,Private,Positive,2,No,Postgraduate,Near,Male,69,113.8,6.0,Medio,6,-1.5
19,84,Medium,Medium,Yes,7,56,Low,Yes,2,Low,Medium,Public,Neutral,3,No,High School,Moderate,Female,65,126.4,5.0,Medio,1,0.5
19,68,High,High,No,6,66,Medium,Yes,2,Medium,Medium,Public,Neutral,3,No,High School,Far,Female,65,116.8,6.0,Medio,2,-0.5
26,74,High,Medium,No,6,62,Medium,Yes,0,Low,Medium,Private,Neutral,3,No,High School,Near,Female,66,148.4,4.0,Medio,2,-4.0
23,94,Medium,High,No,5,100,Low,Yes,2,Medium,High,Public,Neutral,2,No,Postgraduate,Near,Male,73,148.4,6.0,Medio,2,-4.5
21,77,Low,Medium,Yes,7,65,Medium,Yes,2,Low,High,Public,Negative,2,No,High School,Moderate,Female,64,130.2,5.0,Medio,1,-1.5
12,97,Medium,Low,Yes,7,69,Low,Yes,0,Low,High,Public,Positive,5,No,High School,Near,Female,67,106.19999999999999,3.0,Medio,1,6.0
18,80,Medium,Low,Yes,8,92,High,Yes,0,Medium,High,Private,Positive,1,No,College,Near,Male,67,120.0,3.0,Medio,4,0.0
25,76,Medium,Low,Yes,7,96,Medium,Yes,3,Medium,Medium,Public,Positive,4,Yes,High School,Near,Female,68,145.6,4.5,Medio,2,-1.5
20,90,Medium,Low,Yes,7,97,Medium,Yes,2,High,High,Public,Positive,3,No,College,Moderate,Male,71,134.0,4.0,Medio,3,0.0
24,63,Medium,Medium,Yes,8,78,Medium,Yes,0,Low,High,Private,Negative,3,No,High School,Near,Male,64,133.8,4.0,Medio,2,-1.0
31,64,Medium,Medium,Yes,6,83,Medium,Yes,1,Medium,Medium,Public,Positive,2,No,High School,Moderate,Female,67,162.4,4.5,Medio,2,-7.5
26,86,Medium,Low,No,5,67,Medium,Yes,2,Low,High,Private,Positive,1,No,High School,Moderate,Female,68,155.6,4.0,Medio,2,-7.0
21,79,Low,Medium,Yes,8,80,High,Yes,1,Low,High,Private,Negative,3,No,College,Near,Male,67,131.4,4.5,Medio,2,0.5
17,92,Low,Medium,Yes,6,65,High,Yes,3,Medium,High,Public,Positive,2,No,College,Near,Male,70,123.19999999999999,5.5,Medio,2,-0.5
5,97,Medium,Low,Yes,7,87,Medium,Yes,2,Medium,Medium,Private,Neutral,3,Yes,High School,Far,Female,64,78.19999999999999,4.0,Medio,4,7.5
19,76,Medium,Medium,Yes,6,65,Medium,Yes,0,Low,Medium,Public,Neutral,4,Yes,High School,Near,Female,63,121.6,4.0,Medio,1,0.5
18,84,High,High,No,6,94,Medium,Yes,3,High,Medium,Public,Neutral,4,No,High School,Near,Male,71,122.4,6.5,Medio,3,1.0
22,80,Low,Low,No,4,57,Low,Yes,1,Low,Medium,Public,Neutral,3,No,Postgraduate,Moderate,Male,64,136.0,3.5,Medio,1,-4.0
19,99,Low,Low,No,8,79,High,Yes,3,Medium,Medium,Private,Positive,4,No,High School,Near,Male,70,135.4,4.5,Medio,4,2.5
18,93,Medium,High,No,4,76,High,Yes,3,Low,Medium,Public,Negative,3,No,College,Near,Female,70,127.8,6.5,Medio,1,-2.0
9,96,Medium,High,Yes,9,63,Medium,Yes,1,High,Medium,Private,Neutral,1,No,High School,Near,Male,67,93.6,5.5,Medio,6,5.5
14,70,Medium,Medium,Yes,9,51,Low,Yes,1,Low,High,Public,Negative,4,No,College,Near,Male,62,98.0,4.5,Medio,1,6.0
23,91,Medium,Medium,No,6,57,Low,Yes,2,Low,High,Private,Positive,2,No,High School,Near,Male,69,146.6,5.0,Medio,2,-3.5
30,71,Low,High,No,9,98,Low,Yes,2,High,Medium,Public,Positive,1,No,High School,Moderate,Female,69,162.6,6.0,Medio,3,-5.0
19,68,Low,High,No,10,97,Low,No,0,Low,Medium,Public,Positive,3,No,College,Far,Female,62,116.8,3.0,Medio,1,3.5
22,98,Low,Medium,No,7,56,High,Yes,1,High,Medium,Private,Neutral,1,No,College,Near,Female,70,146.8,4.5,Medio,6,-3.0
26,61,Medium,Medium,Yes,8,69,High,Yes,2,Medium,High,Public,Positive,3,No,High School,Near,Male,66,140.6,5.0,Medio,2,-2.0
15,99,High,Medium,No,7,73,Low,Yes,1,Low,Medium,Public,Positive,3,No,High School,Near,Male,69,119.4,4.5,Medio,1,2.5
22,66,Medium,Low,Yes,9,74,Medium,Yes,3,Low,High,Public,Negative,3,No,Postgraduate,Near,Female,65,127.6,4.5,Medio,1,1.0
16,93,Low,High,Yes,5,65,Low,Yes,0,Medium,Medium,Public,Negative,3,No,High School,Near,Female,66,119.8,5.0,Medio,2,0.0
25,71,High,Medium,Yes,7,96,Low,Yes,2,Low,Medium,Public,Positive,3,No,High School,Near,Female,69,142.6,5.0,Medio,1,-2.5
21,74,High,Medium,Yes,8,95,Low,Yes,1,Medium,Medium,Private,Positive,5,Yes,High School,Far,Female,66,128.4,4.5,Medio,4,2.5
22,69,Low,High,Yes,8,51,Medium,Yes,1,Low,High,Public,Positive,3,No,High School,Near,Female,65,129.4,5.5,Medio,1,0.0
15,83,Medium,Low,Yes,7,83,Low,Yes,1,High,Medium,Public,Neutral,2,No,Postgraduate,Near,Female,66,109.8,3.5,Medio,3,1.5
24,74,Low,Low,Yes,9,54,Medium,Yes,1,Low,Medium,Public,Neutral,3,No,High School,Near,Female,63,140.4,3.5,Medio,1,0.0
33,86,Low,Medium,Yes,7,80,Medium,Yes,0,Low,High,Public,Neutral,3,No,Postgraduate,Near,Female,72,183.6,4.0,Medio,1,-6.5
14,61,Medium,Medium,Yes,7,93,Low,Yes,3,Medium,High,Public,Negative,2,No,High School,Moderate,Male,62,92.6,5.5,Medio,2,2.0
18,63,High,High,No,8,82,Medium,Yes,1,High,Medium,Private,Negative,1,No,High School,Near,Male,64,109.8,5.5,Medio,6,0.0
21,64,Medium,Low,No,7,73,High,Yes,2,Low,Medium,Public,Negative,2,Yes,College,Far,Female,61,122.4,4.0,Medio,1,-1.5
25,77,High,Medium,Yes,7,98,Low,Yes,0,High,Medium,Public,Positive,2,No,High School,Near,Male,70,146.2,4.0,Medio,3,-3.5
17,93,Medium,Medium,No,6,87,Medium,Yes,1,Low,High,Private,Negative,2,No,High School,Moderate,Female,67,123.8,4.5,Medio,2,-0.5
3,96,High,High,Yes,10,62,Medium,Yes,3,Low,Medium,Private,Neutral,4,No,High School,Far,Male,66,69.6,6.5,Medio,2,12.5
28,70,Medium,Medium,Yes,6,69,Medium,Yes,2,Low,Low,Public,Positive,4,Yes,High School,Near,Male,66,154.0,5.0,Medio,1,-4.0
25,83,Low,Medium,Yes,8,88,Low,Yes,1,Medium,High,Public,Neutral,3,Yes,College,Near,Male,68,149.8,4.5,Medio,2,-1.5
10,91,High,High,Yes,10,51,Medium,Yes,0,Low,Medium,Public,Positive,3,No,Postgraduate,Moderate,Male,67,94.6,5.0,Medio,1,8.0
16,72,Medium,High,No,5,53,Medium,Yes,1,High,High,Public,Positive,3,No,College,Near,Male,65,107.19999999999999,5.5,Medio,3,0.0
29,76,Medium,High,Yes,8,93,Low,No,0,Medium,High,Public,Positive,4,No,College,Moderate,Male,70,161.6,3.0,Medio,2,-2.5
29,81,Medium,Medium,Yes,7,52,Medium,No,1,High,Medium,Public,Neutral,4,No,College,Near,Female,69,164.6,2.5,Medio,3,-3.5
26,65,Medium,Medium,Yes,10,84,Medium,Yes,1,Low,High,Public,Positive,4,No,Postgraduate,Near,Male,68,143.0,4.5,Medio,1,1.0
19,61,Medium,Medium,No,6,66,Medium,Yes,0,High,Medium,Public,Neutral,1,No,High School,Near,Male,61,112.6,4.0,Medio,3,-2.5
20,66,Medium,High,Yes,6,91,Low,Yes,0,Medium,High,Public,Negative,5,No,High School,Far,Male,65,119.6,5.0,Medio,2,1.0
19,85,High,High,No,7,92,Medium,Yes,3,Medium,Medium,Public,Neutral,2,No,College,Near,Female,71,127.0,6.5,Medio,2,-0.5
27,63,Medium,High,No,6,98,Low,Yes,0,Medium,Medium,Private,Negative,3,No,High School,Near,Female,66,145.8,5.0,Medio,4,-4.5
15,68,Medium,High,No,6,55,Medium,No,0,High,Medium,Private,Positive,3,No,High School,Near,Female,62,100.8,3.0,Medio,6,1.5
15,74,Low,Low,No,10,71,Medium,Yes,0,Low,High,Public,Negative,2,No,Postgraduate,Near,Male,61,104.4,3.0,Medio,1,4.5
26,63,High,High,Yes,7,79,Medium,Yes,1,Low,High,Public,Negative,2,No,High School,Near,Male,67,141.8,5.5,Medio,1,-4.0
20,68,Medium,High,Yes,6,96,Medium,Yes,0,Low,High,Public,Neutral,3,No,High School,Near,Female,66,120.8,5.0,Medio,1,-1.0
28,96,Low,High,No,6,63,High,No,1,High,Medium,Public,Positive,2,No,High School,Moderate,Female,71,169.6,3.5,Medio,3,-6.0
16,61,Medium,High,Yes,8,54,High,Yes,0,Low,High,Private,Positive,3,No,College,Moderate,Male,62,100.6,5.0,Medio,2,3.0
20,86,Medium,Medium,Yes,8,60,Low,Yes,1,High,Medium,Public,Neutral,3,Yes,Postgraduate,Near,Male,67,131.6,4.5,Medio,3,1.0
14,75,Medium,Medium,Yes,6,75,Medium,Yes,0,Low,High,Public,Neutral,2,No,High School,Near,Male,64,101.0,4.0,Medio,1,1.0
20,87,Medium,Low,No,5,84,Medium,Yes,2,Medium,Medium,Private,Neutral,3,No,High School,Near,Male,68,132.2,4.0,Medio,4,-2.0
11,84,Medium,Medium,Yes,7,85,High,Yes,3,Medium,Medium,Public,Neutral,4,No,College,Moderate,Female,67,94.4,5.5,Medio,2,5.5
17,69,Medium,Medium,Yes,7,54,High,Yes,1,High,Low,Public,Neutral,2,No,High School,Near,Male,63,109.4,4.5,Medio,3,0.5
11,94,High,High,No,6,88,Medium,Yes,2,Medium,Medium,Public,Positive,4,No,High School,Near,Male,70,100.4,6.0,Medio,2,4.5
24,80,Low,High,Yes,9,83,Medium,Yes,1,Low,Low,Public,Negative,1,No,High School,Near,Male,67,144.0,5.5,Medio,1,-2.0
24,93,Medium,High,Yes,8,70,Low,Yes,1,Medium,High,Private,Neutral,3,No,High School,Moderate,Female,71,151.8,5.5,Medio,4,-1.0
10,76,Medium,Low,Yes,7,79,Low,Yes,3,Medium,Medium,Private,Neutral,4,No,High School,Far,Female,62,85.6,4.5,Medio,4,6.0
28,99,Medium,Medium,Yes,6,88,Medium,Yes,3,Low,Medium,Public,Positive,4,No,High School,Near,Female,75,171.4,5.5,Medio,1,-4.0
35,91,Low,Medium,Yes,10,63,Low,Yes,1,Medium,Medium,Public,Neutral,5,No,High School,Near,Male,72,194.6,4.5,Medio,2,-2.5
20,99,Medium,Low,Yes,5,97,Low,Yes,4,High,Medium,Public,Neutral,3,No,College,Near,Female,73,139.4,5.0,Medio,3,-2.0
16,81,Low,Medium,No,6,57,High,Yes,3,Low,Low,Private,Positive,3,No,High School,Near,Male,64,112.6,5.5,Medio,2,1.0
37,79,Medium,High,No,6,95,High,Yes,1,High,Medium,Public,Negative,1,No,High School,Near,Male,73,195.4,5.5,Medio,3,-11.5
12,90,Medium,Low,Yes,7,87,Low,Yes,2,Low,High,Public,Neutral,2,No,Postgraduate,Far,Male,66,102.0,4.0,Medio,1,3.0
20,95,Low,Low,No,8,83,High,Yes,1,Medium,Medium,Private,Positive,3,No,High School,Near,Female,69,137.0,3.5,Medio,4,1.0
21,99,Medium,Medium,Yes,5,54,High,Yes,1,Low,Medium,Public,Neutral,4,No,College,Moderate,Male,70,143.4,4.5,Medio,1,-1.5
28,73,Medium,High,Yes,6,96,Medium,Yes,1,Medium,Medium,Public,Negative,0,No,Postgraduate,Near,Female,70,155.8,5.5,Medio,2,-8.0
22,92,High,High,No,8,65,Medium,Yes,0,Medium,High,Private,Positive,2,No,High School,Moderate,Male,71,143.2,5.0,Medio,4,-1.0
17,68,Low,High,Yes,6,87,High,Yes,0,Low,Medium,Private,Positive,4,Yes,College,Near,Male,64,108.8,5.0,Medio,2,1.5
18,67,High,Medium,Yes,7,62,High,Yes,1,Low,Low,Private,Positive,2,No,High School,Far,Male,63,112.19999999999999,4.5,Medio,2,0.0
14,74,High,High,Yes,6,96,Low,Yes,2,Low,High,Public,Neutral,4,No,College,Near,Male,68,100.4,6.0,Medio,1,3.0
20,97,Medium,Medium,No,7,81,Medium,Yes,3,Medium,High,Public,Neutral,3,Yes,College,Near,Male,71,138.2,5.5,Medio,2,0.0
17,66,Medium,Medium,Yes,8,83,Medium,Yes,4,Medium,High,Private,Negative,5,No,High School,Moderate,Male,65,107.6,6.0,Medio,4,4.5
11,85,High,Medium,Yes,7,96,Medium,No,1,Low,Medium,Public,Neutral,3,No,High School,Near,Male,66,95.0,2.5,Medio,1,4.5
28,84,High,High,Yes,9,76,High,Yes,0,High,Medium,Private,Negative,3,No,High School,Near,Male,72,162.4,5.0,Medio,6,-2.0
17,65,High,High,Yes,8,72,Low,Yes,1,Low,Medium,Public,Positive,4,No,College,Moderate,Male,65,107.0,5.5,Medio,1,3.5
12,73,Low,Medium,No,7,82,Medium,No,1,Low,Medium,Public,Positive,3,No,High School,Far,Male,60,91.8,2.5,Medio,1,4.0
19,83,Low,Medium,No,7,78,High,No,2,Low,High,Public,Positive,4,No,Postgraduate,Moderate,Male,67,125.8,3.0,Medio,1,1.5
20,67,Medium,High,No,10,53,High,Yes,1,Low,Medium,Private,Positive,2,No,Postgraduate,Near,Male,65,120.19999999999999,5.5,Medio,2,2.0
10,92,High,Low,Yes,6,59,High,Yes,0,Low,Medium,Public,Negative,2,No,High School,Moderate,Female,64,95.19999999999999,3.0,Medio,1,3.0
22,99,High,High,Yes,7,51,Medium,Yes,2,High,High,Public,Negative,4,Yes,High School,Moderate,Male,72,147.4,6.0,Medio,3,0.0
14,69,High,Medium,No,6,55,Medium,Yes,3,Low,Low,Private,Positive,2,No,High School,Moderate,Male,62,97.4,5.5,Medio,2,1.0
30,67,Medium,Medium,Yes,8,86,Medium,Yes,0,Low,Medium,Public,Neutral,4,No,High School,Moderate,Female,67,160.2,4.0,Medio,1,-3.0
23,78,Medium,Medium,Yes,10,50,Medium,Yes,1,Medium,Medium,Private,Positive,3,Yes,Postgraduate,Near,Female,67,138.8,4.5,Medio,4,1.5
18,90,Medium,Medium,No,7,65,Low,Yes,4,Medium,Medium,Public,Positive,3,No,College,Near,Female,69,126.0,6.0,Medio,2,1.0
16,71,High,High,Yes,7,72,Low,Yes,1,Medium,Low,Private,Neutral,4,No,College,Moderate,Female,65,106.6,5.5,Medio,4,3.0
19,61,Medium,High,No,7,97,Low,Yes,0,Medium,High,Public,Negative,3,Yes,College,Far,Male,62,112.6,5.0,Medio,2,0.5
24,82,High,Medium,Yes,5,66,Medium,Yes,0,Medium,Medium,Private,Neutral,3,No,Postgraduate,Near,Male,69,145.2,4.0,Medio,4,-4.0
20,98,Medium,High,No,7,89,Medium,Yes,1,High,Medium,Public,Positive,3,No,College,Far,Female,72,138.8,5.5,Medio,3,0.0
19,76,Low,High,Yes,10,70,Low,Yes,1,Low,Medium,Public,Negative,3,No,College,Far,Female,63,121.6,5.5,Medio,1,3.5
20,77,High,Medium,No,8,55,Low,Yes,1,Medium,Medium,Public,Negative,3,No,College,Far,Female,64,126.19999999999999,4.5,Medio,2,1.0
16,99,Low,Medium,Yes,9,55,Medium,Yes,1,High,Medium,Public,Neutral,3,Yes,College,Far,Female,67,123.4,4.5,Medio,3,4.0
18,88,Medium,Medium,No,9,72,High,Yes,2,High,High,Public,Neutral,4,No,Postgraduate,Moderate,Male,70,124.8,5.0,Medio,3,4.0
7,89,High,Low,Yes,6,53,Medium,Yes,3,Low,High,Private,Neutral,2,No,High School,Moderate,Male,64,81.4,4.5,Medio,2,4.5
26,83,Medium,Medium,No,10,79,Medium,Yes,1,High,Medium,Public,Neutral,2,No,High School,Moderate,Female,69,153.8,4.5,Medio,3,-1.0
22,99,High,High,No,4,75,Low,Yes,2,Medium,Medium,Private,Negative,4,No,High School,Near,Female,72,147.4,6.0,Medio,4,-3.0
15,88,Medium,Medium,Yes,7,85,Medium,Yes,4,Medium,Medium,Private,Negative,2,No,Postgraduate,Near,Female,69,112.8,6.0,Medio,4,1.5
31,96,High,Medium,Yes,4,59,Medium,Yes,3,Low,Medium,Private,Neutral,5,No,High School,Near,Female,75,181.6,5.5,Medio,2,-6.5
21,88,Low,Medium,No,4,80,Low,Yes,1,Medium,Medium,Public,Positive,2,Yes,Postgraduate,Near,Male,67,136.8,4.5,Medio,2,-4.5
14,89,Medium,Medium,Yes,8,59,High,Yes,1,Low,Medium,Private,Neutral,3,No,College,Near,Male,67,109.4,4.5,Medio,2,4.0
25,72,Medium,Medium,No,6,86,High,Yes,0,Medium,Medium,Public,Neutral,2,No,High School,Far,Female,66,143.2,4.0,Medio,2,-4.5
22,72,Medium,Low,Yes,9,65,High,Yes,0,Medium,Medium,Public,Neutral,3,No,High School,Moderate,Male,64,131.2,3.0,Medio,2,1.0
22,91,Medium,Low,No,4,81,Medium,Yes,2,Low,High,Private,Negative,3,No,High School,Near,Male,68,142.6,4.0,Medio,2,-4.0
17,72,High,Medium,Yes,7,94,High,Yes,1,Low,Medium,Public,Neutral,5,No,High School,Moderate,Male,66,111.19999999999999,4.5,Medio,1,3.5
23,83,High,Medium,No,5,74,Medium,Yes,3,Low,Medium,Public,Negative,2,No,Postgraduate,Near,Male,69,141.8,5.5,Medio,1,-4.5
18,70,High,Low,Yes,7,60,Medium,Yes,1,Medium,High,Public,Positive,3,No,College,Near,Male,65,114.0,3.5,Medio,2,1.0
23,93,Medium,Low,Yes,9,94,High,Yes,2,Medium,Low,Private,Negative,3,No,High School,Moderate,Female,70,147.8,4.0,Medio,4,0.5
9,64,Medium,Low,Yes,10,68,Low,Yes,0,Medium,Medium,Private,Negative,3,No,High School,Near,Male,57,74.4,3.0,Bajo,4,8.5
17,93,Medium,Medium,No,8,87,Low,Yes,2,High,High,Private,Negative,3,No,College,Moderate,Male,69,123.8,5.0,Medio,6,2.5
30,84,High,Low,Yes,5,66,Low,Yes,0,Medium,Low,Public,Positive,2,No,Postgraduate,Near,Female,70,170.4,3.0,Medio,2,-8.0
15,67,Low,Medium,Yes,5,65,Medium,Yes,4,Medium,Medium,Private,Negative,2,No,College,Near,Male,63,100.19999999999999,6.0,Medio,4,-0.5
16,82,Medium,Medium,No,7,82,Medium,Yes,1,Medium,Low,Public,Neutral,3,No,Postgraduate,Moderate,Female,66,113.19999999999999,4.5,Medio,2,2.0
17,71,Medium,Medium,Yes,6,58,Medium,Yes,3,Medium,Medium,Private,Positive,3,Yes,High School,Near,Male,64,110.6,5.5,Medio,4,0.5
13,73,Medium,High,No,8,93,Medium,Yes,0,High,High,Public,Neutral,3,No,Postgraduate,Near,Female,65,95.8,5.0,Medio,3,4.5
7,74,High,Medium,No,10,69,High,Yes,1,High,Medium,Public,Positive,4,No,High School,Near,Male,64,72.4,4.5,Medio,3,10.5
19,63,Medium,Low,Yes,6,51,High,Yes,2,Medium,Medium,Public,Neutral,4,No,High School,Near,Male,62,113.8,4.0,Medio,2,0.5
21,99,High,Medium,Yes,6,65,Low,Yes,1,Medium,Medium,Private,Positive,2,No,College,Far,Female,71,143.4,4.5,Medio,4,-2.5
20,61,Medium,High,No,5,89,Medium,Yes,1,Medium,Medium,Public,Neutral,2,No,Postgraduate,Far,Female,64,116.6,5.5,Medio,2,-3.0
19,86,High,High,Yes,7,93,High,Yes,1,Medium,High,Public,Neutral,2,No,High School,Near,Male,72,127.6,5.5,Medio,2,-0.5
20,75,Medium,Medium,No,7,78,Medium,Yes,0,Low,Medium,Public,Negative,2,No,College,Near,Female,64,125.0,4.0,Medio,1,-1.0
26,86,Medium,Low,Yes,7,65,Medium,Yes,2,High,High,Private,Neutral,4,No,Postgraduate,Moderate,Male,71,155.6,4.0,Medio,6,-2.0
19,74,Medium,Medium,Yes,8,76,High,Yes,5,Medium,High,Public,Neutral,4,Yes,College,Near,Female,68,120.4,6.5,Medio,2,2.5
17,87,Medium,Medium,Yes,8,92,Medium,No,3,High,Low,Public,Negative,2,No,College,Near,Male,68,120.19999999999999,3.5,Medio,3,1.5
18,89,Medium,Medium,No,7,66,Medium,Yes,2,Medium,Medium,Public,Positive,3,No,College,Moderate,Male,68,125.4,5.0,Medio,2,1.0
23,88,Medium,Medium,No,7,69,Medium,Yes,3,Low,High,Public,Negative,3,No,High School,Near,Male,69,144.8,5.5,Medio,1,-1.5
28,65,Low,Medium,Yes,7,77,High,Yes,1,Low,High,Public,Positive,3,No,College,Near,Male,67,151.0,4.5,Medio,1,-4.0
16,86,Medium,Low,No,7,94,Low,Yes,0,Low,Medium,Private,Positive,4,No,High School,Near,Male,66,115.6,3.0,Medio,2,3.0
21,71,Medium,Medium,Yes,6,79,Medium,Yes,1,Low,Medium,Private,Neutral,4,No,Postgraduate,Far,Male,65,126.6,4.5,Medio,2,-0.5
22,61,Medium,High,No,5,60,High,Yes,0,High,Low,Private,Neutral,2,No,High School,Moderate,Male,63,124.6,5.0,Medio,6,-4.0
14,77,High,Low,No,7,54,Medium,Yes,1,Medium,High,Public,Negative,2,No,High School,Moderate,Male,62,102.19999999999999,3.5,Medio,2,2.0
20,77,High,High,No,6,55,Medium,Yes,1,High,Low,Private,Neutral,1,No,College,Near,Male,67,126.19999999999999,5.5,Medio,6,-3.0
11,79,Medium,Medium,Yes,8,98,Medium,Yes,2,Low,Medium,Public,Neutral,4,No,High School,Near,Female,65,91.4,5.0,Medio,1,6.5
9,88,Medium,Medium,Yes,7,91,Medium,Yes,1,Low,Medium,Public,Negative,3,No,College,Near,Female,66,88.8,4.5,Medio,1,5.5
22,72,Low,High,No,7,88,Medium,No,2,Medium,Medium,Public,Positive,4,No,High School,Near,Female,66,131.2,4.0,Medio,2,0.0
18,73,Medium,Medium,Yes,8,75,Medium,Yes,0,High,Medium,Public,Neutral,1,Yes,College,Near,Female,64,115.8,4.0,Medio,3,0.0
21,62,High,Medium,Yes,5,84,Medium,Yes,5,Low,Medium,Public,Positive,4,No,High School,Near,Female,67,121.19999999999999,6.5,Medio,1,-1.5
20,87,Medium,Medium,No,10,56,Medium,Yes,2,Medium,Medium,Public,Neutral,2,No,College,Moderate,Female,67,132.2,5.0,Medio,2,2.0
14,83,Low,Low,No,4,81,Low,Yes,1,Low,Medium,Public,Negative,4,Yes,High School,Moderate,Male,61,105.8,3.5,Medio,1,1.0
20,74,Medium,Medium,Yes,9,91,Medium,Yes,1,Low,Medium,Public,Neutral,5,No,High School,Near,Male,66,124.4,4.5,Medio,1,4.0
13,88,High,Medium,Yes,7,53,Medium,Yes,2,Medium,Medium,Private,Negative,4,No,College,Moderate,Male,66,104.8,5.0,Medio,4,4.5
28,81,Medium,Low,Yes,6,65,Medium,Yes,1,Low,Medium,Public,Positive,2,No,High School,Moderate,Male,67,160.6,3.5,Medio,1,-6.0
12,79,High,Medium,No,5,56,High,Yes,1,Low,Low,Public,Positive,5,No,High School,Near,Female,64,95.4,4.5,Medio,1,4.0
19,80,High,Low,No,6,63,Low,Yes,1,Low,Medium,Public,Neutral,3,No,High School,Near,Male,64,124.0,3.5,Medio,1,-0.5
14,85,Low,Medium,No,7,89,Medium,Yes,2,Medium,High,Public,Positive,2,No,College,Moderate,Male,67,107.0,5.0,Medio,2,2.0
23,86,Low,High,No,7,67,Low,Yes,2,Medium,High,Private,Neutral,3,Yes,College,Near,Female,68,143.6,6.0,Medio,4,-1.5
18,72,Medium,Low,No,9,84,Medium,Yes,2,Medium,Medium,Public,Neutral,4,No,High School,Near,Male,64,115.19999999999999,4.0,Medio,2,4.0
17,66,Medium,Medium,Yes,7,89,Medium,Yes,0,Medium,Medium,Private,Negative,3,No,College,Near,Male,63,107.6,4.0,Medio,4,1.5
25,66,Medium,High,Yes,7,91,Medium,Yes,2,Low,High,Public,Neutral,3,No,College,Near,Male,68,139.6,6.0,Medio,1,-2.5
20,86,Low,Low,No,8,94,Low,Yes,2,Low,Medium,Private,Negative,2,No,High School,Far,Female,64,131.6,4.0,Medio,2,0.0
23,95,Low,Medium,Yes,7,80,High,Yes,2,Low,Medium,Public,Neutral,4,No,High School,Moderate,Female,70,149.0,5.0,Medio,1,-0.5
14,76,Low,Medium,No,7,64,Medium,Yes,3,Medium,Medium,Private,Positive,3,No,College,Near,Male,64,101.6,5.5,Medio,4,3.0
12,67,High,Medium,No,7,58,Medium,Yes,0,High,Medium,Public,Neutral,2,Yes,High School,Far,Male,59,88.19999999999999,4.0,Bajo,3,3.0
21,90,High,Medium,Yes,8,75,Medium,Yes,4,Low,High,Public,Neutral,2,No,High School,Moderate,Male,71,138.0,6.0,Medio,1,-0.5
18,93,Low,Medium,Yes,6,55,Medium,Yes,3,Low,Medium,Public,Negative,5,No,High School,Moderate,Male,67,127.8,5.5,Medio,1,2.0
24,95,Medium,Low,Yes,6,96,High,Yes,3,Low,Medium,Private,Neutral,3,No,Postgraduate,Near,Female,73,153.0,4.5,Medio,2,-3.0
20,84,Low,Low,No,8,72,Medium,Yes,3,High,Medium,Public,Neutral,3,No,High School,Near,Male,66,130.4,4.5,Medio,3,1.0
21,94,High,High,No,5,94,Medium,Yes,2,Low,High,Private,Neutral,2,No,College,Near,Male,73,140.4,6.0,Medio,2,-3.5
10,61,High,Medium,Yes,7,85,High,Yes,1,Medium,Medium,Public,Neutral,4,No,High School,Near,Female,62,76.6,4.5,Medio,2,6.0
31,64,Medium,High,No,6,93,Medium,Yes,1,Low,High,Public,Neutral,3,No,High School,Near,Female,69,162.4,5.5,Medio,1,-6.5
19,64,Medium,High,No,8,94,Medium,Yes,3,Medium,High,Private,Neutral,3,Yes,Postgraduate,Near,Female,66,114.4,6.5,Medio,4,1.5
24,89,Medium,Low,Yes,9,53,Medium,Yes,1,Low,High,Private,Neutral,3,No,High School,Near,Male,68,149.4,3.5,Medio,2,0.0
15,63,Medium,Medium,Yes,6,86,Low,Yes,4,High,Medium,Public,Positive,5,No,High School,Near,Male,65,97.8,6.0,Medio,3,3.5
22,80,Medium,Medium,Yes,8,61,High,Yes,1,Low,Medium,Public,Positive,2,No,College,Moderate,Male,67,136.0,4.5,Medio,1,-1.0
12,79,Medium,Medium,Yes,7,99,Low,Yes,2,Medium,Medium,Public,Negative,2,Yes,High School,Near,Female,64,95.4,5.0,Medio,2,3.0
23,72,High,High,Yes,6,89,Medium,No,0,Medium,High,Private,Negative,3,No,High School,Moderate,Male,67,135.2,3.0,Medio,4,-2.5
18,95,Low,Low,Yes,7,50,Low,Yes,3,Medium,Medium,Private,Neutral,3,No,High School,Moderate,Female,66,129.0,4.5,Medio,4,1.0
20,67,High,Medium,No,9,96,High,Yes,1,High,High,Public,Positive,3,No,High School,Near,Female,68,120.19999999999999,4.5,Medio,3,2.0
24,74,Medium,Medium,Yes,7,65,Low,Yes,3,Medium,High,Public,Neutral,2,No,College,Near,Male,68,140.4,5.5,Medio,2,-3.0
13,91,Medium,Low,Yes,9,71,Low,Yes,1,Low,Medium,Public,Positive,2,No,College,Far,Male,64,106.6,3.5,Medio,1,4.5
16,61,High,Medium,Yes,7,81,Low,Yes,2,Medium,Medium,Public,Neutral,1,No,High School,Near,Female,63,100.6,5.0,Medio,2,0.0
23,87,High,Medium,No,5,96,Medium,Yes,2,Medium,Medium,Public,Positive,3,No,College,Moderate,Female,72,144.2,5.0,Medio,2,-3.5
33,93,High,Medium,No,7,96,Medium,Yes,1,Low,High,Public,Positive,1,No,Postgraduate,Moderate,Female,75,187.8,4.5,Medio,1,-8.5
19,97,High,Medium,No,5,78,Low,Yes,2,Low,Medium,Public,Positive,3,No,High School,Near,Male,71,134.2,5.0,Medio,1,-1.5
24,95,High,Medium,No,7,66,Low,Yes,2,High,High,Public,Negative,3,No,High School,Near,Male,71,153.0,5.0,Medio,3,-2.0
19,73,Medium,Medium,Yes,6,64,Low,Yes,4,Medium,Medium,Public,Positive,5,Yes,College,Near,Female,66,119.8,6.0,Medio,2,1.5
32,83,High,Medium,Yes,10,68,Medium,No,3,Low,Medium,Private,Positive,4,No,High School,Moderate,Female,71,177.8,3.5,Medio,2,-2.0
10,63,High,Medium,No,9,59,Low,Yes,0,Medium,High,Public,Positive,5,No,Postgraduate,Moderate,Male,61,77.8,4.0,Medio,2,9.0
21,70,Medium,Medium,Yes,7,83,Medium,Yes,1,Medium,Medium,Public,Neutral,3,No,High School,Far,Male,65,126.0,4.5,Medio,2,-0.5
10,64,Medium,Low,No,9,76,Low,Yes,1,Low,Medium,Private,Positive,1,No,High School,Near,Female,58,78.4,3.5,Bajo,2,5.0
5,73,High,Low,Yes,6,89,High,Yes,1,Medium,Medium,Public,Neutral,2,No,High School,Near,Male,62,63.8,3.5,Medio,2,5.5
22,95,High,Low,No,5,55,Medium,Yes,2,High,High,Public,Neutral,0,Yes,College,Near,Female,69,145.0,4.0,Medio,3,-6.0
21,74,Medium,Low,Yes,8,70,Medium,Yes,1,Medium,Medium,Public,Neutral,3,No,Postgraduate,Far,Male,65,128.4,3.5,Medio,2,0.5
18,82,High,Medium,Yes,8,62,High,Yes,3,Low,Medium,Private,Neutral,4,No,High School,Near,Female,69,121.19999999999999,5.5,Medio,2,3.0
19,77,High,Medium,Yes,6,77,High,Yes,1,Low,High,Private,Neutral,3,No,College,Near,Female,68,122.19999999999999,4.5,Medio,2,-0.5
39,78,Medium,Medium,No,6,73,Medium,Yes,0,Low,Medium,Public,Positive,2,No,College,Far,Male,70,202.8,4.0,Medio,1,-11.5
18,99,High,Medium,Yes,8,72,Medium,Yes,4,Low,Medium,Public,Neutral,4,No,High School,Near,Female,72,131.4,6.0,Medio,1,3.0
23,72,Low,Medium,Yes,4,66,Low,No,3,Low,Medium,Private,Positive,4,No,Postgraduate,Near,Female,66,135.2,3.5,Medio,2,-3.5
16,85,Low,High,Yes,8,86,Low,Yes,2,High,Medium,Private,Neutral,4,No,High School,Near,Female,68,115.0,6.0,Medio,6,4.0
22,77,Medium,Medium,Yes,7,74,High,Yes,2,Low,Low,Private,Negative,4,No,College,Near,Male,67,134.2,5.0,Medio,2,0.0
19,62,High,Low,Yes,8,60,Medium,Yes,1,Low,Medium,Public,Positive,2,No,College,Far,Female,61,113.19999999999999,3.5,Medio,1,0.5
18,80,Low,Low,Yes,8,77,Medium,Yes,1,Low,High,Public,Negative,2,No,College,Near,Female,64,120.0,3.5,Medio,1,1.0
31,93,High,Medium,No,6,80,Medium,Yes,3,Medium,Medium,Public,Neutral,2,No,High School,Near,Male,74,179.8,5.5,Medio,2,-7.5
27,64,Medium,Medium,No,5,51,High,Yes,1,Low,High,Public,Negative,3,No,High School,Near,Female,64,146.4,4.5,Medio,1,-5.5
21,63,High,Low,Yes,9,60,Medium,Yes,2,Medium,Medium,Public,Negative,2,No,Postgraduate,Near,Male,64,121.8,4.0,Medio,2,0.5
6,66,High,Medium,Yes,7,62,Low,Yes,2,Low,Medium,Public,Neutral,4,No,Postgraduate,Near,Male,61,63.6,5.0,Medio,1,8.0
18,91,High,High,Yes,7,62,Medium,Yes,3,Low,Medium,Private,Positive,3,No,High School,Near,Male,71,126.6,6.5,Medio,2,1.0
36,89,High,Low,Yes,8,62,Low,Yes,2,Low,High,Private,Negative,3,No,College,Moderate,Male,72,197.4,4.0,Medio,2,-7.0
19,83,High,High,No,6,64,Medium,Yes,0,Medium,Medium,Private,Negative,5,No,Postgraduate,Near,Female,68,125.8,5.0,Medio,4,1.5
27,79,Low,High,Yes,8,63,High,Yes,2,Low,Medium,Public,Negative,5,No,College,Moderate,Female,69,155.4,6.0,Medio,1,-0.5
29,96,Medium,High,No,8,94,High,No,2,Low,High,Public,Negative,4,No,High School,Near,Male,74,173.6,4.0,Medio,1,-2.5
21,91,Medium,High,Yes,9,66,Low,Yes,3,Low,Medium,Public,Neutral,4,No,College,Moderate,Female,70,138.6,6.5,Medio,1,2.5
15,92,High,Low,Yes,9,67,Low,Yes,1,High,High,Public,Positive,2,No,Postgraduate,Near,Male,69,115.19999999999999,3.5,Medio,3,3.5
5,93,Low,Low,No,7,63,Medium,Yes,2,Medium,High,Public,Neutral,3,No,Postgraduate,Near,Male,64,75.8,4.0,Medio,2,7.5
24,86,Low,Low,Yes,8,98,Medium,Yes,2,High,Medium,Public,Positive,5,No,Postgraduate,Far,Male,71,147.6,4.0,Medio,3,1.0
15,78,High,Low,Yes,7,77,Low,Yes,0,High,Medium,Public,Neutral,3,No,College,Near,Male,65,106.8,3.0,Medio,3,2.5
21,95,High,Medium,Yes,7,81,Medium,Yes,0,Medium,Medium,Public,Neutral,3,No,High School,Near,Male,71,141.0,4.0,Medio,2,-0.5
13,97,High,High,Yes,5,87,Low,Yes,1,Medium,High,Public,Neutral,2,No,Postgraduate,Near,Female,71,110.19999999999999,5.5,Medio,2,0.5
18,61,Low,Medium,Yes,7,67,Medium,Yes,5,High,High,Public,Positive,2,No,Postgraduate,Near,Male,66,108.6,6.5,Medio,3,0.0
20,62,Medium,Medium,No,4,98,High,Yes,1,High,Low,Public,Negative,4,No,High School,Near,Male,64,117.19999999999999,4.5,Medio,3,-2.0
22,98,Medium,Medium,No,7,58,Medium,Yes,0,Medium,Medium,Private,Neutral,3,No,High School,Near,Male,70,146.8,4.0,Medio,4,-1.0
13,71,Low,Low,No,9,73,Low,Yes,1,High,High,Private,Neutral,3,No,High School,Moderate,Male,61,94.6,3.5,Medio,6,5.5
27,95,Medium,Medium,Yes,8,57,High,Yes,1,Medium,Low,Private,Positive,3,No,High School,Moderate,Female,71,165.0,4.5,Medio,4,-2.5
16,76,Medium,Medium,No,7,90,Medium,Yes,0,Low,Medium,Public,Neutral,3,No,Postgraduate,Moderate,Male,65,109.6,4.0,Medio,1,2.0
10,65,Low,High,No,7,55,Medium,Yes,0,Low,High,Public,Neutral,3,No,High School,Near,Female,59,79.0,5.0,Bajo,1,5.0
19,63,Medium,Medium,Yes,6,78,Low,Yes,3,Medium,Medium,Public,Neutral,2,Yes,College,Near,Male,63,113.8,5.5,Medio,2,-1.5
20,66,Medium,Medium,Yes,6,55,Low,Yes,1,High,High,Public,Negative,3,No,Postgraduate,Moderate,Female,64,119.6,4.5,Medio,3,-1.0
21,70,Low,Low,No,8,73,Low,Yes,0,High,Medium,Public,Neutral,4,No,College,Near,Male,63,126.0,3.0,Medio,3,1.5
28,80,High,High,No,5,64,Medium,Yes,1,Low,Medium,Private,Neutral,2,No,Postgraduate,Moderate,Female,70,160.0,5.5,Medio,2,-7.0
19,88,High,Medium,Yes,5,95,Medium,Yes,1,Medium,High,Public,Neutral,3,No,High School,Near,Male,70,128.8,4.5,Medio,2,-1.5
19,99,High,High,Yes,8,53,Medium,Yes,1,Medium,Medium,Private,Neutral,4,No,College,Near,Male,72,135.4,5.5,Medio,4,2.5
13,78,Medium,High,No,7,82,High,Yes,0,Low,High,Public,Neutral,2,No,College,Moderate,Female,65,98.8,5.0,Medio,1,2.5
25,81,High,Medium,Yes,7,85,High,Yes,3,Medium,Medium,Public,Negative,1,No,Postgraduate,Moderate,Female,71,148.6,5.5,Medio,2,-4.5
21,81,High,Medium,Yes,7,94,Medium,Yes,3,Medium,Medium,Public,Neutral,1,No,Postgraduate,Moderate,Male,70,132.6,5.5,Medio,2,-2.5
17,82,Medium,Low,No,10,94,Medium,Yes,1,High,High,Private,Neutral,3,No,High School,Moderate,Female,66,117.19999999999999,3.5,Medio,6,4.5
9,81,Medium,Medium,Yes,7,99,Medium,Yes,2,Low,Medium,Public,Neutral,3,No,High School,Moderate,Female,64,84.6,5.0,Medio,1,5.5
29,60,Low,High,No,7,63,Medium,Yes,0,Low,Medium,Public,Negative,4,No,Postgraduate,Near,Male,64,152.0,5.0,Medio,1,-3.5
13,60,High,Low,No,10,64,Low,Yes,1,Medium,Medium,Public,Neutral,4,No,College,Far,Male,59,88.0,3.5,Bajo,2,7.5
16,64,Medium,High,Yes,7,70,Medium,Yes,5,Low,Low,Public,Positive,4,No,High School,Moderate,Male,65,102.4,7.5,Medio,1,3.0
22,64,High,Medium,Yes,10,77,Medium,Yes,1,Low,High,Public,Positive,3,No,High School,Moderate,Male,66,126.4,4.5,Medio,1,2.0
13,88,Medium,Medium,Yes,4,68,High,Yes,1,High,Medium,Public,Positive,2,No,High School,Near,Female,67,104.8,4.5,Medio,3,-0.5
11,68,High,Medium,Yes,5,87,Medium,Yes,1,Low,Medium,Public,Positive,4,Yes,High School,Far,Male,62,84.8,4.5,Medio,1,3.5
7,96,High,Low,No,6,50,Medium,Yes,1,High,Medium,Private,Negative,3,No,College,Near,Male,65,85.6,3.5,Medio,6,5.5
24,97,High,Medium,Yes,8,51,Medium,Yes,3,Low,Medium,Public,Neutral,2,No,Postgraduate,Near,Female,73,154.2,5.5,Medio,1,-2.0
17,99,Medium,Medium,No,10,86,Low,Yes,1,Medium,Medium,Private,Positive,2,No,College,Near,Male,70,127.4,4.5,Medio,4,3.5
38,98,Low,Medium,No,6,94,Medium,Yes,2,Low,Low,Public,Negative,4,No,Postgraduate,Near,Female,75,210.8,5.0,Medio,1,-9.0
14,71,High,High,Yes,8,89,Medium,Yes,0,Medium,Medium,Public,Neutral,3,No,Postgraduate,Near,Female,66,98.6,5.0,Medio,2,4.0
14,80,High,Medium,No,10,56,Low,Yes,1,Low,Medium,Public,Positive,3,No,Postgraduate,Moderate,Female,65,104.0,4.5,Medio,1,6.0
17,67,Medium,Medium,No,9,97,Medium,Yes,1,Medium,Low,Public,Neutral,3,No,Postgraduate,Moderate,Female,64,108.19999999999999,4.5,Medio,2,3.5
21,92,High,Low,No,6,76,Low,Yes,2,Low,Medium,Public,Positive,5,No,College,Near,Male,70,139.2,4.0,Medio,1,0.5
17,96,Medium,High,Yes,8,87,Medium,Yes,0,Medium,Medium,Private,Positive,5,No,High School,Moderate,Male,71,125.6,5.0,Medio,4,4.5
24,94,Low,Medium,No,8,60,Low,Yes,0,Medium,Medium,Public,Neutral,3,No,High School,Near,Male,68,152.4,4.0,Medio,2,-1.0
14,77,Medium,Medium,Yes,6,77,Low,Yes,1,Low,High,Private,Neutral,2,No,College,Near,Male,64,102.19999999999999,4.5,Medio,2,1.0
12,90,High,High,No,8,67,Low,Yes,2,Low,Low,Public,Neutral,3,No,High School,Near,Female,67,102.0,6.0,Medio,1,5.0
7,62,High,Medium,Yes,7,74,Medium,Yes,3,Medium,Medium,Public,Neutral,3,No,Postgraduate,Near,Female,62,65.19999999999999,5.5,Medio,2,6.5
17,90,Low,High,Yes,5,88,Low,Yes,1,Medium,Medium,Public,Negative,1,No,College,Near,Female,68,122.0,5.5,Medio,2,-2.5
18,77,High,Medium,Yes,4,80,Medium,Yes,1,Medium,Low,Private,Negative,2,No,College,Near,Male,66,118.19999999999999,4.5,Medio,4,-3.0
16,100,High,High,Yes,7,55,High,Yes,1,Low,Medium,Public,Negative,2,Yes,College,Moderate,Male,69,124.0,5.5,Medio,1,1.0
27,64,Medium,Medium,Yes,7,77,High,Yes,3,High,Medium,Public,Neutral,4,No,High School,Moderate,Male,68,146.4,5.5,Medio,3,-2.5
27,94,Medium,Low,No,5,77,Medium,Yes,0,Medium,High,Public,Positive,2,No,College,Near,Female,71,164.4,3.0,Medio,2,-6.5
18,79,Medium,High,Yes,8,86,Medium,Yes,3,Low,Low,Public,Neutral,4,No,College,Near,Female,68,119.4,6.5,Medio,1,3.0
9,93,High,Low,Yes,7,66,Medium,Yes,0,Low,Low,Private,Neutral,2,No,College,Moderate,Male,64,91.8,3.0,Medio,2,4.5
17,93,Low,Medium,No,8,93,Low,Yes,0,Low,Medium,Public,Negative,3,No,College,Moderate,Male,66,123.8,4.0,Medio,1,2.5
16,97,Medium,Low,Yes,8,81,High,Yes,0,High,High,Private,Positive,2,No,High School,Near,Male,70,122.19999999999999,3.0,Medio,6,2.0
16,72,Low,Medium,No,9,52,Medium,Yes,1,Medium,High,Public,Negative,1,Yes,College,Moderate,Female,60,107.19999999999999,4.5,Medio,2,2.0
16,98,Medium,Medium,Yes,8,85,Low,Yes,0,Low,High,Public,Positive,2,No,College,Far,Male,69,122.8,4.0,Medio,1,2.0
16,66,Medium,Medium,Yes,7,95,Low,Yes,1,Medium,Medium,Public,Positive,4,No,College,Near,Male,65,103.6,4.5,Medio,2,3.0
18,63,High,High,Yes,7,84,Medium,Yes,1,Medium,High,Public,Neutral,2,No,High School,Near,Female,66,109.8,5.5,Medio,2,0.0
16,77,Medium,Low,No,10,69,Medium,Yes,1,Medium,Medium,Private,Neutral,3,No,High School,Near,Female,64,110.19999999999999,3.5,Medio,4,5.0
21,93,Medium,High,No,8,80,Medium,Yes,0,High,High,Public,Positive,1,No,College,Moderate,Female,71,139.8,5.0,Medio,3,-1.5
22,79,High,Low,No,7,59,Medium,Yes,0,Medium,Medium,Public,Positive,3,No,College,Near,Male,66,135.4,3.0,Medio,2,-1.0
15,93,Medium,Low,Yes,7,80,Low,Yes,0,Low,Medium,Public,Positive,3,No,High School,Near,Female,66,115.8,3.0,Medio,1,2.5
28,89,Medium,Medium,No,6,75,Medium,Yes,1,Low,Low,Private,Negative,3,No,High School,Moderate,Male,68,165.4,4.5,Medio,2,-5.0
14,68,High,High,No,5,51,High,Yes,1,High,Medium,Public,Neutral,5,Yes,High School,Moderate,Male,63,96.8,5.5,Medio,3,3.0
10,98,Medium,Low,Yes,10,66,Low,Yes,1,Low,High,Public,Negative,2,No,College,Near,Female,66,98.8,3.5,Medio,1,7.0
22,62,Low,Medium,No,8,60,Low,No,0,Medium,High,Public,Positive,2,No,College,Near,Male,61,125.19999999999999,2.0,Medio,2,-1.0
15,96,Medium,Low,No,5,70,High,Yes,4,Low,High,Private,Positive,3,No,College,Near,Male,70,117.6,5.0,Medio,2,0.5
22,72,Medium,High,Yes,7,62,Low,Yes,5,High,Medium,Private,Neutral,2,No,College,Moderate,Female,68,131.2,7.5,Medio,6,-2.0
6,80,Medium,Medium,Yes,9,92,Low,Yes,5,Low,Medium,Public,Neutral,2,No,Postgraduate,Moderate,Male,65,72.0,6.5,Medio,1,8.0
28,77,High,Medium,No,6,85,High,Yes,0,Low,Medium,Public,Negative,1,No,Postgraduate,Near,Female,69,158.2,4.0,Medio,1,-7.0
24,67,Medium,High,Yes,6,87,Low,Yes,0,Medium,Medium,Public,Positive,4,No,College,Near,Male,67,136.2,5.0,Medio,2,-2.0
11,74,High,Medium,No,8,68,Low,Yes,0,Medium,Medium,Public,Positive,3,No,High School,Moderate,Male,62,88.4,4.0,Medio,2,5.5
11,68,Low,High,Yes,8,50,Low,Yes,2,Low,High,Private,Positive,4,No,High School,Near,Female,61,84.8,6.0,Medio,2,6.5
30,68,High,High,Yes,6,61,High,Yes,1,Medium,Medium,Public,Positive,3,No,Postgraduate,Near,Female,70,160.8,5.5,Medio,2,-6.0
16,67,High,Medium,Yes,6,88,Medium,Yes,0,High,Low,Public,Neutral,3,No,College,Near,Male,65,104.19999999999999,4.0,Medio,3,1.0
15,80,High,Medium,No,8,80,Medium,Yes,1,Low,Medium,Public,Neutral,4,No,High School,Moderate,Female,65,108.0,4.5,Medio,1,4.5
6,92,Medium,Medium,Yes,5,77,Medium,Yes,1,Low,High,Public,Positive,4,No,High School,Near,Male,66,79.19999999999999,4.5,Medio,1,6.0
18,83,Medium,High,Yes,6,64,Low,No,1,Medium,High,Private,Negative,3,No,High School,Near,Female,66,121.8,3.5,Medio,4,0.0
19,96,Medium,Medium,Yes,7,54,High,Yes,1,Low,Medium,Public,Neutral,3,No,College,Near,Male,69,133.6,4.5,Medio,1,0.5
24,85,High,High,No,8,89,Medium,Yes,1,Low,Medium,Public,Neutral,3,No,High School,Moderate,Female,70,147.0,5.5,Medio,1,-1.0
12,88,High,Medium,No,6,52,Low,No,1,Medium,High,Public,Negative,1,No,High School,Near,Male,63,100.8,2.5,Medio,2,1.0
11,87,Low,Medium,No,8,53,High,Yes,1,Medium,Medium,Public,Positive,3,No,High School,Near,Female,64,96.19999999999999,4.5,Medio,2,5.5
23,78,High,Low,No,9,65,High,Yes,1,Low,High,Public,Neutral,2,Yes,College,Far,Female,65,138.8,3.5,Medio,1,-0.5
26,88,High,Medium,Yes,6,79,Medium,Yes,1,Low,High,Public,Neutral,4,No,High School,Far,Male,71,156.8,4.5,Medio,1,-3.0
11,63,Medium,Medium,Yes,10,100,High,Yes,0,Medium,Medium,Public,Neutral,3,No,High School,Far,Female,61,81.8,4.0,Medio,2,7.5
26,94,Low,Low,Yes,9,55,Low,Yes,2,High,Medium,Public,Neutral,3,No,High School,Near,Male,69,160.4,4.0,Medio,3,-1.0
20,91,High,Medium,No,7,74,Medium,Yes,1,Medium,Medium,Public,Neutral,4,No,High School,Moderate,Male,69,134.6,4.5,Medio,2,1.0
27,70,Medium,Medium,No,7,80,Low,Yes,1,Low,Medium,Public,Neutral,3,No,High School,Near,Female,66,150.0,4.5,Medio,1,-3.5
20,91,High,Medium,No,6,91,Medium,Yes,3,High,High,Public,Neutral,2,No,High School,Near,Male,72,134.6,5.5,Medio,3,-2.0
5,61,High,Medium,No,9,84,High,Yes,1,Medium,Medium,Public,Neutral,3,No,College,Near,Male,60,56.6,4.5,Medio,2,9.5
19,69,Low,Low,No,7,90,Medium,Yes,0,Low,Medium,Public,Neutral,1,No,College,Near,Male,62,117.4,3.0,Medio,1,-1.5
26,63,Medium,Medium,Yes,5,76,Medium,Yes,3,Medium,High,Public,Neutral,5,Yes,High School,Near,Female,66,141.8,5.5,Medio,2,-3.0
15,91,Medium,High,Yes,4,72,Low,Yes,1,High,High,Private,Neutral,2,No,High School,Near,Male,69,114.6,5.5,Medio,6,-1.5
18,90,High,Medium,No,7,81,Medium,Yes,2,Medium,Low,Public,Negative,3,No,Postgraduate,Moderate,Male,69,126.0,5.0,Medio,2,1.0
19,93,Medium,High,No,7,95,Low,Yes,3,Medium,Medium,Private,Negative,3,No,High School,Near,Female,71,131.8,6.5,Medio,4,0.5
3,60,Medium,Low,Yes,6,78,Low,Yes,1,Low,Medium,Public,Positive,1,No,Postgraduate,Near,Female,57,48.0,3.5,Bajo,1,5.5
30,80,High,High,No,5,80,Medium,Yes,0,Low,Medium,Private,Positive,4,No,Postgraduate,Near,Female,72,168.0,5.0,Medio,2,-6.0
15,88,Low,Medium,Yes,4,67,Medium,Yes,1,Medium,High,Private,Positive,4,No,High School,Far,Female,66,112.8,4.5,Medio,4,0.5
23,66,Medium,Medium,Yes,6,80,Medium,Yes,1,Medium,Medium,Public,Positive,3,No,College,Near,Female,66,131.6,4.5,Medio,2,-2.5
19,86,Medium,Medium,No,6,81,Medium,Yes,3,Medium,High,Public,Neutral,3,No,College,Near,Male,70,127.6,5.5,Medio,2,-0.5
28,63,Medium,Medium,No,8,88,Medium,Yes,2,Low,High,Public,Positive,2,No,High School,Near,Male,67,149.8,5.0,Medio,1,-4.0
22,67,Medium,Medium,Yes,7,79,Medium,Yes,1,Medium,Low,Private,Neutral,3,No,College,Moderate,Female,65,128.2,4.5,Medio,4,-1.0
19,79,Medium,Medium,Yes,9,60,Low,Yes,1,Low,Medium,Public,Neutral,3,Yes,High School,Near,Female,63,123.4,4.5,Medio,1,2.5
15,86,High,Low,No,8,79,Medium,Yes,3,Low,Medium,Public,Positive,3,No,College,Near,Female,68,111.6,4.5,Medio,1,3.5
25,66,Low,Medium,Yes,8,65,Medium,Yes,0,Medium,Medium,Public,Positive,3,Yes,High School,Near,Male,63,139.6,4.0,Medio,2,-1.5
9,67,Medium,High,Yes,8,54,Medium,Yes,3,Medium,High,Private,Positive,5,No,College,Moderate,Male,63,76.19999999999999,6.5,Medio,4,8.5
24,68,Medium,Medium,Yes,5,91,High,Yes,1,High,Medium,Public,Negative,4,No,College,Near,Female,68,136.8,4.5,Medio,3,-3.0
13,70,Medium,Medium,Yes,6,53,Medium,Yes,2,Low,Medium,Public,Negative,0,Yes,College,Moderate,Female,60,94.0,5.0,Medio,1,-0.5
28,69,Medium,Medium,No,10,82,High,Yes,0,Medium,Medium,Private,Neutral,2,No,High School,Near,Female,67,153.4,4.0,Medio,4,-2.0
21,76,Low,Low,Yes,4,99,High,Yes,0,Low,Low,Public,Positive,3,No,College,Far,Male,65,129.6,3.0,Medio,1,-3.5
24,86,High,Low,Yes,7,54,Medium,Yes,0,Low,High,Public,Neutral,2,No,College,Near,Male,68,147.6,3.0,Medio,1,-3.0
20,78,Medium,Low,No,8,61,Medium,Yes,0,Medium,Medium,Public,Neutral,2,Yes,High School,Moderate,Female,62,126.8,3.0,Medio,2,0.0
9,91,Medium,Low,No,4,88,Low,Yes,2,Medium,Medium,Public,Neutral,4,Yes,Postgraduate,Near,Female,65,90.6,4.0,Medio,2,3.5
15,89,Medium,Medium,Yes,6,55,High,Yes,1,Low,Medium,Private,Positive,3,No,High School,Near,Male,66,113.4,4.5,Medio,2,1.5
24,65,Medium,Medium,Yes,10,92,Low,Yes,3,Medium,High,Public,Neutral,4,No,High School,Near,Male,67,135.0,5.5,Medio,2,2.0
21,62,Low,High,Yes,7,50,Low,No,1,High,Medium,Public,Negative,2,No,High School,Moderate,Female,60,121.19999999999999,3.5,Medio,3,-1.5
27,95,Low,High,Yes,6,94,High,Yes,2,Medium,Medium,Public,Neutral,4,No,Postgraduate,Far,Female,74,165.0,6.0,Medio,2,-3.5
22,63,Low,Low,Yes,7,53,Medium,Yes,1,High,Medium,Public,Neutral,4,No,High School,Near,Male,62,125.8,3.5,Medio,3,0.0
14,66,Low,Medium,Yes,6,96,Low,Yes,0,High,Medium,Public,Negative,3,No,College,Moderate,Male,61,95.6,4.0,Medio,3,2.0
15,61,Medium,Medium,No,10,93,High,Yes,0,Medium,High,Public,Neutral,4,No,High School,Near,Male,63,96.6,4.0,Medio,2,6.5
21,85,Medium,Low,No,6,77,Medium,Yes,2,Low,Medium,Public,Neutral,3,No,College,Far,Male,66,135.0,4.0,Medio,1,-1.5
6,83,Medium,Medium,No,6,89,Medium,Yes,1,Low,Medium,Public,Positive,4,No,Postgraduate,Near,Female,65,73.8,4.5,Medio,1,7.0
30,99,Low,Medium,No,5,54,Medium,Yes,0,Medium,Medium,Private,Positive,3,No,Postgraduate,Near,Male,72,179.4,4.0,Medio,4,-7.0
23,95,High,Medium,No,7,57,Medium,Yes,1,Low,Medium,Private,Neutral,2,No,High School,Near,Female,70,149.0,4.5,Medio,2,-2.5
27,76,High,High,Yes,7,68,Medium,Yes,1,Medium,Medium,Public,Neutral,3,No,Postgraduate,Moderate,Female,71,153.6,5.5,Medio,2,-3.5
11,75,High,High,Yes,9,77,Medium,No,1,High,High,Private,Neutral,2,Yes,College,Moderate,Male,64,89.0,3.5,Medio,6,5.5
27,72,Medium,High,No,5,93,Low,Yes,1,High,Medium,Public,Positive,2,No,College,Near,Male,70,151.2,5.5,Medio,3,-6.5
33,66,Medium,Medium,No,8,77,Medium,Yes,2,Medium,Low,Public,Neutral,3,No,High School,Near,Male,68,171.6,5.0,Medio,2,-5.5
12,66,Low,High,Yes,7,83,Medium,No,1,Medium,Medium,Public,Neutral,3,No,High School,Near,Male,61,87.6,3.5,Medio,2,4.0
25,65,High,Medium,Yes,4,84,High,Yes,1,High,Medium,Public,Positive,2,No,High School,Near,Male,68,139.0,4.5,Medio,3,-6.5
20,65,Low,Medium,No,6,94,Medium,Yes,1,Low,High,Public,Positive,2,No,Postgraduate,Near,Female,64,119.0,4.5,Medio,1,-2.0
11,70,Medium,High,Yes,6,89,Low,Yes,2,Medium,Medium,Public,Positive,4,No,High School,Near,Female,64,86.0,6.0,Medio,2,4.5
23,72,Medium,High,Yes,10,99,Medium,Yes,2,Medium,High,Private,Neutral,4,No,Postgraduate,Near,Female,71,135.2,6.0,Medio,4,2.5
25,98,Medium,High,Yes,8,51,Medium,Yes,0,Medium,Medium,Private,Positive,2,No,College,Moderate,Female,72,158.8,5.0,Medio,4,-2.5
16,83,Medium,Medium,Yes,7,60,Medium,Yes,0,High,Medium,Public,Positive,1,No,College,Moderate,Female,66,113.8,4.0,Medio,3,0.0
27,100,Low,Medium,Yes,4,97,Low,Yes,4,Low,High,Public,Positive,3,No,High School,Near,Female,74,168.0,6.0,Medio,1,-6.5
10,75,Medium,Medium,Yes,4,90,Medium,Yes,3,Medium,High,Public,Positive,3,Yes,Postgraduate,Moderate,Male,65,85.0,5.5,Medio,2,2.0
11,78,High,High,No,8,63,Low,Yes,1,Low,Medium,Public,Neutral,3,No,High School,Near,Female,64,90.8,5.5,Medio,1,5.5
21,73,High,Medium,Yes,8,99,Medium,Yes,1,Medium,High,Public,Positive,4,No,College,Moderate,Male,69,127.8,4.5,Medio,2,1.5
20,67,Medium,Medium,No,6,93,Low,No,1,Low,Medium,Public,Negative,3,Yes,College,Near,Male,62,120.19999999999999,2.5,Medio,1,-1.0
16,66,Medium,Medium,Yes,7,53,High,Yes,2,Medium,Medium,Public,Negative,2,No,Postgraduate,Moderate,Male,62,103.6,5.0,Medio,2,1.0
25,98,Low,Low,Yes,7,91,Medium,Yes,2,Low,Low,Public,Positive,3,No,Postgraduate,Near,Female,72,158.8,4.0,Medio,1,-2.5
23,99,Medium,High,No,7,89,High,Yes,1,Medium,Medium,Public,Neutral,3,No,High School,Near,Female,73,151.4,5.5,Medio,2,-1.5
25,62,Medium,Low,No,6,61,High,Yes,1,Medium,Medium,Public,Positive,4,No,Postgraduate,Moderate,Female,64,137.2,3.5,Medio,2,-2.5
19,66,Medium,Medium,No,8,83,Medium,Yes,2,Medium,High,Public,Neutral,3,No,High School,Near,Female,65,115.6,5.0,Medio,2,1.5
24,77,High,High,Yes,9,99,Medium,Yes,1,Low,Medium,Public,Positive,1,No,High School,Near,Male,70,142.2,5.5,Medio,1,-2.0
17,67,Medium,Medium,Yes,6,84,High,Yes,1,High,High,Public,Neutral,3,No,Postgraduate,Moderate,Female,66,108.19999999999999,4.5,Medio,3,0.5
32,75,Low,High,No,5,91,Low,Yes,1,High,Medium,Public,Positive,2,No,College,Moderate,Female,70,173.0,5.5,Medio,3,-9.0
15,65,Medium,High,Yes,6,55,Low,Yes,2,Medium,Medium,Private,Positive,3,No,High School,Near,Female,63,99.0,6.0,Medio,4,1.5
33,78,Low,Low,No,7,86,Medium,Yes,1,Low,High,Public,Positive,4,No,High School,Near,Male,69,178.8,3.5,Medio,1,-5.5
20,71,High,Medium,Yes,8,60,Low,Yes,0,Medium,Medium,Public,Neutral,2,No,High School,Near,Male,64,122.6,4.0,Medio,2,0.0
12,74,Low,Medium,No,8,54,Medium,Yes,2,Medium,Medium,Private,Positive,5,No,Postgraduate,Moderate,Female,63,92.4,5.0,Medio,4,7.0
28,64,Medium,Medium,No,8,78,Low,Yes,2,Medium,Medium,Private,Negative,3,No,Postgraduate,Near,Male,66,150.4,5.0,Medio,4,-3.0
21,77,Medium,Medium,Yes,8,88,Low,Yes,2,High,Medium,Private,Positive,1,No,College,Moderate,Female,68,130.2,5.0,Medio,6,-1.5
27,73,Low,Low,No,9,97,Medium,Yes,2,Medium,High,Public,Neutral,1,No,High School,Near,Female,67,151.8,4.0,Medio,2,-3.5
22,95,Medium,Medium,No,7,85,Medium,Yes,0,Medium,Medium,Private,Positive,4,No,College,Near,Male,71,145.0,4.0,Medio,4,0.0
16,94,Low,Low,Yes,8,56,Low,Yes,2,Low,High,Public,Positive,2,No,College,Near,Female,66,120.4,4.0,Medio,1,2.0
26,98,Medium,Low,Yes,7,97,Medium,Yes,2,Low,Medium,Public,Neutral,2,Yes,Postgraduate,Moderate,Male,72,162.8,4.0,Medio,1,-4.0
20,92,High,Medium,Yes,7,58,Low,Yes,2,Low,Low,Public,Neutral,4,No,Postgraduate,Near,Female,70,135.2,5.0,Medio,1,1.0
24,86,Medium,Medium,Yes,7,88,Medium,Yes,1,Low,Medium,Public,Neutral,3,No,High School,Far,Male,69,147.6,4.5,Medio,1,-2.0
7,94,Medium,Low,Yes,9,57,High,Yes,2,Medium,Medium,Public,Negative,3,No,Postgraduate,Near,Female,66,84.4,4.0,Medio,2,8.5
23,63,High,High,No,7,100,Low,Yes,2,Medium,High,Private,Positive,3,No,Postgraduate,Near,Female,69,129.8,6.0,Medio,4,-1.5
16,79,Medium,Medium,Yes,6,67,Low,No,2,Medium,High,Private,Positive,3,No,College,Near,Male,65,111.4,3.0,Medio,4,1.0
30,100,High,High,No,6,75,Medium,Yes,0,Low,Medium,Public,Neutral,4,No,College,Moderate,Female,75,180.0,5.0,Medio,1,-5.0
24,91,Low,Medium,No,8,73,Medium,Yes,2,Low,High,Private,Positive,2,No,Postgraduate,Moderate,Male,70,150.6,5.0,Medio,2,-2.0
21,98,High,Low,Yes,6,55,Low,Yes,1,Medium,Medium,Public,Positive,3,No,High School,Near,Male,70,142.8,3.5,Medio,2,-1.5
23,91,Medium,High,Yes,7,75,Low,Yes,2,Low,High,Public,Negative,2,No,High School,Far,Male,69,146.6,6.0,Medio,1,-2.5
14,95,High,Medium,No,7,57,Medium,Yes,2,Low,Low,Public,Neutral,2,No,College,Near,Female,68,113.0,5.0,Medio,1,2.0
30,88,Low,Medium,Yes,6,90,High,Yes,4,High,Medium,Private,Negative,2,No,College,Moderate,Male,73,172.8,6.0,Medio,6,-7.0
32,90,Medium,Medium,Yes,5,98,High,Yes,0,Medium,High,Public,Neutral,3,No,College,Moderate,Male,74,182.0,4.0,Medio,2,-8.0
22,81,Low,Low,No,5,90,Medium,Yes,0,High,Medium,Public,Positive,2,No,College,Moderate,Female,66,136.6,3.0,Medio,3,-4.0
30,97,High,Medium,Yes,6,72,High,Yes,1,Low,High,Public,Positive,2,No,High School,Far,Female,74,178.2,4.5,Medio,1,-7.0
17,93,Medium,Low,Yes,5,50,Low,Yes,3,High,Medium,Public,Positive,2,No,High School,Moderate,Male,67,123.8,4.5,Medio,3,-1.5
15,94,High,Medium,Yes,8,52,Low,Yes,1,Medium,Medium,Private,Positive,2,No,College,Far,Female,67,116.4,4.5,Medio,4,2.5
20,87,Medium,High,No,10,75,Low,Yes,3,Medium,Medium,Private,Neutral,2,No,College,Near,Female,70,132.2,6.5,Medio,4,2.0
23,72,Low,High,Yes,6,84,Medium,Yes,1,High,High,Public,Neutral,2,No,High School,Near,Male,67,135.2,5.5,Medio,3,-3.5
18,61,Medium,Low,Yes,6,91,High,Yes,3,Medium,High,Public,Positive,3,No,College,Moderate,Female,80,108.6,4.5,Alto,2,0.0
23,97,Medium,High,Yes,6,80,Low,Yes,1,Low,Low,Public,Negative,2,No,College,Moderate,Male,70,150.2,5.5,Medio,1,-3.5
22,83,High,Medium,No,8,99,Low,Yes,4,High,High,Public,Negative,4,Yes,High School,Near,Female,71,137.8,6.0,Medio,3,1.0
14,72,Medium,Low,No,8,75,High,Yes,4,High,Medium,Private,Positive,2,Yes,College,Near,Male,64,99.19999999999999,5.0,Medio,6,3.0
23,66,High,High,Yes,7,80,Medium,Yes,1,Medium,Medium,Public,Positive,3,No,College,Moderate,Female,68,131.6,5.5,Medio,2,-1.5
25,93,Medium,Medium,No,5,62,Medium,Yes,0,Low,Medium,Public,Neutral,3,No,High School,Far,Male,68,155.8,4.0,Medio,1,-4.5
21,93,Medium,Medium,Yes,6,67,Medium,No,1,High,Medium,Public,Positive,3,No,High School,Near,Female,69,139.8,2.5,Medio,3,-1.5
27,93,High,Low,Yes,7,84,Low,Yes,1,Medium,Medium,Private,Neutral,2,No,Postgraduate,Near,Male,72,163.8,3.5,Medio,4,-4.5
13,86,Medium,Medium,No,7,80,Medium,Yes,0,Low,Medium,Private,Negative,5,No,College,Near,Male,65,103.6,4.0,Medio,2,5.5
23,75,Low,Low,Yes,7,68,Medium,Yes,1,High,Low,Private,Neutral,4,Yes,High School,Near,Male,64,137.0,3.5,Medio,6,-0.5
13,72,Medium,High,No,8,56,Low,Yes,1,Low,High,Public,Positive,4,No,Postgraduate,Moderate,Female,64,95.19999999999999,5.5,Medio,1,5.5
13,60,Low,Medium,No,5,67,High,Yes,1,Low,Medium,Public,Positive,4,Yes,High School,Far,Male,58,88.0,4.5,Bajo,1,2.5
16,93,High,Medium,Yes,7,52,Low,Yes,2,Medium,High,Public,Neutral,3,No,High School,Near,Male,69,119.8,5.0,Medio,2,2.0
14,63,High,Low,No,7,79,Medium,Yes,1,Low,Medium,Public,Neutral,3,No,High School,Near,Male,61,93.8,3.5,Medio,1,3.0
17,85,High,High,Yes,6,66,Medium,Yes,0,Medium,High,Public,Neutral,2,No,College,Moderate,Female,68,119.0,5.0,Medio,2,-0.5
19,80,High,Medium,Yes,6,69,Low,Yes,1,Low,Low,Private,Neutral,4,Yes,College,Near,Male,66,124.0,4.5,Medio,2,0.5
25,81,Medium,Medium,No,8,79,Low,Yes,1,Medium,Medium,Public,Neutral,4,No,College,Near,Female,68,148.6,4.5,Medio,2,-0.5
18,97,Low,High,No,5,79,Low,Yes,2,Low,High,Public,Positive,3,No,College,Moderate,Male,70,130.2,6.0,Medio,1,-1.0
10,61,High,Low,Yes,10,79,Medium,Yes,4,High,High,Public,Positive,2,Yes,College,Moderate,Male,62,76.6,5.0,Medio,3,7.0
27,91,Medium,Medium,No,8,75,Low,Yes,2,Medium,High,Private,Neutral,3,No,High School,Near,Male,71,162.6,5.0,Medio,4,-2.5
15,62,Medium,Medium,No,7,74,High,Yes,0,Low,High,Public,Negative,3,No,Postgraduate,Moderate,Female,61,97.19999999999999,4.0,Medio,1,2.5
20,62,High,Medium,Yes,7,91,Low,Yes,1,Medium,Low,Public,Negative,3,No,College,Near,Male,64,117.19999999999999,4.5,Medio,2,0.0
23,77,Medium,Low,No,8,73,Medium,Yes,1,Low,Low,Public,Positive,2,No,College,Near,Male,65,138.2,3.5,Medio,1,-1.5
21,63,Low,Medium,Yes,6,77,Low,Yes,3,Medium,High,Public,Negative,1,No,High School,Near,Male,63,121.8,5.5,Medio,2,-3.5
27,92,High,Medium,Yes,6,99,Low,Yes,4,Low,Low,Private,Positive,3,No,High School,Near,Female,74,163.2,6.0,Medio,2,-4.5
23,81,Medium,High,No,9,59,Low,Yes,2,Medium,High,Public,Neutral,2,No,College,Near,Male,68,140.6,6.0,Medio,2,-0.5
15,61,High,Medium,Yes,6,86,High,Yes,2,High,High,Public,Neutral,3,No,High School,Near,Female,65,96.6,5.0,Medio,3,1.5
33,62,Medium,Medium,No,7,74,Low,Yes,2,Medium,Medium,Public,Neutral,2,No,College,Moderate,Male,66,169.2,5.0,Medio,2,-7.5
21,85,Medium,High,Yes,6,92,Medium,Yes,1,Medium,High,Public,Neutral,2,Yes,High School,Moderate,Male,69,135.0,5.5,Medio,2,-2.5
19,92,Low,Medium,Yes,7,70,Low,Yes,2,High,Medium,Private,Positive,2,No,College,Near,Male,69,131.2,5.0,Medio,6,-0.5
26,78,High,Medium,No,8,65,Medium,Yes,3,Medium,Medium,Public,Positive,3,No,College,Near,Female,70,150.8,5.5,Medio,2,-2.0
21,82,Medium,Medium,Yes,10,60,High,Yes,3,High,High,Public,Positive,4,No,High School,Near,Female,70,133.2,5.5,Medio,3,3.5
22,92,Medium,Medium,Yes,6,94,Medium,Yes,1,Medium,Medium,Public,Positive,3,No,High School,Near,Male,71,143.2,4.5,Medio,2,-2.0
35,84,Medium,Medium,No,5,86,Medium,Yes,1,Medium,Medium,Public,Neutral,3,No,High School,Near,Female,72,190.4,4.5,Medio,2,-9.5
18,69,Medium,Low,No,7,54,Medium,Yes,1,Low,High,Public,Neutral,4,No,High School,Moderate,Male,61,113.4,3.5,Medio,1,2.0
18,85,Medium,High,Yes,6,86,High,No,1,Medium,Medium,Private,Neutral,3,No,High School,Near,Female,68,123.0,3.5,Medio,4,0.0
21,85,Medium,Low,Yes,7,52,Medium,Yes,3,Low,Medium,Private,Neutral,3,No,High School,Near,Male,66,135.0,4.5,Medio,2,-0.5
26,89,Medium,Medium,Yes,8,59,Low,Yes,1,Low,High,Public,Neutral,4,No,High School,Near,Male,70,157.4,4.5,Medio,1,-1.0
11,85,Medium,Low,No,10,80,Low,No,0,Low,High,Public,Positive,3,No,College,Near,Female,63,95.0,1.0,Medio,1,7.5
8,99,Medium,High,Yes,6,73,Medium,Yes,1,Medium,Medium,Public,Positive,3,No,High School,Far,Female,68,91.4,5.5,Medio,2,5.0
16,68,Low,Medium,Yes,4,92,Medium,No,1,Medium,Medium,Public,Negative,4,No,College,Near,Male,62,104.8,2.5,Medio,2,0.0
10,98,Medium,High,No,7,80,Low,Yes,3,Medium,Medium,Private,Neutral,3,No,College,Near,Male,69,98.8,6.5,Medio,4,5.0
17,82,Medium,Medium,Yes,8,98,Medium,Yes,3,Medium,High,Public,Positive,4,No,High School,Moderate,Male,69,117.19999999999999,5.5,Medio,2,3.5
23,87,Medium,Low,Yes,6,93,Medium,Yes,1,High,High,Private,Positive,4,No,Postgraduate,Near,Female,72,144.2,3.5,Medio,6,-1.5
15,64,High,Medium,Yes,7,67,Medium,Yes,2,Low,High,Public,Positive,3,No,High School,Near,Male,64,98.4,5.0,Medio,1,2.5
11,75,Low,Medium,No,7,92,Medium,No,2,Low,High,Public,Positive,4,No,College,Moderate,Female,63,89.0,3.0,Medio,1,5.5
20,91,Medium,Medium,Yes,7,93,High,Yes,1,Low,Medium,Public,Negative,3,No,Postgraduate,Moderate,Male,70,134.6,4.5,Medio,1,0.0
25,88,Low,Medium,Yes,8,98,Low,No,1,Low,Low,Private,Neutral,4,No,Postgraduate,Near,Male,69,152.8,2.5,Medio,2,-0.5
10,62,High,High,No,7,51,Medium,Yes,1,Medium,High,Private,Positive,2,No,High School,Near,Male,61,77.19999999999999,5.5,Medio,4,4.0
25,82,High,High,No,8,94,Low,Yes,2,Low,Medium,Public,Neutral,3,No,High School,Moderate,Male,70,149.2,6.0,Medio,1,-1.5
25,64,Medium,Medium,Yes,4,53,Low,Yes,1,Medium,Medium,Public,Neutral,2,No,College,Near,Male,64,138.4,4.5,Medio,2,-6.5
26,100,High,High,Yes,6,76,High,Yes,0,Medium,High,Public,Negative,4,No,Postgraduate,Near,Male,76,164.0,5.0,Medio,2,-3.0
27,96,Medium,Medium,Yes,6,71,Medium,Yes,2,Medium,Medium,Public,Neutral,2,No,College,Near,Female,73,165.6,5.0,Medio,2,-5.5
33,61,Low,Low,Yes,5,96,Medium,Yes,2,Medium,Medium,Public,Negative,3,No,High School,Near,Male,67,168.6,4.0,Medio,2,-8.5
18,94,Medium,Medium,Yes,7,70,Medium,No,2,Medium,High,Public,Negative,3,No,College,Near,Female,69,128.4,3.0,Medio,2,1.0
21,97,Medium,Medium,Yes,6,80,Low,Yes,2,Medium,Medium,Private,Positive,4,No,College,Near,Male,72,142.2,5.0,Medio,4,-0.5
18,74,Medium,Medium,No,6,85,Medium,Yes,4,Medium,Medium,Private,Negative,3,No,College,Moderate,Female,66,116.4,6.0,Medio,4,0.0
20,89,Medium,Medium,Yes,8,51,Medium,Yes,3,Medium,High,Public,Positive,3,No,Postgraduate,Near,Female,70,133.4,5.5,Medio,2,1.0
29,78,Medium,High,Yes,7,80,Medium,Yes,2,Medium,Medium,Public,Positive,4,No,Postgraduate,Near,Female,73,162.8,6.0,Medio,2,-3.5
12,86,High,Medium,Yes,5,76,Low,No,2,High,Medium,Public,Positive,3,No,Postgraduate,Near,Female,68,99.6,3.0,Medio,3,2.0
15,74,Medium,High,No,6,80,Medium,Yes,2,High,Medium,Public,Negative,3,No,Postgraduate,Moderate,Male,66,104.4,6.0,Medio,3,1.5
28,73,Low,Medium,Yes,8,54,Medium,Yes,4,Medium,Medium,Private,Neutral,1,No,High School,Near,Female,67,155.8,6.0,Medio,4,-5.0
26,77,Medium,Low,No,7,53,High,No,3,Medium,High,Private,Positive,3,No,High School,Near,Female,67,150.2,2.5,Medio,4,-3.0
18,66,Medium,High,Yes,9,59,Medium,No,0,Low,Medium,Private,Positive,3,No,High School,Near,Male,62,111.6,3.0,Medio,2,3.0
25,93,Low,Medium,No,8,93,Medium,Yes,2,Medium,Medium,Public,Positive,3,No,College,Near,Male,72,155.8,5.0,Medio,2,-1.5
22,74,Low,High,Yes,6,68,Medium,Yes,0,Medium,Low,Public,Positive,4,No,High School,Far,Male,65,132.4,5.0,Medio,2,-1.0
29,76,Medium,Low,Yes,9,72,Medium,Yes,1,High,Medium,Public,Positive,3,No,High School,Near,Male,69,161.6,3.5,Medio,3,-2.5
20,96,Medium,High,No,9,70,Medium,Yes,2,Low,Low,Public,Positive,2,Yes,High School,Near,Male,69,137.6,6.0,Medio,1,1.0
26,80,High,Medium,Yes,4,86,Medium,No,0,Low,Medium,Public,Positive,4,No,College,Moderate,Male,69,152.0,2.0,Medio,1,-5.0
36,82,Low,Low,Yes,7,63,Medium,Yes,0,Medium,Medium,Private,Positive,3,No,High School,Near,Male,69,193.2,3.0,Medio,4,-8.0
24,98,Low,Medium,Yes,6,53,Medium,Yes,1,Medium,Low,Public,Neutral,2,No,High School,Near,Female,69,154.8,4.5,Medio,2,-4.0
20,95,Medium,High,Yes,7,69,Low,Yes,0,Medium,High,Public,Neutral,3,No,High School,Near,Male,70,137.0,5.0,Medio,2,0.0
18,79,Medium,High,Yes,6,96,Medium,Yes,3,Medium,Low,Public,Positive,3,Yes,Postgraduate,Near,Male,69,119.4,6.5,Medio,2,0.0
34,99,Medium,Medium,Yes,8,53,Medium,Yes,0,Medium,High,Public,Neutral,5,No,College,Near,Male,75,195.4,4.0,Medio,2,-4.0
21,75,Low,Medium,Yes,5,91,Medium,Yes,2,Low,Low,Public,Neutral,3,No,High School,Near,Male,66,129.0,5.0,Medio,1,-2.5
18,75,Medium,Low,Yes,7,53,Medium,Yes,0,High,High,Public,Neutral,2,No,High School,Near,Male,63,117.0,3.0,Medio,3,0.0
15,68,Medium,Medium,Yes,5,67,Medium,Yes,3,Medium,High,Private,Negative,4,No,Postgraduate,Moderate,Male,64,100.8,5.5,Medio,4,1.5
27,65,Medium,Medium,Yes,9,51,Medium,Yes,2,High,Medium,Private,Positive,2,No,Postgraduate,Moderate,Female,66,147.0,5.0,Medio,6,-2.5
25,90,Medium,Medium,Yes,7,96,Medium,Yes,1,Medium,Medium,Public,Positive,4,No,College,Moderate,Male,72,154.0,4.5,Medio,2,-1.5
17,91,Medium,High,No,8,85,High,Yes,3,Medium,High,Public,Neutral,4,No,College,Moderate,Female,71,122.6,6.5,Medio,2,3.5
23,99,Low,Medium,Yes,7,68,Medium,Yes,0,High,High,Private,Positive,2,No,High School,Far,Male,70,151.4,4.0,Medio,6,-2.5
11,91,High,Medium,No,7,69,Medium,Yes,2,Low,Medium,Private,Positive,2,No,College,Near,Male,67,98.6,5.0,Medio,2,3.5
21,70,Medium,Low,No,7,82,High,Yes,0,High,High,Public,Positive,3,No,High School,Near,Female,65,126.0,3.0,Medio,3,-0.5
23,62,High,High,Yes,9,54,Low,Yes,3,Low,Medium,Private,Neutral,4,No,High School,Near,Male,65,129.2,6.5,Medio,2,1.5
30,99,Medium,Medium,Yes,6,57,Medium,Yes,0,Low,Medium,Public,Neutral,4,No,Postgraduate,Near,Male,73,179.4,4.0,Medio,1,-5.0
15,74,Medium,Medium,Yes,4,92,Low,Yes,1,Medium,Medium,Private,Positive,3,No,Postgraduate,Near,Male,66,104.4,4.5,Medio,4,-0.5
12,72,Low,Medium,Yes,6,60,High,Yes,0,Low,Medium,Public,Neutral,4,No,Postgraduate,Near,Male,62,91.19999999999999,4.0,Medio,1,4.0
15,96,Medium,High,No,5,86,Medium,Yes,2,High,Medium,Private,Positive,2,No,High School,Near,Male,71,117.6,6.0,Medio,6,-0.5
12,83,Medium,High,No,8,61,Medium,Yes,3,High,Medium,Public,Neutral,5,Yes,High School,Near,Male,66,97.8,6.5,Medio,3,7.0
28,69,High,High,Yes,7,54,Low,No,1,Low,Medium,Public,Neutral,2,No,College,Far,Male,65,153.4,3.5,Medio,1,-5.0
29,96,Medium,High,Yes,8,95,Medium,Yes,0,High,Medium,Private,Positive,2,No,High School,Near,Female,75,173.6,5.0,Medio,6,-4.5
22,100,High,Medium,No,7,95,Medium,Yes,2,Low,Medium,Public,Positive,4,No,College,Near,Male,74,148.0,5.0,Medio,1,0.0
27,63,Medium,Low,Yes,7,80,High,Yes,1,Medium,High,Private,Neutral,3,No,High School,Moderate,Male,65,145.8,3.5,Medio,4,-3.5
21,94,Medium,Medium,No,7,73,Low,Yes,2,Low,Medium,Private,Positive,3,No,Postgraduate,Near,Female,71,140.4,5.0,Medio,2,-0.5
19,76,High,Low,Yes,9,78,Low,Yes,1,Low,Medium,Public,Negative,1,No,Postgraduate,Near,Female,65,121.6,3.5,Medio,1,0.5
18,81,Medium,Low,Yes,7,70,High,Yes,0,Low,Medium,Private,Neutral,2,No,College,Near,Male,65,120.6,3.0,Medio,2,0.0
18,97,Medium,Low,No,9,88,Medium,Yes,0,Low,Medium,Public,Neutral,4,No,High School,Moderate,Female,67,130.2,3.0,Medio,1,4.0
11,99,Medium,Low,Yes,9,88,Medium,Yes,2,Low,Medium,Public,Neutral,2,No,High School,Moderate,Male,67,103.4,4.0,Medio,1,5.5
22,70,Medium,Medium,No,7,91,Medium,Yes,2,Medium,Medium,Public,Positive,1,No,High School,Near,Male,66,130.0,5.0,Medio,2,-3.0
20,69,High,Medium,Yes,7,76,High,Yes,1,Medium,Medium,Public,Positive,3,No,High School,Near,Female,67,121.4,4.5,Medio,2,0.0
24,63,Medium,Medium,No,6,90,Medium,No,2,Low,Medium,Private,Neutral,5,No,Postgraduate,Near,Female,66,133.8,3.0,Medio,2,-1.0
21,82,Low,High,No,9,58,Medium,Yes,0,Medium,Medium,Public,Negative,2,No,High School,Near,Male,65,133.2,5.0,Medio,2,0.5
19,61,High,Medium,Yes,6,52,Low,No,1,Low,Medium,Public,Neutral,3,No,High School,Far,Female,59,112.6,2.5,Bajo,1,-0.5
15,76,High,High,Yes,6,82,Medium,Yes,4,Low,High,Private,Positive,4,No,High School,Moderate,Female,69,105.6,7.0,Medio,2,2.5
20,63,Medium,Medium,No,7,55,High,Yes,2,Low,High,Public,Negative,3,No,High School,Near,Male,63,117.8,5.0,Medio,1,0.0
24,76,Low,Medium,No,5,78,High,Yes,1,Medium,Medium,Private,Neutral,4,Yes,High School,Moderate,Male,65,141.6,4.5,Medio,4,-3.0
13,62,Medium,Low,No,6,86,High,Yes,2,Low,Medium,Public,Neutral,4,No,High School,Near,Male,61,89.19999999999999,4.0,Medio,1,3.5
21,93,Low,Medium,No,9,70,Medium,Yes,0,Medium,High,Public,Neutral,1,No,Postgraduate,Far,Female,68,139.8,4.0,Medio,2,-0.5
21,68,Medium,High,Yes,8,52,Medium,Yes,3,Low,Medium,Public,Neutral,2,No,College,Moderate,Male,65,124.8,6.5,Medio,1,-0.5
16,73,Low,Low,No,6,94,Medium,No,1,Low,Medium,Private,Negative,2,No,College,Near,Female,61,107.8,1.5,Medio,2,0.0
16,95,Medium,High,Yes,8,52,Medium,Yes,0,Low,Medium,Private,Positive,3,No,Postgraduate,Moderate,Male,69,121.0,5.0,Medio,2,3.0
21,90,Low,Medium,Yes,10,95,High,Yes,2,High,High,Private,Neutral,4,No,College,Near,Male,72,138.0,5.0,Medio,6,3.5
13,69,Medium,Low,Yes,7,53,High,No,2,Medium,Medium,Private,Negative,3,Yes,High School,Near,Female,59,93.4,2.0,Bajo,4,3.5
22,63,Medium,Medium,No,9,87,Low,Yes,0,High,High,Public,Negative,2,No,College,Moderate,Female,63,125.8,4.0,Medio,3,0.0
15,89,Medium,Medium,Yes,8,96,High,Yes,3,Low,High,Public,Negative,3,No,High School,Near,Male,69,113.4,5.5,Medio,1,3.5
26,76,Low,Low,No,7,95,High,Yes,1,Low,High,Public,Neutral,1,No,Postgraduate,Near,Male,67,149.6,3.5,Medio,1,-5.0
34,91,Low,Medium,No,7,95,Medium,No,1,Medium,Medium,Public,Negative,3,Yes,College,Moderate,Male,70,190.6,2.5,Medio,2,-7.0
15,78,Medium,High,No,8,94,High,Yes,0,Low,Medium,Private,Positive,4,No,Postgraduate,Moderate,Male,67,106.8,5.0,Medio,2,4.5
23,74,Medium,Medium,Yes,6,76,Medium,No,1,Low,Medium,Public,Positive,2,No,College,Near,Male,66,136.4,2.5,Medio,1,-3.5
16,78,Medium,Medium,Yes,4,78,Medium,Yes,5,High,Medium,Public,Positive,3,No,High School,Near,Female,68,110.8,6.5,Medio,3,-1.0
26,90,Low,High,Yes,6,81,Medium,Yes,1,Low,Medium,Private,Neutral,3,No,Postgraduate,Near,Male,71,158.0,5.5,Medio,2,-4.0
12,96,High,Medium,No,4,95,Medium,Yes,3,Medium,Medium,Private,Neutral,0,Yes,High School,Near,Male,69,105.6,5.5,Medio,4,-2.0
23,62,High,Medium,Yes,6,92,Low,Yes,0,High,Medium,Public,Neutral,2,No,High School,Moderate,Male,65,129.2,4.0,Medio,3,-3.5
15,81,Medium,Medium,No,4,89,High,Yes,0,Low,Medium,Private,Negative,3,No,Postgraduate,Near,Female,66,108.6,4.0,Medio,2,-0.5
19,61,Medium,High,Yes,8,84,High,Yes,2,Medium,High,Public,Positive,4,No,High School,Near,Male,66,112.6,6.0,Medio,2,2.5
14,79,High,Medium,No,5,81,High,Yes,3,High,Medium,Public,Negative,3,No,High School,Near,Female,67,103.4,5.5,Medio,3,1.0
25,95,High,Medium,Yes,8,96,Low,Yes,1,Medium,Medium,Public,Neutral,4,No,Postgraduate,Near,Male,74,157.0,4.5,Medio,2,-0.5
15,74,High,High,No,8,60,Low,Yes,3,Low,Medium,Public,Positive,5,No,High School,Moderate,Male,66,104.4,6.5,Medio,1,5.5
23,97,Medium,High,Yes,8,60,Medium,Yes,1,Medium,High,Public,Neutral,3,No,College,Near,Male,72,150.2,5.5,Medio,2,-0.5
18,85,High,Low,Yes,4,99,High,Yes,0,Low,Medium,Private,Neutral,4,No,College,Near,Male,69,123.0,3.0,Medio,2,-1.0
19,97,Low,High,No,9,78,Medium,Yes,0,Medium,Medium,Private,Negative,4,No,High School,Moderate,Female,68,134.2,5.0,Medio,4,3.5
21,90,Medium,High,Yes,8,74,Medium,Yes,4,Low,Medium,Private,Neutral,3,No,High School,Near,Male,71,138.0,7.0,Medio,2,0.5
15,64,Medium,Medium,No,8,93,Medium,Yes,0,Low,Medium,Public,Negative,2,No,High School,Near,Female,61,98.4,4.0,Medio,1,2.5
21,69,Medium,Medium,Yes,10,92,Low,Yes,2,Low,Medium,Private,Neutral,3,No,High School,Near,Male,65,125.4,5.0,Medio,2,2.5
29,76,Medium,High,Yes,8,59,Medium,Yes,4,Low,High,Public,Neutral,2,No,Postgraduate,Near,Male,71,161.6,7.0,Medio,1,-4.5
15,67,Low,Medium,Yes,5,59,Low,Yes,0,Low,Medium,Private,Neutral,3,No,High School,Near,Male,59,100.19999999999999,4.0,Bajo,2,0.5
27,80,High,Medium,No,8,90,Low,Yes,1,Medium,High,Public,Neutral,3,No,Postgraduate,Near,Female,71,156.0,4.5,Medio,2,-2.5
29,79,Medium,High,No,5,89,Medium,Yes,0,High,High,Public,Neutral,3,No,Postgraduate,Near,Female,72,163.4,5.0,Medio,3,-6.5
15,98,High,High,Yes,7,61,Medium,Yes,1,Low,High,Private,Positive,3,No,College,Moderate,Female,71,118.8,5.5,Medio,2,2.5
11,77,Low,Low,Yes,6,92,Low,Yes,0,Low,Medium,Public,Neutral,5,No,High School,Near,Male,61,90.19999999999999,3.0,Medio,1,5.5
22,91,Medium,Medium,No,7,74,Medium,Yes,1,Medium,Medium,Private,Negative,2,Yes,College,Moderate,Female,67,142.6,4.5,Medio,4,-2.0
17,98,Medium,Medium,No,5,73,Low,Yes,0,Low,High,Public,Negative,2,No,College,Moderate,Male,67,126.8,4.0,Medio,1,-1.5
31,95,Medium,Medium,No,5,99,Medium,Yes,1,Medium,Medium,Private,Neutral,4,No,High School,Near,Female,74,181.0,4.5,Medio,4,-6.5
20,68,High,High,No,6,76,Low,Yes,2,Medium,Medium,Public,Neutral,3,No,High School,Near,Female,66,120.8,6.0,Medio,2,-1.0
15,80,Medium,Medium,Yes,7,57,Low,Yes,1,Low,Medium,Private,Negative,4,No,High School,Near,Male,63,108.0,4.5,Medio,2,3.5
13,74,Medium,Medium,No,6,64,Low,Yes,4,High,High,Private,Neutral,3,Yes,High School,Near,Male,63,96.4,6.0,Medio,6,2.5
27,76,High,High,No,9,67,Medium,Yes,1,Low,Medium,Public,Positive,4,No,High School,Far,Female,68,153.6,5.5,Medio,1,-0.5
17,74,Medium,Low,Yes,8,98,Low,Yes,1,High,High,Public,Neutral,3,No,High School,Near,Female,65,112.4,3.5,Medio,3,2.5
20,93,Medium,Low,No,8,63,Medium,Yes,0,Low,High,Public,Negative,3,No,High School,Moderate,Male,66,135.8,3.0,Medio,1,1.0
26,78,Medium,Medium,No,6,72,Medium,Yes,1,Low,Medium,Private,Neutral,3,No,High School,Moderate,Female,67,150.8,4.5,Medio,2,-4.0
17,81,Medium,Medium,No,5,87,High,Yes,0,Low,High,Private,Neutral,2,No,College,Near,Female,67,116.6,4.0,Medio,2,-1.5
20,99,Medium,Low,Yes,7,64,High,Yes,0,Medium,Medium,Public,Positive,4,No,High School,Near,Male,70,139.4,3.0,Medio,2,1.0
20,62,Low,Medium,Yes,10,85,High,Yes,5,Low,Medium,Private,Neutral,4,No,High School,Near,Male,65,117.19999999999999,6.5,Medio,2,4.0
24,80,Medium,Medium,Yes,7,60,Medium,Yes,1,High,High,Public,Positive,3,No,High School,Moderate,Female,68,144.0,4.5,Medio,3,-2.0
24,91,Medium,High,Yes,9,62,Low,Yes,3,Low,Medium,Public,Negative,4,No,College,Moderate,Male,70,150.6,6.5,Medio,1,1.0
19,66,High,Low,No,9,99,Medium,Yes,1,Medium,Medium,Public,Positive,3,No,College,Near,Male,66,115.6,3.5,Medio,2,2.5
20,84,High,Medium,Yes,8,68,Medium,Yes,0,Low,Medium,Private,Positive,4,No,Postgraduate,Near,Male,69,130.4,4.0,Medio,2,2.0
18,70,Medium,Medium,No,7,86,Medium,Yes,1,High,Medium,Public,Positive,2,No,High School,Near,Female,65,114.0,4.5,Medio,3,0.0
11,95,Medium,Medium,Yes,6,92,Medium,No,2,Medium,Low,Public,Neutral,3,No,Postgraduate,Moderate,Female,68,101.0,3.0,Medio,2,3.5
22,73,Low,Medium,Yes,7,67,Medium,Yes,3,High,Medium,Private,Positive,2,No,High School,Far,Male,65,131.8,5.5,Medio,6,-2.0
31,73,Medium,High,Yes,6,68,High,Yes,1,Medium,Medium,Public,Positive,3,No,High School,Near,Female,70,167.8,5.5,Medio,2,-6.5
15,84,Low,Low,Yes,7,89,High,Yes,1,Low,High,Public,Neutral,3,No,High School,Near,Female,65,110.4,3.5,Medio,1,2.5
15,67,High,Medium,Yes,5,80,High,Yes,3,Medium,High,Public,Neutral,4,No,College,Near,Male,67,100.19999999999999,5.5,Medio,2,1.5
15,71,High,Low,No,6,68,Low,No,5,Low,Medium,Public,Positive,4,No,College,Near,Female,64,102.6,3.5,Medio,1,2.5
24,77,Medium,Medium,No,8,87,High,Yes,2,Low,Medium,Public,Positive,1,Yes,Postgraduate,Moderate,Female,68,142.2,5.0,Medio,1,-3.0
23,74,Medium,High,Yes,6,93,Medium,Yes,4,High,Medium,Private,Neutral,3,No,High School,Near,Female,70,136.4,7.0,Medio,6,-2.5
19,81,Low,High,Yes,6,62,Medium,No,1,Medium,Low,Public,Negative,3,No,High School,Moderate,Female,64,124.6,3.5,Medio,2,-0.5
14,84,High,Medium,No,6,51,Low,Yes,4,High,Medium,Public,Neutral,3,No,High School,Near,Male,67,106.4,6.0,Medio,3,2.0
21,83,High,High,No,7,64,Medium,Yes,2,Medium,Low,Private,Neutral,2,No,High School,Near,Male,68,133.8,6.0,Medio,4,-1.5
11,86,Medium,Medium,Yes,4,84,Medium,Yes,5,Low,High,Public,Neutral,4,Yes,High School,Near,Male,67,95.6,6.5,Medio,1,2.5
21,72,Medium,Low,Yes,6,96,Low,Yes,4,High,Medium,Public,Positive,2,Yes,College,Moderate,Female,66,127.19999999999999,5.0,Medio,3,-2.5
25,65,Medium,High,Yes,8,93,Low,No,2,Medium,Medium,Public,Negative,3,No,College,Moderate,Female,66,139.0,4.0,Medio,2,-1.5
12,90,Medium,Low,Yes,7,61,Medium,Yes,2,Low,High,Private,Positive,2,No,High School,Near,Male,66,102.0,4.0,Medio,2,3.0
11,94,Low,Low,Yes,8,94,Medium,Yes,2,Low,Medium,Public,Positive,2,No,College,Near,Male,67,100.4,4.0,Medio,1,4.5
29,70,Medium,Medium,Yes,4,91,Low,Yes,2,Low,Medium,Public,Positive,3,No,College,Near,Male,69,158.0,5.0,Medio,1,-7.5
16,76,Low,Medium,No,6,87,Medium,Yes,3,Low,Medium,Private,Neutral,4,No,College,Near,Female,65,109.6,5.5,Medio,2,2.0
27,80,Low,Low,Yes,7,84,Low,Yes,4,Low,Medium,Public,Positive,3,No,College,Moderate,Male,68,156.0,5.0,Medio,1,-3.5
19,81,Low,High,No,8,90,Medium,Yes,2,Low,Medium,Private,Neutral,3,No,High School,Near,Female,67,124.6,6.0,Medio,2,1.5
19,86,Medium,Medium,Yes,9,93,Low,Yes,1,Low,High,Public,Positive,3,No,College,Near,Male,69,127.6,4.5,Medio,1,2.5
23,62,Medium,Medium,No,8,91,High,No,3,High,Low,Public,Neutral,3,No,High School,Moderate,Male,64,129.2,3.5,Medio,3,-0.5
15,89,Medium,Medium,No,6,56,Low,Yes,2,Medium,Medium,Public,Positive,4,No,College,Near,Male,67,113.4,5.0,Medio,2,2.5
21,62,High,Medium,No,6,86,Medium,Yes,2,Medium,High,Private,Positive,4,No,High School,Near,Female,67,121.19999999999999,5.0,Medio,4,-0.5
18,79,Medium,High,No,9,92,Low,Yes,1,Low,Medium,Private,Neutral,3,No,College,Near,Male,67,119.4,5.5,Medio,2,3.0
12,93,Medium,High,No,6,59,Medium,Yes,2,Low,Medium,Private,Positive,3,No,High School,Moderate,Female,67,103.8,6.0,Medio,2,3.0
22,78,Medium,High,Yes,5,61,Low,Yes,2,Low,Medium,Public,Neutral,4,No,College,Near,Male,68,134.8,6.0,Medio,1,-2.0
18,66,Medium,Medium,Yes,7,89,High,Yes,4,Low,Medium,Public,Positive,3,Yes,High School,Near,Male,65,111.6,6.0,Medio,1,1.0
19,99,Low,High,No,9,67,Low,Yes,3,High,Medium,Public,Neutral,1,No,College,Moderate,Male,70,135.4,6.5,Medio,3,0.5
13,96,Medium,Medium,No,6,70,Medium,Yes,1,Low,High,Public,Neutral,3,No,College,Near,Female,68,109.6,4.5,Medio,1,2.5
30,91,High,Low,Yes,6,69,Medium,Yes,2,Medium,High,Public,Negative,4,No,High School,Moderate,Female,72,174.6,4.0,Medio,2,-5.0
25,76,Medium,High,No,6,61,Medium,Yes,1,Medium,Medium,Public,Neutral,3,No,Postgraduate,Far,Male,67,145.6,5.5,Medio,2,-3.5
26,67,High,Low,Yes,8,97,Medium,Yes,2,Medium,Medium,Public,Neutral,0,No,High School,Moderate,Female,66,144.2,4.0,Medio,2,-5.0
18,98,Low,Low,Yes,7,90,Low,Yes,0,High,High,Private,Positive,1,No,High School,Moderate,Male,68,130.8,3.0,Medio,6,-1.0
10,81,Medium,High,No,8,63,Medium,Yes,1,Low,Low,Public,Neutral,2,No,High School,Near,Male,64,88.6,5.5,Medio,1,5.0
32,94,Medium,High,Yes,9,55,High,Yes,4,Medium,Medium,Private,Positive,2,Yes,High School,Near,Male,75,184.4,7.0,Medio,4,-5.0
20,74,High,Low,Yes,5,69,High,Yes,1,Medium,Medium,Public,Positive,4,No,College,Moderate,Female,66,124.4,3.5,Medio,2,-1.0
16,73,High,High,Yes,6,71,Medium,Yes,0,Low,Medium,Public,Positive,4,No,Postgraduate,Near,Male,67,107.8,5.0,Medio,1,2.0
23,99,High,High,No,6,50,Medium,No,1,High,Medium,Private,Neutral,5,Yes,High School,Near,Male,71,151.4,3.5,Medio,6,-0.5
27,81,Low,High,No,7,94,Low,Yes,0,Low,Medium,Public,Neutral,4,No,College,Moderate,Male,68,156.6,5.0,Medio,1,-2.5
20,66,Medium,Medium,Yes,8,93,Medium,Yes,2,Low,High,Public,Neutral,3,No,High School,Near,Male,65,119.6,5.0,Medio,1,1.0
28,69,Low,High,Yes,6,93,Low,Yes,0,High,Low,Public,Negative,3,No,College,Near,Male,67,153.4,5.0,Medio,3,-5.0
26,79,Low,High,Yes,6,90,Low,No,0,High,Medium,Private,Negative,2,Yes,College,Moderate,Male,66,151.4,3.0,Medio,6,-5.0
14,62,Low,Medium,No,8,87,Medium,Yes,1,Medium,Medium,Public,Positive,1,No,High School,Moderate,Male,60,93.19999999999999,4.5,Medio,2,2.0
16,79,Medium,Medium,No,8,82,Low,Yes,2,Low,Medium,Private,Neutral,3,Yes,Postgraduate,Moderate,Female,64,111.4,5.0,Medio,2,3.0
26,77,Medium,Medium,Yes,7,98,Low,Yes,0,High,Medium,Public,Neutral,1,No,Postgraduate,Near,Male,69,150.2,4.0,Medio,3,-5.0
4,91,Medium,Medium,No,4,86,Low,Yes,3,Low,Medium,Private,Neutral,4,Yes,College,Moderate,Male,64,70.6,5.5,Medio,2,6.0
19,74,Medium,High,No,9,82,High,Yes,2,Low,Medium,Private,Neutral,3,No,High School,Moderate,Male,66,120.4,6.0,Medio,2,2.5
11,99,High,Medium,Yes,7,89,High,Yes,3,Low,Medium,Public,Positive,3,No,College,Near,Male,72,103.4,5.5,Medio,1,4.5
17,67,Low,Low,Yes,7,62,Medium,Yes,0,Low,Medium,Public,Positive,4,No,High School,Moderate,Female,60,108.19999999999999,3.0,Medio,1,2.5
18,84,Low,High,Yes,6,98,Low,Yes,3,Medium,Medium,Public,Positive,3,No,High School,Near,Male,69,122.4,6.5,Medio,2,0.0
18,64,Medium,Medium,Yes,6,51,Medium,Yes,2,Low,Medium,Public,Positive,1,No,High School,Near,Female,62,110.4,5.0,Medio,1,-2.0
17,89,Medium,Medium,Yes,6,82,Medium,Yes,3,Medium,Medium,Private,Positive,3,No,College,Near,Female,70,121.4,5.5,Medio,4,0.5
13,100,Low,Low,Yes,4,54,Low,Yes,3,Low,Low,Public,Positive,2,No,High School,Near,Female,65,112.0,4.5,Medio,1,-0.5
34,93,High,Medium,Yes,6,93,High,Yes,2,Low,High,Public,Neutral,4,No,High School,Near,Male,77,191.8,5.0,Medio,1,-7.0
31,82,Medium,High,Yes,5,98,Medium,Yes,0,Low,Low,Public,Neutral,3,No,High School,Near,Male,71,173.2,5.0,Medio,1,-7.5
13,79,Medium,High,No,7,70,High,Yes,4,Low,Medium,Public,Positive,3,Yes,High School,Near,Female,66,99.4,7.0,Medio,1,3.5
29,93,Medium,Medium,No,5,93,Medium,Yes,2,Low,Medium,Public,Positive,3,No,Postgraduate,Near,Female,74,171.8,5.0,Medio,1,-6.5
18,97,Medium,High,No,8,67,Medium,Yes,1,Medium,High,Public,Neutral,3,No,High School,Near,Male,70,130.2,5.5,Medio,2,2.0
21,100,Medium,Medium,No,5,58,Medium,Yes,2,Medium,Medium,Private,Neutral,2,No,High School,Moderate,Male,69,144.0,5.0,Medio,4,-3.5
20,76,Medium,Medium,No,9,64,Low,Yes,2,Low,Medium,Public,Negative,2,No,College,Moderate,Male,64,125.6,5.0,Medio,1,1.0
16,100,Medium,Medium,Yes,8,65,High,Yes,1,High,Medium,Public,Positive,2,Yes,College,Moderate,Female,69,124.0,4.5,Medio,3,2.0
26,66,High,High,Yes,5,82,Medium,Yes,1,Low,Medium,Public,Neutral,3,No,High School,Near,Female,68,143.6,5.5,Medio,1,-5.0
21,70,Medium,Low,Yes,7,90,Medium,No,1,Low,Medium,Public,Neutral,4,No,High School,Moderate,Male,63,126.0,1.5,Medio,1,0.5
17,64,Medium,Medium,Yes,6,60,Medium,Yes,1,Medium,Medium,Private,Positive,2,Yes,High School,Near,Male,61,106.4,4.5,Medio,4,-0.5
12,71,Medium,Medium,No,8,54,Medium,Yes,0,Low,Low,Public,Positive,5,No,College,Near,Male,61,90.6,4.0,Medio,1,7.0
15,91,Medium,Low,Yes,10,61,Medium,Yes,0,Low,High,Public,Neutral,4,No,High School,Moderate,Male,65,114.6,3.0,Medio,1,6.5
10,94,Medium,High,No,9,65,Medium,Yes,3,Low,Low,Private,Negative,2,No,High School,Moderate,Female,65,96.4,6.5,Medio,2,6.0
20,91,High,Medium,Yes,6,64,High,Yes,0,High,Medium,Private,Positive,3,Yes,High School,Moderate,Female,69,134.6,4.0,Medio,6,-1.0
13,85,High,High,Yes,7,61,High,Yes,3,Medium,High,Public,Positive,2,No,High School,Moderate,Female,69,103.0,6.5,Medio,2,2.5
18,81,Low,Medium,No,9,73,Medium,Yes,1,High,Medium,Public,Negative,2,No,High School,Near,Male,65,120.6,4.5,Medio,3,2.0
28,88,Low,High,Yes,8,93,Medium,Yes,3,Low,Medium,Public,Negative,1,No,Postgraduate,Moderate,Female,72,164.8,6.5,Medio,1,-5.0
27,76,High,High,Yes,9,55,Medium,Yes,3,Low,Medium,Private,Neutral,0,No,High School,Moderate,Female,69,153.6,6.5,Medio,2,-4.5
20,94,High,Medium,Yes,8,93,Low,Yes,1,Medium,Medium,Public,Neutral,3,No,College,Moderate,Female,71,136.4,4.5,Medio,2,1.0
19,87,Medium,Medium,Yes,7,75,Medium,Yes,2,Low,Low,Public,Negative,3,No,High School,Moderate,Female,67,128.2,5.0,Medio,1,0.5
31,88,Medium,High,No,7,83,Medium,Yes,0,Low,Medium,Private,Neutral,2,No,High School,Near,Male,72,176.8,5.0,Medio,2,-6.5
23,81,High,High,No,5,91,Low,Yes,0,High,High,Public,Positive,3,Yes,High School,Near,Female,70,140.6,5.0,Medio,3,-3.5
18,95,Low,Medium,Yes,6,65,High,Yes,1,Low,High,Public,Negative,3,No,High School,Near,Female,68,129.0,4.5,Medio,1,0.0
11,70,Medium,Medium,No,6,98,Medium,Yes,3,High,Medium,Private,Neutral,4,No,Postgraduate,Near,Female,66,86.0,5.5,Medio,6,4.5
22,75,Medium,High,No,6,54,Low,Yes,4,Low,High,Public,Positive,4,No,High School,Near,Male,68,133.0,7.0,Medio,1,-1.0
25,91,High,Low,Yes,7,76,Low,Yes,1,Low,High,Private,Positive,3,No,College,Near,Female,71,154.6,3.5,Medio,2,-2.5
16,80,Low,Medium,Yes,7,63,High,Yes,2,Low,Medium,Private,Neutral,3,No,High School,Far,Male,63,112.0,5.0,Medio,2,2.0
22,96,Medium,High,No,7,70,Medium,No,2,Medium,Medium,Private,Negative,4,No,College,Moderate,Male,70,145.6,4.0,Medio,4,0.0
18,74,Medium,High,No,8,72,High,Yes,1,Low,High,Public,Negative,2,No,College,Moderate,Male,65,116.4,5.5,Medio,1,1.0
19,75,High,High,Yes,6,96,Medium,Yes,2,Medium,Medium,Public,Positive,4,No,High School,Near,Female,70,121.0,6.0,Medio,2,0.5
5,96,Medium,Low,Yes,8,72,Low,Yes,3,Medium,Medium,Public,Negative,5,No,High School,Near,Male,65,77.6,4.5,Medio,2,10.5
19,79,High,High,Yes,9,85,Medium,Yes,0,Medium,Medium,Public,Positive,2,No,High School,Moderate,Male,68,123.4,5.0,Medio,2,1.5
26,81,High,Medium,Yes,8,98,Low,Yes,1,Medium,Low,Private,Neutral,2,Yes,High School,Near,Female,69,152.6,4.5,Medio,4,-3.0
16,73,Medium,Medium,Yes,6,75,High,Yes,3,Medium,Medium,Public,Positive,3,No,High School,Moderate,Female,66,107.8,5.5,Medio,2,1.0
20,71,Low,Medium,No,8,70,Medium,Yes,0,Medium,High,Private,Neutral,3,No,High School,Far,Female,62,122.6,4.0,Medio,4,1.0
15,86,Medium,High,No,8,99,High,Yes,2,Medium,Medium,Public,Neutral,5,No,High School,Near,Male,70,111.6,6.0,Medio,2,5.5
22,65,High,Low,No,8,91,Medium,Yes,2,High,Medium,Public,Negative,2,No,College,Moderate,Female,65,127.0,4.0,Medio,3,-1.0
19,95,Low,High,Yes,9,97,Low,Yes,0,Medium,Medium,Public,Neutral,2,No,Postgraduate,Near,Male,71,133.0,5.0,Medio,2,1.5
14,91,Medium,High,Yes,8,70,Medium,Yes,2,Low,Medium,Private,Neutral,0,No,Postgraduate,Moderate,Male,68,110.6,6.0,Medio,2,1.0
28,68,Low,Low,Yes,9,85,Medium,Yes,0,Medium,Medium,Public,Negative,3,No,Postgraduate,Near,Male,65,152.8,3.0,Medio,2,-2.0
26,88,Low,High,Yes,7,62,High,No,1,High,High,Private,Positive,2,No,High School,Near,Female,70,156.8,3.5,Medio,6,-4.0
16,84,Medium,High,Yes,6,93,Medium,Yes,0,High,Medium,Public,Positive,3,No,High School,Moderate,Male,69,114.4,5.0,Medio,3,1.0
23,67,Medium,Low,Yes,9,97,Medium,Yes,1,Medium,Medium,Private,Positive,3,No,College,Moderate,Male,66,132.2,3.5,Medio,4,0.5
23,71,Medium,Medium,Yes,6,63,Low,Yes,1,Low,High,Public,Positive,5,No,High School,Moderate,Male,66,134.6,4.5,Medio,1,-0.5
24,76,High,Medium,No,10,55,Low,Yes,2,Low,Medium,Public,Positive,4,No,High School,Near,Male,67,141.6,5.0,Medio,1,2.0
10,88,Low,Medium,No,9,60,Medium,Yes,1,Low,Medium,Public,Positive,3,No,High School,Moderate,Female,63,92.8,4.5,Medio,1,7.0
26,86,Low,High,Yes,7,82,Medium,Yes,2,Low,Medium,Private,Positive,3,No,High School,Moderate,Female,70,155.6,6.0,Medio,2,-3.0
17,81,High,Medium,No,9,64,Medium,Yes,0,High,Medium,Public,Positive,3,Yes,High School,Far,Male,65,116.6,4.0,Medio,3,3.5
18,91,Medium,High,No,8,82,Medium,Yes,3,Medium,Medium,Private,Positive,2,No,High School,Moderate,Male,70,126.6,6.5,Medio,4,1.0
36,90,Medium,High,Yes,5,68,Low,Yes,1,Low,High,Public,Positive,2,No,High School,Moderate,Male,74,198.0,5.5,Medio,1,-11.0
22,85,High,Medium,Yes,6,96,Medium,Yes,0,Low,Medium,Public,Neutral,3,No,High School,Moderate,Female,69,139.0,4.0,Medio,1,-2.0
18,91,High,Medium,No,7,73,Low,Yes,0,Low,Medium,Public,Negative,4,No,College,Near,Male,68,126.6,4.0,Medio,1,2.0
7,73,Medium,Medium,Yes,7,75,Medium,Yes,1,High,High,Private,Positive,3,No,College,Near,Male,64,71.8,4.5,Medio,6,6.5
28,95,High,Medium,No,9,67,Low,Yes,2,Medium,Medium,Public,Neutral,3,No,High School,Near,Male,73,169.0,5.0,Medio,2,-2.0
12,85,Medium,Medium,Yes,7,54,Medium,Yes,4,Low,High,Public,Positive,3,No,College,Moderate,Male,66,99.0,6.0,Medio,1,4.0
14,93,Medium,Low,Yes,5,75,Low,Yes,0,Medium,High,Public,Negative,3,No,High School,Moderate,Male,65,111.8,3.0,Medio,2,1.0
18,82,High,Low,Yes,6,89,High,Yes,0,Medium,Medium,Private,Positive,1,Yes,College,Moderate,Male,66,121.19999999999999,3.0,Medio,4,-2.0
28,69,Medium,Low,No,8,98,Medium,Yes,0,Medium,Medium,Public,Positive,5,No,High School,Near,Male,67,153.4,3.0,Medio,2,-1.0
25,82,Medium,High,No,4,54,Medium,Yes,0,Medium,Medium,Public,Neutral,3,No,High School,Near,Male,67,149.2,5.0,Medio,2,-5.5
19,75,Medium,Medium,Yes,5,90,High,Yes,0,Medium,Medium,Private,Negative,3,No,Postgraduate,Near,Female,66,121.0,4.0,Medio,4,-1.5
22,88,Medium,Low,Yes,6,63,Low,Yes,3,Low,Medium,Public,Positive,3,No,Postgraduate,Near,Male,69,140.8,4.5,Medio,1,-2.0
16,79,Medium,Medium,Yes,8,91,Medium,Yes,4,High,Medium,Private,Positive,1,No,Postgraduate,Near,Male,69,111.4,6.0,Medio,6,1.0
21,93,Medium,Low,No,7,67,High,Yes,2,Low,Medium,Public,Neutral,3,No,College,Far,Female,68,139.8,4.0,Medio,1,-0.5
20,87,Low,Low,No,8,56,Medium,No,1,High,Medium,Public,Negative,1,No,College,Near,Female,64,132.2,1.5,Medio,3,-1.0
26,87,Medium,Medium,Yes,7,81,Medium,Yes,1,High,Medium,Public,Negative,2,No,High School,Near,Male,70,156.2,4.5,Medio,3,-4.0
26,69,Medium,Medium,No,7,95,Medium,Yes,1,Low,Medium,Public,Negative,4,No,Postgraduate,Near,Female,67,145.4,4.5,Medio,1,-2.0
23,99,Low,Low,No,6,59,Medium,Yes,1,Medium,Medium,Public,Positive,3,No,High School,Far,Male,68,151.4,3.5,Medio,2,-2.5
18,94,Medium,Medium,Yes,8,51,Medium,Yes,0,High,Medium,Public,Positive,3,Yes,College,Moderate,Female,67,128.4,4.0,Medio,3,2.0
24,92,High,Medium,Yes,5,94,Low,Yes,1,Medium,Medium,Public,Neutral,2,No,Postgraduate,Near,Female,73,151.2,4.5,Medio,2,-5.0
19,73,Medium,Medium,Yes,7,85,Medium,Yes,1,Medium,Medium,Public,Neutral,3,No,High School,Far,Male,65,119.8,4.5,Medio,2,0.5
14,81,Medium,High,No,9,90,Medium,Yes,3,High,High,Public,Neutral,3,No,Postgraduate,Near,Male,69,104.6,6.5,Medio,3,5.0
18,65,Medium,Medium,Yes,6,53,Medium,Yes,1,Medium,Medium,Private,Positive,3,Yes,Postgraduate,Near,Male,63,111.0,4.5,Medio,4,0.0
21,82,Medium,Medium,No,5,95,Medium,Yes,3,Low,Low,Public,Positive,4,No,High School,Near,Female,68,133.2,5.5,Medio,1,-1.5
25,66,Medium,High,No,4,71,High,Yes,0,Medium,Medium,Public,Negative,3,Yes,High School,Near,Female,64,139.6,5.0,Medio,2,-5.5
19,82,Low,High,No,8,95,Medium,Yes,2,Low,High,Public,Neutral,4,Yes,Postgraduate,Moderate,Female,68,125.19999999999999,6.0,Medio,1,2.5
13,86,Medium,High,Yes,8,53,Medium,Yes,2,Low,High,Public,Positive,4,No,High School,Far,Male,66,103.6,6.0,Medio,1,5.5
20,76,Medium,Medium,No,6,94,Low,Yes,2,Low,High,Public,Neutral,3,Yes,High School,Moderate,Male,65,125.6,5.0,Medio,1,-1.0
21,80,Medium,Medium,Yes,5,84,Low,Yes,4,Low,Medium,Private,Neutral,2,No,Postgraduate,Near,Female,69,132.0,6.0,Medio,2,-3.5
21,95,Low,Medium,No,7,78,High,Yes,2,Low,High,Public,Neutral,2,Yes,High School,Near,Male,69,141.0,5.0,Medio,1,-1.5
26,64,Low,High,Yes,9,53,Medium,No,2,Low,High,Public,Negative,4,No,College,Near,Male,64,142.4,4.0,Medio,1,0.0
26,92,High,High,No,5,84,High,Yes,0,Medium,High,Public,Neutral,2,No,Postgraduate,Near,Male,74,159.2,5.0,Medio,2,-6.0
16,67,High,Medium,No,9,80,Medium,Yes,1,Low,High,Public,Neutral,3,No,High School,Near,Female,64,104.19999999999999,4.5,Medio,1,4.0
16,61,Medium,Low,No,4,86,Medium,Yes,3,Medium,High,Public,Positive,4,No,High School,Near,Female,63,100.6,4.5,Medio,2,0.0
14,67,High,Medium,Yes,5,86,Medium,No,0,High,Medium,Public,Positive,4,No,College,Moderate,Female,64,96.19999999999999,2.0,Medio,3,2.0
24,91,Medium,Medium,Yes,7,72,Medium,Yes,3,Medium,High,Public,Neutral,3,No,High School,Moderate,Male,71,150.6,5.5,Medio,2,-2.0
29,76,Low,High,Yes,8,60,Medium,Yes,2,Medium,Medium,Public,Negative,3,No,High School,Near,Female,68,161.6,6.0,Medio,2,-3.5
18,95,Medium,Medium,Yes,9,96,Low,Yes,4,Medium,Medium,Public,Negative,4,No,College,Near,Female,72,129.0,6.0,Medio,2,4.0
19,81,Medium,Low,Yes,8,96,High,Yes,1,Low,Medium,Private,Negative,4,No,Postgraduate,Near,Male,67,124.6,3.5,Medio,2,2.5
29,61,Medium,High,No,9,61,Medium,Yes,0,Low,Medium,Private,Negative,3,No,High School,Near,Male,64,152.6,5.0,Medio,2,-2.5
23,89,Medium,Low,No,7,82,Medium,Yes,2,High,High,Public,Positive,1,No,College,Near,Male,70,145.4,4.0,Medio,3,-3.5
23,64,High,Medium,Yes,6,60,Low,Yes,2,Medium,Medium,Public,Negative,3,No,College,Near,Female,65,130.4,5.0,Medio,2,-2.5
13,92,High,Medium,No,9,93,High,Yes,2,High,Medium,Public,Negative,2,No,College,Moderate,Male,69,107.19999999999999,5.0,Medio,3,4.5
24,67,High,Medium,No,9,55,High,Yes,2,Low,Low,Public,Positive,2,No,College,Moderate,Male,65,136.2,5.0,Medio,1,-1.0
14,74,High,Medium,No,8,100,Medium,Yes,1,Low,Medium,Public,Neutral,3,No,College,Near,Male,66,100.4,4.5,Medio,1,4.0
13,90,High,Medium,No,8,81,Medium,Yes,0,Medium,Medium,Public,Positive,3,No,High School,Moderate,Female,67,106.0,4.0,Medio,2,4.5
18,98,Medium,Low,No,9,51,Medium,Yes,1,High,Medium,Public,Neutral,4,No,College,Near,Male,68,130.8,3.5,Medio,3,4.0
16,75,Medium,Medium,Yes,8,94,Medium,Yes,0,Medium,Medium,Private,Positive,3,No,High School,Moderate,Male,65,109.0,4.0,Medio,4,3.0
19,93,Medium,Medium,No,7,84,High,No,0,Medium,Low,Public,Neutral,2,No,College,Near,Male,68,131.8,2.0,Medio,2,-0.5
11,68,Medium,High,Yes,8,85,High,No,2,Medium,Medium,Public,Negative,2,No,College,Near,Male,63,84.8,4.0,Medio,2,4.5
26,92,Medium,Medium,No,8,64,Medium,Yes,1,Medium,Medium,Private,Positive,5,No,High School,Near,Male,71,159.2,4.5,Medio,4,0.0
27,86,High,Medium,No,8,67,Medium,Yes,1,Low,Medium,Public,Positive,4,No,College,Near,Male,71,159.6,4.5,Medio,1,-1.5
8,68,High,Medium,Yes,7,96,Medium,Yes,2,Low,High,Public,Positive,3,No,Postgraduate,Near,Female,65,72.8,5.0,Medio,1,6.0
26,72,Medium,Low,No,8,82,Medium,Yes,2,Medium,Low,Public,Negative,2,No,Postgraduate,Far,Female,65,147.2,4.0,Medio,2,-3.0
15,65,Medium,Low,Yes,8,51,Medium,Yes,1,High,Medium,Public,Positive,3,No,High School,Moderate,Female,61,99.0,3.5,Medio,3,3.5
25,75,High,High,Yes,7,66,Low,Yes,0,Low,High,Public,Negative,4,No,High School,Near,Male,68,145.0,5.0,Medio,1,-1.5
20,68,Low,Medium,Yes,6,80,Low,Yes,4,Low,Medium,Private,Neutral,4,No,College,Near,Female,65,120.8,6.0,Medio,2,0.0
20,86,Low,Medium,No,9,57,Medium,Yes,0,Medium,High,Public,Positive,4,No,High School,Moderate,Male,66,131.6,4.0,Medio,2,3.0
19,100,High,Low,Yes,5,55,Low,Yes,2,Low,Medium,Public,Positive,4,No,High School,Moderate,Male,69,136.0,4.0,Medio,1,-0.5
27,60,High,High,No,6,53,Low,Yes,3,Low,Low,Private,Positive,2,No,High School,Moderate,Female,65,144.0,6.5,Medio,2,-5.5
13,82,Medium,High,No,7,82,Medium,Yes,1,Low,Low,Public,Positive,3,No,High School,Near,Female,65,101.19999999999999,5.5,Medio,1,3.5
24,83,High,Medium,No,4,66,High,Yes,2,Medium,High,Private,Positive,4,Yes,Postgraduate,Moderate,Male,70,145.8,5.0,Medio,4,-4.0
27,97,Medium,Medium,No,9,69,Medium,Yes,1,Low,Medium,Private,Neutral,2,No,High School,Moderate,Female,70,166.2,4.5,Medio,2,-2.5
24,80,Medium,Medium,Yes,7,53,Medium,Yes,2,Low,Medium,Public,Positive,4,Yes,High School,Near,Female,67,144.0,5.0,Medio,1,-1.0
34,82,Medium,High,Yes,9,87,High,Yes,3,Low,Medium,Public,Positive,4,No,High School,Near,Female,75,185.2,6.5,Medio,1,-4.0
17,79,Low,Low,Yes,10,88,Low,Yes,3,Medium,High,Private,Neutral,3,No,High School,Moderate,Female,65,115.4,4.5,Medio,4,4.5
26,71,Medium,Medium,Yes,7,91,Medium,No,2,Low,Medium,Private,Neutral,3,No,High School,Moderate,Female,66,146.6,3.0,Medio,2,-3.0
19,62,High,Medium,Yes,9,83,High,Yes,2,Medium,Medium,Public,Positive,3,No,College,Near,Male,67,113.19999999999999,5.0,Medio,2,2.5
27,76,Low,Medium,Yes,5,89,Low,Yes,0,Low,Medium,Private,Positive,4,No,Postgraduate,Far,Male,67,153.6,4.0,Medio,2,-4.5
20,62,Low,Medium,No,8,79,High,Yes,2,Low,Medium,Public,Positive,1,No,High School,Near,Female,62,117.19999999999999,5.0,Medio,1,-1.0
18,82,Medium,Medium,Yes,6,75,Medium,Yes,0,Low,Medium,Private,Negative,4,No,College,Near,Male,66,121.19999999999999,4.0,Medio,2,1.0
28,72,Low,High,No,8,63,Low,Yes,1,Low,High,Public,Neutral,2,No,High School,Near,Male,66,155.2,5.5,Medio,1,-4.0
17,81,High,Low,Yes,8,53,High,Yes,0,Medium,Medium,Public,Neutral,2,No,High School,Far,Male,64,116.6,3.0,Medio,2,1.5
12,65,Low,Medium,No,7,65,Medium,Yes,2,Medium,Medium,Public,Neutral,2,No,High School,Near,Male,60,87.0,5.0,Medio,2,3.0
17,97,Medium,Medium,Yes,8,84,Medium,No,3,Low,Low,Private,Neutral,3,No,Postgraduate,Near,Female,70,126.19999999999999,3.5,Medio,2,2.5
24,96,Medium,Medium,No,8,96,Medium,Yes,2,Low,Low,Public,Positive,3,No,College,Near,Female,72,153.6,5.0,Medio,1,-1.0
28,68,High,Medium,Yes,7,63,Medium,Yes,0,Low,High,Public,Negative,2,No,College,Near,Male,67,152.8,4.0,Medio,1,-5.0
21,74,Medium,High,Yes,10,83,Low,Yes,1,High,Medium,Public,Neutral,3,No,High School,Moderate,Female,67,128.4,5.5,Medio,3,2.5
28,85,Medium,Medium,Yes,7,74,Medium,Yes,1,Medium,High,Public,Positive,3,No,Postgraduate,Near,Female,72,163.0,4.5,Medio,2,-4.0
12,64,High,High,Yes,9,81,Medium,No,1,High,High,Public,Neutral,3,No,High School,Moderate,Male,63,86.4,3.5,Medio,3,6.0
17,74,Low,Medium,No,9,50,Medium,Yes,0,Low,High,Public,Negative,2,No,High School,Far,Female,60,112.4,4.0,Medio,1,2.5
18,70,Medium,Medium,Yes,4,56,Medium,Yes,1,High,High,Public,Neutral,4,No,High School,Near,Male,65,114.0,4.5,Medio,3,-1.0
19,97,High,Medium,Yes,9,61,High,Yes,2,Medium,High,Public,Neutral,1,No,Postgraduate,Moderate,Male,72,134.2,5.0,Medio,2,0.5
21,94,Medium,High,No,9,95,Low,Yes,0,Medium,High,Private,Negative,3,No,High School,Near,Male,70,140.4,5.0,Medio,4,1.5
24,83,High,Medium,Yes,7,52,High,Yes,1,Medium,High,Public,Positive,4,No,College,Near,Female,71,145.8,4.5,Medio,2,-1.0
17,81,Low,Medium,Yes,8,78,Low,Yes,1,Low,High,Private,Positive,4,No,College,Moderate,Male,66,116.6,4.5,Medio,2,3.5
21,97,Low,Medium,Yes,8,96,High,Yes,2,Low,High,Public,Positive,4,No,College,Moderate,Female,72,142.2,5.0,Medio,1,1.5
20,97,Low,Medium,Yes,9,83,High,Yes,3,Medium,High,Public,Positive,3,No,Postgraduate,Near,Female,73,138.2,5.5,Medio,2,2.0
14,99,High,Medium,Yes,6,74,Medium,Yes,2,Medium,Medium,Public,Neutral,3,No,College,Near,Male,71,115.4,5.0,Medio,2,2.0
19,65,High,Low,No,9,69,Medium,Yes,4,Low,High,Public,Neutral,2,No,College,Far,Male,64,115.0,5.0,Medio,1,1.5
19,66,Medium,High,Yes,5,81,Medium,Yes,1,High,Medium,Private,Positive,3,No,College,Moderate,Male,66,115.6,5.5,Medio,6,-1.5
19,87,Medium,Medium,No,4,74,High,Yes,1,High,Medium,Public,Positive,3,No,College,Near,Male,69,128.2,4.5,Medio,3,-2.5
20,82,Low,Medium,No,8,85,Low,Yes,1,Medium,High,Private,Neutral,3,Yes,Postgraduate,Near,Female,66,129.2,4.5,Medio,4,1.0
20,61,Medium,High,No,9,81,Medium,Yes,0,High,High,Public,Neutral,2,Yes,High School,Near,Male,63,116.6,5.0,Medio,3,1.0
17,62,Medium,Medium,Yes,7,78,Medium,Yes,0,Medium,High,Public,Negative,3,No,High School,Near,Male,62,105.19999999999999,4.0,Medio,2,1.5
13,95,High,High,Yes,5,92,Low,Yes,1,Medium,Medium,Private,Positive,2,No,College,Near,Female,71,109.0,5.5,Medio,4,0.5
16,74,High,Medium,No,8,80,Medium,Yes,0,Low,Medium,Public,Positive,4,No,Postgraduate,Near,Female,66,108.4,4.0,Medio,1,4.0
37,96,Medium,Medium,No,7,77,Medium,Yes,2,Medium,Medium,Public,Positive,3,No,High School,Moderate,Female,75,205.6,5.0,Medio,2,-8.5
14,84,High,Medium,Yes,9,86,High,Yes,1,Low,Medium,Private,Positive,4,No,High School,Near,Female,68,106.4,4.5,Medio,2,6.0
12,92,High,Medium,No,7,90,Medium,Yes,2,Medium,High,Public,Negative,5,No,High School,Near,Male,69,103.19999999999999,5.0,Medio,2,6.0
24,77,Medium,Low,Yes,6,65,High,Yes,2,Medium,High,Private,Positive,3,No,High School,Near,Male,68,142.2,4.0,Medio,4,-3.0
8,65,Medium,Medium,No,7,83,Low,Yes,3,Medium,Medium,Public,Negative,4,No,High School,Near,Female,60,71.0,5.5,Medio,2,7.0
19,77,Medium,Low,No,9,57,Low,Yes,4,Medium,Medium,Public,Neutral,3,Yes,High School,Near,Female,64,122.19999999999999,5.0,Medio,2,2.5
33,78,Medium,Medium,No,9,72,Medium,Yes,4,Medium,Medium,Public,Positive,3,No,High School,Moderate,Male,71,178.8,6.0,Medio,2,-4.5
11,82,High,High,No,7,97,Low,Yes,2,High,Medium,Public,Positive,3,No,College,Near,Male,69,93.19999999999999,6.0,Medio,3,4.5
8,64,Medium,Medium,Yes,7,66,Medium,Yes,1,Low,Medium,Private,Positive,3,No,College,Near,Male,60,70.4,4.5,Medio,2,6.0
11,100,High,High,Yes,8,58,High,Yes,1,Low,Medium,Private,Positive,3,No,College,Near,Female,70,104.0,5.5,Medio,2,5.5
25,70,Low,Medium,Yes,6,57,Medium,Yes,4,Medium,Medium,Private,Neutral,3,No,High School,Near,Male,66,142.0,6.0,Medio,4,-3.5
27,68,High,Medium,No,8,70,High,Yes,0,Medium,Medium,Private,Positive,3,No,Postgraduate,Near,Male,68,148.8,4.0,Medio,4,-2.5
17,81,High,Low,No,7,61,Medium,Yes,2,High,Medium,Public,Positive,2,No,College,Near,Female,67,116.6,4.0,Medio,3,0.5
24,81,Medium,Medium,Yes,7,71,High,Yes,1,Medium,High,Public,Neutral,3,No,College,Near,Male,70,144.6,4.5,Medio,2,-2.0
28,78,High,Medium,Yes,7,86,Low,Yes,0,Low,High,Public,Neutral,2,No,College,Moderate,Male,69,158.8,4.0,Medio,1,-5.0
31,91,Medium,High,Yes,7,94,High,Yes,2,High,High,Public,Negative,3,No,High School,Far,Male,75,178.6,6.0,Medio,3,-5.5
19,81,Medium,Low,Yes,10,56,Low,Yes,1,Medium,High,Public,Positive,3,No,High School,Near,Male,65,124.6,3.5,Medio,2,3.5
6,84,Medium,Medium,Yes,6,88,Medium,Yes,1,Low,Medium,Private,Positive,5,No,Postgraduate,Moderate,Male,65,74.4,4.5,Medio,2,8.0
15,89,Medium,Low,No,6,55,Medium,Yes,1,Medium,Medium,Public,Positive,4,No,Postgraduate,Moderate,Male,66,113.4,3.5,Medio,2,2.5
17,61,High,Medium,Yes,9,69,High,Yes,1,Medium,High,Public,Positive,3,No,High School,Far,Male,64,104.6,4.5,Medio,2,3.5
18,83,Low,Medium,No,8,100,Medium,Yes,1,Low,High,Private,Negative,2,No,High School,Near,Female,66,121.8,4.5,Medio,2,1.0
19,95,Medium,High,Yes,8,53,Medium,Yes,3,Low,Medium,Public,Positive,1,No,High School,Moderate,Female,70,133.0,6.5,Medio,1,-0.5
27,61,High,Low,No,5,51,High,Yes,1,Low,Medium,Private,Positive,1,No,College,Far,Male,63,144.6,3.5,Medio,2,-7.5
28,76,Low,Low,No,7,67,High,Yes,1,High,Low,Public,Negative,4,No,College,Near,Male,66,157.6,3.5,Medio,3,-3.0
19,97,Low,Medium,Yes,8,98,Low,Yes,1,Medium,Medium,Public,Positive,3,No,College,Near,Female,71,134.2,4.5,Medio,2,1.5
27,74,Medium,High,No,6,51,High,Yes,2,Medium,Medium,Private,Positive,4,No,High School,Far,Male,68,152.4,6.0,Medio,4,-3.5
22,78,Medium,Medium,Yes,8,61,Medium,Yes,2,High,Medium,Public,Positive,5,No,High School,Moderate,Male,68,134.8,5.0,Medio,3,2.0
20,99,Low,Medium,No,7,80,High,Yes,0,Medium,High,Public,Negative,3,No,Postgraduate,Near,Male,71,139.4,4.0,Medio,2,0.0
25,68,Low,Medium,No,6,62,Low,Yes,1,Low,High,Private,Negative,4,No,College,Moderate,Female,63,140.8,4.5,Medio,2,-2.5
20,63,Low,Low,No,9,53,Low,Yes,1,Medium,Medium,Public,Positive,4,No,High School,Near,Male,60,117.8,3.5,Medio,2,3.0
32,94,Medium,High,Yes,9,53,Medium,Yes,1,Medium,Medium,Public,Neutral,3,No,High School,Near,Female,73,184.4,5.5,Medio,2,-4.0
11,95,Medium,Medium,Yes,7,78,Low,Yes,4,Medium,Medium,Private,Negative,4,No,High School,Near,Female,68,101.0,6.0,Medio,4,5.5
17,79,High,High,Yes,8,78,Medium,Yes,2,High,Medium,Public,Positive,5,No,High School,Near,Female,70,115.4,6.0,Medio,3,4.5
19,81,Medium,Medium,Yes,9,85,Medium,Yes,1,Low,Medium,Public,Neutral,1,No,High School,Moderate,Male,66,124.6,4.5,Medio,1,0.5
23,93,High,Medium,No,6,57,Medium,Yes,1,High,Medium,Public,Positive,2,No,Postgraduate,Near,Female,72,147.8,4.5,Medio,3,-3.5
28,90,High,Low,Yes,8,75,Medium,Yes,1,Low,High,Public,Neutral,3,Yes,High School,Moderate,Male,70,166.0,3.5,Medio,1,-3.0
20,71,High,High,Yes,6,80,Medium,Yes,2,High,Low,Public,Positive,3,No,High School,Near,Male,68,122.6,6.0,Medio,3,-1.0
11,61,Medium,Medium,Yes,5,61,Medium,Yes,3,Medium,High,Public,Neutral,0,Yes,Postgraduate,Near,Male,60,80.6,5.5,Medio,2,-0.5
25,79,High,Medium,No,6,77,Low,No,2,Low,High,Public,Neutral,3,No,High School,Near,Male,68,147.4,3.0,Medio,1,-3.5
25,94,High,High,No,5,85,High,Yes,1,Medium,Medium,Public,Neutral,2,No,College,Near,Female,74,156.4,5.5,Medio,2,-5.5
8,96,Medium,Medium,Yes,8,100,High,Yes,1,High,Medium,Public,Negative,4,No,High School,Moderate,Male,68,89.6,4.5,Medio,3,8.0
20,98,Low,Medium,Yes,6,80,Low,Yes,4,Medium,Medium,Public,Positive,4,No,College,Near,Male,72,138.8,6.0,Medio,2,0.0
10,95,Medium,High,Yes,5,93,High,Yes,0,Low,High,Public,Positive,3,No,High School,Moderate,Male,69,97.0,5.0,Medio,1,3.0
15,78,Medium,High,No,8,97,Medium,Yes,1,Medium,Medium,Public,Neutral,4,No,Postgraduate,Near,Male,68,106.8,5.5,Medio,2,4.5
25,91,Medium,Low,No,7,86,Medium,Yes,0,Medium,Medium,Public,Neutral,5,No,High School,Near,Female,70,154.6,3.0,Medio,2,-0.5
21,90,Medium,Medium,No,8,61,Medium,Yes,1,High,Medium,Public,Positive,4,No,Postgraduate,Moderate,Female,69,138.0,4.5,Medio,3,1.5
12,82,High,Low,No,6,65,Low,Yes,3,Medium,Medium,Private,Negative,3,No,High School,Near,Female,64,97.19999999999999,4.5,Medio,4,3.0
25,63,Medium,Low,No,6,89,High,Yes,1,Medium,High,Private,Neutral,4,No,High School,Moderate,Male,65,137.8,3.5,Medio,4,-2.5
11,97,Medium,Medium,No,8,76,High,Yes,2,Medium,High,Public,Positive,2,No,High School,Moderate,Female,69,102.19999999999999,5.0,Medio,2,4.5
22,78,Medium,Low,No,9,63,High,Yes,2,Medium,High,Public,Neutral,4,No,High School,Near,Male,67,134.8,4.0,Medio,2,2.0
15,75,Medium,High,No,6,83,Low,Yes,1,High,Medium,Private,Negative,2,No,High School,Near,Female,65,105.0,5.5,Medio,6,0.5
18,85,Medium,High,Yes,6,95,High,Yes,2,Low,Low,Private,Positive,4,No,College,Near,Female,70,123.0,6.0,Medio,2,1.0
23,87,High,Low,No,8,68,Medium,Yes,0,High,High,Private,Neutral,3,No,College,Far,Male,68,144.2,3.0,Medio,6,-0.5
23,68,Medium,Medium,Yes,8,80,Medium,Yes,1,Medium,Low,Public,Neutral,1,No,High School,Near,Female,65,132.8,4.5,Medio,2,-2.5
28,93,Medium,Medium,No,7,79,High,Yes,0,Medium,Medium,Public,Positive,4,No,Postgraduate,Near,Male,74,167.8,4.0,Medio,2,-3.0
20,72,Medium,Medium,Yes,9,56,Medium,Yes,4,High,Medium,Public,Negative,2,No,High School,Near,Male,65,123.19999999999999,6.0,Medio,3,1.0
22,67,High,High,Yes,10,55,Medium,Yes,1,Low,Medium,Public,Positive,2,No,High School,Moderate,Male,65,128.2,5.5,Medio,1,1.0
17,76,High,Medium,Yes,8,94,Medium,Yes,3,Medium,Medium,Public,Neutral,4,No,High School,Moderate,Female,68,113.6,5.5,Medio,2,3.5
21,89,Medium,Medium,No,6,97,Medium,No,1,Low,Medium,Private,Negative,3,No,Postgraduate,Far,Female,68,137.4,2.5,Medio,2,-1.5
23,99,Medium,Medium,No,8,95,High,Yes,5,Medium,Medium,Public,Neutral,4,No,High School,Moderate,Female,74,151.4,6.5,Medio,2,0.5
19,92,High,Medium,No,6,70,High,Yes,2,Medium,Medium,Private,Negative,3,No,High School,Near,Female,71,131.2,5.0,Medio,4,-0.5
9,98,High,Medium,Yes,9,64,Medium,Yes,1,Low,Medium,Private,Negative,3,No,High School,Near,Male,67,94.8,4.5,Medio,2,7.5
22,66,Medium,Medium,Yes,6,97,Low,Yes,0,High,Low,Public,Neutral,3,No,High School,Moderate,Female,64,127.6,4.0,Medio,3,-2.0
22,63,Low,Low,Yes,7,94,Medium,Yes,0,Medium,Medium,Public,Negative,3,Yes,High School,Far,Male,61,125.8,3.0,Medio,2,-1.0
16,82,Medium,Medium,No,6,91,Medium,Yes,0,Low,Medium,Public,Positive,3,No,High School,Near,Female,66,113.19999999999999,4.0,Medio,1,1.0
12,72,Medium,Medium,No,7,67,Low,Yes,0,Low,Medium,Public,Positive,2,No,High School,Near,Female,61,91.19999999999999,4.0,Medio,1,3.0
29,93,Medium,High,No,7,82,Medium,Yes,5,Low,Medium,Public,Negative,3,No,High School,Moderate,Male,73,171.8,7.5,Medio,1,-4.5
23,87,Low,Medium,No,8,88,High,Yes,2,Medium,High,Public,Neutral,3,No,High School,Near,Male,70,144.2,5.0,Medio,2,-0.5
19,99,Low,Medium,No,7,79,Medium,Yes,2,Low,Medium,Private,Neutral,2,No,Postgraduate,Near,Male,70,135.4,5.0,Medio,2,-0.5
13,70,Medium,Low,Yes,7,80,High,Yes,1,High,Medium,Public,Positive,4,No,College,Far,Female,63,94.0,3.5,Medio,3,4.5
15,79,High,Medium,Yes,6,88,Medium,Yes,3,High,Medium,Public,Neutral,3,No,Postgraduate,Moderate,Male,69,107.4,5.5,Medio,3,1.5
28,80,High,High,No,7,88,Medium,Yes,2,High,Medium,Public,Negative,2,No,High School,Near,Male,72,160.0,6.0,Medio,3,-5.0
21,70,Medium,High,Yes,5,62,Medium,Yes,2,Low,High,Public,Neutral,2,No,High School,Near,Female,66,126.0,6.0,Medio,1,-3.5
17,84,High,High,No,9,70,Medium,Yes,1,High,Medium,Public,Negative,4,No,High School,Near,Male,68,118.4,5.5,Medio,3,4.5
23,78,Medium,High,No,7,89,Medium,Yes,1,Medium,Low,Public,Neutral,3,No,High School,Far,Male,67,138.8,5.5,Medio,2,-1.5
15,78,Medium,High,Yes,9,63,Medium,No,2,Medium,Medium,Private,Positive,3,No,Postgraduate,Far,Female,65,106.8,4.0,Medio,4,4.5
29,75,Low,Medium,Yes,7,96,Low,Yes,2,Low,Medium,Public,Positive,3,No,High School,Moderate,Male,68,161.0,5.0,Medio,1,-4.5
28,61,High,Medium,Yes,4,92,Low,Yes,1,Medium,High,Private,Neutral,4,No,College,Near,Female,68,148.6,4.5,Medio,4,-6.0
17,81,High,Medium,No,6,95,High,Yes,2,Medium,Medium,Private,Positive,3,No,High School,Near,Male,69,116.6,5.0,Medio,4,0.5
16,73,High,High,Yes,7,65,Low,Yes,1,Medium,Medium,Private,Positive,4,No,College,Moderate,Male,66,107.8,5.5,Medio,4,3.0
4,60,Medium,Medium,Yes,7,55,Medium,Yes,2,Low,Medium,Private,Neutral,2,No,Postgraduate,Near,Male,58,52.0,5.0,Bajo,2,7.0
11,72,High,Low,No,8,55,High,Yes,0,Medium,Low,Public,Neutral,3,Yes,College,Near,Male,60,87.19999999999999,3.0,Medio,2,5.5
12,71,High,High,Yes,7,78,High,Yes,3,Low,Medium,Public,Positive,4,No,College,Moderate,Female,67,90.6,6.5,Medio,1,5.0
21,76,Medium,Medium,Yes,6,65,Low,Yes,2,Low,High,Public,Negative,2,No,High School,Near,Female,65,129.6,5.0,Medio,1,-2.5
18,65,High,Medium,Yes,6,63,High,Yes,1,Low,Medium,Public,Negative,2,No,High School,Far,Male,62,111.0,4.5,Medio,1,-1.0
12,80,Medium,High,Yes,6,61,Medium,Yes,0,High,High,Private,Neutral,2,No,High School,Near,Male,65,96.0,5.0,Medio,6,2.0
18,88,High,High,No,8,78,Medium,Yes,0,Medium,Medium,Public,Neutral,2,No,College,Moderate,Male,69,124.8,5.0,Medio,2,1.0
23,85,Low,High,No,8,77,Medium,Yes,0,High,Medium,Public,Positive,4,No,College,Near,Male,70,143.0,5.0,Medio,3,0.5
23,92,Low,High,Yes,6,71,High,Yes,2,Low,Medium,Public,Positive,2,No,High School,Moderate,Male,70,147.2,6.0,Medio,1,-3.5
9,78,High,Medium,No,9,57,Low,Yes,1,Low,High,Public,Positive,5,No,High School,Moderate,Female,63,82.8,4.5,Medio,1,9.5
19,81,Low,Medium,Yes,8,96,High,Yes,0,Medium,High,Public,Neutral,4,No,Postgraduate,Near,Male,69,124.6,4.0,Medio,2,2.5
12,92,Low,Medium,No,6,71,Low,Yes,0,Medium,High,Private,Negative,4,No,High School,Near,Male,64,103.19999999999999,4.0,Medio,4,4.0
25,77,Medium,High,No,7,56,Medium,Yes,1,Low,Medium,Public,Positive,3,No,Postgraduate,Near,Male,69,146.2,5.5,Medio,1,-2.5
25,88,High,Medium,Yes,8,52,Low,Yes,1,Medium,Medium,Public,Positive,2,No,High School,Near,Male,70,152.8,4.5,Medio,2,-2.5
15,77,Medium,Medium,Yes,5,58,Medium,Yes,1,Low,Medium,Public,Positive,3,No,College,Moderate,Female,64,106.19999999999999,4.5,Medio,1,0.5
15,77,High,Medium,Yes,5,65,Low,No,2,Low,Medium,Public,Positive,4,Yes,Postgraduate,Near,Male,65,106.19999999999999,3.0,Medio,1,1.5
17,90,High,Medium,No,8,82,Medium,Yes,0,Medium,High,Public,Neutral,4,No,College,Near,Male,70,122.0,4.0,Medio,2,3.5
6,67,Medium,Low,Yes,6,99,Low,Yes,0,Medium,Medium,Private,Neutral,2,No,College,Near,Male,60,64.19999999999999,3.0,Medio,4,5.0
22,74,Medium,High,Yes,9,64,High,Yes,3,Medium,Medium,Public,Neutral,3,No,High School,Near,Female,68,132.4,6.5,Medio,2,1.0
18,69,Low,Low,Yes,10,89,Low,Yes,2,Low,High,Public,Neutral,1,Yes,High School,Moderate,Male,61,113.4,4.0,Medio,1,2.0
26,74,Medium,Low,Yes,8,96,Medium,Yes,2,Medium,High,Private,Neutral,3,No,High School,Near,Female,68,148.4,4.0,Medio,4,-2.0
13,69,Medium,Low,No,8,70,Medium,Yes,1,High,High,Private,Neutral,3,No,High School,Moderate,Male,61,93.4,3.5,Medio,6,4.5
16,83,Low,Medium,No,5,63,Low,Yes,2,High,Medium,Private,Positive,3,Yes,High School,Moderate,Female,64,113.8,5.0,Medio,6,0.0
11,92,Medium,Medium,No,5,75,Medium,Yes,2,Medium,Medium,Public,Negative,3,No,High School,Near,Female,66,99.19999999999999,5.0,Medio,2,2.5
14,91,Medium,Medium,Yes,7,95,Medium,Yes,2,High,High,Public,Positive,2,No,High School,Moderate,Male,70,110.6,5.0,Medio,3,2.0
13,75,High,High,Yes,5,51,Medium,Yes,3,Medium,Medium,Private,Negative,3,No,High School,Near,Female,65,97.0,6.5,Medio,4,1.5
26,100,Medium,High,Yes,7,74,High,Yes,1,Medium,Medium,Public,Neutral,2,No,High School,Near,Female,74,164.0,5.5,Medio,2,-4.0
16,84,High,High,No,6,88,Low,Yes,1,Medium,Medium,Private,Negative,1,Yes,High School,Near,Male,66,114.4,5.5,Medio,4,-1.0
21,76,Low,Medium,Yes,7,80,High,Yes,3,Low,Medium,Public,Negative,2,Yes,College,Near,Male,65,129.6,5.5,Medio,1,-1.5
18,93,Low,High,No,7,75,High,Yes,1,High,Medium,Private,Positive,1,No,College,Moderate,Female,69,127.8,5.5,Medio,6,-1.0
12,89,Medium,High,Yes,8,78,Low,Yes,4,Low,Medium,Public,Neutral,5,No,Postgraduate,Near,Female,69,101.4,7.0,Medio,1,7.0
19,90,Low,High,No,7,81,Medium,Yes,2,Medium,Medium,Private,Positive,2,No,High School,Near,Female,69,130.0,6.0,Medio,4,-0.5
24,68,High,Low,No,6,84,Medium,Yes,1,Low,High,Public,Positive,4,No,High School,Near,Female,66,136.8,3.5,Medio,1,-2.0
13,79,Medium,Low,No,5,68,Medium,No,2,High,Medium,Private,Positive,3,No,High School,Near,Female,63,99.4,2.0,Medio,6,1.5
25,94,Medium,Low,Yes,7,76,Medium,Yes,1,Low,High,Private,Neutral,2,Yes,High School,Moderate,Female,69,156.4,3.5,Medio,2,-3.5
15,80,Medium,High,Yes,4,64,Medium,Yes,1,Medium,Medium,Public,Neutral,1,No,High School,Near,Male,65,108.0,5.5,Medio,2,-2.5
17,87,Medium,Medium,No,9,99,Medium,Yes,1,Medium,Low,Private,Neutral,3,No,High School,Moderate,Male,67,120.19999999999999,4.5,Medio,4,3.5
23,84,Medium,Medium,No,8,59,Low,Yes,1,Low,High,Public,Positive,4,Yes,Postgraduate,Far,Female,66,142.4,4.5,Medio,1,0.5
16,94,Low,Medium,Yes,8,58,Medium,Yes,2,Low,Medium,Public,Positive,3,Yes,College,Near,Male,67,120.4,5.0,Medio,1,3.0
20,71,Low,High,Yes,6,63,High,Yes,1,Low,Medium,Public,Positive,2,No,College,Moderate,Male,65,122.6,5.5,Medio,1,-2.0
18,83,Medium,High,No,8,96,Low,Yes,0,Medium,High,Public,Positive,4,Yes,Postgraduate,Near,Female,69,121.8,5.0,Medio,2,3.0
21,65,Low,High,No,6,83,Medium,Yes,3,Low,High,Public,Neutral,5,No,High School,Near,Male,65,123.0,6.5,Medio,1,0.5
6,88,High,High,Yes,7,73,Medium,Yes,3,Low,Medium,Private,Neutral,3,No,College,Near,Male,67,76.8,6.5,Medio,2,7.0
9,89,Medium,Medium,Yes,6,96,Medium,Yes,0,High,Low,Public,Negative,4,No,High School,Near,Male,66,89.4,4.0,Medio,3,5.5
24,62,Low,Medium,No,7,95,Medium,Yes,1,High,Low,Public,Positive,3,No,College,Far,Female,64,133.2,4.5,Medio,3,-2.0
26,87,Medium,High,No,5,70,Low,Yes,1,Low,Medium,Private,Positive,2,No,High School,Near,Female,70,156.2,5.5,Medio,2,-6.0
15,77,Medium,High,Yes,7,78,Medium,Yes,0,Low,High,Public,Neutral,3,No,High School,Moderate,Male,65,106.19999999999999,5.0,Medio,1,2.5
19,65,Low,Medium,Yes,5,95,Medium,Yes,2,Medium,High,Private,Neutral,4,No,College,Near,Male,65,115.0,5.0,Medio,4,-0.5
22,77,Low,Low,No,10,66,Medium,Yes,2,Low,Medium,Public,Positive,3,No,College,Moderate,Male,64,134.2,4.0,Medio,1,2.0
24,68,Medium,Low,Yes,7,70,Low,Yes,1,Low,Low,Public,Neutral,3,No,College,Near,Male,64,136.8,3.5,Medio,1,-2.0
8,77,Medium,Low,Yes,7,90,Low,Yes,1,Medium,Medium,Public,Neutral,0,No,High School,Moderate,Male,61,78.19999999999999,3.5,Medio,2,3.0
15,75,High,Medium,No,8,85,Medium,Yes,1,Low,High,Public,Neutral,3,No,High School,Near,Male,65,105.0,4.5,Medio,1,3.5
18,90,High,Medium,Yes,5,52,Low,Yes,5,Medium,Medium,Private,Positive,3,Yes,High School,Moderate,Male,68,126.0,6.5,Medio,4,-1.0
24,91,Low,High,Yes,6,56,Medium,Yes,1,Low,High,Public,Positive,2,No,College,Moderate,Male,70,150.6,5.5,Medio,1,-4.0
19,61,Medium,Medium,No,7,51,Low,Yes,1,Low,High,Public,Neutral,1,No,High School,Near,Female,60,112.6,4.5,Medio,1,-1.5
12,97,High,Low,Yes,6,96,Medium,Yes,2,Low,High,Public,Positive,2,No,Postgraduate,Near,Female,71,106.19999999999999,4.0,Medio,1,2.0
22,87,High,High,Yes,8,64,Medium,No,2,Medium,High,Public,Negative,3,No,High School,Moderate,Female,70,140.2,4.0,Medio,2,0.0
28,61,Low,Medium,Yes,7,80,Low,Yes,2,Medium,Medium,Public,Positive,4,No,Postgraduate,Near,Female,67,148.6,5.0,Medio,2,-3.0
21,93,Medium,Medium,Yes,8,78,Medium,No,0,Low,Medium,Private,Neutral,3,No,High School,Near,Male,68,139.8,2.0,Medio,2,0.5
15,68,High,Medium,No,8,70,Medium,Yes,3,Medium,High,Public,Negative,3,No,High School,Near,Female,64,100.8,5.5,Medio,2,3.5
26,83,High,Low,No,6,52,Medium,Yes,0,Low,High,Public,Negative,3,No,High School,Near,Male,67,153.8,3.0,Medio,1,-4.0
24,79,Low,Low,No,7,60,Low,Yes,0,Low,High,Public,Neutral,3,No,Postgraduate,Near,Female,65,143.4,3.0,Medio,1,-2.0
14,77,Medium,Medium,Yes,4,81,Low,Yes,3,Medium,Medium,Private,Neutral,3,No,College,Near,Female,66,102.19999999999999,5.5,Medio,4,0.0
22,96,Medium,Medium,Yes,6,72,Low,Yes,1,High,Medium,Public,Positive,4,No,College,Near,Female,72,145.6,4.5,Medio,3,-1.0
26,77,Low,Medium,Yes,7,71,High,Yes,3,High,Medium,Public,Neutral,3,No,High School,Near,Female,69,150.2,5.5,Medio,3,-3.0
27,63,Medium,Medium,Yes,8,55,Low,Yes,1,Medium,Medium,Private,Neutral,3,No,Postgraduate,Near,Female,65,145.8,4.5,Medio,4,-2.5
20,98,Low,High,Yes,8,67,Medium,Yes,0,High,Medium,Public,Positive,3,No,High School,Near,Female,71,138.8,5.0,Medio,3,1.0
18,97,High,High,Yes,6,76,Medium,Yes,0,Medium,High,Public,Neutral,5,No,High School,Moderate,Male,72,130.2,5.0,Medio,2,2.0
27,87,High,Medium,No,6,54,Medium,Yes,0,Medium,Medium,Private,Positive,2,No,High School,Near,Female,70,160.2,4.0,Medio,4,-5.5
13,79,High,Medium,No,9,53,Medium,No,1,Medium,Medium,Private,Positive,2,No,College,Moderate,Male,63,99.4,2.5,Medio,4,4.5
23,64,Medium,Medium,No,7,75,Medium,Yes,2,Medium,High,Public,Positive,2,No,High School,Near,Female,66,130.4,5.0,Medio,2,-2.5
12,92,Low,Low,Yes,7,78,High,Yes,3,Medium,High,Public,Negative,2,No,College,Near,Male,67,103.19999999999999,4.5,Medio,2,3.0
26,63,Medium,High,No,8,63,Low,Yes,1,High,High,Public,Neutral,3,No,Postgraduate,Near,Male,67,141.8,5.5,Medio,3,-2.0
18,63,Medium,Medium,Yes,7,66,Low,Yes,2,Medium,Medium,Private,Negative,2,No,College,Near,Female,62,109.8,5.0,Medio,4,0.0
28,81,Medium,High,Yes,7,90,High,Yes,3,Medium,Medium,Private,Negative,3,No,High School,Moderate,Male,72,160.6,6.5,Medio,4,-4.0
23,66,Medium,High,Yes,7,93,High,Yes,1,High,High,Public,Positive,1,No,High School,Near,Female,69,131.6,5.5,Medio,3,-3.5
13,60,Medium,Medium,Yes,6,66,Medium,Yes,1,Medium,High,Public,Positive,5,Yes,College,Moderate,Male,61,88.0,4.5,Medio,2,4.5
29,77,Medium,Low,Yes,7,68,High,Yes,1,Medium,Medium,Public,Positive,3,No,High School,Far,Female,67,162.2,3.5,Medio,2,-4.5
29,65,Low,Medium,Yes,4,92,Medium,No,0,Medium,Medium,Private,Positive,4,No,High School,Near,Female,66,155.0,2.0,Medio,4,-6.5
25,66,Medium,Medium,Yes,6,99,Medium,Yes,2,Medium,Medium,Public,Positive,3,No,College,Near,Female,68,139.6,5.0,Medio,2,-3.5
15,63,Medium,High,No,8,66,High,Yes,1,Low,Medium,Private,Negative,4,No,College,Near,Male,62,97.8,5.5,Medio,2,4.5
18,68,High,Low,Yes,8,89,Medium,Yes,0,Medium,Low,Public,Negative,3,No,College,Far,Male,63,112.8,3.0,Medio,2,2.0
21,89,Medium,Medium,Yes,9,74,High,Yes,3,Low,Medium,Private,Positive,4,No,High School,Moderate,Female,70,137.4,5.5,Medio,2,2.5
16,92,Low,High,Yes,8,63,Medium,Yes,2,Low,Medium,Public,Neutral,4,No,College,Moderate,Male,68,119.19999999999999,6.0,Medio,1,4.0
30,78,Medium,High,Yes,8,84,Medium,Yes,1,High,Low,Private,Negative,1,No,College,Near,Male,71,166.8,5.5,Medio,6,-6.0
21,80,High,Low,No,7,73,Medium,Yes,0,Medium,Low,Private,Neutral,2,No,High School,Moderate,Female,65,132.0,3.0,Medio,4,-1.5
4,61,Low,High,Yes,6,63,Medium,Yes,4,Medium,Medium,Public,Neutral,3,No,High School,Moderate,Male,59,52.6,7.0,Bajo,2,7.0
22,63,High,Low,Yes,8,55,Medium,Yes,2,Medium,Medium,Private,Neutral,4,No,High School,Near,Male,64,125.8,4.0,Medio,4,1.0
18,70,Medium,High,No,7,93,Medium,Yes,0,Medium,High,Public,Positive,3,No,College,Near,Male,67,114.0,5.0,Medio,2,1.0
20,82,Medium,Medium,No,6,94,Medium,Yes,3,Low,Medium,Private,Positive,2,No,High School,Near,Male,68,129.2,5.5,Medio,2,-2.0
25,84,Medium,Medium,Yes,7,83,High,Yes,1,Low,Medium,Public,Positive,3,No,High School,Moderate,Male,70,150.4,4.5,Medio,1,-2.5
27,76,Medium,Medium,No,9,58,Medium,Yes,1,Medium,Medium,Public,Positive,3,No,College,Near,Female,68,153.6,4.5,Medio,2,-1.5
22,65,Low,Medium,No,7,82,Medium,Yes,2,Medium,High,Public,Positive,4,Yes,College,Near,Male,65,127.0,5.0,Medio,2,0.0
18,91,Low,Medium,No,7,95,Medium,Yes,2,Low,High,Public,Positive,2,No,Postgraduate,Near,Male,70,126.6,5.0,Medio,1,0.0
20,75,Medium,Medium,No,8,63,Medium,Yes,4,Medium,Low,Public,Neutral,3,No,Postgraduate,Near,Male,67,125.0,6.0,Medio,2,1.0
20,89,Medium,High,No,8,67,Medium,Yes,2,Low,High,Public,Neutral,2,Yes,College,Near,Male,69,133.4,6.0,Medio,1,0.0
15,81,Medium,High,Yes,7,90,High,Yes,1,Low,Medium,Private,Positive,2,No,Postgraduate,Far,Female,68,108.6,5.5,Medio,2,1.5
23,90,High,High,No,7,87,High,Yes,1,Low,Medium,Public,Neutral,2,No,High School,Near,Female,72,146.0,5.5,Medio,1,-2.5
23,96,Medium,High,No,6,70,Medium,Yes,1,Medium,Medium,Public,Neutral,2,No,High School,Near,Male,71,149.6,5.5,Medio,2,-3.5
29,97,Medium,High,Yes,9,92,Medium,Yes,2,Low,Medium,Public,Positive,4,No,High School,Moderate,Female,75,174.2,6.0,Medio,1,-1.5
28,81,Medium,High,No,6,96,Medium,Yes,0,Medium,Medium,Public,Neutral,2,No,High School,Near,Male,70,160.6,5.0,Medio,2,-6.0
16,80,Medium,Medium,No,9,73,Medium,Yes,2,Medium,Medium,Private,Negative,4,No,College,Near,Male,66,112.0,5.0,Medio,4,5.0
25,71,Medium,High,Yes,7,52,High,Yes,3,Low,Medium,Private,Neutral,3,No,High School,Near,Male,67,142.6,6.5,Medio,2,-2.5
14,97,Medium,Medium,Yes,7,75,High,Yes,1,Medium,Medium,Public,Positive,4,No,College,Near,Female,70,114.19999999999999,4.5,Medio,2,4.0
24,78,High,High,Yes,8,87,Medium,Yes,2,Medium,Medium,Public,Neutral,3,No,High School,Near,Male,71,142.8,6.0,Medio,2,-1.0
17,65,Medium,Medium,No,6,61,Medium,Yes,5,Low,Medium,Public,Positive,4,No,High School,Near,Female,64,107.0,6.5,Medio,1,1.5
14,77,Medium,Medium,No,8,55,High,Yes,2,High,High,Private,Neutral,4,No,High School,Near,Male,65,102.19999999999999,5.0,Medio,6,5.0
22,65,Medium,Medium,Yes,7,64,High,Yes,1,Medium,High,Private,Negative,2,No,High School,Moderate,Male,64,127.0,4.5,Medio,4,-2.0
4,80,Low,Medium,Yes,8,51,Medium,Yes,4,Medium,High,Public,Negative,5,No,High School,Near,Male,62,64.0,6.0,Medio,2,11.0
9,82,High,Low,Yes,6,86,Medium,Yes,2,Low,High,Private,Negative,2,No,College,Far,Female,64,85.19999999999999,4.0,Medio,2,3.5
19,74,Medium,High,Yes,6,57,High,Yes,1,Medium,Medium,Private,Positive,2,No,High School,Near,Female,66,120.4,5.5,Medio,4,-1.5
20,63,Medium,Medium,Yes,4,86,Low,Yes,0,High,Medium,Public,Neutral,3,No,College,Near,Male,64,117.8,4.0,Medio,3,-3.0
18,98,High,Medium,Yes,6,62,Low,Yes,3,Medium,High,Public,Positive,3,No,High School,Far,Female,71,130.8,5.5,Medio,2,0.0
11,91,High,Low,Yes,6,100,Low,Yes,4,Low,Medium,Public,Negative,2,No,Postgraduate,Near,Male,68,98.6,5.0,Medio,1,2.5
15,94,Medium,Medium,Yes,6,77,Low,Yes,3,High,High,Private,Neutral,4,No,College,Near,Female,70,116.4,5.5,Medio,6,2.5
22,75,High,Medium,No,7,52,High,Yes,0,Low,Medium,Private,Neutral,3,No,College,Near,Female,66,133.0,4.0,Medio,2,-1.0
23,90,Medium,Medium,No,7,89,Low,Yes,2,High,Medium,Public,Positive,4,No,College,Moderate,Female,71,146.0,5.0,Medio,3,-0.5
20,79,Medium,Medium,Yes,8,71,Medium,Yes,1,Medium,High,Public,Neutral,3,No,College,Near,Female,68,127.4,4.5,Medio,2,1.0
27,68,Low,Low,Yes,8,80,High,Yes,3,Medium,Medium,Public,Positive,4,Yes,High School,Near,Male,66,148.8,4.5,Medio,2,-1.5
22,65,Low,Medium,No,8,98,High,Yes,4,Medium,Medium,Private,Neutral,3,No,High School,Near,Female,66,127.0,6.0,Medio,4,0.0
16,74,Low,High,No,8,76,Medium,Yes,5,Low,Medium,Public,Negative,3,No,College,Moderate,Male,65,108.4,7.5,Medio,1,3.0
18,66,Medium,Medium,Yes,7,90,Medium,Yes,0,Medium,Medium,Public,Negative,4,No,Postgraduate,Near,Male,64,111.6,4.0,Medio,2,2.0
12,100,Low,Medium,Yes,7,65,Medium,Yes,1,Low,Medium,Private,Positive,2,No,High School,Near,Male,67,108.0,4.5,Medio,2,3.0
19,62,Medium,Medium,Yes,8,86,Low,Yes,1,High,Medium,Public,Positive,3,No,College,Near,Male,65,113.19999999999999,4.5,Medio,3,1.5
27,78,Medium,Medium,Yes,8,55,Low,Yes,3,High,Medium,Public,Neutral,2,No,Postgraduate,Moderate,Male,69,154.8,5.5,Medio,3,-3.5
24,78,High,Medium,Yes,5,95,Low,Yes,1,Low,Medium,Private,Positive,2,No,College,Near,Male,69,142.8,4.5,Medio,2,-5.0
28,72,Low,Medium,Yes,7,60,Medium,Yes,4,High,Medium,Public,Neutral,3,No,Postgraduate,Near,Male,69,155.2,6.0,Medio,3,-4.0
18,83,Medium,High,No,4,65,Low,Yes,3,Low,Medium,Public,Positive,4,No,College,Moderate,Male,68,121.8,6.5,Medio,1,-1.0
28,66,Medium,Low,Yes,4,98,Medium,Yes,0,Medium,High,Public,Positive,3,No,High School,Near,Female,67,151.6,3.0,Medio,2,-7.0
19,91,Medium,Low,No,6,58,High,Yes,2,Low,High,Public,Positive,3,No,College,Moderate,Male,68,130.6,4.0,Medio,1,-0.5
29,73,Low,Low,Yes,7,63,Medium,Yes,1,Low,Medium,Public,Negative,4,No,Postgraduate,Far,Female,65,159.8,3.5,Medio,1,-3.5
20,84,High,Medium,Yes,6,79,Medium,Yes,3,Medium,Medium,Public,Negative,3,No,College,Moderate,Male,69,130.4,5.5,Medio,2,-1.0
24,89,Medium,Low,No,4,99,High,Yes,1,High,High,Private,Positive,3,No,Postgraduate,Near,Male,73,149.4,3.5,Medio,6,-5.0
29,96,High,Medium,No,8,85,Low,Yes,3,High,Medium,Public,Neutral,3,No,Postgraduate,Near,Male,76,173.6,5.5,Medio,3,-3.5
19,93,Medium,High,Yes,6,56,Medium,Yes,0,Low,High,Private,Negative,3,No,College,Near,Male,69,131.8,5.0,Medio,2,-0.5
21,84,High,Low,Yes,8,87,Low,Yes,2,High,Medium,Public,Positive,1,No,Postgraduate,Far,Female,69,134.4,4.0,Medio,3,-1.5
28,76,Medium,Medium,Yes,6,71,Medium,Yes,3,Low,Medium,Private,Positive,2,No,High School,Far,Female,68,157.6,5.5,Medio,2,-6.0
19,80,High,High,Yes,6,100,Medium,Yes,1,Medium,Medium,Public,Positive,3,No,High School,Near,Male,70,124.0,5.5,Medio,2,-0.5
12,91,Medium,Low,Yes,8,81,Low,Yes,0,Low,Low,Public,Positive,4,No,High School,Moderate,Male,64,102.6,3.0,Medio,1,6.0
33,95,Low,Low,Yes,6,77,Low,Yes,2,High,High,Private,Positive,3,No,High School,Moderate,Female,73,189.0,4.0,Medio,6,-7.5
17,64,Medium,Medium,Yes,7,78,High,Yes,1,Medium,Medium,Public,Positive,3,No,High School,Near,Male,64,106.4,4.5,Medio,2,1.5
21,75,Medium,Low,Yes,7,82,Medium,Yes,1,Medium,Medium,Public,Negative,4,No,High School,Near,Male,65,129.0,3.5,Medio,2,0.5
27,91,Low,High,No,5,87,Medium,No,0,Medium,Medium,Public,Negative,3,No,High School,Near,Female,69,162.6,3.0,Medio,2,-5.5
16,77,Medium,Low,Yes,8,54,Medium,No,0,Medium,Medium,Public,Negative,3,No,Postgraduate,Near,Male,62,110.19999999999999,1.0,Medio,2,3.0
14,73,High,Medium,Yes,6,57,High,Yes,2,Medium,Medium,Public,Neutral,4,No,High School,Moderate,Female,64,99.8,5.0,Medio,2,3.0
22,76,Low,High,No,5,65,Low,Yes,0,Medium,High,Public,Neutral,3,No,High School,Far,Female,64,133.6,5.0,Medio,2,-3.0
9,84,Medium,Medium,No,6,74,Medium,Yes,5,High,Medium,Public,Neutral,2,No,High School,Near,Male,67,86.4,6.5,Medio,3,3.5
18,100,Medium,Low,Yes,8,66,High,No,3,Low,Medium,Public,Negative,3,No,College,Near,Male,69,132.0,2.5,Medio,1,2.0
21,80,Medium,Low,Yes,5,61,Medium,Yes,2,High,Medium,Public,Positive,3,No,High School,Near,Male,67,132.0,4.0,Medio,3,-2.5
18,68,Low,High,No,8,96,Medium,Yes,1,High,Medium,Public,Neutral,3,No,High School,Moderate,Male,65,112.8,5.5,Medio,3,2.0
11,67,Medium,High,No,8,52,High,Yes,3,High,High,Public,Negative,3,No,College,Moderate,Female,63,84.19999999999999,6.5,Medio,3,5.5
30,62,Low,Low,Yes,7,97,Medium,Yes,0,High,Medium,Private,Neutral,5,No,College,Near,Female,66,157.2,3.0,Medio,6,-3.0
21,82,Medium,High,No,7,95,High,Yes,1,High,Medium,Public,Negative,3,No,High School,Near,Male,70,133.2,5.5,Medio,3,-0.5
29,82,Medium,High,No,7,84,Low,Yes,1,Low,Medium,Private,Positive,2,No,High School,Near,Male,70,165.2,5.5,Medio,2,-5.5
18,68,High,High,Yes,8,52,High,Yes,0,High,High,Public,Positive,3,No,College,Near,Male,67,112.8,5.0,Medio,3,2.0
15,88,Low,Medium,Yes,6,61,Medium,Yes,0,High,Medium,Public,Neutral,4,Yes,Postgraduate,Far,Male,65,112.8,4.0,Medio,3,2.5
22,90,Low,High,No,5,99,Medium,Yes,1,Low,Low,Private,Positive,2,No,College,Near,Female,70,142.0,5.5,Medio,2,-4.0
19,70,Medium,Medium,Yes,7,95,High,No,0,Medium,High,Private,Positive,3,No,College,Near,Female,66,118.0,2.0,Medio,4,0.5
13,74,Medium,High,Yes,8,98,High,Yes,1,High,High,Public,Negative,2,No,High School,Near,Male,66,96.4,5.5,Medio,3,3.5
29,100,Medium,Low,Yes,8,100,Low,Yes,0,Low,Medium,Private,Neutral,5,Yes,High School,Near,Male,72,176.0,3.0,Medio,2,-1.5
16,75,High,Low,Yes,10,53,High,Yes,0,Low,Low,Public,Positive,4,No,College,Near,Female,64,109.0,3.0,Medio,1,6.0
9,90,High,High,Yes,7,79,Low,Yes,4,High,High,Public,Positive,4,No,High School,Near,Male,70,90.0,7.0,Medio,3,6.5
28,78,Medium,High,No,7,92,Low,Yes,1,Medium,High,Public,Positive,3,No,Postgraduate,Moderate,Female,71,158.8,5.5,Medio,2,-4.0
17,92,Medium,Medium,No,7,66,Low,Yes,2,Low,Medium,Public,Negative,3,No,High School,Near,Male,66,123.19999999999999,5.0,Medio,1,1.5
16,91,High,Medium,Yes,6,72,High,Yes,0,High,High,Public,Negative,2,No,Postgraduate,Near,Female,70,118.6,4.0,Medio,3,0.0
9,87,Low,Medium,Yes,6,64,Medium,Yes,1,High,Medium,Public,Neutral,2,No,High School,Near,Female,64,88.19999999999999,4.5,Medio,3,3.5
30,94,Medium,Low,No,5,52,Low,No,3,High,Medium,Private,Neutral,2,No,Postgraduate,Moderate,Female,70,176.4,2.5,Medio,6,-8.0
12,98,Medium,Low,Yes,4,54,Medium,Yes,2,Medium,High,Private,Neutral,3,No,High School,Near,Female,67,106.8,4.0,Medio,4,1.0
20,83,Medium,Low,No,6,51,Low,Yes,2,Medium,Medium,Public,Neutral,4,No,High School,Moderate,Female,65,129.8,4.0,Medio,2,0.0
25,69,High,Medium,No,7,76,Medium,Yes,1,High,Medium,Public,Positive,2,No,High School,Near,Female,68,141.4,4.5,Medio,3,-3.5
23,76,High,Medium,No,8,81,Medium,Yes,3,Low,High,Public,Positive,2,No,High School,Near,Female,69,137.6,5.5,Medio,1,-1.5
20,90,Medium,Low,Yes,6,65,Low,Yes,3,Low,Medium,Public,Negative,2,No,Postgraduate,Near,Female,68,134.0,4.5,Medio,1,-2.0
10,86,High,High,Yes,6,91,High,Yes,2,Low,Medium,Private,Positive,3,No,High School,Far,Female,68,91.6,6.0,Medio,2,4.0
15,67,Medium,Low,Yes,9,94,Medium,Yes,0,Medium,Medium,Public,Positive,4,No,Postgraduate,Near,Male,64,100.19999999999999,3.0,Medio,2,5.5
